fraud_risk_score,intent_match_confidence,preference_fit_score,decision,reason,order_id
0.482,0.721,0.68,AUTO_APPROVE,Low fraud-risk (0.48) and high intent-match confidence (0.72) — auto-approved.,5f28b540
0.4,0.721,0.16,AUTO_APPROVE,Low fraud-risk (0.40) and high intent-match confidence (0.72) — auto-approved.,467679ec
0.278,0.721,0.67,AUTO_APPROVE,Low fraud-risk (0.28) and high intent-match confidence (0.72) — auto-approved.,8f59a660
0.433,0.721,0.29,AUTO_APPROVE,Low fraud-risk (0.43) and high intent-match confidence (0.72) — auto-approved.,2fd841b5
0.787,0.721,0.7,HOLD_FRAUD_REVIEW,Fraud-risk score 0.79 exceeds threshold 0.5 — held for manual fraud review.,a8c7b4cd
0.514,0.313,0.09,HOLD_FRAUD_REVIEW,Fraud-risk score 0.51 exceeds threshold 0.5 — held for manual fraud review.,133d611b
0.357,0.41,0.42,HOLD_LIKELY_MISMATCH,"Order deviates from stated intent (intent-match confidence 0.41) and doesn't align with this customer's history (preference-fit 0.42) — likely a mistaken purchase, held to prevent a probable return.",fac6bd8c
0.376,0.721,0.098,AUTO_APPROVE,Low fraud-risk (0.38) and high intent-match confidence (0.72) — auto-approved.,dd0d4385
0.833,0.245,0.67,HOLD_FRAUD_REVIEW,Fraud-risk score 0.83 exceeds threshold 0.5 — held for manual fraud review.,7cc990ba
0.199,0.287,0.94,HOLD_CONFIRM_WITH_HUMAN,"Order deviates from stated intent (intent-match confidence 0.29), but this customer's history (preference-fit 0.94) suggests they may welcome this — routed to a quick human confirmation instead of auto-block.",c61e5d34
0.206,0.721,0.024,AUTO_APPROVE,Low fraud-risk (0.21) and high intent-match confidence (0.72) — auto-approved.,14c32038
0.508,0.249,0.68,HOLD_FRAUD_REVIEW,Fraud-risk score 0.51 exceeds threshold 0.5 — held for manual fraud review.,6e80cc68
0.186,0.357,0.92,HOLD_CONFIRM_WITH_HUMAN,"Order deviates from stated intent (intent-match confidence 0.36), but this customer's history (preference-fit 0.92) suggests they may welcome this — routed to a quick human confirmation instead of auto-block.",3f0f785c
0.339,0.721,0.106,AUTO_APPROVE,Low fraud-risk (0.34) and high intent-match confidence (0.72) — auto-approved.,6c0bdcba
0.236,0.413,0.118,HOLD_LIKELY_MISMATCH,"Order deviates from stated intent (intent-match confidence 0.41) and doesn't align with this customer's history (preference-fit 0.12) — likely a mistaken purchase, held to prevent a probable return.",46bc66ae
0.843,0.721,0.5,HOLD_FRAUD_REVIEW,Fraud-risk score 0.84 exceeds threshold 0.5 — held for manual fraud review.,5212067f
0.177,0.721,0.05,AUTO_APPROVE,Low fraud-risk (0.18) and high intent-match confidence (0.72) — auto-approved.,5985e6f3
0.181,0.384,0.64,HOLD_CONFIRM_WITH_HUMAN,"Order deviates from stated intent (intent-match confidence 0.38), but this customer's history (preference-fit 0.64) suggests they may welcome this — routed to a quick human confirmation instead of auto-block.",641587d5
0.416,0.721,0.65,AUTO_APPROVE,Low fraud-risk (0.42) and high intent-match confidence (0.72) — auto-approved.,94c14df7
0.673,0.721,0.192,HOLD_FRAUD_REVIEW,Fraud-risk score 0.67 exceeds threshold 0.5 — held for manual fraud review.,df7b3766
0.401,0.721,0.76,AUTO_APPROVE,Low fraud-risk (0.40) and high intent-match confidence (0.72) — auto-approved.,26e77286
0.293,0.332,0.36,HOLD_LIKELY_MISMATCH,"Order deviates from stated intent (intent-match confidence 0.33) and doesn't align with this customer's history (preference-fit 0.36) — likely a mistaken purchase, held to prevent a probable return.",4d05496b
0.629,0.721,0.024,HOLD_FRAUD_REVIEW,Fraud-risk score 0.63 exceeds threshold 0.5 — held for manual fraud review.,f5070542
0.353,0.721,0.056,AUTO_APPROVE,Low fraud-risk (0.35) and high intent-match confidence (0.72) — auto-approved.,0d1e8d36
0.399,0.362,0.04,HOLD_LIKELY_MISMATCH,"Order deviates from stated intent (intent-match confidence 0.36) and doesn't align with this customer's history (preference-fit 0.04) — likely a mistaken purchase, held to prevent a probable return.",8a89d5e4
0.302,0.721,0.63,AUTO_APPROVE,Low fraud-risk (0.30) and high intent-match confidence (0.72) — auto-approved.,a4fa6cc3
0.668,0.721,0.036,HOLD_FRAUD_REVIEW,Fraud-risk score 0.67 exceeds threshold 0.5 — held for manual fraud review.,4901a340
0.576,0.419,0.47,HOLD_FRAUD_REVIEW,Fraud-risk score 0.58 exceeds threshold 0.5 — held for manual fraud review.,99964439
0.456,0.721,0.57,AUTO_APPROVE,Low fraud-risk (0.46) and high intent-match confidence (0.72) — auto-approved.,a53b7883
0.367,0.721,0.104,AUTO_APPROVE,Low fraud-risk (0.37) and high intent-match confidence (0.72) — auto-approved.,d18852b9
0.467,0.721,0.172,AUTO_APPROVE,Low fraud-risk (0.47) and high intent-match confidence (0.72) — auto-approved.,c0093b48
0.395,0.23,0.5,HOLD_CONFIRM_WITH_HUMAN,"Order deviates from stated intent (intent-match confidence 0.23), but this customer's history (preference-fit 0.50) suggests they may welcome this — routed to a quick human confirmation instead of auto-block.",1860ac62
0.823,0.279,0.04,HOLD_FRAUD_REVIEW,Fraud-risk score 0.82 exceeds threshold 0.5 — held for manual fraud review.,b955012a
0.356,0.721,0.84,AUTO_APPROVE,Low fraud-risk (0.36) and high intent-match confidence (0.72) — auto-approved.,ffa98c1c
0.522,0.179,0.038,HOLD_FRAUD_REVIEW,Fraud-risk score 0.52 exceeds threshold 0.5 — held for manual fraud review.,1c475109
0.347,0.39,0.174,HOLD_LIKELY_MISMATCH,"Order deviates from stated intent (intent-match confidence 0.39) and doesn't align with this customer's history (preference-fit 0.17) — likely a mistaken purchase, held to prevent a probable return.",b38ea23f
0.466,0.721,0.98,AUTO_APPROVE,Low fraud-risk (0.47) and high intent-match confidence (0.72) — auto-approved.,dc8f37de
0.62,0.721,0.87,HOLD_FRAUD_REVIEW,Fraud-risk score 0.62 exceeds threshold 0.5 — held for manual fraud review.,603390b7
0.329,0.721,0.24,AUTO_APPROVE,Low fraud-risk (0.33) and high intent-match confidence (0.72) — auto-approved.,03911e7f
0.365,0.298,0.082,HOLD_LIKELY_MISMATCH,"Order deviates from stated intent (intent-match confidence 0.30) and doesn't align with this customer's history (preference-fit 0.08) — likely a mistaken purchase, held to prevent a probable return.",87f12050
0.514,0.721,0.96,HOLD_FRAUD_REVIEW,Fraud-risk score 0.51 exceeds threshold 0.5 — held for manual fraud review.,e2ba2aa0
0.238,0.721,0.16,AUTO_APPROVE,Low fraud-risk (0.24) and high intent-match confidence (0.72) — auto-approved.,79e43fe1
0.278,0.721,0.65,AUTO_APPROVE,Low fraud-risk (0.28) and high intent-match confidence (0.72) — auto-approved.,763e2fee
0.888,0.432,0.38,HOLD_FRAUD_REVIEW,Fraud-risk score 0.89 exceeds threshold 0.5 — held for manual fraud review.,19cd57aa
0.772,0.28,0.26,HOLD_FRAUD_REVIEW,Fraud-risk score 0.77 exceeds threshold 0.5 — held for manual fraud review.,ef0bd01d
0.458,0.317,0.5,HOLD_CONFIRM_WITH_HUMAN,"Order deviates from stated intent (intent-match confidence 0.32), but this customer's history (preference-fit 0.50) suggests they may welcome this — routed to a quick human confirmation instead of auto-block.",25c91312
0.563,0.721,0.36,HOLD_FRAUD_REVIEW,Fraud-risk score 0.56 exceeds threshold 0.5 — held for manual fraud review.,974d20b3
0.782,0.721,0.064,HOLD_FRAUD_REVIEW,Fraud-risk score 0.78 exceeds threshold 0.5 — held for manual fraud review.,1ada7f34
0.465,0.721,0.88,AUTO_APPROVE,Low fraud-risk (0.47) and high intent-match confidence (0.72) — auto-approved.,64a94ed3
0.599,0.721,0.08,HOLD_FRAUD_REVIEW,Fraud-risk score 0.60 exceeds threshold 0.5 — held for manual fraud review.,fc853410
0.556,0.191,0.136,HOLD_FRAUD_REVIEW,Fraud-risk score 0.56 exceeds threshold 0.5 — held for manual fraud review.,bbb32296
0.749,0.721,0.87,HOLD_FRAUD_REVIEW,Fraud-risk score 0.75 exceeds threshold 0.5 — held for manual fraud review.,413bbf64
0.447,0.721,0.41,AUTO_APPROVE,Low fraud-risk (0.45) and high intent-match confidence (0.72) — auto-approved.,7da88db3
0.839,0.376,0.28,HOLD_FRAUD_REVIEW,Fraud-risk score 0.84 exceeds threshold 0.5 — held for manual fraud review.,a6674cee
0.203,0.721,0.9,AUTO_APPROVE,Low fraud-risk (0.20) and high intent-match confidence (0.72) — auto-approved.,ae5589d0
0.521,0.721,0.58,HOLD_FRAUD_REVIEW,Fraud-risk score 0.52 exceeds threshold 0.5 — held for manual fraud review.,cc84d579
0.335,0.721,0.41,AUTO_APPROVE,Low fraud-risk (0.34) and high intent-match confidence (0.72) — auto-approved.,a06dfdaf
0.378,0.721,0.106,AUTO_APPROVE,Low fraud-risk (0.38) and high intent-match confidence (0.72) — auto-approved.,5a9c899c
0.568,0.721,0.32,HOLD_FRAUD_REVIEW,Fraud-risk score 0.57 exceeds threshold 0.5 — held for manual fraud review.,10a72d92
0.268,0.721,0.158,AUTO_APPROVE,Low fraud-risk (0.27) and high intent-match confidence (0.72) — auto-approved.,c3882e3b
0.617,0.721,0.39,HOLD_FRAUD_REVIEW,Fraud-risk score 0.62 exceeds threshold 0.5 — held for manual fraud review.,51c87762
0.21,0.721,0.75,AUTO_APPROVE,Low fraud-risk (0.21) and high intent-match confidence (0.72) — auto-approved.,29aa3a87
0.385,0.721,0.082,AUTO_APPROVE,Low fraud-risk (0.39) and high intent-match confidence (0.72) — auto-approved.,ccf1d045
0.38,0.252,0.056,HOLD_LIKELY_MISMATCH,"Order deviates from stated intent (intent-match confidence 0.25) and doesn't align with this customer's history (preference-fit 0.06) — likely a mistaken purchase, held to prevent a probable return.",affdf6d1
0.272,0.721,0.4,AUTO_APPROVE,Low fraud-risk (0.27) and high intent-match confidence (0.72) — auto-approved.,2b2faf4d
0.731,0.721,0.148,HOLD_FRAUD_REVIEW,Fraud-risk score 0.73 exceeds threshold 0.5 — held for manual fraud review.,67146609
0.572,0.235,0.17,HOLD_FRAUD_REVIEW,Fraud-risk score 0.57 exceeds threshold 0.5 — held for manual fraud review.,aeb2c1e2
0.608,0.721,0.054,HOLD_FRAUD_REVIEW,Fraud-risk score 0.61 exceeds threshold 0.5 — held for manual fraud review.,29f3c89b
0.256,0.721,0.146,AUTO_APPROVE,Low fraud-risk (0.26) and high intent-match confidence (0.72) — auto-approved.,d1d2161e
0.178,0.721,0.49,AUTO_APPROVE,Low fraud-risk (0.18) and high intent-match confidence (0.72) — auto-approved.,7bd3632e
0.76,0.721,0.15,HOLD_FRAUD_REVIEW,Fraud-risk score 0.76 exceeds threshold 0.5 — held for manual fraud review.,26376a95
0.381,0.721,0.21,AUTO_APPROVE,Low fraud-risk (0.38) and high intent-match confidence (0.72) — auto-approved.,a8d560a7
0.563,0.417,0.038,HOLD_FRAUD_REVIEW,Fraud-risk score 0.56 exceeds threshold 0.5 — held for manual fraud review.,742e0361
0.197,0.721,0.27,AUTO_APPROVE,Low fraud-risk (0.20) and high intent-match confidence (0.72) — auto-approved.,0a3d78bb
0.612,0.324,0.06,HOLD_FRAUD_REVIEW,Fraud-risk score 0.61 exceeds threshold 0.5 — held for manual fraud review.,525dbbe0
0.384,0.289,0.122,HOLD_LIKELY_MISMATCH,"Order deviates from stated intent (intent-match confidence 0.29) and doesn't align with this customer's history (preference-fit 0.12) — likely a mistaken purchase, held to prevent a probable return.",ddd3605c
0.26,0.721,0.95,AUTO_APPROVE,Low fraud-risk (0.26) and high intent-match confidence (0.72) — auto-approved.,ab4dced8
0.496,0.721,0.59,AUTO_APPROVE,Low fraud-risk (0.50) and high intent-match confidence (0.72) — auto-approved.,18ed6091
0.387,0.721,0.35,AUTO_APPROVE,Low fraud-risk (0.39) and high intent-match confidence (0.72) — auto-approved.,b45a97c0
0.171,0.721,0.95,AUTO_APPROVE,Low fraud-risk (0.17) and high intent-match confidence (0.72) — auto-approved.,23a90ca3
0.581,0.721,0.5,HOLD_FRAUD_REVIEW,Fraud-risk score 0.58 exceeds threshold 0.5 — held for manual fraud review.,00736dc3
0.503,0.721,0.1,HOLD_FRAUD_REVIEW,Fraud-risk score 0.50 exceeds threshold 0.5 — held for manual fraud review.,93231efa
0.569,0.721,0.02,HOLD_FRAUD_REVIEW,Fraud-risk score 0.57 exceeds threshold 0.5 — held for manual fraud review.,824f37cb
0.464,0.721,0.95,AUTO_APPROVE,Low fraud-risk (0.46) and high intent-match confidence (0.72) — auto-approved.,8a5de502
0.38,0.721,0.06,AUTO_APPROVE,Low fraud-risk (0.38) and high intent-match confidence (0.72) — auto-approved.,6b1dc8c0
0.567,0.31,0.97,HOLD_FRAUD_REVIEW,Fraud-risk score 0.57 exceeds threshold 0.5 — held for manual fraud review.,b0a5cef8
0.718,0.721,0.7,HOLD_FRAUD_REVIEW,Fraud-risk score 0.72 exceeds threshold 0.5 — held for manual fraud review.,4e5e57dd
0.523,0.217,0.98,HOLD_FRAUD_REVIEW,Fraud-risk score 0.52 exceeds threshold 0.5 — held for manual fraud review.,372b14bf
0.501,0.721,0.86,HOLD_FRAUD_REVIEW,Fraud-risk score 0.50 exceeds threshold 0.5 — held for manual fraud review.,d7adc58b
0.582,0.329,0.43,HOLD_FRAUD_REVIEW,Fraud-risk score 0.58 exceeds threshold 0.5 — held for manual fraud review.,3141d82c
0.568,0.184,0.128,HOLD_FRAUD_REVIEW,Fraud-risk score 0.57 exceeds threshold 0.5 — held for manual fraud review.,c961ab21
0.498,0.721,0.96,AUTO_APPROVE,Low fraud-risk (0.50) and high intent-match confidence (0.72) — auto-approved.,7d7e0196
0.518,0.309,0.96,HOLD_FRAUD_REVIEW,Fraud-risk score 0.52 exceeds threshold 0.5 — held for manual fraud review.,cac447ee
0.726,0.721,0.48,HOLD_FRAUD_REVIEW,Fraud-risk score 0.73 exceeds threshold 0.5 — held for manual fraud review.,95a41e9b
0.528,0.318,0.44,HOLD_FRAUD_REVIEW,Fraud-risk score 0.53 exceeds threshold 0.5 — held for manual fraud review.,758db8a7
0.398,0.721,0.49,AUTO_APPROVE,Low fraud-risk (0.40) and high intent-match confidence (0.72) — auto-approved.,4b782741
0.618,0.721,0.34,HOLD_FRAUD_REVIEW,Fraud-risk score 0.62 exceeds threshold 0.5 — held for manual fraud review.,ff8bc3b9
0.864,0.721,0.028,HOLD_FRAUD_REVIEW,Fraud-risk score 0.86 exceeds threshold 0.5 — held for manual fraud review.,f002c12c
0.598,0.721,0.0,HOLD_FRAUD_REVIEW,Fraud-risk score 0.60 exceeds threshold 0.5 — held for manual fraud review.,692a86d5
0.511,0.721,0.48,HOLD_FRAUD_REVIEW,Fraud-risk score 0.51 exceeds threshold 0.5 — held for manual fraud review.,e58dcf41
0.576,0.721,0.29,HOLD_FRAUD_REVIEW,Fraud-risk score 0.58 exceeds threshold 0.5 — held for manual fraud review.,88d0ea1e
0.388,0.721,0.64,AUTO_APPROVE,Low fraud-risk (0.39) and high intent-match confidence (0.72) — auto-approved.,d8dc311a
0.206,0.721,0.088,AUTO_APPROVE,Low fraud-risk (0.21) and high intent-match confidence (0.72) — auto-approved.,8ebdb1f9
0.502,0.721,0.148,HOLD_FRAUD_REVIEW,Fraud-risk score 0.50 exceeds threshold 0.5 — held for manual fraud review.,5b5a87a3
0.216,0.295,0.176,HOLD_LIKELY_MISMATCH,"Order deviates from stated intent (intent-match confidence 0.29) and doesn't align with this customer's history (preference-fit 0.18) — likely a mistaken purchase, held to prevent a probable return.",67954189
0.753,0.721,0.35,HOLD_FRAUD_REVIEW,Fraud-risk score 0.75 exceeds threshold 0.5 — held for manual fraud review.,c4f11008
0.497,0.139,0.046,HOLD_LIKELY_MISMATCH,"Order deviates from stated intent (intent-match confidence 0.14) and doesn't align with this customer's history (preference-fit 0.05) — likely a mistaken purchase, held to prevent a probable return.",a3c79f81
0.584,0.431,0.92,HOLD_FRAUD_REVIEW,Fraud-risk score 0.58 exceeds threshold 0.5 — held for manual fraud review.,cc5f2da2
0.395,0.721,0.142,AUTO_APPROVE,Low fraud-risk (0.39) and high intent-match confidence (0.72) — auto-approved.,7b90383a
0.448,0.721,0.22,AUTO_APPROVE,Low fraud-risk (0.45) and high intent-match confidence (0.72) — auto-approved.,31afccef
0.374,0.721,0.45,AUTO_APPROVE,Low fraud-risk (0.37) and high intent-match confidence (0.72) — auto-approved.,38740d8c
0.456,0.721,0.12,AUTO_APPROVE,Low fraud-risk (0.46) and high intent-match confidence (0.72) — auto-approved.,f6f6ddd1
0.211,0.331,0.73,HOLD_CONFIRM_WITH_HUMAN,"Order deviates from stated intent (intent-match confidence 0.33), but this customer's history (preference-fit 0.73) suggests they may welcome this — routed to a quick human confirmation instead of auto-block.",e9cc0e47
0.269,0.265,0.058,HOLD_LIKELY_MISMATCH,"Order deviates from stated intent (intent-match confidence 0.27) and doesn't align with this customer's history (preference-fit 0.06) — likely a mistaken purchase, held to prevent a probable return.",00bc225e
0.416,0.268,0.054,HOLD_LIKELY_MISMATCH,"Order deviates from stated intent (intent-match confidence 0.27) and doesn't align with this customer's history (preference-fit 0.05) — likely a mistaken purchase, held to prevent a probable return.",502cfacb
0.856,0.42,0.32,HOLD_FRAUD_REVIEW,Fraud-risk score 0.86 exceeds threshold 0.5 — held for manual fraud review.,3d054283
0.448,0.721,0.036,AUTO_APPROVE,Low fraud-risk (0.45) and high intent-match confidence (0.72) — auto-approved.,a004bb34
0.211,0.721,0.35,AUTO_APPROVE,Low fraud-risk (0.21) and high intent-match confidence (0.72) — auto-approved.,a41051fc
0.207,0.721,0.45,AUTO_APPROVE,Low fraud-risk (0.21) and high intent-match confidence (0.72) — auto-approved.,1b02f620
0.246,0.721,0.016,AUTO_APPROVE,Low fraud-risk (0.25) and high intent-match confidence (0.72) — auto-approved.,0b652379
0.495,0.386,0.37,HOLD_LIKELY_MISMATCH,"Order deviates from stated intent (intent-match confidence 0.39) and doesn't align with this customer's history (preference-fit 0.37) — likely a mistaken purchase, held to prevent a probable return.",ed934232
0.507,0.384,0.67,HOLD_FRAUD_REVIEW,Fraud-risk score 0.51 exceeds threshold 0.5 — held for manual fraud review.,2602cc2f
0.259,0.444,0.69,HOLD_CONFIRM_WITH_HUMAN,"Order deviates from stated intent (intent-match confidence 0.44), but this customer's history (preference-fit 0.69) suggests they may welcome this — routed to a quick human confirmation instead of auto-block.",d2b643aa
0.464,0.721,0.38,AUTO_APPROVE,Low fraud-risk (0.46) and high intent-match confidence (0.72) — auto-approved.,9dcd7150
0.48,0.721,0.79,AUTO_APPROVE,Low fraud-risk (0.48) and high intent-match confidence (0.72) — auto-approved.,a04caf86
0.836,0.306,0.47,HOLD_FRAUD_REVIEW,Fraud-risk score 0.84 exceeds threshold 0.5 — held for manual fraud review.,fe8d4482
0.453,0.721,0.078,AUTO_APPROVE,Low fraud-risk (0.45) and high intent-match confidence (0.72) — auto-approved.,0f8a1494
0.37,0.721,0.72,AUTO_APPROVE,Low fraud-risk (0.37) and high intent-match confidence (0.72) — auto-approved.,9b0550ba
0.77,0.721,0.61,HOLD_FRAUD_REVIEW,Fraud-risk score 0.77 exceeds threshold 0.5 — held for manual fraud review.,a29481b8
0.47,0.419,0.24,HOLD_LIKELY_MISMATCH,"Order deviates from stated intent (intent-match confidence 0.42) and doesn't align with this customer's history (preference-fit 0.24) — likely a mistaken purchase, held to prevent a probable return.",a9f71660
0.509,0.721,0.77,HOLD_FRAUD_REVIEW,Fraud-risk score 0.51 exceeds threshold 0.5 — held for manual fraud review.,5514c328
0.257,0.721,0.77,AUTO_APPROVE,Low fraud-risk (0.26) and high intent-match confidence (0.72) — auto-approved.,a3861166
0.795,0.721,0.33,HOLD_FRAUD_REVIEW,Fraud-risk score 0.79 exceeds threshold 0.5 — held for manual fraud review.,5d472f82
0.174,0.721,0.14,AUTO_APPROVE,Low fraud-risk (0.17) and high intent-match confidence (0.72) — auto-approved.,f1dea6c5
0.248,0.184,0.66,HOLD_CONFIRM_WITH_HUMAN,"Order deviates from stated intent (intent-match confidence 0.18), but this customer's history (preference-fit 0.66) suggests they may welcome this — routed to a quick human confirmation instead of auto-block.",1306b6a8
0.792,0.721,0.31,HOLD_FRAUD_REVIEW,Fraud-risk score 0.79 exceeds threshold 0.5 — held for manual fraud review.,950ac615
0.543,0.721,0.95,HOLD_FRAUD_REVIEW,Fraud-risk score 0.54 exceeds threshold 0.5 — held for manual fraud review.,5cb4541f
0.386,0.334,0.39,HOLD_LIKELY_MISMATCH,"Order deviates from stated intent (intent-match confidence 0.33) and doesn't align with this customer's history (preference-fit 0.39) — likely a mistaken purchase, held to prevent a probable return.",455a85d4
0.462,0.721,0.13,AUTO_APPROVE,Low fraud-risk (0.46) and high intent-match confidence (0.72) — auto-approved.,d21fdf4a
0.182,0.433,0.038,HOLD_LIKELY_MISMATCH,"Order deviates from stated intent (intent-match confidence 0.43) and doesn't align with this customer's history (preference-fit 0.04) — likely a mistaken purchase, held to prevent a probable return.",cf01decf
0.285,0.721,0.73,AUTO_APPROVE,Low fraud-risk (0.29) and high intent-match confidence (0.72) — auto-approved.,dd62d45c
0.512,0.278,0.29,HOLD_FRAUD_REVIEW,Fraud-risk score 0.51 exceeds threshold 0.5 — held for manual fraud review.,77cf6000
0.385,0.721,0.43,AUTO_APPROVE,Low fraud-risk (0.39) and high intent-match confidence (0.72) — auto-approved.,f1623135
0.232,0.721,0.012,AUTO_APPROVE,Low fraud-risk (0.23) and high intent-match confidence (0.72) — auto-approved.,41ad13ba
0.721,0.297,0.69,HOLD_FRAUD_REVIEW,Fraud-risk score 0.72 exceeds threshold 0.5 — held for manual fraud review.,fec7d0b7
0.494,0.335,0.15,HOLD_LIKELY_MISMATCH,"Order deviates from stated intent (intent-match confidence 0.34) and doesn't align with this customer's history (preference-fit 0.15) — likely a mistaken purchase, held to prevent a probable return.",aa047401
0.585,0.721,0.6,HOLD_FRAUD_REVIEW,Fraud-risk score 0.59 exceeds threshold 0.5 — held for manual fraud review.,f78ebbfa
0.603,0.721,0.24,HOLD_FRAUD_REVIEW,Fraud-risk score 0.60 exceeds threshold 0.5 — held for manual fraud review.,a0cfc18f
0.261,0.721,0.72,AUTO_APPROVE,Low fraud-risk (0.26) and high intent-match confidence (0.72) — auto-approved.,13ab53e3
0.196,0.721,0.59,AUTO_APPROVE,Low fraud-risk (0.20) and high intent-match confidence (0.72) — auto-approved.,be5275ab
0.457,0.721,0.22,AUTO_APPROVE,Low fraud-risk (0.46) and high intent-match confidence (0.72) — auto-approved.,b514eb7b
0.54,0.302,0.51,HOLD_FRAUD_REVIEW,Fraud-risk score 0.54 exceeds threshold 0.5 — held for manual fraud review.,1ac64a99
0.301,0.721,0.042,AUTO_APPROVE,Low fraud-risk (0.30) and high intent-match confidence (0.72) — auto-approved.,0dc4e8a3
0.875,0.323,0.12,HOLD_FRAUD_REVIEW,Fraud-risk score 0.88 exceeds threshold 0.5 — held for manual fraud review.,b8841c41
0.671,0.721,0.83,HOLD_FRAUD_REVIEW,Fraud-risk score 0.67 exceeds threshold 0.5 — held for manual fraud review.,db6285d7
0.301,0.721,0.53,AUTO_APPROVE,Low fraud-risk (0.30) and high intent-match confidence (0.72) — auto-approved.,531a9bce
0.176,0.721,0.03,AUTO_APPROVE,Low fraud-risk (0.18) and high intent-match confidence (0.72) — auto-approved.,3046cc3e
0.56,0.721,0.124,HOLD_FRAUD_REVIEW,Fraud-risk score 0.56 exceeds threshold 0.5 — held for manual fraud review.,13d593f2
0.454,0.721,0.77,AUTO_APPROVE,Low fraud-risk (0.45) and high intent-match confidence (0.72) — auto-approved.,c1d1e826
0.518,0.427,0.03,HOLD_FRAUD_REVIEW,Fraud-risk score 0.52 exceeds threshold 0.5 — held for manual fraud review.,25783314
0.497,0.721,0.186,AUTO_APPROVE,Low fraud-risk (0.50) and high intent-match confidence (0.72) — auto-approved.,13c4962f
0.606,0.24,0.82,HOLD_FRAUD_REVIEW,Fraud-risk score 0.61 exceeds threshold 0.5 — held for manual fraud review.,ac8a9ca0
0.726,0.721,0.078,HOLD_FRAUD_REVIEW,Fraud-risk score 0.73 exceeds threshold 0.5 — held for manual fraud review.,511cf9a6
0.449,0.721,0.61,AUTO_APPROVE,Low fraud-risk (0.45) and high intent-match confidence (0.72) — auto-approved.,0d402853
0.263,0.721,0.24,AUTO_APPROVE,Low fraud-risk (0.26) and high intent-match confidence (0.72) — auto-approved.,e7697021
0.243,0.721,0.53,AUTO_APPROVE,Low fraud-risk (0.24) and high intent-match confidence (0.72) — auto-approved.,bbce97c2
0.26,0.378,0.198,HOLD_LIKELY_MISMATCH,"Order deviates from stated intent (intent-match confidence 0.38) and doesn't align with this customer's history (preference-fit 0.20) — likely a mistaken purchase, held to prevent a probable return.",e7867ac0
0.429,0.248,0.46,HOLD_LIKELY_MISMATCH,"Order deviates from stated intent (intent-match confidence 0.25) and doesn't align with this customer's history (preference-fit 0.46) — likely a mistaken purchase, held to prevent a probable return.",f06b3b47
0.387,0.721,0.08,AUTO_APPROVE,Low fraud-risk (0.39) and high intent-match confidence (0.72) — auto-approved.,38f71a27
0.22,0.315,0.99,HOLD_CONFIRM_WITH_HUMAN,"Order deviates from stated intent (intent-match confidence 0.32), but this customer's history (preference-fit 0.99) suggests they may welcome this — routed to a quick human confirmation instead of auto-block.",d1f6b5a2
0.845,0.721,0.69,HOLD_FRAUD_REVIEW,Fraud-risk score 0.85 exceeds threshold 0.5 — held for manual fraud review.,2da32c91
0.659,0.448,0.49,HOLD_FRAUD_REVIEW,Fraud-risk score 0.66 exceeds threshold 0.5 — held for manual fraud review.,fcd18ad9
0.8,0.348,0.92,HOLD_FRAUD_REVIEW,Fraud-risk score 0.80 exceeds threshold 0.5 — held for manual fraud review.,57b815cb
0.375,0.721,0.27,AUTO_APPROVE,Low fraud-risk (0.37) and high intent-match confidence (0.72) — auto-approved.,08267b58
0.171,0.721,0.32,AUTO_APPROVE,Low fraud-risk (0.17) and high intent-match confidence (0.72) — auto-approved.,d2549eec
0.825,0.387,0.93,HOLD_FRAUD_REVIEW,Fraud-risk score 0.83 exceeds threshold 0.5 — held for manual fraud review.,c7328e8c
0.601,0.45,0.22,HOLD_FRAUD_REVIEW,Fraud-risk score 0.60 exceeds threshold 0.5 — held for manual fraud review.,f2f9f6cd
0.729,0.721,0.15,HOLD_FRAUD_REVIEW,Fraud-risk score 0.73 exceeds threshold 0.5 — held for manual fraud review.,26d0d85d
0.427,0.297,0.85,HOLD_CONFIRM_WITH_HUMAN,"Order deviates from stated intent (intent-match confidence 0.30), but this customer's history (preference-fit 0.85) suggests they may welcome this — routed to a quick human confirmation instead of auto-block.",b47550e7
0.299,0.721,0.67,AUTO_APPROVE,Low fraud-risk (0.30) and high intent-match confidence (0.72) — auto-approved.,307d6cb7
0.467,0.721,0.96,AUTO_APPROVE,Low fraud-risk (0.47) and high intent-match confidence (0.72) — auto-approved.,31a3cef6
0.793,0.721,0.052,HOLD_FRAUD_REVIEW,Fraud-risk score 0.79 exceeds threshold 0.5 — held for manual fraud review.,1a244f9e
0.292,0.721,0.88,AUTO_APPROVE,Low fraud-risk (0.29) and high intent-match confidence (0.72) — auto-approved.,f81a4f44
0.39,0.721,0.112,AUTO_APPROVE,Low fraud-risk (0.39) and high intent-match confidence (0.72) — auto-approved.,ec417ee8
0.373,0.135,0.75,HOLD_CONFIRM_WITH_HUMAN,"Order deviates from stated intent (intent-match confidence 0.13), but this customer's history (preference-fit 0.75) suggests they may welcome this — routed to a quick human confirmation instead of auto-block.",be2a0e29
0.392,0.721,0.86,AUTO_APPROVE,Low fraud-risk (0.39) and high intent-match confidence (0.72) — auto-approved.,90e81b51
0.265,0.721,0.45,AUTO_APPROVE,Low fraud-risk (0.26) and high intent-match confidence (0.72) — auto-approved.,6f987ae4
0.45,0.39,0.22,HOLD_LIKELY_MISMATCH,"Order deviates from stated intent (intent-match confidence 0.39) and doesn't align with this customer's history (preference-fit 0.22) — likely a mistaken purchase, held to prevent a probable return.",e216ff0e
0.605,0.721,0.068,HOLD_FRAUD_REVIEW,Fraud-risk score 0.61 exceeds threshold 0.5 — held for manual fraud review.,19f84b8e
0.215,0.721,0.92,AUTO_APPROVE,Low fraud-risk (0.22) and high intent-match confidence (0.72) — auto-approved.,b5a0bf9e
0.576,0.266,0.13,HOLD_FRAUD_REVIEW,Fraud-risk score 0.58 exceeds threshold 0.5 — held for manual fraud review.,cbd9688e
0.42,0.306,0.54,HOLD_CONFIRM_WITH_HUMAN,"Order deviates from stated intent (intent-match confidence 0.31), but this customer's history (preference-fit 0.54) suggests they may welcome this — routed to a quick human confirmation instead of auto-block.",b0c2fe1e
0.909,0.721,0.06,HOLD_FRAUD_REVIEW,Fraud-risk score 0.91 exceeds threshold 0.5 — held for manual fraud review.,9c9e0b7c
0.479,0.176,0.184,HOLD_LIKELY_MISMATCH,"Order deviates from stated intent (intent-match confidence 0.18) and doesn't align with this customer's history (preference-fit 0.18) — likely a mistaken purchase, held to prevent a probable return.",564373de
0.451,0.721,0.174,AUTO_APPROVE,Low fraud-risk (0.45) and high intent-match confidence (0.72) — auto-approved.,de2dd197
0.875,0.721,0.55,HOLD_FRAUD_REVIEW,Fraud-risk score 0.87 exceeds threshold 0.5 — held for manual fraud review.,1fbfe562
0.397,0.452,0.0,HOLD_LIKELY_MISMATCH,"Order deviates from stated intent (intent-match confidence 0.45) and doesn't align with this customer's history (preference-fit 0.00) — likely a mistaken purchase, held to prevent a probable return.",d71f3e21
0.754,0.721,0.028,HOLD_FRAUD_REVIEW,Fraud-risk score 0.75 exceeds threshold 0.5 — held for manual fraud review.,fedd3200
0.372,0.721,0.064,AUTO_APPROVE,Low fraud-risk (0.37) and high intent-match confidence (0.72) — auto-approved.,e93df3de
0.323,0.369,0.8,HOLD_CONFIRM_WITH_HUMAN,"Order deviates from stated intent (intent-match confidence 0.37), but this customer's history (preference-fit 0.80) suggests they may welcome this — routed to a quick human confirmation instead of auto-block.",6d96a086
0.43,0.721,0.128,AUTO_APPROVE,Low fraud-risk (0.43) and high intent-match confidence (0.72) — auto-approved.,f15e00c6
0.655,0.299,0.42,HOLD_FRAUD_REVIEW,Fraud-risk score 0.65 exceeds threshold 0.5 — held for manual fraud review.,d33fc826
0.879,0.363,0.05,HOLD_FRAUD_REVIEW,Fraud-risk score 0.88 exceeds threshold 0.5 — held for manual fraud review.,9c7feb48
0.599,0.721,0.8,HOLD_FRAUD_REVIEW,Fraud-risk score 0.60 exceeds threshold 0.5 — held for manual fraud review.,5e6d5434
0.765,0.721,0.29,HOLD_FRAUD_REVIEW,Fraud-risk score 0.76 exceeds threshold 0.5 — held for manual fraud review.,01027d90
0.327,0.721,0.5,AUTO_APPROVE,Low fraud-risk (0.33) and high intent-match confidence (0.72) — auto-approved.,ae91eab7
0.251,0.721,0.44,AUTO_APPROVE,Low fraud-risk (0.25) and high intent-match confidence (0.72) — auto-approved.,a5945559
0.346,0.721,0.138,AUTO_APPROVE,Low fraud-risk (0.35) and high intent-match confidence (0.72) — auto-approved.,c201871b
0.6,0.721,0.83,HOLD_FRAUD_REVIEW,Fraud-risk score 0.60 exceeds threshold 0.5 — held for manual fraud review.,b85c26ae
0.382,0.721,0.62,AUTO_APPROVE,Low fraud-risk (0.38) and high intent-match confidence (0.72) — auto-approved.,79f16e3f
0.365,0.369,0.196,HOLD_LIKELY_MISMATCH,"Order deviates from stated intent (intent-match confidence 0.37) and doesn't align with this customer's history (preference-fit 0.20) — likely a mistaken purchase, held to prevent a probable return.",5b6b3f7d
0.46,0.721,0.138,AUTO_APPROVE,Low fraud-risk (0.46) and high intent-match confidence (0.72) — auto-approved.,486ccce8
0.633,0.721,0.79,HOLD_FRAUD_REVIEW,Fraud-risk score 0.63 exceeds threshold 0.5 — held for manual fraud review.,2265bb4e
0.192,0.721,0.44,AUTO_APPROVE,Low fraud-risk (0.19) and high intent-match confidence (0.72) — auto-approved.,36992ca1
0.432,0.721,0.144,AUTO_APPROVE,Low fraud-risk (0.43) and high intent-match confidence (0.72) — auto-approved.,e2f9f54b
0.633,0.721,0.71,HOLD_FRAUD_REVIEW,Fraud-risk score 0.63 exceeds threshold 0.5 — held for manual fraud review.,0d232914
0.287,0.721,0.15,AUTO_APPROVE,Low fraud-risk (0.29) and high intent-match confidence (0.72) — auto-approved.,ce693769
0.25,0.721,0.54,AUTO_APPROVE,Low fraud-risk (0.25) and high intent-match confidence (0.72) — auto-approved.,e1f76121
0.296,0.721,0.93,AUTO_APPROVE,Low fraud-risk (0.30) and high intent-match confidence (0.72) — auto-approved.,a41bd104
0.37,0.721,0.31,AUTO_APPROVE,Low fraud-risk (0.37) and high intent-match confidence (0.72) — auto-approved.,6859bb11
0.212,0.41,0.156,HOLD_LIKELY_MISMATCH,"Order deviates from stated intent (intent-match confidence 0.41) and doesn't align with this customer's history (preference-fit 0.16) — likely a mistaken purchase, held to prevent a probable return.",303d76f0
0.559,0.433,0.0,HOLD_FRAUD_REVIEW,Fraud-risk score 0.56 exceeds threshold 0.5 — held for manual fraud review.,d9134bae
0.263,0.721,0.84,AUTO_APPROVE,Low fraud-risk (0.26) and high intent-match confidence (0.72) — auto-approved.,1043b368
0.17,0.721,0.8,AUTO_APPROVE,Low fraud-risk (0.17) and high intent-match confidence (0.72) — auto-approved.,2127d149
0.216,0.441,0.2,HOLD_LIKELY_MISMATCH,"Order deviates from stated intent (intent-match confidence 0.44) and doesn't align with this customer's history (preference-fit 0.20) — likely a mistaken purchase, held to prevent a probable return.",da520e5a
0.211,0.721,0.36,AUTO_APPROVE,Low fraud-risk (0.21) and high intent-match confidence (0.72) — auto-approved.,c12fd072
0.897,0.721,0.35,HOLD_FRAUD_REVIEW,Fraud-risk score 0.90 exceeds threshold 0.5 — held for manual fraud review.,4fe95038
0.595,0.348,0.88,HOLD_FRAUD_REVIEW,Fraud-risk score 0.60 exceeds threshold 0.5 — held for manual fraud review.,3da5ff4d
0.192,0.721,0.16,AUTO_APPROVE,Low fraud-risk (0.19) and high intent-match confidence (0.72) — auto-approved.,964cf815
0.249,0.138,0.116,HOLD_LIKELY_MISMATCH,"Order deviates from stated intent (intent-match confidence 0.14) and doesn't align with this customer's history (preference-fit 0.12) — likely a mistaken purchase, held to prevent a probable return.",b58a1076
0.388,0.721,0.45,AUTO_APPROVE,Low fraud-risk (0.39) and high intent-match confidence (0.72) — auto-approved.,7de95a53
0.166,0.721,0.34,AUTO_APPROVE,Low fraud-risk (0.17) and high intent-match confidence (0.72) — auto-approved.,128c0cdf
0.715,0.721,0.23,HOLD_FRAUD_REVIEW,Fraud-risk score 0.71 exceeds threshold 0.5 — held for manual fraud review.,915d56d5
0.799,0.432,0.42,HOLD_FRAUD_REVIEW,Fraud-risk score 0.80 exceeds threshold 0.5 — held for manual fraud review.,44e6c210
0.236,0.721,0.39,AUTO_APPROVE,Low fraud-risk (0.24) and high intent-match confidence (0.72) — auto-approved.,dca2ddce
0.503,0.721,0.48,HOLD_FRAUD_REVIEW,Fraud-risk score 0.50 exceeds threshold 0.5 — held for manual fraud review.,384fa795
0.238,0.721,0.73,AUTO_APPROVE,Low fraud-risk (0.24) and high intent-match confidence (0.72) — auto-approved.,035fb993
0.358,0.177,0.136,HOLD_LIKELY_MISMATCH,"Order deviates from stated intent (intent-match confidence 0.18) and doesn't align with this customer's history (preference-fit 0.14) — likely a mistaken purchase, held to prevent a probable return.",b2cbc4c7
0.969,0.721,0.71,HOLD_FRAUD_REVIEW,Fraud-risk score 0.97 exceeds threshold 0.5 — held for manual fraud review.,a8c9b616
0.561,0.333,0.08,HOLD_FRAUD_REVIEW,Fraud-risk score 0.56 exceeds threshold 0.5 — held for manual fraud review.,81cfe8a6
0.396,0.721,0.104,AUTO_APPROVE,Low fraud-risk (0.40) and high intent-match confidence (0.72) — auto-approved.,7997f0f6
0.589,0.721,0.59,HOLD_FRAUD_REVIEW,Fraud-risk score 0.59 exceeds threshold 0.5 — held for manual fraud review.,049eb1bf
0.379,0.721,0.09,AUTO_APPROVE,Low fraud-risk (0.38) and high intent-match confidence (0.72) — auto-approved.,77e5e80b
0.42,0.453,0.69,HOLD_CONFIRM_WITH_HUMAN,"Order deviates from stated intent (intent-match confidence 0.45), but this customer's history (preference-fit 0.69) suggests they may welcome this — routed to a quick human confirmation instead of auto-block.",023586a7
0.503,0.366,0.65,HOLD_FRAUD_REVIEW,Fraud-risk score 0.50 exceeds threshold 0.5 — held for manual fraud review.,69e53819
0.218,0.721,0.1,AUTO_APPROVE,Low fraud-risk (0.22) and high intent-match confidence (0.72) — auto-approved.,091c7067
0.454,0.371,0.93,HOLD_CONFIRM_WITH_HUMAN,"Order deviates from stated intent (intent-match confidence 0.37), but this customer's history (preference-fit 0.93) suggests they may welcome this — routed to a quick human confirmation instead of auto-block.",25b0dd02
0.482,0.721,0.91,AUTO_APPROVE,Low fraud-risk (0.48) and high intent-match confidence (0.72) — auto-approved.,71a85d29
0.319,0.297,0.26,HOLD_LIKELY_MISMATCH,"Order deviates from stated intent (intent-match confidence 0.30) and doesn't align with this customer's history (preference-fit 0.26) — likely a mistaken purchase, held to prevent a probable return.",ad82eb41
0.353,0.311,0.118,HOLD_LIKELY_MISMATCH,"Order deviates from stated intent (intent-match confidence 0.31) and doesn't align with this customer's history (preference-fit 0.12) — likely a mistaken purchase, held to prevent a probable return.",2caac147
0.818,0.306,0.37,HOLD_FRAUD_REVIEW,Fraud-risk score 0.82 exceeds threshold 0.5 — held for manual fraud review.,b6b164b0
0.548,0.721,0.62,HOLD_FRAUD_REVIEW,Fraud-risk score 0.55 exceeds threshold 0.5 — held for manual fraud review.,ab625fac
0.326,0.721,0.77,AUTO_APPROVE,Low fraud-risk (0.33) and high intent-match confidence (0.72) — auto-approved.,69bed9f5
0.285,0.721,0.16,AUTO_APPROVE,Low fraud-risk (0.29) and high intent-match confidence (0.72) — auto-approved.,313a8001
0.434,0.721,0.38,AUTO_APPROVE,Low fraud-risk (0.43) and high intent-match confidence (0.72) — auto-approved.,d6a2207a
0.364,0.419,0.45,HOLD_LIKELY_MISMATCH,"Order deviates from stated intent (intent-match confidence 0.42) and doesn't align with this customer's history (preference-fit 0.45) — likely a mistaken purchase, held to prevent a probable return.",d42afba8
0.477,0.721,0.61,AUTO_APPROVE,Low fraud-risk (0.48) and high intent-match confidence (0.72) — auto-approved.,ac4d7c39
0.233,0.721,0.72,AUTO_APPROVE,Low fraud-risk (0.23) and high intent-match confidence (0.72) — auto-approved.,f7f98807
0.449,0.721,0.012,AUTO_APPROVE,Low fraud-risk (0.45) and high intent-match confidence (0.72) — auto-approved.,a8a02ed1
0.525,0.218,0.03,HOLD_FRAUD_REVIEW,Fraud-risk score 0.53 exceeds threshold 0.5 — held for manual fraud review.,5403b969
0.558,0.721,0.83,HOLD_FRAUD_REVIEW,Fraud-risk score 0.56 exceeds threshold 0.5 — held for manual fraud review.,c7fd9151
0.267,0.721,0.03,AUTO_APPROVE,Low fraud-risk (0.27) and high intent-match confidence (0.72) — auto-approved.,a68b366d
0.243,0.721,0.162,AUTO_APPROVE,Low fraud-risk (0.24) and high intent-match confidence (0.72) — auto-approved.,1c16ef02
0.938,0.721,0.044,HOLD_FRAUD_REVIEW,Fraud-risk score 0.94 exceeds threshold 0.5 — held for manual fraud review.,2d91d1dd
0.683,0.721,1.0,HOLD_FRAUD_REVIEW,Fraud-risk score 0.68 exceeds threshold 0.5 — held for manual fraud review.,8bddf880
0.514,0.721,0.158,HOLD_FRAUD_REVIEW,Fraud-risk score 0.51 exceeds threshold 0.5 — held for manual fraud review.,74452155
0.623,0.721,0.094,HOLD_FRAUD_REVIEW,Fraud-risk score 0.62 exceeds threshold 0.5 — held for manual fraud review.,2e6038e1
0.836,0.721,0.104,HOLD_FRAUD_REVIEW,Fraud-risk score 0.84 exceeds threshold 0.5 — held for manual fraud review.,87d7dc98
0.215,0.721,0.196,AUTO_APPROVE,Low fraud-risk (0.22) and high intent-match confidence (0.72) — auto-approved.,667af478
0.439,0.412,0.9,HOLD_CONFIRM_WITH_HUMAN,"Order deviates from stated intent (intent-match confidence 0.41), but this customer's history (preference-fit 0.90) suggests they may welcome this — routed to a quick human confirmation instead of auto-block.",640fce5b
0.256,0.721,0.18,AUTO_APPROVE,Low fraud-risk (0.26) and high intent-match confidence (0.72) — auto-approved.,21b0769b
0.634,0.238,0.148,HOLD_FRAUD_REVIEW,Fraud-risk score 0.63 exceeds threshold 0.5 — held for manual fraud review.,377683bf
0.438,0.191,0.006,HOLD_LIKELY_MISMATCH,"Order deviates from stated intent (intent-match confidence 0.19) and doesn't align with this customer's history (preference-fit 0.01) — likely a mistaken purchase, held to prevent a probable return.",26437678
0.883,0.721,0.49,HOLD_FRAUD_REVIEW,Fraud-risk score 0.88 exceeds threshold 0.5 — held for manual fraud review.,4604f114
0.541,0.44,0.194,HOLD_FRAUD_REVIEW,Fraud-risk score 0.54 exceeds threshold 0.5 — held for manual fraud review.,4335bb65
0.45,0.721,0.128,AUTO_APPROVE,Low fraud-risk (0.45) and high intent-match confidence (0.72) — auto-approved.,77791f0a
0.708,0.721,0.49,HOLD_FRAUD_REVIEW,Fraud-risk score 0.71 exceeds threshold 0.5 — held for manual fraud review.,f8e8c9c4
0.35,0.415,0.176,HOLD_LIKELY_MISMATCH,"Order deviates from stated intent (intent-match confidence 0.42) and doesn't align with this customer's history (preference-fit 0.18) — likely a mistaken purchase, held to prevent a probable return.",f1e9955a
0.295,0.28,0.154,HOLD_LIKELY_MISMATCH,"Order deviates from stated intent (intent-match confidence 0.28) and doesn't align with this customer's history (preference-fit 0.15) — likely a mistaken purchase, held to prevent a probable return.",70c74657
0.835,0.721,0.25,HOLD_FRAUD_REVIEW,Fraud-risk score 0.84 exceeds threshold 0.5 — held for manual fraud review.,e08a179c
0.831,0.33,0.24,HOLD_FRAUD_REVIEW,Fraud-risk score 0.83 exceeds threshold 0.5 — held for manual fraud review.,1bdf9e22
0.194,0.236,0.49,HOLD_LIKELY_MISMATCH,"Order deviates from stated intent (intent-match confidence 0.24) and doesn't align with this customer's history (preference-fit 0.49) — likely a mistaken purchase, held to prevent a probable return.",c7e71c59
0.677,0.293,0.43,HOLD_FRAUD_REVIEW,Fraud-risk score 0.68 exceeds threshold 0.5 — held for manual fraud review.,a66ade91
0.565,0.371,0.32,HOLD_FRAUD_REVIEW,Fraud-risk score 0.56 exceeds threshold 0.5 — held for manual fraud review.,21cd2854
0.498,0.46,0.33,HOLD_LIKELY_MISMATCH,"Order deviates from stated intent (intent-match confidence 0.46) and doesn't align with this customer's history (preference-fit 0.33) — likely a mistaken purchase, held to prevent a probable return.",52b19518
0.844,0.721,0.84,HOLD_FRAUD_REVIEW,Fraud-risk score 0.84 exceeds threshold 0.5 — held for manual fraud review.,b061f663
0.381,0.721,0.082,AUTO_APPROVE,Low fraud-risk (0.38) and high intent-match confidence (0.72) — auto-approved.,19c2cff2
0.496,0.243,0.94,HOLD_CONFIRM_WITH_HUMAN,"Order deviates from stated intent (intent-match confidence 0.24), but this customer's history (preference-fit 0.94) suggests they may welcome this — routed to a quick human confirmation instead of auto-block.",3eafbd4f
0.568,0.721,0.52,HOLD_FRAUD_REVIEW,Fraud-risk score 0.57 exceeds threshold 0.5 — held for manual fraud review.,043f47b5
0.878,0.379,0.19,HOLD_FRAUD_REVIEW,Fraud-risk score 0.88 exceeds threshold 0.5 — held for manual fraud review.,b0e6a1ef
0.61,0.312,0.92,HOLD_FRAUD_REVIEW,Fraud-risk score 0.61 exceeds threshold 0.5 — held for manual fraud review.,f11e707e
0.519,0.375,0.87,HOLD_FRAUD_REVIEW,Fraud-risk score 0.52 exceeds threshold 0.5 — held for manual fraud review.,04d5efda
0.488,0.721,0.66,AUTO_APPROVE,Low fraud-risk (0.49) and high intent-match confidence (0.72) — auto-approved.,88477d11
0.439,0.721,1.0,AUTO_APPROVE,Low fraud-risk (0.44) and high intent-match confidence (0.72) — auto-approved.,eea4fc5f
0.308,0.721,0.48,AUTO_APPROVE,Low fraud-risk (0.31) and high intent-match confidence (0.72) — auto-approved.,1bb47fd1
0.212,0.721,0.51,AUTO_APPROVE,Low fraud-risk (0.21) and high intent-match confidence (0.72) — auto-approved.,5b3d8139
0.202,0.721,0.41,AUTO_APPROVE,Low fraud-risk (0.20) and high intent-match confidence (0.72) — auto-approved.,c46f93a0
0.637,0.353,0.078,HOLD_FRAUD_REVIEW,Fraud-risk score 0.64 exceeds threshold 0.5 — held for manual fraud review.,65d6de25
0.549,0.352,0.89,HOLD_FRAUD_REVIEW,Fraud-risk score 0.55 exceeds threshold 0.5 — held for manual fraud review.,8a66e6e1
0.471,0.721,0.39,AUTO_APPROVE,Low fraud-risk (0.47) and high intent-match confidence (0.72) — auto-approved.,9da510d9
0.519,0.721,0.27,HOLD_FRAUD_REVIEW,Fraud-risk score 0.52 exceeds threshold 0.5 — held for manual fraud review.,e4b04f31
0.34,0.386,0.68,HOLD_CONFIRM_WITH_HUMAN,"Order deviates from stated intent (intent-match confidence 0.39), but this customer's history (preference-fit 0.68) suggests they may welcome this — routed to a quick human confirmation instead of auto-block.",e9ad7f83
0.295,0.343,0.34,HOLD_LIKELY_MISMATCH,"Order deviates from stated intent (intent-match confidence 0.34) and doesn't align with this customer's history (preference-fit 0.34) — likely a mistaken purchase, held to prevent a probable return.",8908e27a
0.59,0.721,0.196,HOLD_FRAUD_REVIEW,Fraud-risk score 0.59 exceeds threshold 0.5 — held for manual fraud review.,1110260d
0.26,0.382,0.142,HOLD_LIKELY_MISMATCH,"Order deviates from stated intent (intent-match confidence 0.38) and doesn't align with this customer's history (preference-fit 0.14) — likely a mistaken purchase, held to prevent a probable return.",c3e521cc
0.249,0.721,0.21,AUTO_APPROVE,Low fraud-risk (0.25) and high intent-match confidence (0.72) — auto-approved.,3a811ab4
0.347,0.721,0.5,AUTO_APPROVE,Low fraud-risk (0.35) and high intent-match confidence (0.72) — auto-approved.,d15899da
0.463,0.721,0.7,AUTO_APPROVE,Low fraud-risk (0.46) and high intent-match confidence (0.72) — auto-approved.,0b4df8da
0.385,0.721,0.128,AUTO_APPROVE,Low fraud-risk (0.38) and high intent-match confidence (0.72) — auto-approved.,35aa4a70
0.478,0.398,0.048,HOLD_LIKELY_MISMATCH,"Order deviates from stated intent (intent-match confidence 0.40) and doesn't align with this customer's history (preference-fit 0.05) — likely a mistaken purchase, held to prevent a probable return.",91bb56c8
0.577,0.44,0.12,HOLD_FRAUD_REVIEW,Fraud-risk score 0.58 exceeds threshold 0.5 — held for manual fraud review.,d4c07122
0.827,0.442,0.98,HOLD_FRAUD_REVIEW,Fraud-risk score 0.83 exceeds threshold 0.5 — held for manual fraud review.,dd15f503
0.301,0.721,0.34,AUTO_APPROVE,Low fraud-risk (0.30) and high intent-match confidence (0.72) — auto-approved.,6d9ff456
0.282,0.721,0.102,AUTO_APPROVE,Low fraud-risk (0.28) and high intent-match confidence (0.72) — auto-approved.,245a34f8
0.249,0.721,0.55,AUTO_APPROVE,Low fraud-risk (0.25) and high intent-match confidence (0.72) — auto-approved.,46c94fd7
0.612,0.721,0.84,HOLD_FRAUD_REVIEW,Fraud-risk score 0.61 exceeds threshold 0.5 — held for manual fraud review.,51724686
0.394,0.364,0.06,HOLD_LIKELY_MISMATCH,"Order deviates from stated intent (intent-match confidence 0.36) and doesn't align with this customer's history (preference-fit 0.06) — likely a mistaken purchase, held to prevent a probable return.",e1cfc9e2
0.189,0.461,0.84,HOLD_CONFIRM_WITH_HUMAN,"Order deviates from stated intent (intent-match confidence 0.46), but this customer's history (preference-fit 0.84) suggests they may welcome this — routed to a quick human confirmation instead of auto-block.",d047bf8c
0.747,0.721,0.114,HOLD_FRAUD_REVIEW,Fraud-risk score 0.75 exceeds threshold 0.5 — held for manual fraud review.,9653f73a
0.64,0.348,0.46,HOLD_FRAUD_REVIEW,Fraud-risk score 0.64 exceeds threshold 0.5 — held for manual fraud review.,f4d7cdd7
0.307,0.721,0.1,AUTO_APPROVE,Low fraud-risk (0.31) and high intent-match confidence (0.72) — auto-approved.,d31f74c3
0.516,0.391,0.63,HOLD_FRAUD_REVIEW,Fraud-risk score 0.52 exceeds threshold 0.5 — held for manual fraud review.,7de98755
0.601,0.721,0.052,HOLD_FRAUD_REVIEW,Fraud-risk score 0.60 exceeds threshold 0.5 — held for manual fraud review.,e7f3eead
0.256,0.721,0.92,AUTO_APPROVE,Low fraud-risk (0.26) and high intent-match confidence (0.72) — auto-approved.,519b2122
0.266,0.37,0.04,HOLD_LIKELY_MISMATCH,"Order deviates from stated intent (intent-match confidence 0.37) and doesn't align with this customer's history (preference-fit 0.04) — likely a mistaken purchase, held to prevent a probable return.",2b477126
0.434,0.721,0.61,AUTO_APPROVE,Low fraud-risk (0.43) and high intent-match confidence (0.72) — auto-approved.,c74685f9
0.601,0.721,0.04,HOLD_FRAUD_REVIEW,Fraud-risk score 0.60 exceeds threshold 0.5 — held for manual fraud review.,7a14b635
0.9,0.299,0.74,HOLD_FRAUD_REVIEW,Fraud-risk score 0.90 exceeds threshold 0.5 — held for manual fraud review.,ad348189
0.481,0.144,0.134,HOLD_LIKELY_MISMATCH,"Order deviates from stated intent (intent-match confidence 0.14) and doesn't align with this customer's history (preference-fit 0.13) — likely a mistaken purchase, held to prevent a probable return.",562871b6
0.297,0.721,0.156,AUTO_APPROVE,Low fraud-risk (0.30) and high intent-match confidence (0.72) — auto-approved.,5d399a19
0.314,0.454,0.19,HOLD_LIKELY_MISMATCH,"Order deviates from stated intent (intent-match confidence 0.45) and doesn't align with this customer's history (preference-fit 0.19) — likely a mistaken purchase, held to prevent a probable return.",ea18b260
0.45,0.332,0.68,HOLD_CONFIRM_WITH_HUMAN,"Order deviates from stated intent (intent-match confidence 0.33), but this customer's history (preference-fit 0.68) suggests they may welcome this — routed to a quick human confirmation instead of auto-block.",3f9e62b7
0.547,0.721,0.15,HOLD_FRAUD_REVIEW,Fraud-risk score 0.55 exceeds threshold 0.5 — held for manual fraud review.,ade94e3c
0.368,0.323,0.73,HOLD_CONFIRM_WITH_HUMAN,"Order deviates from stated intent (intent-match confidence 0.32), but this customer's history (preference-fit 0.73) suggests they may welcome this — routed to a quick human confirmation instead of auto-block.",4f572cfc
0.258,0.721,0.57,AUTO_APPROVE,Low fraud-risk (0.26) and high intent-match confidence (0.72) — auto-approved.,c4d3ecec
0.363,0.721,0.028,AUTO_APPROVE,Low fraud-risk (0.36) and high intent-match confidence (0.72) — auto-approved.,386b2854
0.463,0.721,0.5,AUTO_APPROVE,Low fraud-risk (0.46) and high intent-match confidence (0.72) — auto-approved.,ca2f848c
0.191,0.379,0.02,HOLD_LIKELY_MISMATCH,"Order deviates from stated intent (intent-match confidence 0.38) and doesn't align with this customer's history (preference-fit 0.02) — likely a mistaken purchase, held to prevent a probable return.",b71d3cfc
0.543,0.368,0.18,HOLD_FRAUD_REVIEW,Fraud-risk score 0.54 exceeds threshold 0.5 — held for manual fraud review.,be793e6f
0.202,0.721,0.35,AUTO_APPROVE,Low fraud-risk (0.20) and high intent-match confidence (0.72) — auto-approved.,803684d5
0.385,0.721,0.67,AUTO_APPROVE,Low fraud-risk (0.38) and high intent-match confidence (0.72) — auto-approved.,84744013
0.224,0.721,0.034,AUTO_APPROVE,Low fraud-risk (0.22) and high intent-match confidence (0.72) — auto-approved.,d3de68ee
0.624,0.721,0.15,HOLD_FRAUD_REVIEW,Fraud-risk score 0.62 exceeds threshold 0.5 — held for manual fraud review.,60174874
0.657,0.721,0.114,HOLD_FRAUD_REVIEW,Fraud-risk score 0.66 exceeds threshold 0.5 — held for manual fraud review.,c174c2d0
0.215,0.721,0.05,AUTO_APPROVE,Low fraud-risk (0.21) and high intent-match confidence (0.72) — auto-approved.,eed8aa11
0.207,0.721,0.61,AUTO_APPROVE,Low fraud-risk (0.21) and high intent-match confidence (0.72) — auto-approved.,3cb70860
0.464,0.721,0.39,AUTO_APPROVE,Low fraud-risk (0.46) and high intent-match confidence (0.72) — auto-approved.,b8adec18
0.4,0.721,0.91,AUTO_APPROVE,Low fraud-risk (0.40) and high intent-match confidence (0.72) — auto-approved.,88e81337
0.505,0.721,0.87,HOLD_FRAUD_REVIEW,Fraud-risk score 0.51 exceeds threshold 0.5 — held for manual fraud review.,e9597153
0.366,0.721,0.2,AUTO_APPROVE,Low fraud-risk (0.37) and high intent-match confidence (0.72) — auto-approved.,a8bbf1c7
0.562,0.721,0.06,HOLD_FRAUD_REVIEW,Fraud-risk score 0.56 exceeds threshold 0.5 — held for manual fraud review.,e5ab8390
0.726,0.458,0.1,HOLD_FRAUD_REVIEW,Fraud-risk score 0.73 exceeds threshold 0.5 — held for manual fraud review.,fa685561
0.647,0.721,0.95,HOLD_FRAUD_REVIEW,Fraud-risk score 0.65 exceeds threshold 0.5 — held for manual fraud review.,8be40bc1
0.174,0.721,0.076,AUTO_APPROVE,Low fraud-risk (0.17) and high intent-match confidence (0.72) — auto-approved.,3aa02c64
0.807,0.721,0.62,HOLD_FRAUD_REVIEW,Fraud-risk score 0.81 exceeds threshold 0.5 — held for manual fraud review.,730f27f3
0.767,0.721,0.46,HOLD_FRAUD_REVIEW,Fraud-risk score 0.77 exceeds threshold 0.5 — held for manual fraud review.,21312f34
0.563,0.721,0.66,HOLD_FRAUD_REVIEW,Fraud-risk score 0.56 exceeds threshold 0.5 — held for manual fraud review.,51aeefdd
0.238,0.721,0.72,AUTO_APPROVE,Low fraud-risk (0.24) and high intent-match confidence (0.72) — auto-approved.,03d4a7e6
0.227,0.721,0.79,AUTO_APPROVE,Low fraud-risk (0.23) and high intent-match confidence (0.72) — auto-approved.,e9b651b6
0.451,0.721,0.46,AUTO_APPROVE,Low fraud-risk (0.45) and high intent-match confidence (0.72) — auto-approved.,ba305648
0.656,0.721,0.25,HOLD_FRAUD_REVIEW,Fraud-risk score 0.66 exceeds threshold 0.5 — held for manual fraud review.,6dd60a02
0.7,0.721,0.17,HOLD_FRAUD_REVIEW,Fraud-risk score 0.70 exceeds threshold 0.5 — held for manual fraud review.,353985d7
0.551,0.721,0.08,HOLD_FRAUD_REVIEW,Fraud-risk score 0.55 exceeds threshold 0.5 — held for manual fraud review.,cbf8b812
0.386,0.721,0.46,AUTO_APPROVE,Low fraud-risk (0.39) and high intent-match confidence (0.72) — auto-approved.,233dccb4
0.837,0.415,0.47,HOLD_FRAUD_REVIEW,Fraud-risk score 0.84 exceeds threshold 0.5 — held for manual fraud review.,f13736cc
0.52,0.721,0.66,HOLD_FRAUD_REVIEW,Fraud-risk score 0.52 exceeds threshold 0.5 — held for manual fraud review.,b942ffcc
0.6,0.721,0.43,HOLD_FRAUD_REVIEW,Fraud-risk score 0.60 exceeds threshold 0.5 — held for manual fraud review.,2f849323
0.364,0.721,0.62,AUTO_APPROVE,Low fraud-risk (0.36) and high intent-match confidence (0.72) — auto-approved.,7d8c6b11
0.48,0.721,0.34,AUTO_APPROVE,Low fraud-risk (0.48) and high intent-match confidence (0.72) — auto-approved.,88ffd5ba
0.604,0.721,0.82,HOLD_FRAUD_REVIEW,Fraud-risk score 0.60 exceeds threshold 0.5 — held for manual fraud review.,af983f12
0.506,0.331,0.126,HOLD_FRAUD_REVIEW,Fraud-risk score 0.51 exceeds threshold 0.5 — held for manual fraud review.,5693092f
0.267,0.125,0.12,HOLD_LIKELY_MISMATCH,"Order deviates from stated intent (intent-match confidence 0.13) and doesn't align with this customer's history (preference-fit 0.12) — likely a mistaken purchase, held to prevent a probable return.",9fea6f06
0.19,0.721,0.43,AUTO_APPROVE,Low fraud-risk (0.19) and high intent-match confidence (0.72) — auto-approved.,ae011db7
0.414,0.334,0.49,HOLD_LIKELY_MISMATCH,"Order deviates from stated intent (intent-match confidence 0.33) and doesn't align with this customer's history (preference-fit 0.49) — likely a mistaken purchase, held to prevent a probable return.",13e0940d
0.472,0.381,0.08,HOLD_LIKELY_MISMATCH,"Order deviates from stated intent (intent-match confidence 0.38) and doesn't align with this customer's history (preference-fit 0.08) — likely a mistaken purchase, held to prevent a probable return.",50a2b54e
0.214,0.323,0.55,HOLD_CONFIRM_WITH_HUMAN,"Order deviates from stated intent (intent-match confidence 0.32), but this customer's history (preference-fit 0.55) suggests they may welcome this — routed to a quick human confirmation instead of auto-block.",f71664f8
0.467,0.298,0.86,HOLD_CONFIRM_WITH_HUMAN,"Order deviates from stated intent (intent-match confidence 0.30), but this customer's history (preference-fit 0.86) suggests they may welcome this — routed to a quick human confirmation instead of auto-block.",dc6ef69a
0.828,0.389,0.96,HOLD_FRAUD_REVIEW,Fraud-risk score 0.83 exceeds threshold 0.5 — held for manual fraud review.,e8908f1b
0.379,0.721,0.056,AUTO_APPROVE,Low fraud-risk (0.38) and high intent-match confidence (0.72) — auto-approved.,8c7dcb6f
0.254,0.721,0.35,AUTO_APPROVE,Low fraud-risk (0.25) and high intent-match confidence (0.72) — auto-approved.,ff47d8d2
0.268,0.721,0.2,AUTO_APPROVE,Low fraud-risk (0.27) and high intent-match confidence (0.72) — auto-approved.,705d23b3
0.706,0.721,0.102,HOLD_FRAUD_REVIEW,Fraud-risk score 0.71 exceeds threshold 0.5 — held for manual fraud review.,8dbac390
0.898,0.721,0.032,HOLD_FRAUD_REVIEW,Fraud-risk score 0.90 exceeds threshold 0.5 — held for manual fraud review.,b2ec84ce
0.631,0.721,0.43,HOLD_FRAUD_REVIEW,Fraud-risk score 0.63 exceeds threshold 0.5 — held for manual fraud review.,aec21d94
0.188,0.721,0.09,AUTO_APPROVE,Low fraud-risk (0.19) and high intent-match confidence (0.72) — auto-approved.,78d7a25b
0.387,0.721,0.05,AUTO_APPROVE,Low fraud-risk (0.39) and high intent-match confidence (0.72) — auto-approved.,e82b1f5f
0.571,0.421,0.15,HOLD_FRAUD_REVIEW,Fraud-risk score 0.57 exceeds threshold 0.5 — held for manual fraud review.,f4f368c6
0.275,0.721,0.8,AUTO_APPROVE,Low fraud-risk (0.27) and high intent-match confidence (0.72) — auto-approved.,b3d61ae5
0.374,0.721,0.85,AUTO_APPROVE,Low fraud-risk (0.37) and high intent-match confidence (0.72) — auto-approved.,8c2826bc
0.192,0.721,0.85,AUTO_APPROVE,Low fraud-risk (0.19) and high intent-match confidence (0.72) — auto-approved.,b5b03a6e
0.549,0.721,0.88,HOLD_FRAUD_REVIEW,Fraud-risk score 0.55 exceeds threshold 0.5 — held for manual fraud review.,333a8713
0.585,0.721,0.51,HOLD_FRAUD_REVIEW,Fraud-risk score 0.58 exceeds threshold 0.5 — held for manual fraud review.,adaf09a2
0.553,0.317,0.056,HOLD_FRAUD_REVIEW,Fraud-risk score 0.55 exceeds threshold 0.5 — held for manual fraud review.,f9c807b3
0.379,0.24,0.064,HOLD_LIKELY_MISMATCH,"Order deviates from stated intent (intent-match confidence 0.24) and doesn't align with this customer's history (preference-fit 0.06) — likely a mistaken purchase, held to prevent a probable return.",d9fabd67
0.875,0.287,0.042,HOLD_FRAUD_REVIEW,Fraud-risk score 0.87 exceeds threshold 0.5 — held for manual fraud review.,46f7279c
0.312,0.721,0.39,AUTO_APPROVE,Low fraud-risk (0.31) and high intent-match confidence (0.72) — auto-approved.,807998f6
0.749,0.721,0.84,HOLD_FRAUD_REVIEW,Fraud-risk score 0.75 exceeds threshold 0.5 — held for manual fraud review.,99f0dd65
0.221,0.721,0.72,AUTO_APPROVE,Low fraud-risk (0.22) and high intent-match confidence (0.72) — auto-approved.,86b07575
0.716,0.331,0.114,HOLD_FRAUD_REVIEW,Fraud-risk score 0.72 exceeds threshold 0.5 — held for manual fraud review.,ca15f2c8
0.301,0.321,0.99,HOLD_CONFIRM_WITH_HUMAN,"Order deviates from stated intent (intent-match confidence 0.32), but this customer's history (preference-fit 0.99) suggests they may welcome this — routed to a quick human confirmation instead of auto-block.",8277abe8
0.692,0.721,0.01,HOLD_FRAUD_REVIEW,Fraud-risk score 0.69 exceeds threshold 0.5 — held for manual fraud review.,0c366cb6
0.63,0.352,0.22,HOLD_FRAUD_REVIEW,Fraud-risk score 0.63 exceeds threshold 0.5 — held for manual fraud review.,eaf265af
0.377,0.721,0.25,AUTO_APPROVE,Low fraud-risk (0.38) and high intent-match confidence (0.72) — auto-approved.,23a7a20d
0.459,0.388,0.85,HOLD_CONFIRM_WITH_HUMAN,"Order deviates from stated intent (intent-match confidence 0.39), but this customer's history (preference-fit 0.85) suggests they may welcome this — routed to a quick human confirmation instead of auto-block.",c1367691
0.248,0.721,0.61,AUTO_APPROVE,Low fraud-risk (0.25) and high intent-match confidence (0.72) — auto-approved.,2cbbaaaa
0.249,0.287,0.51,HOLD_CONFIRM_WITH_HUMAN,"Order deviates from stated intent (intent-match confidence 0.29), but this customer's history (preference-fit 0.51) suggests they may welcome this — routed to a quick human confirmation instead of auto-block.",04c87cd9
0.773,0.343,0.044,HOLD_FRAUD_REVIEW,Fraud-risk score 0.77 exceeds threshold 0.5 — held for manual fraud review.,f97810ee
0.526,0.721,0.5,HOLD_FRAUD_REVIEW,Fraud-risk score 0.53 exceeds threshold 0.5 — held for manual fraud review.,9d6e1dbd
0.355,0.432,0.39,HOLD_LIKELY_MISMATCH,"Order deviates from stated intent (intent-match confidence 0.43) and doesn't align with this customer's history (preference-fit 0.39) — likely a mistaken purchase, held to prevent a probable return.",03fcb9d1
0.576,0.721,0.96,HOLD_FRAUD_REVIEW,Fraud-risk score 0.58 exceeds threshold 0.5 — held for manual fraud review.,76ef2e9f
0.562,0.721,0.32,HOLD_FRAUD_REVIEW,Fraud-risk score 0.56 exceeds threshold 0.5 — held for manual fraud review.,dbf759b0
0.862,0.721,0.89,HOLD_FRAUD_REVIEW,Fraud-risk score 0.86 exceeds threshold 0.5 — held for manual fraud review.,80f29bee
0.379,0.381,0.196,HOLD_LIKELY_MISMATCH,"Order deviates from stated intent (intent-match confidence 0.38) and doesn't align with this customer's history (preference-fit 0.20) — likely a mistaken purchase, held to prevent a probable return.",a02bec7e
0.459,0.721,0.078,AUTO_APPROVE,Low fraud-risk (0.46) and high intent-match confidence (0.72) — auto-approved.,4190bdbc
0.419,0.721,0.1,AUTO_APPROVE,Low fraud-risk (0.42) and high intent-match confidence (0.72) — auto-approved.,b3a721ea
0.846,0.311,0.02,HOLD_FRAUD_REVIEW,Fraud-risk score 0.85 exceeds threshold 0.5 — held for manual fraud review.,b66b3d7b
0.885,0.721,0.83,HOLD_FRAUD_REVIEW,Fraud-risk score 0.89 exceeds threshold 0.5 — held for manual fraud review.,fb183a6f
0.204,0.721,0.38,AUTO_APPROVE,Low fraud-risk (0.20) and high intent-match confidence (0.72) — auto-approved.,40fc08df
0.202,0.441,0.77,HOLD_CONFIRM_WITH_HUMAN,"Order deviates from stated intent (intent-match confidence 0.44), but this customer's history (preference-fit 0.77) suggests they may welcome this — routed to a quick human confirmation instead of auto-block.",fd2cdce0
0.36,0.721,0.19,AUTO_APPROVE,Low fraud-risk (0.36) and high intent-match confidence (0.72) — auto-approved.,3c93dd18
0.819,0.721,0.74,HOLD_FRAUD_REVIEW,Fraud-risk score 0.82 exceeds threshold 0.5 — held for manual fraud review.,80451c33
0.572,0.394,0.6,HOLD_FRAUD_REVIEW,Fraud-risk score 0.57 exceeds threshold 0.5 — held for manual fraud review.,8ad5d62d
0.745,0.299,0.09,HOLD_FRAUD_REVIEW,Fraud-risk score 0.75 exceeds threshold 0.5 — held for manual fraud review.,24575037
0.227,0.292,0.11,HOLD_LIKELY_MISMATCH,"Order deviates from stated intent (intent-match confidence 0.29) and doesn't align with this customer's history (preference-fit 0.11) — likely a mistaken purchase, held to prevent a probable return.",a1228242
0.635,0.721,0.01,HOLD_FRAUD_REVIEW,Fraud-risk score 0.63 exceeds threshold 0.5 — held for manual fraud review.,07b60e2b
0.565,0.721,0.134,HOLD_FRAUD_REVIEW,Fraud-risk score 0.57 exceeds threshold 0.5 — held for manual fraud review.,0a7de037
0.307,0.138,0.182,HOLD_LIKELY_MISMATCH,"Order deviates from stated intent (intent-match confidence 0.14) and doesn't align with this customer's history (preference-fit 0.18) — likely a mistaken purchase, held to prevent a probable return.",11e4a9c6
0.628,0.721,0.72,HOLD_FRAUD_REVIEW,Fraud-risk score 0.63 exceeds threshold 0.5 — held for manual fraud review.,9f02318c
0.188,0.721,0.18,AUTO_APPROVE,Low fraud-risk (0.19) and high intent-match confidence (0.72) — auto-approved.,acd2957a
0.313,0.721,0.2,AUTO_APPROVE,Low fraud-risk (0.31) and high intent-match confidence (0.72) — auto-approved.,6515adef
0.283,0.721,0.91,AUTO_APPROVE,Low fraud-risk (0.28) and high intent-match confidence (0.72) — auto-approved.,cd48698c
0.207,0.721,0.0,AUTO_APPROVE,Low fraud-risk (0.21) and high intent-match confidence (0.72) — auto-approved.,49f588fb
0.81,0.721,0.02,HOLD_FRAUD_REVIEW,Fraud-risk score 0.81 exceeds threshold 0.5 — held for manual fraud review.,cfcab777
0.815,0.721,0.89,HOLD_FRAUD_REVIEW,Fraud-risk score 0.81 exceeds threshold 0.5 — held for manual fraud review.,119b07d8
0.283,0.32,0.086,HOLD_LIKELY_MISMATCH,"Order deviates from stated intent (intent-match confidence 0.32) and doesn't align with this customer's history (preference-fit 0.09) — likely a mistaken purchase, held to prevent a probable return.",3db4ee49
0.705,0.33,0.22,HOLD_FRAUD_REVIEW,Fraud-risk score 0.71 exceeds threshold 0.5 — held for manual fraud review.,c6cc5820
0.5,0.28,0.27,HOLD_FRAUD_REVIEW,Fraud-risk score 0.50 exceeds threshold 0.5 — held for manual fraud review.,f4cd9bf4
0.887,0.721,0.04,HOLD_FRAUD_REVIEW,Fraud-risk score 0.89 exceeds threshold 0.5 — held for manual fraud review.,42aea68a
0.419,0.187,0.08,HOLD_LIKELY_MISMATCH,"Order deviates from stated intent (intent-match confidence 0.19) and doesn't align with this customer's history (preference-fit 0.08) — likely a mistaken purchase, held to prevent a probable return.",4bad5315
0.433,0.247,0.71,HOLD_CONFIRM_WITH_HUMAN,"Order deviates from stated intent (intent-match confidence 0.25), but this customer's history (preference-fit 0.71) suggests they may welcome this — routed to a quick human confirmation instead of auto-block.",dcbe5d56
0.234,0.721,0.148,AUTO_APPROVE,Low fraud-risk (0.23) and high intent-match confidence (0.72) — auto-approved.,fa80fe18
0.317,0.721,0.55,AUTO_APPROVE,Low fraud-risk (0.32) and high intent-match confidence (0.72) — auto-approved.,b7d7dca9
0.615,0.254,0.26,HOLD_FRAUD_REVIEW,Fraud-risk score 0.61 exceeds threshold 0.5 — held for manual fraud review.,27f05c3a
0.64,0.721,0.5,HOLD_FRAUD_REVIEW,Fraud-risk score 0.64 exceeds threshold 0.5 — held for manual fraud review.,566b3b5c
0.289,0.376,0.2,HOLD_LIKELY_MISMATCH,"Order deviates from stated intent (intent-match confidence 0.38) and doesn't align with this customer's history (preference-fit 0.20) — likely a mistaken purchase, held to prevent a probable return.",1c8c1ccd
0.191,0.721,0.36,AUTO_APPROVE,Low fraud-risk (0.19) and high intent-match confidence (0.72) — auto-approved.,76c0c7db
0.568,0.221,0.54,HOLD_FRAUD_REVIEW,Fraud-risk score 0.57 exceeds threshold 0.5 — held for manual fraud review.,669235db
0.383,0.247,0.184,HOLD_LIKELY_MISMATCH,"Order deviates from stated intent (intent-match confidence 0.25) and doesn't align with this customer's history (preference-fit 0.18) — likely a mistaken purchase, held to prevent a probable return.",c4dca8ec
0.512,0.443,0.074,HOLD_FRAUD_REVIEW,Fraud-risk score 0.51 exceeds threshold 0.5 — held for manual fraud review.,945aad60
0.588,0.721,0.13,HOLD_FRAUD_REVIEW,Fraud-risk score 0.59 exceeds threshold 0.5 — held for manual fraud review.,c6ccf2c5
0.562,0.721,0.39,HOLD_FRAUD_REVIEW,Fraud-risk score 0.56 exceeds threshold 0.5 — held for manual fraud review.,b76120c6
0.699,0.226,0.098,HOLD_FRAUD_REVIEW,Fraud-risk score 0.70 exceeds threshold 0.5 — held for manual fraud review.,ee339290
0.419,0.721,0.38,AUTO_APPROVE,Low fraud-risk (0.42) and high intent-match confidence (0.72) — auto-approved.,0b41d386
0.499,0.721,0.06,AUTO_APPROVE,Low fraud-risk (0.50) and high intent-match confidence (0.72) — auto-approved.,dc491ab3
0.494,0.429,0.55,HOLD_CONFIRM_WITH_HUMAN,"Order deviates from stated intent (intent-match confidence 0.43), but this customer's history (preference-fit 0.55) suggests they may welcome this — routed to a quick human confirmation instead of auto-block.",3007c949
0.2,0.721,0.104,AUTO_APPROVE,Low fraud-risk (0.20) and high intent-match confidence (0.72) — auto-approved.,24c859c4
0.727,0.418,0.02,HOLD_FRAUD_REVIEW,Fraud-risk score 0.73 exceeds threshold 0.5 — held for manual fraud review.,d247fe89
0.242,0.721,0.5,AUTO_APPROVE,Low fraud-risk (0.24) and high intent-match confidence (0.72) — auto-approved.,0744c59a
0.578,0.721,0.42,HOLD_FRAUD_REVIEW,Fraud-risk score 0.58 exceeds threshold 0.5 — held for manual fraud review.,5e1db497
0.527,0.721,0.156,HOLD_FRAUD_REVIEW,Fraud-risk score 0.53 exceeds threshold 0.5 — held for manual fraud review.,bd58ee76
0.359,0.422,0.77,HOLD_CONFIRM_WITH_HUMAN,"Order deviates from stated intent (intent-match confidence 0.42), but this customer's history (preference-fit 0.77) suggests they may welcome this — routed to a quick human confirmation instead of auto-block.",1510cc0c
0.656,0.721,0.5,HOLD_FRAUD_REVIEW,Fraud-risk score 0.66 exceeds threshold 0.5 — held for manual fraud review.,1d5a5bd7
0.222,0.721,0.51,AUTO_APPROVE,Low fraud-risk (0.22) and high intent-match confidence (0.72) — auto-approved.,beeadbc0
0.399,0.721,0.09,AUTO_APPROVE,Low fraud-risk (0.40) and high intent-match confidence (0.72) — auto-approved.,ec75d8ee
0.647,0.224,0.01,HOLD_FRAUD_REVIEW,Fraud-risk score 0.65 exceeds threshold 0.5 — held for manual fraud review.,59c31989
0.459,0.721,0.3,AUTO_APPROVE,Low fraud-risk (0.46) and high intent-match confidence (0.72) — auto-approved.,205bbc63
0.523,0.721,0.26,HOLD_FRAUD_REVIEW,Fraud-risk score 0.52 exceeds threshold 0.5 — held for manual fraud review.,303fc138
0.26,0.721,0.3,AUTO_APPROVE,Low fraud-risk (0.26) and high intent-match confidence (0.72) — auto-approved.,dece9ef2
0.189,0.721,0.74,AUTO_APPROVE,Low fraud-risk (0.19) and high intent-match confidence (0.72) — auto-approved.,0e1d8be6
0.679,0.276,0.9,HOLD_FRAUD_REVIEW,Fraud-risk score 0.68 exceeds threshold 0.5 — held for manual fraud review.,6a435778
0.206,0.412,0.25,HOLD_LIKELY_MISMATCH,"Order deviates from stated intent (intent-match confidence 0.41) and doesn't align with this customer's history (preference-fit 0.25) — likely a mistaken purchase, held to prevent a probable return.",8cabde6e
0.249,0.334,0.94,HOLD_CONFIRM_WITH_HUMAN,"Order deviates from stated intent (intent-match confidence 0.33), but this customer's history (preference-fit 0.94) suggests they may welcome this — routed to a quick human confirmation instead of auto-block.",7a21f481
0.709,0.721,0.67,HOLD_FRAUD_REVIEW,Fraud-risk score 0.71 exceeds threshold 0.5 — held for manual fraud review.,c0642829
0.426,0.338,0.58,HOLD_CONFIRM_WITH_HUMAN,"Order deviates from stated intent (intent-match confidence 0.34), but this customer's history (preference-fit 0.58) suggests they may welcome this — routed to a quick human confirmation instead of auto-block.",1236425e
0.343,0.271,0.24,HOLD_LIKELY_MISMATCH,"Order deviates from stated intent (intent-match confidence 0.27) and doesn't align with this customer's history (preference-fit 0.24) — likely a mistaken purchase, held to prevent a probable return.",b70cb94a
0.306,0.325,0.44,HOLD_LIKELY_MISMATCH,"Order deviates from stated intent (intent-match confidence 0.33) and doesn't align with this customer's history (preference-fit 0.44) — likely a mistaken purchase, held to prevent a probable return.",9afe5c4a
0.489,0.721,0.81,AUTO_APPROVE,Low fraud-risk (0.49) and high intent-match confidence (0.72) — auto-approved.,b3599a5f
0.517,0.721,0.0,HOLD_FRAUD_REVIEW,Fraud-risk score 0.52 exceeds threshold 0.5 — held for manual fraud review.,fac8e739
0.177,0.721,0.058,AUTO_APPROVE,Low fraud-risk (0.18) and high intent-match confidence (0.72) — auto-approved.,d4b960af
0.414,0.721,0.24,AUTO_APPROVE,Low fraud-risk (0.41) and high intent-match confidence (0.72) — auto-approved.,89520e6e
0.535,0.721,0.118,HOLD_FRAUD_REVIEW,Fraud-risk score 0.53 exceeds threshold 0.5 — held for manual fraud review.,db5bd1ae
0.492,0.721,0.03,AUTO_APPROVE,Low fraud-risk (0.49) and high intent-match confidence (0.72) — auto-approved.,18199058
0.589,0.379,0.12,HOLD_FRAUD_REVIEW,Fraud-risk score 0.59 exceeds threshold 0.5 — held for manual fraud review.,f4f15e4d
0.249,0.38,0.61,HOLD_CONFIRM_WITH_HUMAN,"Order deviates from stated intent (intent-match confidence 0.38), but this customer's history (preference-fit 0.61) suggests they may welcome this — routed to a quick human confirmation instead of auto-block.",9ff68fa0
0.776,0.721,0.97,HOLD_FRAUD_REVIEW,Fraud-risk score 0.78 exceeds threshold 0.5 — held for manual fraud review.,5bec4bd0
0.757,0.353,0.1,HOLD_FRAUD_REVIEW,Fraud-risk score 0.76 exceeds threshold 0.5 — held for manual fraud review.,349b1f68
0.517,0.721,0.028,HOLD_FRAUD_REVIEW,Fraud-risk score 0.52 exceeds threshold 0.5 — held for manual fraud review.,5a5168d8
0.446,0.721,0.18,AUTO_APPROVE,Low fraud-risk (0.45) and high intent-match confidence (0.72) — auto-approved.,dda97d35
0.259,0.721,0.69,AUTO_APPROVE,Low fraud-risk (0.26) and high intent-match confidence (0.72) — auto-approved.,4e35f1f5
0.202,0.721,0.02,AUTO_APPROVE,Low fraud-risk (0.20) and high intent-match confidence (0.72) — auto-approved.,95b9e421
0.521,0.721,0.01,HOLD_FRAUD_REVIEW,Fraud-risk score 0.52 exceeds threshold 0.5 — held for manual fraud review.,0f4c058d
0.407,0.721,0.86,AUTO_APPROVE,Low fraud-risk (0.41) and high intent-match confidence (0.72) — auto-approved.,4f9a0c4f
0.427,0.721,0.156,AUTO_APPROVE,Low fraud-risk (0.43) and high intent-match confidence (0.72) — auto-approved.,3eafbdd9
0.204,0.267,0.04,HOLD_LIKELY_MISMATCH,"Order deviates from stated intent (intent-match confidence 0.27) and doesn't align with this customer's history (preference-fit 0.04) — likely a mistaken purchase, held to prevent a probable return.",dbc819d8
0.45,0.323,0.168,HOLD_LIKELY_MISMATCH,"Order deviates from stated intent (intent-match confidence 0.32) and doesn't align with this customer's history (preference-fit 0.17) — likely a mistaken purchase, held to prevent a probable return.",b55223a6
0.492,0.721,0.06,AUTO_APPROVE,Low fraud-risk (0.49) and high intent-match confidence (0.72) — auto-approved.,fbe14df7
0.746,0.721,0.09,HOLD_FRAUD_REVIEW,Fraud-risk score 0.75 exceeds threshold 0.5 — held for manual fraud review.,5fcfa4c8
0.796,0.721,0.17,HOLD_FRAUD_REVIEW,Fraud-risk score 0.80 exceeds threshold 0.5 — held for manual fraud review.,5075e882
0.489,0.721,0.15,AUTO_APPROVE,Low fraud-risk (0.49) and high intent-match confidence (0.72) — auto-approved.,555e2d71
0.248,0.721,0.33,AUTO_APPROVE,Low fraud-risk (0.25) and high intent-match confidence (0.72) — auto-approved.,d01a5b22
0.793,0.721,0.8,HOLD_FRAUD_REVIEW,Fraud-risk score 0.79 exceeds threshold 0.5 — held for manual fraud review.,fbaced93
0.347,0.721,0.21,AUTO_APPROVE,Low fraud-risk (0.35) and high intent-match confidence (0.72) — auto-approved.,13a1b6e8
0.173,0.252,0.23,HOLD_LIKELY_MISMATCH,"Order deviates from stated intent (intent-match confidence 0.25) and doesn't align with this customer's history (preference-fit 0.23) — likely a mistaken purchase, held to prevent a probable return.",38cd598a
0.804,0.721,0.25,HOLD_FRAUD_REVIEW,Fraud-risk score 0.80 exceeds threshold 0.5 — held for manual fraud review.,d4fde99f
0.833,0.721,0.52,HOLD_FRAUD_REVIEW,Fraud-risk score 0.83 exceeds threshold 0.5 — held for manual fraud review.,c7dd35b2
0.465,0.721,0.96,AUTO_APPROVE,Low fraud-risk (0.46) and high intent-match confidence (0.72) — auto-approved.,23b128ba
0.19,0.721,0.14,AUTO_APPROVE,Low fraud-risk (0.19) and high intent-match confidence (0.72) — auto-approved.,9519acec
0.257,0.721,0.06,AUTO_APPROVE,Low fraud-risk (0.26) and high intent-match confidence (0.72) — auto-approved.,d3305271
0.389,0.368,0.154,HOLD_LIKELY_MISMATCH,"Order deviates from stated intent (intent-match confidence 0.37) and doesn't align with this customer's history (preference-fit 0.15) — likely a mistaken purchase, held to prevent a probable return.",7ae1fb2a
0.586,0.393,0.73,HOLD_FRAUD_REVIEW,Fraud-risk score 0.59 exceeds threshold 0.5 — held for manual fraud review.,797dbfba
0.525,0.721,0.95,HOLD_FRAUD_REVIEW,Fraud-risk score 0.53 exceeds threshold 0.5 — held for manual fraud review.,22252f72
0.439,0.721,0.69,AUTO_APPROVE,Low fraud-risk (0.44) and high intent-match confidence (0.72) — auto-approved.,3ee7e76a
0.554,0.721,0.06,HOLD_FRAUD_REVIEW,Fraud-risk score 0.55 exceeds threshold 0.5 — held for manual fraud review.,eaeeda44
0.541,0.34,0.83,HOLD_FRAUD_REVIEW,Fraud-risk score 0.54 exceeds threshold 0.5 — held for manual fraud review.,48996f40
0.192,0.721,0.106,AUTO_APPROVE,Low fraud-risk (0.19) and high intent-match confidence (0.72) — auto-approved.,99676330
0.455,0.721,0.084,AUTO_APPROVE,Low fraud-risk (0.46) and high intent-match confidence (0.72) — auto-approved.,c9fe7539
0.468,0.721,0.97,AUTO_APPROVE,Low fraud-risk (0.47) and high intent-match confidence (0.72) — auto-approved.,4d18f315
0.395,0.721,0.118,AUTO_APPROVE,Low fraud-risk (0.40) and high intent-match confidence (0.72) — auto-approved.,6ab928f6
0.692,0.311,0.86,HOLD_FRAUD_REVIEW,Fraud-risk score 0.69 exceeds threshold 0.5 — held for manual fraud review.,e6a63441
0.29,0.721,0.084,AUTO_APPROVE,Low fraud-risk (0.29) and high intent-match confidence (0.72) — auto-approved.,cda9f4de
0.861,0.205,0.018,HOLD_FRAUD_REVIEW,Fraud-risk score 0.86 exceeds threshold 0.5 — held for manual fraud review.,449f896d
0.225,0.721,0.45,AUTO_APPROVE,Low fraud-risk (0.23) and high intent-match confidence (0.72) — auto-approved.,91145b88
0.485,0.721,0.77,AUTO_APPROVE,Low fraud-risk (0.49) and high intent-match confidence (0.72) — auto-approved.,38c91343
0.246,0.33,0.01,HOLD_LIKELY_MISMATCH,"Order deviates from stated intent (intent-match confidence 0.33) and doesn't align with this customer's history (preference-fit 0.01) — likely a mistaken purchase, held to prevent a probable return.",b03fcf67
0.61,0.721,0.16,HOLD_FRAUD_REVIEW,Fraud-risk score 0.61 exceeds threshold 0.5 — held for manual fraud review.,99a2afef
0.414,0.721,0.2,AUTO_APPROVE,Low fraud-risk (0.41) and high intent-match confidence (0.72) — auto-approved.,f250c2cc
0.509,0.721,0.55,HOLD_FRAUD_REVIEW,Fraud-risk score 0.51 exceeds threshold 0.5 — held for manual fraud review.,d460ddc5
0.346,0.721,0.05,AUTO_APPROVE,Low fraud-risk (0.35) and high intent-match confidence (0.72) — auto-approved.,09286aad
0.321,0.298,0.62,HOLD_CONFIRM_WITH_HUMAN,"Order deviates from stated intent (intent-match confidence 0.30), but this customer's history (preference-fit 0.62) suggests they may welcome this — routed to a quick human confirmation instead of auto-block.",ed68d031
0.306,0.721,0.66,AUTO_APPROVE,Low fraud-risk (0.31) and high intent-match confidence (0.72) — auto-approved.,71547128
0.284,0.258,0.64,HOLD_CONFIRM_WITH_HUMAN,"Order deviates from stated intent (intent-match confidence 0.26), but this customer's history (preference-fit 0.64) suggests they may welcome this — routed to a quick human confirmation instead of auto-block.",727555d5
0.461,0.721,0.102,AUTO_APPROVE,Low fraud-risk (0.46) and high intent-match confidence (0.72) — auto-approved.,84cd3a02
0.849,0.355,0.68,HOLD_FRAUD_REVIEW,Fraud-risk score 0.85 exceeds threshold 0.5 — held for manual fraud review.,49388617
0.854,0.387,0.92,HOLD_FRAUD_REVIEW,Fraud-risk score 0.85 exceeds threshold 0.5 — held for manual fraud review.,5d5067e7
0.512,0.332,0.87,HOLD_FRAUD_REVIEW,Fraud-risk score 0.51 exceeds threshold 0.5 — held for manual fraud review.,e59c7794
0.794,0.721,0.28,HOLD_FRAUD_REVIEW,Fraud-risk score 0.79 exceeds threshold 0.5 — held for manual fraud review.,f87378f2
0.836,0.347,0.0,HOLD_FRAUD_REVIEW,Fraud-risk score 0.84 exceeds threshold 0.5 — held for manual fraud review.,e06d4e1c
0.232,0.721,0.38,AUTO_APPROVE,Low fraud-risk (0.23) and high intent-match confidence (0.72) — auto-approved.,3718e568
0.457,0.721,0.78,AUTO_APPROVE,Low fraud-risk (0.46) and high intent-match confidence (0.72) — auto-approved.,0be10640
0.757,0.721,0.67,HOLD_FRAUD_REVIEW,Fraud-risk score 0.76 exceeds threshold 0.5 — held for manual fraud review.,ad818606
0.299,0.721,0.24,AUTO_APPROVE,Low fraud-risk (0.30) and high intent-match confidence (0.72) — auto-approved.,d11546e7
0.244,0.721,0.59,AUTO_APPROVE,Low fraud-risk (0.24) and high intent-match confidence (0.72) — auto-approved.,90354e36
0.873,0.721,0.88,HOLD_FRAUD_REVIEW,Fraud-risk score 0.87 exceeds threshold 0.5 — held for manual fraud review.,94c76f44
0.329,0.721,0.88,AUTO_APPROVE,Low fraud-risk (0.33) and high intent-match confidence (0.72) — auto-approved.,7b7f37cf
0.407,0.332,0.69,HOLD_CONFIRM_WITH_HUMAN,"Order deviates from stated intent (intent-match confidence 0.33), but this customer's history (preference-fit 0.69) suggests they may welcome this — routed to a quick human confirmation instead of auto-block.",d83b2452
0.461,0.431,0.96,HOLD_CONFIRM_WITH_HUMAN,"Order deviates from stated intent (intent-match confidence 0.43), but this customer's history (preference-fit 0.96) suggests they may welcome this — routed to a quick human confirmation instead of auto-block.",facdd439
0.762,0.721,0.3,HOLD_FRAUD_REVIEW,Fraud-risk score 0.76 exceeds threshold 0.5 — held for manual fraud review.,e52fccfd
0.753,0.721,0.04,HOLD_FRAUD_REVIEW,Fraud-risk score 0.75 exceeds threshold 0.5 — held for manual fraud review.,6803c1d5
0.925,0.721,0.048,HOLD_FRAUD_REVIEW,Fraud-risk score 0.93 exceeds threshold 0.5 — held for manual fraud review.,d08ab7e6
0.192,0.721,0.41,AUTO_APPROVE,Low fraud-risk (0.19) and high intent-match confidence (0.72) — auto-approved.,a728d645
0.491,0.286,0.96,HOLD_CONFIRM_WITH_HUMAN,"Order deviates from stated intent (intent-match confidence 0.29), but this customer's history (preference-fit 0.96) suggests they may welcome this — routed to a quick human confirmation instead of auto-block.",550fdc40
0.558,0.721,0.33,HOLD_FRAUD_REVIEW,Fraud-risk score 0.56 exceeds threshold 0.5 — held for manual fraud review.,48b06bb0
0.577,0.721,0.91,HOLD_FRAUD_REVIEW,Fraud-risk score 0.58 exceeds threshold 0.5 — held for manual fraud review.,8261e015
0.374,0.721,0.6,AUTO_APPROVE,Low fraud-risk (0.37) and high intent-match confidence (0.72) — auto-approved.,3918d1c2
0.444,0.464,0.87,HOLD_CONFIRM_WITH_HUMAN,"Order deviates from stated intent (intent-match confidence 0.46), but this customer's history (preference-fit 0.87) suggests they may welcome this — routed to a quick human confirmation instead of auto-block.",1f495174
0.526,0.721,0.142,HOLD_FRAUD_REVIEW,Fraud-risk score 0.53 exceeds threshold 0.5 — held for manual fraud review.,35438585
0.167,0.721,0.89,AUTO_APPROVE,Low fraud-risk (0.17) and high intent-match confidence (0.72) — auto-approved.,bcc061ec
0.892,0.219,0.39,HOLD_FRAUD_REVIEW,Fraud-risk score 0.89 exceeds threshold 0.5 — held for manual fraud review.,bcf6047c
0.344,0.721,0.6,AUTO_APPROVE,Low fraud-risk (0.34) and high intent-match confidence (0.72) — auto-approved.,d494ff99
0.782,0.465,0.36,HOLD_FRAUD_REVIEW,Fraud-risk score 0.78 exceeds threshold 0.5 — held for manual fraud review.,de0704e8
0.192,0.721,0.56,AUTO_APPROVE,Low fraud-risk (0.19) and high intent-match confidence (0.72) — auto-approved.,8bdc7b34
0.447,0.721,0.086,AUTO_APPROVE,Low fraud-risk (0.45) and high intent-match confidence (0.72) — auto-approved.,7f8a7f0b
0.253,0.289,0.65,HOLD_CONFIRM_WITH_HUMAN,"Order deviates from stated intent (intent-match confidence 0.29), but this customer's history (preference-fit 0.65) suggests they may welcome this — routed to a quick human confirmation instead of auto-block.",bdeae7e9
0.448,0.721,0.45,AUTO_APPROVE,Low fraud-risk (0.45) and high intent-match confidence (0.72) — auto-approved.,cde473f4
0.2,0.721,0.58,AUTO_APPROVE,Low fraud-risk (0.20) and high intent-match confidence (0.72) — auto-approved.,f26b19dc
0.753,0.721,0.008,HOLD_FRAUD_REVIEW,Fraud-risk score 0.75 exceeds threshold 0.5 — held for manual fraud review.,d5286585
0.309,0.721,0.26,AUTO_APPROVE,Low fraud-risk (0.31) and high intent-match confidence (0.72) — auto-approved.,68b3d8bf
0.256,0.721,0.75,AUTO_APPROVE,Low fraud-risk (0.26) and high intent-match confidence (0.72) — auto-approved.,6c127510
0.197,0.721,0.05,AUTO_APPROVE,Low fraud-risk (0.20) and high intent-match confidence (0.72) — auto-approved.,244b7d4d
0.514,0.296,0.098,HOLD_FRAUD_REVIEW,Fraud-risk score 0.51 exceeds threshold 0.5 — held for manual fraud review.,29681351
0.241,0.721,0.43,AUTO_APPROVE,Low fraud-risk (0.24) and high intent-match confidence (0.72) — auto-approved.,39dc66e2
0.21,0.721,0.01,AUTO_APPROVE,Low fraud-risk (0.21) and high intent-match confidence (0.72) — auto-approved.,bdb8fd85
0.411,0.721,0.87,AUTO_APPROVE,Low fraud-risk (0.41) and high intent-match confidence (0.72) — auto-approved.,4f1508f0
0.29,0.721,0.47,AUTO_APPROVE,Low fraud-risk (0.29) and high intent-match confidence (0.72) — auto-approved.,5d8a39f5
0.84,0.385,0.056,HOLD_FRAUD_REVIEW,Fraud-risk score 0.84 exceeds threshold 0.5 — held for manual fraud review.,58dfef9c
0.565,0.323,0.062,HOLD_FRAUD_REVIEW,Fraud-risk score 0.57 exceeds threshold 0.5 — held for manual fraud review.,43e5e9a6
0.826,0.721,0.13,HOLD_FRAUD_REVIEW,Fraud-risk score 0.83 exceeds threshold 0.5 — held for manual fraud review.,29d9cefc
0.291,0.721,0.14,AUTO_APPROVE,Low fraud-risk (0.29) and high intent-match confidence (0.72) — auto-approved.,20aa2a28
0.629,0.258,0.82,HOLD_FRAUD_REVIEW,Fraud-risk score 0.63 exceeds threshold 0.5 — held for manual fraud review.,461a3054
0.23,0.721,0.71,AUTO_APPROVE,Low fraud-risk (0.23) and high intent-match confidence (0.72) — auto-approved.,ec9f0cfc
0.539,0.368,0.98,HOLD_FRAUD_REVIEW,Fraud-risk score 0.54 exceeds threshold 0.5 — held for manual fraud review.,576ef775
0.17,0.721,0.28,AUTO_APPROVE,Low fraud-risk (0.17) and high intent-match confidence (0.72) — auto-approved.,da8576a2
0.366,0.721,0.8,AUTO_APPROVE,Low fraud-risk (0.37) and high intent-match confidence (0.72) — auto-approved.,e350b405
0.174,0.721,0.2,AUTO_APPROVE,Low fraud-risk (0.17) and high intent-match confidence (0.72) — auto-approved.,890f34de
0.387,0.721,1.0,AUTO_APPROVE,Low fraud-risk (0.39) and high intent-match confidence (0.72) — auto-approved.,24a89b83
0.581,0.356,0.98,HOLD_FRAUD_REVIEW,Fraud-risk score 0.58 exceeds threshold 0.5 — held for manual fraud review.,44095434
0.511,0.721,0.93,HOLD_FRAUD_REVIEW,Fraud-risk score 0.51 exceeds threshold 0.5 — held for manual fraud review.,8e35f84f
0.744,0.721,0.54,HOLD_FRAUD_REVIEW,Fraud-risk score 0.74 exceeds threshold 0.5 — held for manual fraud review.,b4748fe7
0.248,0.721,0.67,AUTO_APPROVE,Low fraud-risk (0.25) and high intent-match confidence (0.72) — auto-approved.,09657b61
0.8,0.255,0.14,HOLD_FRAUD_REVIEW,Fraud-risk score 0.80 exceeds threshold 0.5 — held for manual fraud review.,f567364e
0.439,0.721,0.07,AUTO_APPROVE,Low fraud-risk (0.44) and high intent-match confidence (0.72) — auto-approved.,97889ef3
0.361,0.721,0.49,AUTO_APPROVE,Low fraud-risk (0.36) and high intent-match confidence (0.72) — auto-approved.,30be5331
0.509,0.721,0.37,HOLD_FRAUD_REVIEW,Fraud-risk score 0.51 exceeds threshold 0.5 — held for manual fraud review.,03b98478
0.563,0.216,0.14,HOLD_FRAUD_REVIEW,Fraud-risk score 0.56 exceeds threshold 0.5 — held for manual fraud review.,195f5f68
0.225,0.721,0.172,AUTO_APPROVE,Low fraud-risk (0.22) and high intent-match confidence (0.72) — auto-approved.,053cb4eb
0.837,0.721,0.4,HOLD_FRAUD_REVIEW,Fraud-risk score 0.84 exceeds threshold 0.5 — held for manual fraud review.,5cd14dc7
0.208,0.721,0.59,AUTO_APPROVE,Low fraud-risk (0.21) and high intent-match confidence (0.72) — auto-approved.,f82c054e
0.81,0.721,0.19,HOLD_FRAUD_REVIEW,Fraud-risk score 0.81 exceeds threshold 0.5 — held for manual fraud review.,af320de9
0.372,0.721,0.76,AUTO_APPROVE,Low fraud-risk (0.37) and high intent-match confidence (0.72) — auto-approved.,7aa13bf8
0.731,0.721,0.096,HOLD_FRAUD_REVIEW,Fraud-risk score 0.73 exceeds threshold 0.5 — held for manual fraud review.,988cde89
0.502,0.721,0.18,HOLD_FRAUD_REVIEW,Fraud-risk score 0.50 exceeds threshold 0.5 — held for manual fraud review.,843f550b
0.347,0.721,0.004,AUTO_APPROVE,Low fraud-risk (0.35) and high intent-match confidence (0.72) — auto-approved.,57b6c02b
0.366,0.721,0.09,AUTO_APPROVE,Low fraud-risk (0.37) and high intent-match confidence (0.72) — auto-approved.,9813f6de
0.191,0.721,0.52,AUTO_APPROVE,Low fraud-risk (0.19) and high intent-match confidence (0.72) — auto-approved.,784ecd9c
0.848,0.721,0.05,HOLD_FRAUD_REVIEW,Fraud-risk score 0.85 exceeds threshold 0.5 — held for manual fraud review.,2e48856b
0.721,0.292,0.17,HOLD_FRAUD_REVIEW,Fraud-risk score 0.72 exceeds threshold 0.5 — held for manual fraud review.,0052871c
0.304,0.281,0.17,HOLD_LIKELY_MISMATCH,"Order deviates from stated intent (intent-match confidence 0.28) and doesn't align with this customer's history (preference-fit 0.17) — likely a mistaken purchase, held to prevent a probable return.",0406ce7b
0.586,0.341,0.36,HOLD_FRAUD_REVIEW,Fraud-risk score 0.59 exceeds threshold 0.5 — held for manual fraud review.,70c72c05
0.753,0.721,0.008,HOLD_FRAUD_REVIEW,Fraud-risk score 0.75 exceeds threshold 0.5 — held for manual fraud review.,db0e52eb
0.258,0.721,0.87,AUTO_APPROVE,Low fraud-risk (0.26) and high intent-match confidence (0.72) — auto-approved.,23178968
0.456,0.247,0.92,HOLD_CONFIRM_WITH_HUMAN,"Order deviates from stated intent (intent-match confidence 0.25), but this customer's history (preference-fit 0.92) suggests they may welcome this — routed to a quick human confirmation instead of auto-block.",4700f13f
0.587,0.155,0.082,HOLD_FRAUD_REVIEW,Fraud-risk score 0.59 exceeds threshold 0.5 — held for manual fraud review.,3be1358d
0.538,0.239,0.29,HOLD_FRAUD_REVIEW,Fraud-risk score 0.54 exceeds threshold 0.5 — held for manual fraud review.,50507678
0.413,0.721,0.49,AUTO_APPROVE,Low fraud-risk (0.41) and high intent-match confidence (0.72) — auto-approved.,b7f9435b
0.453,0.721,0.18,AUTO_APPROVE,Low fraud-risk (0.45) and high intent-match confidence (0.72) — auto-approved.,59170eea
0.874,0.721,0.5,HOLD_FRAUD_REVIEW,Fraud-risk score 0.87 exceeds threshold 0.5 — held for manual fraud review.,80127a27
0.526,0.721,0.37,HOLD_FRAUD_REVIEW,Fraud-risk score 0.53 exceeds threshold 0.5 — held for manual fraud review.,1255339a
0.467,0.33,0.94,HOLD_CONFIRM_WITH_HUMAN,"Order deviates from stated intent (intent-match confidence 0.33), but this customer's history (preference-fit 0.94) suggests they may welcome this — routed to a quick human confirmation instead of auto-block.",c1221155
0.843,0.179,0.146,HOLD_FRAUD_REVIEW,Fraud-risk score 0.84 exceeds threshold 0.5 — held for manual fraud review.,59f3447e
0.514,0.347,0.71,HOLD_FRAUD_REVIEW,Fraud-risk score 0.51 exceeds threshold 0.5 — held for manual fraud review.,df28a47b
0.284,0.376,0.96,HOLD_CONFIRM_WITH_HUMAN,"Order deviates from stated intent (intent-match confidence 0.38), but this customer's history (preference-fit 0.96) suggests they may welcome this — routed to a quick human confirmation instead of auto-block.",38e75a11
0.615,0.721,0.81,HOLD_FRAUD_REVIEW,Fraud-risk score 0.62 exceeds threshold 0.5 — held for manual fraud review.,02944113
0.451,0.721,0.23,AUTO_APPROVE,Low fraud-risk (0.45) and high intent-match confidence (0.72) — auto-approved.,40f32fb1
0.224,0.721,0.44,AUTO_APPROVE,Low fraud-risk (0.22) and high intent-match confidence (0.72) — auto-approved.,0227befe
0.423,0.721,0.022,AUTO_APPROVE,Low fraud-risk (0.42) and high intent-match confidence (0.72) — auto-approved.,5081f484
0.965,0.35,0.01,HOLD_FRAUD_REVIEW,Fraud-risk score 0.97 exceeds threshold 0.5 — held for manual fraud review.,db50b429
0.638,0.123,0.108,HOLD_FRAUD_REVIEW,Fraud-risk score 0.64 exceeds threshold 0.5 — held for manual fraud review.,9c72abd3
0.87,0.462,0.122,HOLD_FRAUD_REVIEW,Fraud-risk score 0.87 exceeds threshold 0.5 — held for manual fraud review.,18c70c0b
0.191,0.721,0.68,AUTO_APPROVE,Low fraud-risk (0.19) and high intent-match confidence (0.72) — auto-approved.,585ffa4c
0.209,0.721,0.57,AUTO_APPROVE,Low fraud-risk (0.21) and high intent-match confidence (0.72) — auto-approved.,248fbba2
0.288,0.721,0.072,AUTO_APPROVE,Low fraud-risk (0.29) and high intent-match confidence (0.72) — auto-approved.,5557e72a
0.468,0.721,0.31,AUTO_APPROVE,Low fraud-risk (0.47) and high intent-match confidence (0.72) — auto-approved.,3f8d5819
0.649,0.721,0.84,HOLD_FRAUD_REVIEW,Fraud-risk score 0.65 exceeds threshold 0.5 — held for manual fraud review.,7a23087e
0.519,0.721,0.026,HOLD_FRAUD_REVIEW,Fraud-risk score 0.52 exceeds threshold 0.5 — held for manual fraud review.,1fd562a5
0.337,0.721,0.062,AUTO_APPROVE,Low fraud-risk (0.34) and high intent-match confidence (0.72) — auto-approved.,8176735b
0.197,0.721,0.61,AUTO_APPROVE,Low fraud-risk (0.20) and high intent-match confidence (0.72) — auto-approved.,dfb9fa0e
0.412,0.43,0.106,HOLD_LIKELY_MISMATCH,"Order deviates from stated intent (intent-match confidence 0.43) and doesn't align with this customer's history (preference-fit 0.11) — likely a mistaken purchase, held to prevent a probable return.",7abc2ce5
0.738,0.721,0.062,HOLD_FRAUD_REVIEW,Fraud-risk score 0.74 exceeds threshold 0.5 — held for manual fraud review.,ee00c622
0.453,0.721,0.47,AUTO_APPROVE,Low fraud-risk (0.45) and high intent-match confidence (0.72) — auto-approved.,8d289db7
0.747,0.425,0.048,HOLD_FRAUD_REVIEW,Fraud-risk score 0.75 exceeds threshold 0.5 — held for manual fraud review.,8e5136a3
0.243,0.308,0.14,HOLD_LIKELY_MISMATCH,"Order deviates from stated intent (intent-match confidence 0.31) and doesn't align with this customer's history (preference-fit 0.14) — likely a mistaken purchase, held to prevent a probable return.",ccb65291
0.433,0.721,0.78,AUTO_APPROVE,Low fraud-risk (0.43) and high intent-match confidence (0.72) — auto-approved.,2e6b994d
0.411,0.721,0.19,AUTO_APPROVE,Low fraud-risk (0.41) and high intent-match confidence (0.72) — auto-approved.,5b3397f7
0.533,0.721,0.91,HOLD_FRAUD_REVIEW,Fraud-risk score 0.53 exceeds threshold 0.5 — held for manual fraud review.,fea86af0
0.792,0.721,0.9,HOLD_FRAUD_REVIEW,Fraud-risk score 0.79 exceeds threshold 0.5 — held for manual fraud review.,997e38eb
0.589,0.423,0.076,HOLD_FRAUD_REVIEW,Fraud-risk score 0.59 exceeds threshold 0.5 — held for manual fraud review.,fb157b4f
0.385,0.721,0.26,AUTO_APPROVE,Low fraud-risk (0.39) and high intent-match confidence (0.72) — auto-approved.,1c6db4e8
0.477,0.721,0.77,AUTO_APPROVE,Low fraud-risk (0.48) and high intent-match confidence (0.72) — auto-approved.,b82e9f58
0.184,0.353,0.184,HOLD_LIKELY_MISMATCH,"Order deviates from stated intent (intent-match confidence 0.35) and doesn't align with this customer's history (preference-fit 0.18) — likely a mistaken purchase, held to prevent a probable return.",74df397e
0.419,0.721,0.34,AUTO_APPROVE,Low fraud-risk (0.42) and high intent-match confidence (0.72) — auto-approved.,d09308a9
0.272,0.721,0.112,AUTO_APPROVE,Low fraud-risk (0.27) and high intent-match confidence (0.72) — auto-approved.,32cbdaed
0.799,0.721,0.63,HOLD_FRAUD_REVIEW,Fraud-risk score 0.80 exceeds threshold 0.5 — held for manual fraud review.,962ffe87
0.5,0.721,0.156,HOLD_FRAUD_REVIEW,Fraud-risk score 0.50 exceeds threshold 0.5 — held for manual fraud review.,65423297
0.514,0.345,0.46,HOLD_FRAUD_REVIEW,Fraud-risk score 0.51 exceeds threshold 0.5 — held for manual fraud review.,7b6b66fb
0.552,0.721,0.14,HOLD_FRAUD_REVIEW,Fraud-risk score 0.55 exceeds threshold 0.5 — held for manual fraud review.,82e41316
0.36,0.721,0.86,AUTO_APPROVE,Low fraud-risk (0.36) and high intent-match confidence (0.72) — auto-approved.,4744c91f
0.19,0.721,0.98,AUTO_APPROVE,Low fraud-risk (0.19) and high intent-match confidence (0.72) — auto-approved.,426a4793
0.379,0.21,0.48,HOLD_LIKELY_MISMATCH,"Order deviates from stated intent (intent-match confidence 0.21) and doesn't align with this customer's history (preference-fit 0.48) — likely a mistaken purchase, held to prevent a probable return.",a8fc1f57
0.43,0.721,0.098,AUTO_APPROVE,Low fraud-risk (0.43) and high intent-match confidence (0.72) — auto-approved.,9f72c8c2
0.347,0.449,0.07,HOLD_LIKELY_MISMATCH,"Order deviates from stated intent (intent-match confidence 0.45) and doesn't align with this customer's history (preference-fit 0.07) — likely a mistaken purchase, held to prevent a probable return.",d02e567e
0.364,0.721,0.83,AUTO_APPROVE,Low fraud-risk (0.36) and high intent-match confidence (0.72) — auto-approved.,66e2d3ea
0.698,0.721,0.99,HOLD_FRAUD_REVIEW,Fraud-risk score 0.70 exceeds threshold 0.5 — held for manual fraud review.,e90a4875
0.248,0.721,0.94,AUTO_APPROVE,Low fraud-risk (0.25) and high intent-match confidence (0.72) — auto-approved.,f58eda7e
0.428,0.721,0.47,AUTO_APPROVE,Low fraud-risk (0.43) and high intent-match confidence (0.72) — auto-approved.,19bb7fee
0.167,0.721,0.06,AUTO_APPROVE,Low fraud-risk (0.17) and high intent-match confidence (0.72) — auto-approved.,6dfe53d1
0.494,0.217,0.028,HOLD_LIKELY_MISMATCH,"Order deviates from stated intent (intent-match confidence 0.22) and doesn't align with this customer's history (preference-fit 0.03) — likely a mistaken purchase, held to prevent a probable return.",a1e22e7f
0.266,0.319,0.58,HOLD_CONFIRM_WITH_HUMAN,"Order deviates from stated intent (intent-match confidence 0.32), but this customer's history (preference-fit 0.58) suggests they may welcome this — routed to a quick human confirmation instead of auto-block.",d301d749
0.271,0.721,0.056,AUTO_APPROVE,Low fraud-risk (0.27) and high intent-match confidence (0.72) — auto-approved.,9aae4a25
0.389,0.721,0.72,AUTO_APPROVE,Low fraud-risk (0.39) and high intent-match confidence (0.72) — auto-approved.,68294886
0.383,0.721,0.27,AUTO_APPROVE,Low fraud-risk (0.38) and high intent-match confidence (0.72) — auto-approved.,712ad585
0.797,0.422,0.45,HOLD_FRAUD_REVIEW,Fraud-risk score 0.80 exceeds threshold 0.5 — held for manual fraud review.,bb8a6dc9
0.632,0.317,0.076,HOLD_FRAUD_REVIEW,Fraud-risk score 0.63 exceeds threshold 0.5 — held for manual fraud review.,2fdaf533
0.354,0.218,0.68,HOLD_CONFIRM_WITH_HUMAN,"Order deviates from stated intent (intent-match confidence 0.22), but this customer's history (preference-fit 0.68) suggests they may welcome this — routed to a quick human confirmation instead of auto-block.",bbba0901
0.602,0.31,0.3,HOLD_FRAUD_REVIEW,Fraud-risk score 0.60 exceeds threshold 0.5 — held for manual fraud review.,153cc407
0.372,0.721,0.93,AUTO_APPROVE,Low fraud-risk (0.37) and high intent-match confidence (0.72) — auto-approved.,f0bd7174
0.826,0.721,0.112,HOLD_FRAUD_REVIEW,Fraud-risk score 0.83 exceeds threshold 0.5 — held for manual fraud review.,d5027125
0.423,0.721,0.89,AUTO_APPROVE,Low fraud-risk (0.42) and high intent-match confidence (0.72) — auto-approved.,278817cf
0.207,0.139,0.2,HOLD_LIKELY_MISMATCH,"Order deviates from stated intent (intent-match confidence 0.14) and doesn't align with this customer's history (preference-fit 0.20) — likely a mistaken purchase, held to prevent a probable return.",6471ce0c
0.351,0.721,0.81,AUTO_APPROVE,Low fraud-risk (0.35) and high intent-match confidence (0.72) — auto-approved.,f0f772c3
0.747,0.721,0.97,HOLD_FRAUD_REVIEW,Fraud-risk score 0.75 exceeds threshold 0.5 — held for manual fraud review.,3e034b66
0.63,0.721,0.11,HOLD_FRAUD_REVIEW,Fraud-risk score 0.63 exceeds threshold 0.5 — held for manual fraud review.,6143fe89
0.255,0.721,0.87,AUTO_APPROVE,Low fraud-risk (0.26) and high intent-match confidence (0.72) — auto-approved.,f9c19113
0.381,0.721,0.42,AUTO_APPROVE,Low fraud-risk (0.38) and high intent-match confidence (0.72) — auto-approved.,f34a0f7b
0.872,0.137,0.142,HOLD_FRAUD_REVIEW,Fraud-risk score 0.87 exceeds threshold 0.5 — held for manual fraud review.,d3a25dd0
0.577,0.261,0.86,HOLD_FRAUD_REVIEW,Fraud-risk score 0.58 exceeds threshold 0.5 — held for manual fraud review.,c37b115e
0.773,0.721,0.44,HOLD_FRAUD_REVIEW,Fraud-risk score 0.77 exceeds threshold 0.5 — held for manual fraud review.,1cd27d39
0.781,0.721,0.78,HOLD_FRAUD_REVIEW,Fraud-risk score 0.78 exceeds threshold 0.5 — held for manual fraud review.,dfd9b1ed
0.696,0.319,0.69,HOLD_FRAUD_REVIEW,Fraud-risk score 0.70 exceeds threshold 0.5 — held for manual fraud review.,d6a8d939
0.49,0.721,0.176,AUTO_APPROVE,Low fraud-risk (0.49) and high intent-match confidence (0.72) — auto-approved.,26d797f8
0.201,0.721,0.124,AUTO_APPROVE,Low fraud-risk (0.20) and high intent-match confidence (0.72) — auto-approved.,2b5ffdfc
0.894,0.34,0.17,HOLD_FRAUD_REVIEW,Fraud-risk score 0.89 exceeds threshold 0.5 — held for manual fraud review.,128592ab
0.582,0.157,0.032,HOLD_FRAUD_REVIEW,Fraud-risk score 0.58 exceeds threshold 0.5 — held for manual fraud review.,efb84e33
0.384,0.721,0.83,AUTO_APPROVE,Low fraud-risk (0.38) and high intent-match confidence (0.72) — auto-approved.,57a66f9a
0.525,0.721,0.25,HOLD_FRAUD_REVIEW,Fraud-risk score 0.52 exceeds threshold 0.5 — held for manual fraud review.,a3a27ada
0.508,0.348,0.012,HOLD_FRAUD_REVIEW,Fraud-risk score 0.51 exceeds threshold 0.5 — held for manual fraud review.,a1e54791
0.485,0.721,0.6,AUTO_APPROVE,Low fraud-risk (0.49) and high intent-match confidence (0.72) — auto-approved.,d1220fa3
0.451,0.721,0.73,AUTO_APPROVE,Low fraud-risk (0.45) and high intent-match confidence (0.72) — auto-approved.,afafa3f8
0.258,0.429,0.56,HOLD_CONFIRM_WITH_HUMAN,"Order deviates from stated intent (intent-match confidence 0.43), but this customer's history (preference-fit 0.56) suggests they may welcome this — routed to a quick human confirmation instead of auto-block.",022f5789
0.577,0.721,0.83,HOLD_FRAUD_REVIEW,Fraud-risk score 0.58 exceeds threshold 0.5 — held for manual fraud review.,7e548e22
0.452,0.721,0.7,AUTO_APPROVE,Low fraud-risk (0.45) and high intent-match confidence (0.72) — auto-approved.,c4bc6b7a
0.753,0.387,0.2,HOLD_FRAUD_REVIEW,Fraud-risk score 0.75 exceeds threshold 0.5 — held for manual fraud review.,4c495f5f
0.217,0.721,0.06,AUTO_APPROVE,Low fraud-risk (0.22) and high intent-match confidence (0.72) — auto-approved.,ed51804d
0.857,0.721,0.7,HOLD_FRAUD_REVIEW,Fraud-risk score 0.86 exceeds threshold 0.5 — held for manual fraud review.,0b141553
0.27,0.344,0.51,HOLD_CONFIRM_WITH_HUMAN,"Order deviates from stated intent (intent-match confidence 0.34), but this customer's history (preference-fit 0.51) suggests they may welcome this — routed to a quick human confirmation instead of auto-block.",91ffa5da
0.299,0.315,0.83,HOLD_CONFIRM_WITH_HUMAN,"Order deviates from stated intent (intent-match confidence 0.32), but this customer's history (preference-fit 0.83) suggests they may welcome this — routed to a quick human confirmation instead of auto-block.",472af235
0.603,0.331,0.01,HOLD_FRAUD_REVIEW,Fraud-risk score 0.60 exceeds threshold 0.5 — held for manual fraud review.,09d85e6a
0.337,0.721,0.49,AUTO_APPROVE,Low fraud-risk (0.34) and high intent-match confidence (0.72) — auto-approved.,7101b578
0.32,0.721,0.15,AUTO_APPROVE,Low fraud-risk (0.32) and high intent-match confidence (0.72) — auto-approved.,3825c090
0.565,0.347,0.03,HOLD_FRAUD_REVIEW,Fraud-risk score 0.57 exceeds threshold 0.5 — held for manual fraud review.,f1f008f7
0.637,0.298,0.86,HOLD_FRAUD_REVIEW,Fraud-risk score 0.64 exceeds threshold 0.5 — held for manual fraud review.,d61e9d51
0.889,0.239,0.79,HOLD_FRAUD_REVIEW,Fraud-risk score 0.89 exceeds threshold 0.5 — held for manual fraud review.,e63be3da
0.406,0.721,0.17,AUTO_APPROVE,Low fraud-risk (0.41) and high intent-match confidence (0.72) — auto-approved.,a346ef1f
0.688,0.721,0.72,HOLD_FRAUD_REVIEW,Fraud-risk score 0.69 exceeds threshold 0.5 — held for manual fraud review.,19f72851
0.742,0.321,0.162,HOLD_FRAUD_REVIEW,Fraud-risk score 0.74 exceeds threshold 0.5 — held for manual fraud review.,e616ceba
0.287,0.721,0.24,AUTO_APPROVE,Low fraud-risk (0.29) and high intent-match confidence (0.72) — auto-approved.,21d6c48f
0.401,0.343,0.39,HOLD_LIKELY_MISMATCH,"Order deviates from stated intent (intent-match confidence 0.34) and doesn't align with this customer's history (preference-fit 0.39) — likely a mistaken purchase, held to prevent a probable return.",664551d3
0.843,0.301,0.82,HOLD_FRAUD_REVIEW,Fraud-risk score 0.84 exceeds threshold 0.5 — held for manual fraud review.,e8f4fc8e
0.455,0.721,0.41,AUTO_APPROVE,Low fraud-risk (0.46) and high intent-match confidence (0.72) — auto-approved.,2646b8f1
0.234,0.721,0.33,AUTO_APPROVE,Low fraud-risk (0.23) and high intent-match confidence (0.72) — auto-approved.,355550d5
0.31,0.721,0.47,AUTO_APPROVE,Low fraud-risk (0.31) and high intent-match confidence (0.72) — auto-approved.,28598b10
0.47,0.721,0.12,AUTO_APPROVE,Low fraud-risk (0.47) and high intent-match confidence (0.72) — auto-approved.,b5b346a8
0.283,0.376,0.5,HOLD_CONFIRM_WITH_HUMAN,"Order deviates from stated intent (intent-match confidence 0.38), but this customer's history (preference-fit 0.50) suggests they may welcome this — routed to a quick human confirmation instead of auto-block.",1cc32bbe
0.502,0.721,0.55,HOLD_FRAUD_REVIEW,Fraud-risk score 0.50 exceeds threshold 0.5 — held for manual fraud review.,264814b1
0.736,0.721,0.164,HOLD_FRAUD_REVIEW,Fraud-risk score 0.74 exceeds threshold 0.5 — held for manual fraud review.,57249cc3
0.364,0.721,0.11,AUTO_APPROVE,Low fraud-risk (0.36) and high intent-match confidence (0.72) — auto-approved.,d78ffd6b
0.838,0.401,0.15,HOLD_FRAUD_REVIEW,Fraud-risk score 0.84 exceeds threshold 0.5 — held for manual fraud review.,ca62515f
0.405,0.721,0.01,AUTO_APPROVE,Low fraud-risk (0.40) and high intent-match confidence (0.72) — auto-approved.,86958696
0.537,0.721,0.41,HOLD_FRAUD_REVIEW,Fraud-risk score 0.54 exceeds threshold 0.5 — held for manual fraud review.,7121712a
0.291,0.331,0.048,HOLD_LIKELY_MISMATCH,"Order deviates from stated intent (intent-match confidence 0.33) and doesn't align with this customer's history (preference-fit 0.05) — likely a mistaken purchase, held to prevent a probable return.",684d5432
0.366,0.721,0.27,AUTO_APPROVE,Low fraud-risk (0.37) and high intent-match confidence (0.72) — auto-approved.,6afbf797
0.287,0.314,0.13,HOLD_LIKELY_MISMATCH,"Order deviates from stated intent (intent-match confidence 0.31) and doesn't align with this customer's history (preference-fit 0.13) — likely a mistaken purchase, held to prevent a probable return.",6a51467a
0.181,0.348,0.22,HOLD_LIKELY_MISMATCH,"Order deviates from stated intent (intent-match confidence 0.35) and doesn't align with this customer's history (preference-fit 0.22) — likely a mistaken purchase, held to prevent a probable return.",dc76bbb9
0.615,0.721,0.11,HOLD_FRAUD_REVIEW,Fraud-risk score 0.61 exceeds threshold 0.5 — held for manual fraud review.,6373c4e5
0.484,0.36,0.056,HOLD_LIKELY_MISMATCH,"Order deviates from stated intent (intent-match confidence 0.36) and doesn't align with this customer's history (preference-fit 0.06) — likely a mistaken purchase, held to prevent a probable return.",f11fb7f3
0.568,0.721,0.14,HOLD_FRAUD_REVIEW,Fraud-risk score 0.57 exceeds threshold 0.5 — held for manual fraud review.,7d275ccf
0.199,0.721,0.9,AUTO_APPROVE,Low fraud-risk (0.20) and high intent-match confidence (0.72) — auto-approved.,52446a9c
0.371,0.254,0.44,HOLD_LIKELY_MISMATCH,"Order deviates from stated intent (intent-match confidence 0.25) and doesn't align with this customer's history (preference-fit 0.44) — likely a mistaken purchase, held to prevent a probable return.",29698ece
0.398,0.721,0.066,AUTO_APPROVE,Low fraud-risk (0.40) and high intent-match confidence (0.72) — auto-approved.,4ac0bba2
0.525,0.217,0.3,HOLD_FRAUD_REVIEW,Fraud-risk score 0.52 exceeds threshold 0.5 — held for manual fraud review.,ed8d1d60
0.69,0.318,0.99,HOLD_FRAUD_REVIEW,Fraud-risk score 0.69 exceeds threshold 0.5 — held for manual fraud review.,de52ef07
0.377,0.255,0.45,HOLD_LIKELY_MISMATCH,"Order deviates from stated intent (intent-match confidence 0.25) and doesn't align with this customer's history (preference-fit 0.45) — likely a mistaken purchase, held to prevent a probable return.",443e2ee3
0.252,0.309,0.58,HOLD_CONFIRM_WITH_HUMAN,"Order deviates from stated intent (intent-match confidence 0.31), but this customer's history (preference-fit 0.58) suggests they may welcome this — routed to a quick human confirmation instead of auto-block.",96b86ead
0.25,0.721,0.36,AUTO_APPROVE,Low fraud-risk (0.25) and high intent-match confidence (0.72) — auto-approved.,20d03521
0.347,0.298,0.37,HOLD_LIKELY_MISMATCH,"Order deviates from stated intent (intent-match confidence 0.30) and doesn't align with this customer's history (preference-fit 0.37) — likely a mistaken purchase, held to prevent a probable return.",4e0ebb62
0.613,0.721,0.61,HOLD_FRAUD_REVIEW,Fraud-risk score 0.61 exceeds threshold 0.5 — held for manual fraud review.,d265a9a5
0.638,0.721,0.61,HOLD_FRAUD_REVIEW,Fraud-risk score 0.64 exceeds threshold 0.5 — held for manual fraud review.,885bb572
0.352,0.343,0.07,HOLD_LIKELY_MISMATCH,"Order deviates from stated intent (intent-match confidence 0.34) and doesn't align with this customer's history (preference-fit 0.07) — likely a mistaken purchase, held to prevent a probable return.",91e234a5
0.406,0.721,0.096,AUTO_APPROVE,Low fraud-risk (0.41) and high intent-match confidence (0.72) — auto-approved.,37aa991c
0.816,0.721,0.82,HOLD_FRAUD_REVIEW,Fraud-risk score 0.82 exceeds threshold 0.5 — held for manual fraud review.,22070c2a
0.681,0.377,0.198,HOLD_FRAUD_REVIEW,Fraud-risk score 0.68 exceeds threshold 0.5 — held for manual fraud review.,40da770c
0.414,0.721,0.124,AUTO_APPROVE,Low fraud-risk (0.41) and high intent-match confidence (0.72) — auto-approved.,54da047c
0.785,0.721,0.76,HOLD_FRAUD_REVIEW,Fraud-risk score 0.78 exceeds threshold 0.5 — held for manual fraud review.,a284b2fc
0.44,0.301,0.5,HOLD_CONFIRM_WITH_HUMAN,"Order deviates from stated intent (intent-match confidence 0.30), but this customer's history (preference-fit 0.50) suggests they may welcome this — routed to a quick human confirmation instead of auto-block.",aa27a460
0.971,0.349,0.17,HOLD_FRAUD_REVIEW,Fraud-risk score 0.97 exceeds threshold 0.5 — held for manual fraud review.,268834dd
0.298,0.465,0.09,HOLD_LIKELY_MISMATCH,"Order deviates from stated intent (intent-match confidence 0.47) and doesn't align with this customer's history (preference-fit 0.09) — likely a mistaken purchase, held to prevent a probable return.",f5d043c8
0.353,0.277,0.01,HOLD_LIKELY_MISMATCH,"Order deviates from stated intent (intent-match confidence 0.28) and doesn't align with this customer's history (preference-fit 0.01) — likely a mistaken purchase, held to prevent a probable return.",790d7c1b
0.254,0.721,0.04,AUTO_APPROVE,Low fraud-risk (0.25) and high intent-match confidence (0.72) — auto-approved.,18fb53b2
0.182,0.721,0.45,AUTO_APPROVE,Low fraud-risk (0.18) and high intent-match confidence (0.72) — auto-approved.,a2ddf3a2
0.448,0.721,0.84,AUTO_APPROVE,Low fraud-risk (0.45) and high intent-match confidence (0.72) — auto-approved.,aa915875
0.643,0.382,0.69,HOLD_FRAUD_REVIEW,Fraud-risk score 0.64 exceeds threshold 0.5 — held for manual fraud review.,d06516d7
0.827,0.721,0.23,HOLD_FRAUD_REVIEW,Fraud-risk score 0.83 exceeds threshold 0.5 — held for manual fraud review.,15d94f76
0.285,0.721,0.99,AUTO_APPROVE,Low fraud-risk (0.29) and high intent-match confidence (0.72) — auto-approved.,7dfc4a5f
0.721,0.721,0.25,HOLD_FRAUD_REVIEW,Fraud-risk score 0.72 exceeds threshold 0.5 — held for manual fraud review.,c9815488
0.371,0.341,0.38,HOLD_LIKELY_MISMATCH,"Order deviates from stated intent (intent-match confidence 0.34) and doesn't align with this customer's history (preference-fit 0.38) — likely a mistaken purchase, held to prevent a probable return.",e5cb18cc
0.957,0.721,0.95,HOLD_FRAUD_REVIEW,Fraud-risk score 0.96 exceeds threshold 0.5 — held for manual fraud review.,6a09aa2f
0.449,0.721,1.0,AUTO_APPROVE,Low fraud-risk (0.45) and high intent-match confidence (0.72) — auto-approved.,d3682261
0.842,0.262,0.096,HOLD_FRAUD_REVIEW,Fraud-risk score 0.84 exceeds threshold 0.5 — held for manual fraud review.,fabaef30
0.329,0.229,0.07,HOLD_LIKELY_MISMATCH,"Order deviates from stated intent (intent-match confidence 0.23) and doesn't align with this customer's history (preference-fit 0.07) — likely a mistaken purchase, held to prevent a probable return.",d5ca2b1e
0.446,0.721,0.97,AUTO_APPROVE,Low fraud-risk (0.45) and high intent-match confidence (0.72) — auto-approved.,63d6fd17
0.529,0.721,0.64,HOLD_FRAUD_REVIEW,Fraud-risk score 0.53 exceeds threshold 0.5 — held for manual fraud review.,25d94225
0.482,0.248,0.0,HOLD_LIKELY_MISMATCH,"Order deviates from stated intent (intent-match confidence 0.25) and doesn't align with this customer's history (preference-fit 0.00) — likely a mistaken purchase, held to prevent a probable return.",c3b470fa
0.447,0.37,0.66,HOLD_CONFIRM_WITH_HUMAN,"Order deviates from stated intent (intent-match confidence 0.37), but this customer's history (preference-fit 0.66) suggests they may welcome this — routed to a quick human confirmation instead of auto-block.",438a2415
0.31,0.721,0.76,AUTO_APPROVE,Low fraud-risk (0.31) and high intent-match confidence (0.72) — auto-approved.,5459b18b
0.422,0.307,0.27,HOLD_LIKELY_MISMATCH,"Order deviates from stated intent (intent-match confidence 0.31) and doesn't align with this customer's history (preference-fit 0.27) — likely a mistaken purchase, held to prevent a probable return.",fe94949d
0.634,0.721,0.42,HOLD_FRAUD_REVIEW,Fraud-risk score 0.63 exceeds threshold 0.5 — held for manual fraud review.,32def382
0.176,0.721,0.156,AUTO_APPROVE,Low fraud-risk (0.18) and high intent-match confidence (0.72) — auto-approved.,360a4b94
0.774,0.721,0.062,HOLD_FRAUD_REVIEW,Fraud-risk score 0.77 exceeds threshold 0.5 — held for manual fraud review.,1cdbe602
0.249,0.721,0.116,AUTO_APPROVE,Low fraud-risk (0.25) and high intent-match confidence (0.72) — auto-approved.,8f6ee553
0.225,0.721,0.49,AUTO_APPROVE,Low fraud-risk (0.22) and high intent-match confidence (0.72) — auto-approved.,1e355448
0.573,0.305,0.094,HOLD_FRAUD_REVIEW,Fraud-risk score 0.57 exceeds threshold 0.5 — held for manual fraud review.,12e720b4
0.891,0.341,0.61,HOLD_FRAUD_REVIEW,Fraud-risk score 0.89 exceeds threshold 0.5 — held for manual fraud review.,ebadfc09
0.428,0.721,0.3,AUTO_APPROVE,Low fraud-risk (0.43) and high intent-match confidence (0.72) — auto-approved.,345d9c23
0.319,0.407,0.83,HOLD_CONFIRM_WITH_HUMAN,"Order deviates from stated intent (intent-match confidence 0.41), but this customer's history (preference-fit 0.83) suggests they may welcome this — routed to a quick human confirmation instead of auto-block.",06900956
0.587,0.318,0.97,HOLD_FRAUD_REVIEW,Fraud-risk score 0.59 exceeds threshold 0.5 — held for manual fraud review.,125a7158
0.256,0.322,0.17,HOLD_LIKELY_MISMATCH,"Order deviates from stated intent (intent-match confidence 0.32) and doesn't align with this customer's history (preference-fit 0.17) — likely a mistaken purchase, held to prevent a probable return.",a8dd38ed
0.602,0.721,0.082,HOLD_FRAUD_REVIEW,Fraud-risk score 0.60 exceeds threshold 0.5 — held for manual fraud review.,7d3d8c25
0.512,0.467,0.47,HOLD_FRAUD_REVIEW,Fraud-risk score 0.51 exceeds threshold 0.5 — held for manual fraud review.,f57d08d0
0.284,0.258,0.5,HOLD_CONFIRM_WITH_HUMAN,"Order deviates from stated intent (intent-match confidence 0.26), but this customer's history (preference-fit 0.50) suggests they may welcome this — routed to a quick human confirmation instead of auto-block.",f32e85ad
0.883,0.721,0.058,HOLD_FRAUD_REVIEW,Fraud-risk score 0.88 exceeds threshold 0.5 — held for manual fraud review.,2367144d
0.319,0.721,0.66,AUTO_APPROVE,Low fraud-risk (0.32) and high intent-match confidence (0.72) — auto-approved.,f98c8427
0.748,0.721,0.114,HOLD_FRAUD_REVIEW,Fraud-risk score 0.75 exceeds threshold 0.5 — held for manual fraud review.,c2d0ba29
0.663,0.237,0.126,HOLD_FRAUD_REVIEW,Fraud-risk score 0.66 exceeds threshold 0.5 — held for manual fraud review.,beb8bd87
0.267,0.721,0.77,AUTO_APPROVE,Low fraud-risk (0.27) and high intent-match confidence (0.72) — auto-approved.,b175ee10
0.418,0.721,0.45,AUTO_APPROVE,Low fraud-risk (0.42) and high intent-match confidence (0.72) — auto-approved.,3460fd56
0.185,0.721,0.178,AUTO_APPROVE,Low fraud-risk (0.19) and high intent-match confidence (0.72) — auto-approved.,befd8e78
0.758,0.305,0.184,HOLD_FRAUD_REVIEW,Fraud-risk score 0.76 exceeds threshold 0.5 — held for manual fraud review.,ad2cbd0d
0.295,0.285,0.76,HOLD_CONFIRM_WITH_HUMAN,"Order deviates from stated intent (intent-match confidence 0.29), but this customer's history (preference-fit 0.76) suggests they may welcome this — routed to a quick human confirmation instead of auto-block.",8280c155
0.164,0.721,0.26,AUTO_APPROVE,Low fraud-risk (0.16) and high intent-match confidence (0.72) — auto-approved.,f75c4268
0.36,0.721,0.83,AUTO_APPROVE,Low fraud-risk (0.36) and high intent-match confidence (0.72) — auto-approved.,ebb3419a
0.254,0.43,0.91,HOLD_CONFIRM_WITH_HUMAN,"Order deviates from stated intent (intent-match confidence 0.43), but this customer's history (preference-fit 0.91) suggests they may welcome this — routed to a quick human confirmation instead of auto-block.",4cf7deb5
0.408,0.721,0.086,AUTO_APPROVE,Low fraud-risk (0.41) and high intent-match confidence (0.72) — auto-approved.,5065f5a5
0.26,0.721,0.89,AUTO_APPROVE,Low fraud-risk (0.26) and high intent-match confidence (0.72) — auto-approved.,e571676a
0.387,0.721,0.0,AUTO_APPROVE,Low fraud-risk (0.39) and high intent-match confidence (0.72) — auto-approved.,c3fdaa7e
0.497,0.721,0.15,AUTO_APPROVE,Low fraud-risk (0.50) and high intent-match confidence (0.72) — auto-approved.,b7edcd7f
0.325,0.721,0.0,AUTO_APPROVE,Low fraud-risk (0.33) and high intent-match confidence (0.72) — auto-approved.,b3feb2c8
0.664,0.721,0.44,HOLD_FRAUD_REVIEW,Fraud-risk score 0.66 exceeds threshold 0.5 — held for manual fraud review.,38af8799
0.305,0.401,0.012,HOLD_LIKELY_MISMATCH,"Order deviates from stated intent (intent-match confidence 0.40) and doesn't align with this customer's history (preference-fit 0.01) — likely a mistaken purchase, held to prevent a probable return.",d4610a3b
0.303,0.721,0.1,AUTO_APPROVE,Low fraud-risk (0.30) and high intent-match confidence (0.72) — auto-approved.,6a6b4248
0.512,0.721,0.12,HOLD_FRAUD_REVIEW,Fraud-risk score 0.51 exceeds threshold 0.5 — held for manual fraud review.,18e510c4
0.508,0.721,0.03,HOLD_FRAUD_REVIEW,Fraud-risk score 0.51 exceeds threshold 0.5 — held for manual fraud review.,8e41306b
0.271,0.442,0.02,HOLD_LIKELY_MISMATCH,"Order deviates from stated intent (intent-match confidence 0.44) and doesn't align with this customer's history (preference-fit 0.02) — likely a mistaken purchase, held to prevent a probable return.",009ae486
0.249,0.721,0.23,AUTO_APPROVE,Low fraud-risk (0.25) and high intent-match confidence (0.72) — auto-approved.,70330419
0.428,0.721,0.35,AUTO_APPROVE,Low fraud-risk (0.43) and high intent-match confidence (0.72) — auto-approved.,5098b025
0.443,0.721,0.9,AUTO_APPROVE,Low fraud-risk (0.44) and high intent-match confidence (0.72) — auto-approved.,a72ce718
0.192,0.721,0.58,AUTO_APPROVE,Low fraud-risk (0.19) and high intent-match confidence (0.72) — auto-approved.,f212171b
0.415,0.28,0.026,HOLD_LIKELY_MISMATCH,"Order deviates from stated intent (intent-match confidence 0.28) and doesn't align with this customer's history (preference-fit 0.03) — likely a mistaken purchase, held to prevent a probable return.",381c0b26
0.686,0.721,0.05,HOLD_FRAUD_REVIEW,Fraud-risk score 0.69 exceeds threshold 0.5 — held for manual fraud review.,9bf01a1c
0.411,0.721,0.044,AUTO_APPROVE,Low fraud-risk (0.41) and high intent-match confidence (0.72) — auto-approved.,0c52f0cd
0.92,0.721,0.154,HOLD_FRAUD_REVIEW,Fraud-risk score 0.92 exceeds threshold 0.5 — held for manual fraud review.,62f44345
0.34,0.721,0.042,AUTO_APPROVE,Low fraud-risk (0.34) and high intent-match confidence (0.72) — auto-approved.,6639b1ee
0.402,0.238,0.04,HOLD_LIKELY_MISMATCH,"Order deviates from stated intent (intent-match confidence 0.24) and doesn't align with this customer's history (preference-fit 0.04) — likely a mistaken purchase, held to prevent a probable return.",4515a573
0.353,0.721,0.87,AUTO_APPROVE,Low fraud-risk (0.35) and high intent-match confidence (0.72) — auto-approved.,8c9ebb22
0.505,0.721,0.146,HOLD_FRAUD_REVIEW,Fraud-risk score 0.50 exceeds threshold 0.5 — held for manual fraud review.,957b557a
0.767,0.721,0.67,HOLD_FRAUD_REVIEW,Fraud-risk score 0.77 exceeds threshold 0.5 — held for manual fraud review.,d487a147
0.31,0.721,0.004,AUTO_APPROVE,Low fraud-risk (0.31) and high intent-match confidence (0.72) — auto-approved.,3aa9af6c
0.206,0.298,0.042,HOLD_LIKELY_MISMATCH,"Order deviates from stated intent (intent-match confidence 0.30) and doesn't align with this customer's history (preference-fit 0.04) — likely a mistaken purchase, held to prevent a probable return.",1209fe4b
0.469,0.721,0.88,AUTO_APPROVE,Low fraud-risk (0.47) and high intent-match confidence (0.72) — auto-approved.,f76b7b79
0.862,0.324,0.44,HOLD_FRAUD_REVIEW,Fraud-risk score 0.86 exceeds threshold 0.5 — held for manual fraud review.,97b8ef35
0.677,0.357,0.88,HOLD_FRAUD_REVIEW,Fraud-risk score 0.68 exceeds threshold 0.5 — held for manual fraud review.,1e9ec82f
0.213,0.443,0.08,HOLD_LIKELY_MISMATCH,"Order deviates from stated intent (intent-match confidence 0.44) and doesn't align with this customer's history (preference-fit 0.08) — likely a mistaken purchase, held to prevent a probable return.",deb726f9
0.283,0.721,0.15,AUTO_APPROVE,Low fraud-risk (0.28) and high intent-match confidence (0.72) — auto-approved.,8d2a7357
0.256,0.721,0.1,AUTO_APPROVE,Low fraud-risk (0.26) and high intent-match confidence (0.72) — auto-approved.,d2e23789
0.404,0.721,0.2,AUTO_APPROVE,Low fraud-risk (0.40) and high intent-match confidence (0.72) — auto-approved.,58046fbe
0.294,0.721,0.61,AUTO_APPROVE,Low fraud-risk (0.29) and high intent-match confidence (0.72) — auto-approved.,e978115d
0.618,0.3,0.27,HOLD_FRAUD_REVIEW,Fraud-risk score 0.62 exceeds threshold 0.5 — held for manual fraud review.,feabd0e9
0.434,0.721,0.158,AUTO_APPROVE,Low fraud-risk (0.43) and high intent-match confidence (0.72) — auto-approved.,4d5231f7
0.879,0.721,0.99,HOLD_FRAUD_REVIEW,Fraud-risk score 0.88 exceeds threshold 0.5 — held for manual fraud review.,793249b8
0.591,0.386,0.64,HOLD_FRAUD_REVIEW,Fraud-risk score 0.59 exceeds threshold 0.5 — held for manual fraud review.,4c0dda10
0.438,0.721,0.3,AUTO_APPROVE,Low fraud-risk (0.44) and high intent-match confidence (0.72) — auto-approved.,f69f7f15
0.56,0.721,0.122,HOLD_FRAUD_REVIEW,Fraud-risk score 0.56 exceeds threshold 0.5 — held for manual fraud review.,eeb386a6
0.464,0.721,0.148,AUTO_APPROVE,Low fraud-risk (0.46) and high intent-match confidence (0.72) — auto-approved.,165b5cec
0.468,0.721,0.95,AUTO_APPROVE,Low fraud-risk (0.47) and high intent-match confidence (0.72) — auto-approved.,634491b5
0.485,0.27,0.186,HOLD_LIKELY_MISMATCH,"Order deviates from stated intent (intent-match confidence 0.27) and doesn't align with this customer's history (preference-fit 0.19) — likely a mistaken purchase, held to prevent a probable return.",3d662cbb
0.874,0.45,0.32,HOLD_FRAUD_REVIEW,Fraud-risk score 0.87 exceeds threshold 0.5 — held for manual fraud review.,716bb205
0.854,0.306,0.77,HOLD_FRAUD_REVIEW,Fraud-risk score 0.85 exceeds threshold 0.5 — held for manual fraud review.,bc9323d5
0.309,0.721,0.68,AUTO_APPROVE,Low fraud-risk (0.31) and high intent-match confidence (0.72) — auto-approved.,4772bd60
0.213,0.721,0.95,AUTO_APPROVE,Low fraud-risk (0.21) and high intent-match confidence (0.72) — auto-approved.,423014f7
0.179,0.242,0.018,HOLD_LIKELY_MISMATCH,"Order deviates from stated intent (intent-match confidence 0.24) and doesn't align with this customer's history (preference-fit 0.02) — likely a mistaken purchase, held to prevent a probable return.",96b42202
0.542,0.721,0.4,HOLD_FRAUD_REVIEW,Fraud-risk score 0.54 exceeds threshold 0.5 — held for manual fraud review.,dfdab9de
0.354,0.286,0.048,HOLD_LIKELY_MISMATCH,"Order deviates from stated intent (intent-match confidence 0.29) and doesn't align with this customer's history (preference-fit 0.05) — likely a mistaken purchase, held to prevent a probable return.",3f7491bc
0.353,0.261,0.02,HOLD_LIKELY_MISMATCH,"Order deviates from stated intent (intent-match confidence 0.26) and doesn't align with this customer's history (preference-fit 0.02) — likely a mistaken purchase, held to prevent a probable return.",1c4edb53
0.359,0.721,0.02,AUTO_APPROVE,Low fraud-risk (0.36) and high intent-match confidence (0.72) — auto-approved.,f6819c47
0.565,0.721,0.022,HOLD_FRAUD_REVIEW,Fraud-risk score 0.56 exceeds threshold 0.5 — held for manual fraud review.,bde396e1
0.278,0.721,0.57,AUTO_APPROVE,Low fraud-risk (0.28) and high intent-match confidence (0.72) — auto-approved.,0d0e9aaa
0.356,0.721,0.43,AUTO_APPROVE,Low fraud-risk (0.36) and high intent-match confidence (0.72) — auto-approved.,c5f71b4b
0.452,0.721,0.99,AUTO_APPROVE,Low fraud-risk (0.45) and high intent-match confidence (0.72) — auto-approved.,5edcfc7b
0.749,0.721,0.69,HOLD_FRAUD_REVIEW,Fraud-risk score 0.75 exceeds threshold 0.5 — held for manual fraud review.,09deeb20
0.367,0.721,0.07,AUTO_APPROVE,Low fraud-risk (0.37) and high intent-match confidence (0.72) — auto-approved.,daeadeb1
0.219,0.721,0.116,AUTO_APPROVE,Low fraud-risk (0.22) and high intent-match confidence (0.72) — auto-approved.,26fd4ad2
0.245,0.721,0.02,AUTO_APPROVE,Low fraud-risk (0.24) and high intent-match confidence (0.72) — auto-approved.,adff0729
0.282,0.721,0.48,AUTO_APPROVE,Low fraud-risk (0.28) and high intent-match confidence (0.72) — auto-approved.,10e6911f
0.95,0.721,0.91,HOLD_FRAUD_REVIEW,Fraud-risk score 0.95 exceeds threshold 0.5 — held for manual fraud review.,277c033d
0.469,0.425,0.24,HOLD_LIKELY_MISMATCH,"Order deviates from stated intent (intent-match confidence 0.42) and doesn't align with this customer's history (preference-fit 0.24) — likely a mistaken purchase, held to prevent a probable return.",e6821538
0.354,0.721,0.192,AUTO_APPROVE,Low fraud-risk (0.35) and high intent-match confidence (0.72) — auto-approved.,734f6f3d
0.381,0.721,0.75,AUTO_APPROVE,Low fraud-risk (0.38) and high intent-match confidence (0.72) — auto-approved.,9302e00f
0.402,0.721,0.28,AUTO_APPROVE,Low fraud-risk (0.40) and high intent-match confidence (0.72) — auto-approved.,9722d1eb
0.581,0.401,0.15,HOLD_FRAUD_REVIEW,Fraud-risk score 0.58 exceeds threshold 0.5 — held for manual fraud review.,0c9dc663
0.213,0.721,0.43,AUTO_APPROVE,Low fraud-risk (0.21) and high intent-match confidence (0.72) — auto-approved.,ce6c4bb2
0.957,0.33,0.66,HOLD_FRAUD_REVIEW,Fraud-risk score 0.96 exceeds threshold 0.5 — held for manual fraud review.,d738e8ec
0.256,0.721,0.97,AUTO_APPROVE,Low fraud-risk (0.26) and high intent-match confidence (0.72) — auto-approved.,103b2e9b
0.284,0.313,0.94,HOLD_CONFIRM_WITH_HUMAN,"Order deviates from stated intent (intent-match confidence 0.31), but this customer's history (preference-fit 0.94) suggests they may welcome this — routed to a quick human confirmation instead of auto-block.",67da6ddf
0.514,0.721,0.79,HOLD_FRAUD_REVIEW,Fraud-risk score 0.51 exceeds threshold 0.5 — held for manual fraud review.,f9c9afc6
0.504,0.721,0.19,HOLD_FRAUD_REVIEW,Fraud-risk score 0.50 exceeds threshold 0.5 — held for manual fraud review.,607341c3
0.352,0.721,0.23,AUTO_APPROVE,Low fraud-risk (0.35) and high intent-match confidence (0.72) — auto-approved.,492c51de
0.349,0.721,0.06,AUTO_APPROVE,Low fraud-risk (0.35) and high intent-match confidence (0.72) — auto-approved.,f5119795
0.167,0.721,0.152,AUTO_APPROVE,Low fraud-risk (0.17) and high intent-match confidence (0.72) — auto-approved.,84679a1e
0.566,0.721,0.17,HOLD_FRAUD_REVIEW,Fraud-risk score 0.57 exceeds threshold 0.5 — held for manual fraud review.,7e12460c
0.622,0.721,0.59,HOLD_FRAUD_REVIEW,Fraud-risk score 0.62 exceeds threshold 0.5 — held for manual fraud review.,e330b342
0.446,0.178,0.142,HOLD_LIKELY_MISMATCH,"Order deviates from stated intent (intent-match confidence 0.18) and doesn't align with this customer's history (preference-fit 0.14) — likely a mistaken purchase, held to prevent a probable return.",8fadd324
0.872,0.721,0.182,HOLD_FRAUD_REVIEW,Fraud-risk score 0.87 exceeds threshold 0.5 — held for manual fraud review.,b3aec6dc
0.258,0.402,0.56,HOLD_CONFIRM_WITH_HUMAN,"Order deviates from stated intent (intent-match confidence 0.40), but this customer's history (preference-fit 0.56) suggests they may welcome this — routed to a quick human confirmation instead of auto-block.",d7933fd0
0.367,0.721,0.93,AUTO_APPROVE,Low fraud-risk (0.37) and high intent-match confidence (0.72) — auto-approved.,d2d631f3
0.312,0.721,0.53,AUTO_APPROVE,Low fraud-risk (0.31) and high intent-match confidence (0.72) — auto-approved.,a360d4f0
0.441,0.721,0.12,AUTO_APPROVE,Low fraud-risk (0.44) and high intent-match confidence (0.72) — auto-approved.,b02ad747
0.507,0.721,0.15,HOLD_FRAUD_REVIEW,Fraud-risk score 0.51 exceeds threshold 0.5 — held for manual fraud review.,7379d185
0.845,0.721,0.88,HOLD_FRAUD_REVIEW,Fraud-risk score 0.84 exceeds threshold 0.5 — held for manual fraud review.,3c7089c7
0.513,0.257,0.71,HOLD_FRAUD_REVIEW,Fraud-risk score 0.51 exceeds threshold 0.5 — held for manual fraud review.,f5fb5e77
0.496,0.137,0.026,HOLD_LIKELY_MISMATCH,"Order deviates from stated intent (intent-match confidence 0.14) and doesn't align with this customer's history (preference-fit 0.03) — likely a mistaken purchase, held to prevent a probable return.",7f86d5df
0.836,0.291,0.41,HOLD_FRAUD_REVIEW,Fraud-risk score 0.84 exceeds threshold 0.5 — held for manual fraud review.,6227ab5f
0.526,0.721,0.03,HOLD_FRAUD_REVIEW,Fraud-risk score 0.53 exceeds threshold 0.5 — held for manual fraud review.,c58583a8
0.72,0.721,0.08,HOLD_FRAUD_REVIEW,Fraud-risk score 0.72 exceeds threshold 0.5 — held for manual fraud review.,69c542ba
0.626,0.301,0.04,HOLD_FRAUD_REVIEW,Fraud-risk score 0.63 exceeds threshold 0.5 — held for manual fraud review.,e9c9df16
0.674,0.721,0.5,HOLD_FRAUD_REVIEW,Fraud-risk score 0.67 exceeds threshold 0.5 — held for manual fraud review.,5b38639e
0.557,0.721,0.1,HOLD_FRAUD_REVIEW,Fraud-risk score 0.56 exceeds threshold 0.5 — held for manual fraud review.,07989cbb
0.211,0.721,0.61,AUTO_APPROVE,Low fraud-risk (0.21) and high intent-match confidence (0.72) — auto-approved.,5b5acffa
0.271,0.721,0.1,AUTO_APPROVE,Low fraud-risk (0.27) and high intent-match confidence (0.72) — auto-approved.,81e4464b
0.417,0.416,0.008,HOLD_LIKELY_MISMATCH,"Order deviates from stated intent (intent-match confidence 0.42) and doesn't align with this customer's history (preference-fit 0.01) — likely a mistaken purchase, held to prevent a probable return.",75f5664f
0.197,0.721,0.53,AUTO_APPROVE,Low fraud-risk (0.20) and high intent-match confidence (0.72) — auto-approved.,dd4cefb3
0.461,0.254,0.78,HOLD_CONFIRM_WITH_HUMAN,"Order deviates from stated intent (intent-match confidence 0.25), but this customer's history (preference-fit 0.78) suggests they may welcome this — routed to a quick human confirmation instead of auto-block.",59129f8e
0.324,0.721,0.52,AUTO_APPROVE,Low fraud-risk (0.32) and high intent-match confidence (0.72) — auto-approved.,ae772fe1
0.581,0.344,0.82,HOLD_FRAUD_REVIEW,Fraud-risk score 0.58 exceeds threshold 0.5 — held for manual fraud review.,314c2732
0.209,0.327,0.21,HOLD_LIKELY_MISMATCH,"Order deviates from stated intent (intent-match confidence 0.33) and doesn't align with this customer's history (preference-fit 0.21) — likely a mistaken purchase, held to prevent a probable return.",2cfcc901
0.202,0.721,0.178,AUTO_APPROVE,Low fraud-risk (0.20) and high intent-match confidence (0.72) — auto-approved.,09e359b3
0.295,0.721,0.02,AUTO_APPROVE,Low fraud-risk (0.29) and high intent-match confidence (0.72) — auto-approved.,a30eb87b
0.572,0.721,0.64,HOLD_FRAUD_REVIEW,Fraud-risk score 0.57 exceeds threshold 0.5 — held for manual fraud review.,4ffb7d52
0.265,0.283,0.7,HOLD_CONFIRM_WITH_HUMAN,"Order deviates from stated intent (intent-match confidence 0.28), but this customer's history (preference-fit 0.70) suggests they may welcome this — routed to a quick human confirmation instead of auto-block.",d58c1919
0.8,0.721,0.19,HOLD_FRAUD_REVIEW,Fraud-risk score 0.80 exceeds threshold 0.5 — held for manual fraud review.,e4d7abd8
0.321,0.721,0.19,AUTO_APPROVE,Low fraud-risk (0.32) and high intent-match confidence (0.72) — auto-approved.,a3eaa963
0.415,0.721,0.54,AUTO_APPROVE,Low fraud-risk (0.42) and high intent-match confidence (0.72) — auto-approved.,756d595b
0.568,0.721,0.084,HOLD_FRAUD_REVIEW,Fraud-risk score 0.57 exceeds threshold 0.5 — held for manual fraud review.,3de01e3d
0.353,0.721,0.018,AUTO_APPROVE,Low fraud-risk (0.35) and high intent-match confidence (0.72) — auto-approved.,375a31e9
0.221,0.721,0.156,AUTO_APPROVE,Low fraud-risk (0.22) and high intent-match confidence (0.72) — auto-approved.,1d466731
0.732,0.356,0.52,HOLD_FRAUD_REVIEW,Fraud-risk score 0.73 exceeds threshold 0.5 — held for manual fraud review.,d8032358
0.546,0.721,0.48,HOLD_FRAUD_REVIEW,Fraud-risk score 0.55 exceeds threshold 0.5 — held for manual fraud review.,1da6ce2d
0.199,0.302,0.05,HOLD_LIKELY_MISMATCH,"Order deviates from stated intent (intent-match confidence 0.30) and doesn't align with this customer's history (preference-fit 0.05) — likely a mistaken purchase, held to prevent a probable return.",08ac91d6
0.473,0.384,0.61,HOLD_CONFIRM_WITH_HUMAN,"Order deviates from stated intent (intent-match confidence 0.38), but this customer's history (preference-fit 0.61) suggests they may welcome this — routed to a quick human confirmation instead of auto-block.",f7b82fe3
0.752,0.721,0.58,HOLD_FRAUD_REVIEW,Fraud-risk score 0.75 exceeds threshold 0.5 — held for manual fraud review.,c11448cb
0.238,0.721,0.46,AUTO_APPROVE,Low fraud-risk (0.24) and high intent-match confidence (0.72) — auto-approved.,27b463ac
0.73,0.721,0.35,HOLD_FRAUD_REVIEW,Fraud-risk score 0.73 exceeds threshold 0.5 — held for manual fraud review.,b4f55560
0.604,0.721,0.094,HOLD_FRAUD_REVIEW,Fraud-risk score 0.60 exceeds threshold 0.5 — held for manual fraud review.,58daf9e5
0.572,0.721,0.006,HOLD_FRAUD_REVIEW,Fraud-risk score 0.57 exceeds threshold 0.5 — held for manual fraud review.,2a331605
0.472,0.721,0.71,AUTO_APPROVE,Low fraud-risk (0.47) and high intent-match confidence (0.72) — auto-approved.,562f8220
0.743,0.721,0.35,HOLD_FRAUD_REVIEW,Fraud-risk score 0.74 exceeds threshold 0.5 — held for manual fraud review.,35b19b6f
0.266,0.721,0.93,AUTO_APPROVE,Low fraud-risk (0.27) and high intent-match confidence (0.72) — auto-approved.,d1d44e11
0.252,0.721,0.06,AUTO_APPROVE,Low fraud-risk (0.25) and high intent-match confidence (0.72) — auto-approved.,c2094520
0.451,0.721,0.44,AUTO_APPROVE,Low fraud-risk (0.45) and high intent-match confidence (0.72) — auto-approved.,259ff1c8
0.41,0.721,0.59,AUTO_APPROVE,Low fraud-risk (0.41) and high intent-match confidence (0.72) — auto-approved.,ce9af6d6
0.634,0.721,0.116,HOLD_FRAUD_REVIEW,Fraud-risk score 0.63 exceeds threshold 0.5 — held for manual fraud review.,6a4a13e6
0.352,0.193,0.022,HOLD_LIKELY_MISMATCH,"Order deviates from stated intent (intent-match confidence 0.19) and doesn't align with this customer's history (preference-fit 0.02) — likely a mistaken purchase, held to prevent a probable return.",80c92666
0.389,0.372,0.63,HOLD_CONFIRM_WITH_HUMAN,"Order deviates from stated intent (intent-match confidence 0.37), but this customer's history (preference-fit 0.63) suggests they may welcome this — routed to a quick human confirmation instead of auto-block.",2e2096fd
0.514,0.721,0.96,HOLD_FRAUD_REVIEW,Fraud-risk score 0.51 exceeds threshold 0.5 — held for manual fraud review.,2f759209
0.493,0.721,0.37,AUTO_APPROVE,Low fraud-risk (0.49) and high intent-match confidence (0.72) — auto-approved.,50e3c713
0.376,0.721,0.57,AUTO_APPROVE,Low fraud-risk (0.38) and high intent-match confidence (0.72) — auto-approved.,570ee038
0.207,0.721,0.56,AUTO_APPROVE,Low fraud-risk (0.21) and high intent-match confidence (0.72) — auto-approved.,8b8e37e4
0.525,0.721,0.32,HOLD_FRAUD_REVIEW,Fraud-risk score 0.52 exceeds threshold 0.5 — held for manual fraud review.,26153e96
0.523,0.721,0.4,HOLD_FRAUD_REVIEW,Fraud-risk score 0.52 exceeds threshold 0.5 — held for manual fraud review.,83b673db
0.237,0.721,0.04,AUTO_APPROVE,Low fraud-risk (0.24) and high intent-match confidence (0.72) — auto-approved.,00486c71
0.378,0.721,0.37,AUTO_APPROVE,Low fraud-risk (0.38) and high intent-match confidence (0.72) — auto-approved.,2c71f444
0.232,0.326,0.77,HOLD_CONFIRM_WITH_HUMAN,"Order deviates from stated intent (intent-match confidence 0.33), but this customer's history (preference-fit 0.77) suggests they may welcome this — routed to a quick human confirmation instead of auto-block.",1e830eb4
0.322,0.721,0.91,AUTO_APPROVE,Low fraud-risk (0.32) and high intent-match confidence (0.72) — auto-approved.,8c0000d9
0.348,0.279,0.15,HOLD_LIKELY_MISMATCH,"Order deviates from stated intent (intent-match confidence 0.28) and doesn't align with this customer's history (preference-fit 0.15) — likely a mistaken purchase, held to prevent a probable return.",9a423f52
0.386,0.337,0.03,HOLD_LIKELY_MISMATCH,"Order deviates from stated intent (intent-match confidence 0.34) and doesn't align with this customer's history (preference-fit 0.03) — likely a mistaken purchase, held to prevent a probable return.",487017ed
0.27,0.396,0.94,HOLD_CONFIRM_WITH_HUMAN,"Order deviates from stated intent (intent-match confidence 0.40), but this customer's history (preference-fit 0.94) suggests they may welcome this — routed to a quick human confirmation instead of auto-block.",f4ed380d
0.484,0.721,0.22,AUTO_APPROVE,Low fraud-risk (0.48) and high intent-match confidence (0.72) — auto-approved.,1ac2ec16
0.372,0.721,0.73,AUTO_APPROVE,Low fraud-risk (0.37) and high intent-match confidence (0.72) — auto-approved.,7786fa93
0.498,0.323,0.5,HOLD_CONFIRM_WITH_HUMAN,"Order deviates from stated intent (intent-match confidence 0.32), but this customer's history (preference-fit 0.50) suggests they may welcome this — routed to a quick human confirmation instead of auto-block.",465c3369
0.422,0.721,0.58,AUTO_APPROVE,Low fraud-risk (0.42) and high intent-match confidence (0.72) — auto-approved.,b5f8fafd
0.23,0.721,0.162,AUTO_APPROVE,Low fraud-risk (0.23) and high intent-match confidence (0.72) — auto-approved.,a50a89c3
0.237,0.721,0.18,AUTO_APPROVE,Low fraud-risk (0.24) and high intent-match confidence (0.72) — auto-approved.,ad6994c8
0.623,0.4,0.192,HOLD_FRAUD_REVIEW,Fraud-risk score 0.62 exceeds threshold 0.5 — held for manual fraud review.,8d78db64
0.581,0.721,0.43,HOLD_FRAUD_REVIEW,Fraud-risk score 0.58 exceeds threshold 0.5 — held for manual fraud review.,70e262d6
0.37,0.721,0.66,AUTO_APPROVE,Low fraud-risk (0.37) and high intent-match confidence (0.72) — auto-approved.,903c41ee
0.291,0.721,0.52,AUTO_APPROVE,Low fraud-risk (0.29) and high intent-match confidence (0.72) — auto-approved.,1ce38c46
0.603,0.721,0.56,HOLD_FRAUD_REVIEW,Fraud-risk score 0.60 exceeds threshold 0.5 — held for manual fraud review.,628324db
0.513,0.452,0.8,HOLD_FRAUD_REVIEW,Fraud-risk score 0.51 exceeds threshold 0.5 — held for manual fraud review.,fe28f11a
0.315,0.721,0.3,AUTO_APPROVE,Low fraud-risk (0.31) and high intent-match confidence (0.72) — auto-approved.,c2b806ea
0.489,0.721,0.6,AUTO_APPROVE,Low fraud-risk (0.49) and high intent-match confidence (0.72) — auto-approved.,d67dd1e6
0.521,0.721,0.67,HOLD_FRAUD_REVIEW,Fraud-risk score 0.52 exceeds threshold 0.5 — held for manual fraud review.,905ff233
0.203,0.329,0.51,HOLD_CONFIRM_WITH_HUMAN,"Order deviates from stated intent (intent-match confidence 0.33), but this customer's history (preference-fit 0.51) suggests they may welcome this — routed to a quick human confirmation instead of auto-block.",66eb1e69
0.342,0.721,0.06,AUTO_APPROVE,Low fraud-risk (0.34) and high intent-match confidence (0.72) — auto-approved.,b51032bb
0.261,0.221,0.102,HOLD_LIKELY_MISMATCH,"Order deviates from stated intent (intent-match confidence 0.22) and doesn't align with this customer's history (preference-fit 0.10) — likely a mistaken purchase, held to prevent a probable return.",69b59f08
0.644,0.721,0.5,HOLD_FRAUD_REVIEW,Fraud-risk score 0.64 exceeds threshold 0.5 — held for manual fraud review.,43f2204e
0.628,0.443,0.52,HOLD_FRAUD_REVIEW,Fraud-risk score 0.63 exceeds threshold 0.5 — held for manual fraud review.,d8a7c087
0.473,0.721,0.55,AUTO_APPROVE,Low fraud-risk (0.47) and high intent-match confidence (0.72) — auto-approved.,f481a4fa
0.326,0.721,0.04,AUTO_APPROVE,Low fraud-risk (0.33) and high intent-match confidence (0.72) — auto-approved.,d47f4318
0.203,0.251,0.122,HOLD_LIKELY_MISMATCH,"Order deviates from stated intent (intent-match confidence 0.25) and doesn't align with this customer's history (preference-fit 0.12) — likely a mistaken purchase, held to prevent a probable return.",8eaa2dde
0.19,0.354,0.034,HOLD_LIKELY_MISMATCH,"Order deviates from stated intent (intent-match confidence 0.35) and doesn't align with this customer's history (preference-fit 0.03) — likely a mistaken purchase, held to prevent a probable return.",8d44fbc4
0.587,0.721,0.088,HOLD_FRAUD_REVIEW,Fraud-risk score 0.59 exceeds threshold 0.5 — held for manual fraud review.,2724d71d
0.678,0.243,0.062,HOLD_FRAUD_REVIEW,Fraud-risk score 0.68 exceeds threshold 0.5 — held for manual fraud review.,fc4d30ce
0.564,0.721,0.32,HOLD_FRAUD_REVIEW,Fraud-risk score 0.56 exceeds threshold 0.5 — held for manual fraud review.,29f10dd6
0.221,0.721,0.76,AUTO_APPROVE,Low fraud-risk (0.22) and high intent-match confidence (0.72) — auto-approved.,b4a06813
0.532,0.721,0.06,HOLD_FRAUD_REVIEW,Fraud-risk score 0.53 exceeds threshold 0.5 — held for manual fraud review.,c3e9f26d
0.904,0.721,0.5,HOLD_FRAUD_REVIEW,Fraud-risk score 0.90 exceeds threshold 0.5 — held for manual fraud review.,6c77cb8b
0.511,0.721,0.48,HOLD_FRAUD_REVIEW,Fraud-risk score 0.51 exceeds threshold 0.5 — held for manual fraud review.,825d348a
0.799,0.721,0.148,HOLD_FRAUD_REVIEW,Fraud-risk score 0.80 exceeds threshold 0.5 — held for manual fraud review.,b7a810a5
0.381,0.721,0.146,AUTO_APPROVE,Low fraud-risk (0.38) and high intent-match confidence (0.72) — auto-approved.,bdf39de5
0.19,0.721,0.03,AUTO_APPROVE,Low fraud-risk (0.19) and high intent-match confidence (0.72) — auto-approved.,a200e97b
0.862,0.289,0.35,HOLD_FRAUD_REVIEW,Fraud-risk score 0.86 exceeds threshold 0.5 — held for manual fraud review.,c600a717
0.489,0.721,0.4,AUTO_APPROVE,Low fraud-risk (0.49) and high intent-match confidence (0.72) — auto-approved.,f766db03
0.201,0.721,0.61,AUTO_APPROVE,Low fraud-risk (0.20) and high intent-match confidence (0.72) — auto-approved.,5e92bedb
0.334,0.721,0.32,AUTO_APPROVE,Low fraud-risk (0.33) and high intent-match confidence (0.72) — auto-approved.,731dbeda
0.449,0.313,0.82,HOLD_CONFIRM_WITH_HUMAN,"Order deviates from stated intent (intent-match confidence 0.31), but this customer's history (preference-fit 0.82) suggests they may welcome this — routed to a quick human confirmation instead of auto-block.",3a4d7b56
0.548,0.151,0.062,HOLD_FRAUD_REVIEW,Fraud-risk score 0.55 exceeds threshold 0.5 — held for manual fraud review.,c5de5197
0.766,0.721,0.046,HOLD_FRAUD_REVIEW,Fraud-risk score 0.77 exceeds threshold 0.5 — held for manual fraud review.,32bfb03c
0.431,0.346,0.124,HOLD_LIKELY_MISMATCH,"Order deviates from stated intent (intent-match confidence 0.35) and doesn't align with this customer's history (preference-fit 0.12) — likely a mistaken purchase, held to prevent a probable return.",ead4343e
0.605,0.721,0.72,HOLD_FRAUD_REVIEW,Fraud-risk score 0.61 exceeds threshold 0.5 — held for manual fraud review.,504d68d5
0.629,0.214,0.23,HOLD_FRAUD_REVIEW,Fraud-risk score 0.63 exceeds threshold 0.5 — held for manual fraud review.,8124751a
0.518,0.216,1.0,HOLD_FRAUD_REVIEW,Fraud-risk score 0.52 exceeds threshold 0.5 — held for manual fraud review.,7031f94a
0.464,0.721,0.3,AUTO_APPROVE,Low fraud-risk (0.46) and high intent-match confidence (0.72) — auto-approved.,1cf8e7a1
0.501,0.721,0.71,HOLD_FRAUD_REVIEW,Fraud-risk score 0.50 exceeds threshold 0.5 — held for manual fraud review.,23b69ac4
0.377,0.388,0.03,HOLD_LIKELY_MISMATCH,"Order deviates from stated intent (intent-match confidence 0.39) and doesn't align with this customer's history (preference-fit 0.03) — likely a mistaken purchase, held to prevent a probable return.",8cc89879
0.598,0.721,0.002,HOLD_FRAUD_REVIEW,Fraud-risk score 0.60 exceeds threshold 0.5 — held for manual fraud review.,efe1ee53
0.616,0.361,0.47,HOLD_FRAUD_REVIEW,Fraud-risk score 0.62 exceeds threshold 0.5 — held for manual fraud review.,06045665
0.622,0.721,0.93,HOLD_FRAUD_REVIEW,Fraud-risk score 0.62 exceeds threshold 0.5 — held for manual fraud review.,48a23b3b
0.173,0.721,0.2,AUTO_APPROVE,Low fraud-risk (0.17) and high intent-match confidence (0.72) — auto-approved.,1a38eea5
0.637,0.401,0.11,HOLD_FRAUD_REVIEW,Fraud-risk score 0.64 exceeds threshold 0.5 — held for manual fraud review.,07888fe3
0.61,0.721,0.61,HOLD_FRAUD_REVIEW,Fraud-risk score 0.61 exceeds threshold 0.5 — held for manual fraud review.,b959500e
0.293,0.334,0.094,HOLD_LIKELY_MISMATCH,"Order deviates from stated intent (intent-match confidence 0.33) and doesn't align with this customer's history (preference-fit 0.09) — likely a mistaken purchase, held to prevent a probable return.",1c548396
0.286,0.721,0.25,AUTO_APPROVE,Low fraud-risk (0.29) and high intent-match confidence (0.72) — auto-approved.,c48ce3f2
0.702,0.721,0.67,HOLD_FRAUD_REVIEW,Fraud-risk score 0.70 exceeds threshold 0.5 — held for manual fraud review.,739b29bb
0.571,0.3,0.85,HOLD_FRAUD_REVIEW,Fraud-risk score 0.57 exceeds threshold 0.5 — held for manual fraud review.,fc012e80
0.207,0.387,0.81,HOLD_CONFIRM_WITH_HUMAN,"Order deviates from stated intent (intent-match confidence 0.39), but this customer's history (preference-fit 0.81) suggests they may welcome this — routed to a quick human confirmation instead of auto-block.",b70beff5
0.663,0.229,0.66,HOLD_FRAUD_REVIEW,Fraud-risk score 0.66 exceeds threshold 0.5 — held for manual fraud review.,d62535e0
0.535,0.721,0.146,HOLD_FRAUD_REVIEW,Fraud-risk score 0.53 exceeds threshold 0.5 — held for manual fraud review.,b8ec2201
0.374,0.391,0.41,HOLD_LIKELY_MISMATCH,"Order deviates from stated intent (intent-match confidence 0.39) and doesn't align with this customer's history (preference-fit 0.41) — likely a mistaken purchase, held to prevent a probable return.",c7a70887
0.27,0.721,0.59,AUTO_APPROVE,Low fraud-risk (0.27) and high intent-match confidence (0.72) — auto-approved.,c659ac0b
0.462,0.721,0.93,AUTO_APPROVE,Low fraud-risk (0.46) and high intent-match confidence (0.72) — auto-approved.,47edf1a1
0.513,0.721,1.0,HOLD_FRAUD_REVIEW,Fraud-risk score 0.51 exceeds threshold 0.5 — held for manual fraud review.,3bee5e05
0.289,0.394,0.46,HOLD_LIKELY_MISMATCH,"Order deviates from stated intent (intent-match confidence 0.39) and doesn't align with this customer's history (preference-fit 0.46) — likely a mistaken purchase, held to prevent a probable return.",7f1a72b9
0.648,0.721,0.33,HOLD_FRAUD_REVIEW,Fraud-risk score 0.65 exceeds threshold 0.5 — held for manual fraud review.,97404d1b
0.429,0.721,0.084,AUTO_APPROVE,Low fraud-risk (0.43) and high intent-match confidence (0.72) — auto-approved.,40472971
0.519,0.721,0.66,HOLD_FRAUD_REVIEW,Fraud-risk score 0.52 exceeds threshold 0.5 — held for manual fraud review.,73d2f1ea
0.3,0.428,0.026,HOLD_LIKELY_MISMATCH,"Order deviates from stated intent (intent-match confidence 0.43) and doesn't align with this customer's history (preference-fit 0.03) — likely a mistaken purchase, held to prevent a probable return.",c5fc598c
0.457,0.311,0.09,HOLD_LIKELY_MISMATCH,"Order deviates from stated intent (intent-match confidence 0.31) and doesn't align with this customer's history (preference-fit 0.09) — likely a mistaken purchase, held to prevent a probable return.",e3932573
0.351,0.347,0.06,HOLD_LIKELY_MISMATCH,"Order deviates from stated intent (intent-match confidence 0.35) and doesn't align with this customer's history (preference-fit 0.06) — likely a mistaken purchase, held to prevent a probable return.",9a3a7e77
0.573,0.119,0.57,HOLD_FRAUD_REVIEW,Fraud-risk score 0.57 exceeds threshold 0.5 — held for manual fraud review.,95773433
0.203,0.285,0.17,HOLD_LIKELY_MISMATCH,"Order deviates from stated intent (intent-match confidence 0.29) and doesn't align with this customer's history (preference-fit 0.17) — likely a mistaken purchase, held to prevent a probable return.",01c6b39d
0.6,0.721,0.66,HOLD_FRAUD_REVIEW,Fraud-risk score 0.60 exceeds threshold 0.5 — held for manual fraud review.,0680ab7d
0.436,0.316,0.29,HOLD_LIKELY_MISMATCH,"Order deviates from stated intent (intent-match confidence 0.32) and doesn't align with this customer's history (preference-fit 0.29) — likely a mistaken purchase, held to prevent a probable return.",723572ca
0.232,0.721,0.62,AUTO_APPROVE,Low fraud-risk (0.23) and high intent-match confidence (0.72) — auto-approved.,9004fd2c
0.339,0.721,0.16,AUTO_APPROVE,Low fraud-risk (0.34) and high intent-match confidence (0.72) — auto-approved.,7ab9bfa2
0.399,0.3,0.87,HOLD_CONFIRM_WITH_HUMAN,"Order deviates from stated intent (intent-match confidence 0.30), but this customer's history (preference-fit 0.87) suggests they may welcome this — routed to a quick human confirmation instead of auto-block.",708ad849
0.26,0.721,0.85,AUTO_APPROVE,Low fraud-risk (0.26) and high intent-match confidence (0.72) — auto-approved.,62ef64f9
0.309,0.721,0.36,AUTO_APPROVE,Low fraud-risk (0.31) and high intent-match confidence (0.72) — auto-approved.,e4d51af0
0.172,0.466,0.02,HOLD_LIKELY_MISMATCH,"Order deviates from stated intent (intent-match confidence 0.47) and doesn't align with this customer's history (preference-fit 0.02) — likely a mistaken purchase, held to prevent a probable return.",a9d150ac
0.519,0.721,0.29,HOLD_FRAUD_REVIEW,Fraud-risk score 0.52 exceeds threshold 0.5 — held for manual fraud review.,c328852f
0.548,0.721,0.24,HOLD_FRAUD_REVIEW,Fraud-risk score 0.55 exceeds threshold 0.5 — held for manual fraud review.,d7e1ccb9
0.498,0.721,0.39,AUTO_APPROVE,Low fraud-risk (0.50) and high intent-match confidence (0.72) — auto-approved.,129bd657
0.528,0.721,0.8,HOLD_FRAUD_REVIEW,Fraud-risk score 0.53 exceeds threshold 0.5 — held for manual fraud review.,4cde8d6e
0.181,0.721,0.47,AUTO_APPROVE,Low fraud-risk (0.18) and high intent-match confidence (0.72) — auto-approved.,ecde756d
0.497,0.287,0.39,HOLD_LIKELY_MISMATCH,"Order deviates from stated intent (intent-match confidence 0.29) and doesn't align with this customer's history (preference-fit 0.39) — likely a mistaken purchase, held to prevent a probable return.",c13c6ae3
0.697,0.721,0.13,HOLD_FRAUD_REVIEW,Fraud-risk score 0.70 exceeds threshold 0.5 — held for manual fraud review.,9db3cd02
0.169,0.283,0.5,HOLD_CONFIRM_WITH_HUMAN,"Order deviates from stated intent (intent-match confidence 0.28), but this customer's history (preference-fit 0.50) suggests they may welcome this — routed to a quick human confirmation instead of auto-block.",1aa56dc9
0.505,0.721,0.098,HOLD_FRAUD_REVIEW,Fraud-risk score 0.50 exceeds threshold 0.5 — held for manual fraud review.,792e6450
0.406,0.721,0.24,AUTO_APPROVE,Low fraud-risk (0.41) and high intent-match confidence (0.72) — auto-approved.,76eedb38
0.502,0.721,0.91,HOLD_FRAUD_REVIEW,Fraud-risk score 0.50 exceeds threshold 0.5 — held for manual fraud review.,4f5ca733
0.251,0.721,0.3,AUTO_APPROVE,Low fraud-risk (0.25) and high intent-match confidence (0.72) — auto-approved.,fefd9b90
0.239,0.721,0.102,AUTO_APPROVE,Low fraud-risk (0.24) and high intent-match confidence (0.72) — auto-approved.,c8178d54
0.589,0.721,0.126,HOLD_FRAUD_REVIEW,Fraud-risk score 0.59 exceeds threshold 0.5 — held for manual fraud review.,e839508c
0.255,0.721,0.06,AUTO_APPROVE,Low fraud-risk (0.25) and high intent-match confidence (0.72) — auto-approved.,0946ff7a
0.569,0.721,0.29,HOLD_FRAUD_REVIEW,Fraud-risk score 0.57 exceeds threshold 0.5 — held for manual fraud review.,73984104
0.95,0.272,0.086,HOLD_FRAUD_REVIEW,Fraud-risk score 0.95 exceeds threshold 0.5 — held for manual fraud review.,25f1a432
0.255,0.329,0.14,HOLD_LIKELY_MISMATCH,"Order deviates from stated intent (intent-match confidence 0.33) and doesn't align with this customer's history (preference-fit 0.14) — likely a mistaken purchase, held to prevent a probable return.",604dbfc4
0.823,0.721,0.6,HOLD_FRAUD_REVIEW,Fraud-risk score 0.82 exceeds threshold 0.5 — held for manual fraud review.,b8881446
0.298,0.721,0.87,AUTO_APPROVE,Low fraud-risk (0.30) and high intent-match confidence (0.72) — auto-approved.,ee271a93
0.208,0.721,0.39,AUTO_APPROVE,Low fraud-risk (0.21) and high intent-match confidence (0.72) — auto-approved.,546a0afd
0.201,0.382,0.03,HOLD_LIKELY_MISMATCH,"Order deviates from stated intent (intent-match confidence 0.38) and doesn't align with this customer's history (preference-fit 0.03) — likely a mistaken purchase, held to prevent a probable return.",b7732efd
0.242,0.215,0.118,HOLD_LIKELY_MISMATCH,"Order deviates from stated intent (intent-match confidence 0.21) and doesn't align with this customer's history (preference-fit 0.12) — likely a mistaken purchase, held to prevent a probable return.",34f26336
0.423,0.721,0.67,AUTO_APPROVE,Low fraud-risk (0.42) and high intent-match confidence (0.72) — auto-approved.,81327b6a
0.525,0.721,0.108,HOLD_FRAUD_REVIEW,Fraud-risk score 0.52 exceeds threshold 0.5 — held for manual fraud review.,b0caa31e
0.559,0.721,0.02,HOLD_FRAUD_REVIEW,Fraud-risk score 0.56 exceeds threshold 0.5 — held for manual fraud review.,8895795a
0.295,0.411,0.88,HOLD_CONFIRM_WITH_HUMAN,"Order deviates from stated intent (intent-match confidence 0.41), but this customer's history (preference-fit 0.88) suggests they may welcome this — routed to a quick human confirmation instead of auto-block.",52658bef
0.587,0.721,0.42,HOLD_FRAUD_REVIEW,Fraud-risk score 0.59 exceeds threshold 0.5 — held for manual fraud review.,a6c1238f
0.524,0.721,0.172,HOLD_FRAUD_REVIEW,Fraud-risk score 0.52 exceeds threshold 0.5 — held for manual fraud review.,df62b37c
0.56,0.394,0.79,HOLD_FRAUD_REVIEW,Fraud-risk score 0.56 exceeds threshold 0.5 — held for manual fraud review.,b632823a
0.681,0.721,0.16,HOLD_FRAUD_REVIEW,Fraud-risk score 0.68 exceeds threshold 0.5 — held for manual fraud review.,8b11dca3
0.308,0.721,0.94,AUTO_APPROVE,Low fraud-risk (0.31) and high intent-match confidence (0.72) — auto-approved.,ac1ee47a
0.58,0.721,0.012,HOLD_FRAUD_REVIEW,Fraud-risk score 0.58 exceeds threshold 0.5 — held for manual fraud review.,d95459fa
0.301,0.413,0.86,HOLD_CONFIRM_WITH_HUMAN,"Order deviates from stated intent (intent-match confidence 0.41), but this customer's history (preference-fit 0.86) suggests they may welcome this — routed to a quick human confirmation instead of auto-block.",521ff725
0.604,0.721,0.87,HOLD_FRAUD_REVIEW,Fraud-risk score 0.60 exceeds threshold 0.5 — held for manual fraud review.,054ca9a0
0.367,0.721,0.156,AUTO_APPROVE,Low fraud-risk (0.37) and high intent-match confidence (0.72) — auto-approved.,8f52c657
0.569,0.721,0.29,HOLD_FRAUD_REVIEW,Fraud-risk score 0.57 exceeds threshold 0.5 — held for manual fraud review.,a90d8143
0.266,0.326,0.5,HOLD_CONFIRM_WITH_HUMAN,"Order deviates from stated intent (intent-match confidence 0.33), but this customer's history (preference-fit 0.50) suggests they may welcome this — routed to a quick human confirmation instead of auto-block.",b290cadc
0.359,0.359,0.33,HOLD_LIKELY_MISMATCH,"Order deviates from stated intent (intent-match confidence 0.36) and doesn't align with this customer's history (preference-fit 0.33) — likely a mistaken purchase, held to prevent a probable return.",5a42eb3d
0.895,0.721,0.12,HOLD_FRAUD_REVIEW,Fraud-risk score 0.90 exceeds threshold 0.5 — held for manual fraud review.,4292bdb9
0.252,0.721,0.36,AUTO_APPROVE,Low fraud-risk (0.25) and high intent-match confidence (0.72) — auto-approved.,e73b9804
0.448,0.721,0.88,AUTO_APPROVE,Low fraud-risk (0.45) and high intent-match confidence (0.72) — auto-approved.,697b2398
0.808,0.721,0.004,HOLD_FRAUD_REVIEW,Fraud-risk score 0.81 exceeds threshold 0.5 — held for manual fraud review.,11ce7965
0.812,0.721,0.03,HOLD_FRAUD_REVIEW,Fraud-risk score 0.81 exceeds threshold 0.5 — held for manual fraud review.,3252ca05
0.528,0.721,0.27,HOLD_FRAUD_REVIEW,Fraud-risk score 0.53 exceeds threshold 0.5 — held for manual fraud review.,fee1c649
0.578,0.219,0.154,HOLD_FRAUD_REVIEW,Fraud-risk score 0.58 exceeds threshold 0.5 — held for manual fraud review.,9ce759e2
0.174,0.721,0.93,AUTO_APPROVE,Low fraud-risk (0.17) and high intent-match confidence (0.72) — auto-approved.,e3055bf3
0.25,0.721,0.85,AUTO_APPROVE,Low fraud-risk (0.25) and high intent-match confidence (0.72) — auto-approved.,f373ff14
0.236,0.721,0.048,AUTO_APPROVE,Low fraud-risk (0.24) and high intent-match confidence (0.72) — auto-approved.,aa1ad2a9
0.204,0.439,0.58,HOLD_CONFIRM_WITH_HUMAN,"Order deviates from stated intent (intent-match confidence 0.44), but this customer's history (preference-fit 0.58) suggests they may welcome this — routed to a quick human confirmation instead of auto-block.",89bbc73f
0.536,0.368,0.41,HOLD_FRAUD_REVIEW,Fraud-risk score 0.54 exceeds threshold 0.5 — held for manual fraud review.,356051a6
0.749,0.721,0.23,HOLD_FRAUD_REVIEW,Fraud-risk score 0.75 exceeds threshold 0.5 — held for manual fraud review.,bbd137a7
0.171,0.721,0.56,AUTO_APPROVE,Low fraud-risk (0.17) and high intent-match confidence (0.72) — auto-approved.,ef5a8990
0.701,0.197,0.102,HOLD_FRAUD_REVIEW,Fraud-risk score 0.70 exceeds threshold 0.5 — held for manual fraud review.,5cf35904
0.312,0.721,0.042,AUTO_APPROVE,Low fraud-risk (0.31) and high intent-match confidence (0.72) — auto-approved.,f3e43f8c
0.683,0.721,0.176,HOLD_FRAUD_REVIEW,Fraud-risk score 0.68 exceeds threshold 0.5 — held for manual fraud review.,088c2647
0.307,0.721,0.07,AUTO_APPROVE,Low fraud-risk (0.31) and high intent-match confidence (0.72) — auto-approved.,e2c65a0e
0.625,0.224,0.128,HOLD_FRAUD_REVIEW,Fraud-risk score 0.63 exceeds threshold 0.5 — held for manual fraud review.,df1cc197
0.203,0.721,0.002,AUTO_APPROVE,Low fraud-risk (0.20) and high intent-match confidence (0.72) — auto-approved.,a3a574f0
0.189,0.721,0.11,AUTO_APPROVE,Low fraud-risk (0.19) and high intent-match confidence (0.72) — auto-approved.,44cfc582
0.381,0.721,0.7,AUTO_APPROVE,Low fraud-risk (0.38) and high intent-match confidence (0.72) — auto-approved.,51f95cb1
0.504,0.721,0.68,HOLD_FRAUD_REVIEW,Fraud-risk score 0.50 exceeds threshold 0.5 — held for manual fraud review.,0c0576f5
0.775,0.721,0.87,HOLD_FRAUD_REVIEW,Fraud-risk score 0.77 exceeds threshold 0.5 — held for manual fraud review.,39060ba7
0.524,0.364,0.85,HOLD_FRAUD_REVIEW,Fraud-risk score 0.52 exceeds threshold 0.5 — held for manual fraud review.,b3bcd279
0.335,0.721,0.59,AUTO_APPROVE,Low fraud-risk (0.33) and high intent-match confidence (0.72) — auto-approved.,7f45d816
0.351,0.329,0.45,HOLD_LIKELY_MISMATCH,"Order deviates from stated intent (intent-match confidence 0.33) and doesn't align with this customer's history (preference-fit 0.45) — likely a mistaken purchase, held to prevent a probable return.",b4726119
0.831,0.292,0.2,HOLD_FRAUD_REVIEW,Fraud-risk score 0.83 exceeds threshold 0.5 — held for manual fraud review.,a9e02243
0.485,0.721,0.36,AUTO_APPROVE,Low fraud-risk (0.49) and high intent-match confidence (0.72) — auto-approved.,01610cdd
0.584,0.721,0.024,HOLD_FRAUD_REVIEW,Fraud-risk score 0.58 exceeds threshold 0.5 — held for manual fraud review.,27da3f1f
0.627,0.721,0.34,HOLD_FRAUD_REVIEW,Fraud-risk score 0.63 exceeds threshold 0.5 — held for manual fraud review.,a2000c81
0.46,0.312,0.58,HOLD_CONFIRM_WITH_HUMAN,"Order deviates from stated intent (intent-match confidence 0.31), but this customer's history (preference-fit 0.58) suggests they may welcome this — routed to a quick human confirmation instead of auto-block.",f23c0b40
0.708,0.721,0.044,HOLD_FRAUD_REVIEW,Fraud-risk score 0.71 exceeds threshold 0.5 — held for manual fraud review.,c2864ef9
0.399,0.721,0.58,AUTO_APPROVE,Low fraud-risk (0.40) and high intent-match confidence (0.72) — auto-approved.,f4f66084
0.568,0.297,0.62,HOLD_FRAUD_REVIEW,Fraud-risk score 0.57 exceeds threshold 0.5 — held for manual fraud review.,5fb259c7
0.206,0.721,0.14,AUTO_APPROVE,Low fraud-risk (0.21) and high intent-match confidence (0.72) — auto-approved.,5f4245ff
0.618,0.721,0.018,HOLD_FRAUD_REVIEW,Fraud-risk score 0.62 exceeds threshold 0.5 — held for manual fraud review.,f5e1c7a9
0.312,0.721,0.5,AUTO_APPROVE,Low fraud-risk (0.31) and high intent-match confidence (0.72) — auto-approved.,eb57ca8a
0.371,0.721,0.48,AUTO_APPROVE,Low fraud-risk (0.37) and high intent-match confidence (0.72) — auto-approved.,3ebef3c1
0.266,0.721,0.188,AUTO_APPROVE,Low fraud-risk (0.27) and high intent-match confidence (0.72) — auto-approved.,3f148002
0.466,0.167,0.146,HOLD_LIKELY_MISMATCH,"Order deviates from stated intent (intent-match confidence 0.17) and doesn't align with this customer's history (preference-fit 0.15) — likely a mistaken purchase, held to prevent a probable return.",a8ee6fa1
0.249,0.721,0.082,AUTO_APPROVE,Low fraud-risk (0.25) and high intent-match confidence (0.72) — auto-approved.,c9adacad
0.456,0.721,0.34,AUTO_APPROVE,Low fraud-risk (0.46) and high intent-match confidence (0.72) — auto-approved.,31eafe95
0.498,0.721,0.078,AUTO_APPROVE,Low fraud-risk (0.50) and high intent-match confidence (0.72) — auto-approved.,4e506c6d
0.558,0.154,0.174,HOLD_FRAUD_REVIEW,Fraud-risk score 0.56 exceeds threshold 0.5 — held for manual fraud review.,5e73c0b9
0.601,0.721,0.64,HOLD_FRAUD_REVIEW,Fraud-risk score 0.60 exceeds threshold 0.5 — held for manual fraud review.,66eb9e26
0.509,0.721,0.86,HOLD_FRAUD_REVIEW,Fraud-risk score 0.51 exceeds threshold 0.5 — held for manual fraud review.,0cbcc158
0.309,0.721,0.93,AUTO_APPROVE,Low fraud-risk (0.31) and high intent-match confidence (0.72) — auto-approved.,c6ea4cf2
0.169,0.721,0.186,AUTO_APPROVE,Low fraud-risk (0.17) and high intent-match confidence (0.72) — auto-approved.,ab68757e
0.473,0.721,0.44,AUTO_APPROVE,Low fraud-risk (0.47) and high intent-match confidence (0.72) — auto-approved.,f6428caa
0.614,0.721,0.36,HOLD_FRAUD_REVIEW,Fraud-risk score 0.61 exceeds threshold 0.5 — held for manual fraud review.,af175572
0.39,0.721,0.42,AUTO_APPROVE,Low fraud-risk (0.39) and high intent-match confidence (0.72) — auto-approved.,f26819cd
0.492,0.449,0.38,HOLD_LIKELY_MISMATCH,"Order deviates from stated intent (intent-match confidence 0.45) and doesn't align with this customer's history (preference-fit 0.38) — likely a mistaken purchase, held to prevent a probable return.",1bddbbd2
0.774,0.721,0.32,HOLD_FRAUD_REVIEW,Fraud-risk score 0.77 exceeds threshold 0.5 — held for manual fraud review.,04f47d39
0.617,0.178,0.036,HOLD_FRAUD_REVIEW,Fraud-risk score 0.62 exceeds threshold 0.5 — held for manual fraud review.,c0e4f8fd
0.514,0.245,0.5,HOLD_FRAUD_REVIEW,Fraud-risk score 0.51 exceeds threshold 0.5 — held for manual fraud review.,d5bae68f
0.809,0.721,0.186,HOLD_FRAUD_REVIEW,Fraud-risk score 0.81 exceeds threshold 0.5 — held for manual fraud review.,f6cea012
0.263,0.721,0.56,AUTO_APPROVE,Low fraud-risk (0.26) and high intent-match confidence (0.72) — auto-approved.,1f0f03cc
0.738,0.299,0.31,HOLD_FRAUD_REVIEW,Fraud-risk score 0.74 exceeds threshold 0.5 — held for manual fraud review.,956cacce
0.637,0.721,0.24,HOLD_FRAUD_REVIEW,Fraud-risk score 0.64 exceeds threshold 0.5 — held for manual fraud review.,1fd01d24
0.34,0.721,0.64,AUTO_APPROVE,Low fraud-risk (0.34) and high intent-match confidence (0.72) — auto-approved.,5058766f
0.359,0.323,0.052,HOLD_LIKELY_MISMATCH,"Order deviates from stated intent (intent-match confidence 0.32) and doesn't align with this customer's history (preference-fit 0.05) — likely a mistaken purchase, held to prevent a probable return.",ad768c5e
0.206,0.721,0.032,AUTO_APPROVE,Low fraud-risk (0.21) and high intent-match confidence (0.72) — auto-approved.,76f1724b
0.59,0.721,0.78,HOLD_FRAUD_REVIEW,Fraud-risk score 0.59 exceeds threshold 0.5 — held for manual fraud review.,68b064ad
0.413,0.721,0.2,AUTO_APPROVE,Low fraud-risk (0.41) and high intent-match confidence (0.72) — auto-approved.,f245d9f7
0.201,0.721,0.04,AUTO_APPROVE,Low fraud-risk (0.20) and high intent-match confidence (0.72) — auto-approved.,4856dfa6
0.224,0.406,0.33,HOLD_LIKELY_MISMATCH,"Order deviates from stated intent (intent-match confidence 0.41) and doesn't align with this customer's history (preference-fit 0.33) — likely a mistaken purchase, held to prevent a probable return.",a31750a1
0.517,0.238,0.12,HOLD_FRAUD_REVIEW,Fraud-risk score 0.52 exceeds threshold 0.5 — held for manual fraud review.,1d261279
0.346,0.721,0.99,AUTO_APPROVE,Low fraud-risk (0.35) and high intent-match confidence (0.72) — auto-approved.,4e5e6beb
0.473,0.721,0.062,AUTO_APPROVE,Low fraud-risk (0.47) and high intent-match confidence (0.72) — auto-approved.,57818cc3
0.373,0.721,0.46,AUTO_APPROVE,Low fraud-risk (0.37) and high intent-match confidence (0.72) — auto-approved.,043fdda8
0.496,0.313,0.004,HOLD_LIKELY_MISMATCH,"Order deviates from stated intent (intent-match confidence 0.31) and doesn't align with this customer's history (preference-fit 0.00) — likely a mistaken purchase, held to prevent a probable return.",547ed855
0.418,0.721,0.116,AUTO_APPROVE,Low fraud-risk (0.42) and high intent-match confidence (0.72) — auto-approved.,a56ef5de
0.45,0.218,0.086,HOLD_LIKELY_MISMATCH,"Order deviates from stated intent (intent-match confidence 0.22) and doesn't align with this customer's history (preference-fit 0.09) — likely a mistaken purchase, held to prevent a probable return.",8dc5262e
0.226,0.394,0.27,HOLD_LIKELY_MISMATCH,"Order deviates from stated intent (intent-match confidence 0.39) and doesn't align with this customer's history (preference-fit 0.27) — likely a mistaken purchase, held to prevent a probable return.",87fbe0cf
0.255,0.189,0.16,HOLD_LIKELY_MISMATCH,"Order deviates from stated intent (intent-match confidence 0.19) and doesn't align with this customer's history (preference-fit 0.16) — likely a mistaken purchase, held to prevent a probable return.",e7c3b8a7
0.78,0.352,0.71,HOLD_FRAUD_REVIEW,Fraud-risk score 0.78 exceeds threshold 0.5 — held for manual fraud review.,856293cb
0.207,0.199,0.08,HOLD_LIKELY_MISMATCH,"Order deviates from stated intent (intent-match confidence 0.20) and doesn't align with this customer's history (preference-fit 0.08) — likely a mistaken purchase, held to prevent a probable return.",bdedbaf0
0.735,0.344,0.67,HOLD_FRAUD_REVIEW,Fraud-risk score 0.74 exceeds threshold 0.5 — held for manual fraud review.,deb74b0d
0.218,0.337,0.63,HOLD_CONFIRM_WITH_HUMAN,"Order deviates from stated intent (intent-match confidence 0.34), but this customer's history (preference-fit 0.63) suggests they may welcome this — routed to a quick human confirmation instead of auto-block.",ddb7ec33
0.361,0.721,0.57,AUTO_APPROVE,Low fraud-risk (0.36) and high intent-match confidence (0.72) — auto-approved.,ff9877bf
0.262,0.413,0.1,HOLD_LIKELY_MISMATCH,"Order deviates from stated intent (intent-match confidence 0.41) and doesn't align with this customer's history (preference-fit 0.10) — likely a mistaken purchase, held to prevent a probable return.",fd24f36c
0.544,0.721,0.79,HOLD_FRAUD_REVIEW,Fraud-risk score 0.54 exceeds threshold 0.5 — held for manual fraud review.,8219088d
0.197,0.398,0.82,HOLD_CONFIRM_WITH_HUMAN,"Order deviates from stated intent (intent-match confidence 0.40), but this customer's history (preference-fit 0.82) suggests they may welcome this — routed to a quick human confirmation instead of auto-block.",6279da3a
0.168,0.345,0.99,HOLD_CONFIRM_WITH_HUMAN,"Order deviates from stated intent (intent-match confidence 0.34), but this customer's history (preference-fit 0.99) suggests they may welcome this — routed to a quick human confirmation instead of auto-block.",194ecf01
0.626,0.721,0.014,HOLD_FRAUD_REVIEW,Fraud-risk score 0.63 exceeds threshold 0.5 — held for manual fraud review.,bcfaee9b
0.518,0.721,0.128,HOLD_FRAUD_REVIEW,Fraud-risk score 0.52 exceeds threshold 0.5 — held for manual fraud review.,e686a5ce
0.724,0.351,0.05,HOLD_FRAUD_REVIEW,Fraud-risk score 0.72 exceeds threshold 0.5 — held for manual fraud review.,48afa281
0.463,0.329,0.11,HOLD_LIKELY_MISMATCH,"Order deviates from stated intent (intent-match confidence 0.33) and doesn't align with this customer's history (preference-fit 0.11) — likely a mistaken purchase, held to prevent a probable return.",c1da0116
0.741,0.721,0.02,HOLD_FRAUD_REVIEW,Fraud-risk score 0.74 exceeds threshold 0.5 — held for manual fraud review.,1e491f89
0.369,0.721,0.06,AUTO_APPROVE,Low fraud-risk (0.37) and high intent-match confidence (0.72) — auto-approved.,24701508
0.466,0.721,0.128,AUTO_APPROVE,Low fraud-risk (0.47) and high intent-match confidence (0.72) — auto-approved.,d720f69b
0.193,0.721,0.87,AUTO_APPROVE,Low fraud-risk (0.19) and high intent-match confidence (0.72) — auto-approved.,ae99be08
0.848,0.721,0.16,HOLD_FRAUD_REVIEW,Fraud-risk score 0.85 exceeds threshold 0.5 — held for manual fraud review.,f214c5fe
0.285,0.405,0.21,HOLD_LIKELY_MISMATCH,"Order deviates from stated intent (intent-match confidence 0.41) and doesn't align with this customer's history (preference-fit 0.21) — likely a mistaken purchase, held to prevent a probable return.",adf7aed8
0.402,0.721,0.122,AUTO_APPROVE,Low fraud-risk (0.40) and high intent-match confidence (0.72) — auto-approved.,a1db527e
0.194,0.721,0.04,AUTO_APPROVE,Low fraud-risk (0.19) and high intent-match confidence (0.72) — auto-approved.,4ac97563
0.736,0.721,0.06,HOLD_FRAUD_REVIEW,Fraud-risk score 0.74 exceeds threshold 0.5 — held for manual fraud review.,985234fb
0.479,0.721,0.028,AUTO_APPROVE,Low fraud-risk (0.48) and high intent-match confidence (0.72) — auto-approved.,ea5d2e27
0.386,0.721,0.62,AUTO_APPROVE,Low fraud-risk (0.39) and high intent-match confidence (0.72) — auto-approved.,08725a6f
0.825,0.721,0.74,HOLD_FRAUD_REVIEW,Fraud-risk score 0.82 exceeds threshold 0.5 — held for manual fraud review.,c0b4953e
0.381,0.721,0.99,AUTO_APPROVE,Low fraud-risk (0.38) and high intent-match confidence (0.72) — auto-approved.,3af02809
0.393,0.721,0.93,AUTO_APPROVE,Low fraud-risk (0.39) and high intent-match confidence (0.72) — auto-approved.,68d52828
0.18,0.721,0.064,AUTO_APPROVE,Low fraud-risk (0.18) and high intent-match confidence (0.72) — auto-approved.,79d6aa3b
0.264,0.441,0.138,HOLD_LIKELY_MISMATCH,"Order deviates from stated intent (intent-match confidence 0.44) and doesn't align with this customer's history (preference-fit 0.14) — likely a mistaken purchase, held to prevent a probable return.",f9b0ec55
0.45,0.721,0.15,AUTO_APPROVE,Low fraud-risk (0.45) and high intent-match confidence (0.72) — auto-approved.,6632823e
0.247,0.721,0.6,AUTO_APPROVE,Low fraud-risk (0.25) and high intent-match confidence (0.72) — auto-approved.,7719a60c
0.816,0.341,0.59,HOLD_FRAUD_REVIEW,Fraud-risk score 0.82 exceeds threshold 0.5 — held for manual fraud review.,0cd356c9
0.502,0.721,0.83,HOLD_FRAUD_REVIEW,Fraud-risk score 0.50 exceeds threshold 0.5 — held for manual fraud review.,a3b03dba
0.233,0.721,0.77,AUTO_APPROVE,Low fraud-risk (0.23) and high intent-match confidence (0.72) — auto-approved.,910967cb
0.366,0.721,0.0,AUTO_APPROVE,Low fraud-risk (0.37) and high intent-match confidence (0.72) — auto-approved.,d1fb1df9
0.575,0.721,0.188,HOLD_FRAUD_REVIEW,Fraud-risk score 0.57 exceeds threshold 0.5 — held for manual fraud review.,1f365db3
0.375,0.721,0.6,AUTO_APPROVE,Low fraud-risk (0.38) and high intent-match confidence (0.72) — auto-approved.,ffe8b70b
0.403,0.721,0.41,AUTO_APPROVE,Low fraud-risk (0.40) and high intent-match confidence (0.72) — auto-approved.,65cde640
0.205,0.416,0.68,HOLD_CONFIRM_WITH_HUMAN,"Order deviates from stated intent (intent-match confidence 0.42), but this customer's history (preference-fit 0.68) suggests they may welcome this — routed to a quick human confirmation instead of auto-block.",d3126726
0.504,0.226,0.53,HOLD_FRAUD_REVIEW,Fraud-risk score 0.50 exceeds threshold 0.5 — held for manual fraud review.,fb44c337
0.309,0.299,0.82,HOLD_CONFIRM_WITH_HUMAN,"Order deviates from stated intent (intent-match confidence 0.30), but this customer's history (preference-fit 0.82) suggests they may welcome this — routed to a quick human confirmation instead of auto-block.",6694cb27
0.412,0.721,0.156,AUTO_APPROVE,Low fraud-risk (0.41) and high intent-match confidence (0.72) — auto-approved.,7bc71020
0.249,0.721,0.68,AUTO_APPROVE,Low fraud-risk (0.25) and high intent-match confidence (0.72) — auto-approved.,ab2d3749
0.28,0.294,0.106,HOLD_LIKELY_MISMATCH,"Order deviates from stated intent (intent-match confidence 0.29) and doesn't align with this customer's history (preference-fit 0.11) — likely a mistaken purchase, held to prevent a probable return.",e2ef0d7e
0.29,0.362,0.23,HOLD_LIKELY_MISMATCH,"Order deviates from stated intent (intent-match confidence 0.36) and doesn't align with this customer's history (preference-fit 0.23) — likely a mistaken purchase, held to prevent a probable return.",9681402c
0.262,0.721,0.082,AUTO_APPROVE,Low fraud-risk (0.26) and high intent-match confidence (0.72) — auto-approved.,3536faab
0.713,0.304,0.39,HOLD_FRAUD_REVIEW,Fraud-risk score 0.71 exceeds threshold 0.5 — held for manual fraud review.,b8d588f5
0.487,0.428,0.05,HOLD_LIKELY_MISMATCH,"Order deviates from stated intent (intent-match confidence 0.43) and doesn't align with this customer's history (preference-fit 0.05) — likely a mistaken purchase, held to prevent a probable return.",aaee875e
0.193,0.35,0.48,HOLD_LIKELY_MISMATCH,"Order deviates from stated intent (intent-match confidence 0.35) and doesn't align with this customer's history (preference-fit 0.48) — likely a mistaken purchase, held to prevent a probable return.",2e124d1c
0.982,0.259,0.31,HOLD_FRAUD_REVIEW,Fraud-risk score 0.98 exceeds threshold 0.5 — held for manual fraud review.,933c436b
0.398,0.721,0.58,AUTO_APPROVE,Low fraud-risk (0.40) and high intent-match confidence (0.72) — auto-approved.,0da2fe0a
0.179,0.721,0.188,AUTO_APPROVE,Low fraud-risk (0.18) and high intent-match confidence (0.72) — auto-approved.,68974520
0.472,0.721,0.2,AUTO_APPROVE,Low fraud-risk (0.47) and high intent-match confidence (0.72) — auto-approved.,09775933
0.172,0.721,0.89,AUTO_APPROVE,Low fraud-risk (0.17) and high intent-match confidence (0.72) — auto-approved.,7c754e45
0.485,0.211,0.148,HOLD_LIKELY_MISMATCH,"Order deviates from stated intent (intent-match confidence 0.21) and doesn't align with this customer's history (preference-fit 0.15) — likely a mistaken purchase, held to prevent a probable return.",166f4430
0.396,0.721,0.93,AUTO_APPROVE,Low fraud-risk (0.40) and high intent-match confidence (0.72) — auto-approved.,1c8f6c1a
0.258,0.126,0.06,HOLD_LIKELY_MISMATCH,"Order deviates from stated intent (intent-match confidence 0.13) and doesn't align with this customer's history (preference-fit 0.06) — likely a mistaken purchase, held to prevent a probable return.",feb2088d
0.399,0.721,0.76,AUTO_APPROVE,Low fraud-risk (0.40) and high intent-match confidence (0.72) — auto-approved.,5b01d979
0.79,0.437,0.81,HOLD_FRAUD_REVIEW,Fraud-risk score 0.79 exceeds threshold 0.5 — held for manual fraud review.,2c6ac06e
0.853,0.333,0.68,HOLD_FRAUD_REVIEW,Fraud-risk score 0.85 exceeds threshold 0.5 — held for manual fraud review.,6a7dde30
0.404,0.721,0.174,AUTO_APPROVE,Low fraud-risk (0.40) and high intent-match confidence (0.72) — auto-approved.,cf9b2dc2
0.878,0.212,0.184,HOLD_FRAUD_REVIEW,Fraud-risk score 0.88 exceeds threshold 0.5 — held for manual fraud review.,fbd60179
0.407,0.721,0.5,AUTO_APPROVE,Low fraud-risk (0.41) and high intent-match confidence (0.72) — auto-approved.,dc2885d1
0.35,0.721,0.188,AUTO_APPROVE,Low fraud-risk (0.35) and high intent-match confidence (0.72) — auto-approved.,ba6f939f
0.202,0.439,0.74,HOLD_CONFIRM_WITH_HUMAN,"Order deviates from stated intent (intent-match confidence 0.44), but this customer's history (preference-fit 0.74) suggests they may welcome this — routed to a quick human confirmation instead of auto-block.",cd12af0a
0.74,0.721,0.17,HOLD_FRAUD_REVIEW,Fraud-risk score 0.74 exceeds threshold 0.5 — held for manual fraud review.,abf2d563
0.492,0.445,0.27,HOLD_LIKELY_MISMATCH,"Order deviates from stated intent (intent-match confidence 0.45) and doesn't align with this customer's history (preference-fit 0.27) — likely a mistaken purchase, held to prevent a probable return.",b2cb8d17
0.563,0.721,0.42,HOLD_FRAUD_REVIEW,Fraud-risk score 0.56 exceeds threshold 0.5 — held for manual fraud review.,3d75bf02
0.45,0.721,0.88,AUTO_APPROVE,Low fraud-risk (0.45) and high intent-match confidence (0.72) — auto-approved.,622f6164
0.413,0.721,0.98,AUTO_APPROVE,Low fraud-risk (0.41) and high intent-match confidence (0.72) — auto-approved.,809797d2
0.302,0.721,0.31,AUTO_APPROVE,Low fraud-risk (0.30) and high intent-match confidence (0.72) — auto-approved.,3f1a6e28
0.254,0.721,0.48,AUTO_APPROVE,Low fraud-risk (0.25) and high intent-match confidence (0.72) — auto-approved.,e29f0653
0.565,0.224,0.62,HOLD_FRAUD_REVIEW,Fraud-risk score 0.56 exceeds threshold 0.5 — held for manual fraud review.,adc3809b
0.391,0.721,0.056,AUTO_APPROVE,Low fraud-risk (0.39) and high intent-match confidence (0.72) — auto-approved.,a3b422af
0.598,0.426,0.07,HOLD_FRAUD_REVIEW,Fraud-risk score 0.60 exceeds threshold 0.5 — held for manual fraud review.,e1830701
0.604,0.36,0.32,HOLD_FRAUD_REVIEW,Fraud-risk score 0.60 exceeds threshold 0.5 — held for manual fraud review.,2b8b64cf
0.249,0.356,0.21,HOLD_LIKELY_MISMATCH,"Order deviates from stated intent (intent-match confidence 0.36) and doesn't align with this customer's history (preference-fit 0.21) — likely a mistaken purchase, held to prevent a probable return.",f40b56e7
0.248,0.721,0.56,AUTO_APPROVE,Low fraud-risk (0.25) and high intent-match confidence (0.72) — auto-approved.,33735547
0.355,0.321,0.29,HOLD_LIKELY_MISMATCH,"Order deviates from stated intent (intent-match confidence 0.32) and doesn't align with this customer's history (preference-fit 0.29) — likely a mistaken purchase, held to prevent a probable return.",7ae3c4e5
0.323,0.721,0.036,AUTO_APPROVE,Low fraud-risk (0.32) and high intent-match confidence (0.72) — auto-approved.,b624c76e
0.258,0.721,0.97,AUTO_APPROVE,Low fraud-risk (0.26) and high intent-match confidence (0.72) — auto-approved.,8c0b86bf
0.536,0.721,0.038,HOLD_FRAUD_REVIEW,Fraud-risk score 0.54 exceeds threshold 0.5 — held for manual fraud review.,32c7dbd8
0.544,0.721,0.98,HOLD_FRAUD_REVIEW,Fraud-risk score 0.54 exceeds threshold 0.5 — held for manual fraud review.,db122dc1
0.213,0.721,0.75,AUTO_APPROVE,Low fraud-risk (0.21) and high intent-match confidence (0.72) — auto-approved.,0ff59422
0.415,0.244,0.156,HOLD_LIKELY_MISMATCH,"Order deviates from stated intent (intent-match confidence 0.24) and doesn't align with this customer's history (preference-fit 0.16) — likely a mistaken purchase, held to prevent a probable return.",95abdc2f
0.425,0.721,0.54,AUTO_APPROVE,Low fraud-risk (0.43) and high intent-match confidence (0.72) — auto-approved.,7794ca35
0.796,0.254,0.124,HOLD_FRAUD_REVIEW,Fraud-risk score 0.80 exceeds threshold 0.5 — held for manual fraud review.,8b7b2368
0.623,0.26,0.59,HOLD_FRAUD_REVIEW,Fraud-risk score 0.62 exceeds threshold 0.5 — held for manual fraud review.,c5723497
0.836,0.349,0.69,HOLD_FRAUD_REVIEW,Fraud-risk score 0.84 exceeds threshold 0.5 — held for manual fraud review.,e03cb0db
0.257,0.721,0.006,AUTO_APPROVE,Low fraud-risk (0.26) and high intent-match confidence (0.72) — auto-approved.,ebdf7b11
0.729,0.721,0.032,HOLD_FRAUD_REVIEW,Fraud-risk score 0.73 exceeds threshold 0.5 — held for manual fraud review.,1bd3c710
0.454,0.721,0.088,AUTO_APPROVE,Low fraud-risk (0.45) and high intent-match confidence (0.72) — auto-approved.,56ebad9d
0.207,0.721,0.42,AUTO_APPROVE,Low fraud-risk (0.21) and high intent-match confidence (0.72) — auto-approved.,5dcaa397
0.775,0.721,0.88,HOLD_FRAUD_REVIEW,Fraud-risk score 0.77 exceeds threshold 0.5 — held for manual fraud review.,012d91e8
0.435,0.721,0.46,AUTO_APPROVE,Low fraud-risk (0.43) and high intent-match confidence (0.72) — auto-approved.,17d425fe
0.309,0.721,0.29,AUTO_APPROVE,Low fraud-risk (0.31) and high intent-match confidence (0.72) — auto-approved.,9ac00817
0.371,0.721,0.5,AUTO_APPROVE,Low fraud-risk (0.37) and high intent-match confidence (0.72) — auto-approved.,80638801
0.492,0.721,0.72,AUTO_APPROVE,Low fraud-risk (0.49) and high intent-match confidence (0.72) — auto-approved.,8a94f474
0.36,0.721,0.01,AUTO_APPROVE,Low fraud-risk (0.36) and high intent-match confidence (0.72) — auto-approved.,e78b9334
0.453,0.721,0.01,AUTO_APPROVE,Low fraud-risk (0.45) and high intent-match confidence (0.72) — auto-approved.,48b469ab
0.523,0.462,0.19,HOLD_FRAUD_REVIEW,Fraud-risk score 0.52 exceeds threshold 0.5 — held for manual fraud review.,24c44d52
0.769,0.357,0.5,HOLD_FRAUD_REVIEW,Fraud-risk score 0.77 exceeds threshold 0.5 — held for manual fraud review.,f693f125
0.171,0.721,0.87,AUTO_APPROVE,Low fraud-risk (0.17) and high intent-match confidence (0.72) — auto-approved.,e508035f
0.448,0.721,0.91,AUTO_APPROVE,Low fraud-risk (0.45) and high intent-match confidence (0.72) — auto-approved.,56ad2037
0.4,0.721,0.34,AUTO_APPROVE,Low fraud-risk (0.40) and high intent-match confidence (0.72) — auto-approved.,30cc2e1a
0.389,0.721,0.97,AUTO_APPROVE,Low fraud-risk (0.39) and high intent-match confidence (0.72) — auto-approved.,b36a3757
0.364,0.721,0.39,AUTO_APPROVE,Low fraud-risk (0.36) and high intent-match confidence (0.72) — auto-approved.,f249edc2
0.74,0.721,0.86,HOLD_FRAUD_REVIEW,Fraud-risk score 0.74 exceeds threshold 0.5 — held for manual fraud review.,33efd1e5
0.865,0.336,0.32,HOLD_FRAUD_REVIEW,Fraud-risk score 0.87 exceeds threshold 0.5 — held for manual fraud review.,7377a5eb
0.57,0.721,0.34,HOLD_FRAUD_REVIEW,Fraud-risk score 0.57 exceeds threshold 0.5 — held for manual fraud review.,c138025e
0.839,0.235,0.63,HOLD_FRAUD_REVIEW,Fraud-risk score 0.84 exceeds threshold 0.5 — held for manual fraud review.,69a0c83b
0.965,0.721,0.142,HOLD_FRAUD_REVIEW,Fraud-risk score 0.96 exceeds threshold 0.5 — held for manual fraud review.,8468a59e
0.164,0.721,0.89,AUTO_APPROVE,Low fraud-risk (0.16) and high intent-match confidence (0.72) — auto-approved.,b69ff7ed
0.186,0.258,0.082,HOLD_LIKELY_MISMATCH,"Order deviates from stated intent (intent-match confidence 0.26) and doesn't align with this customer's history (preference-fit 0.08) — likely a mistaken purchase, held to prevent a probable return.",9c44cee8
0.647,0.721,0.84,HOLD_FRAUD_REVIEW,Fraud-risk score 0.65 exceeds threshold 0.5 — held for manual fraud review.,9018bb08
0.366,0.303,0.166,HOLD_LIKELY_MISMATCH,"Order deviates from stated intent (intent-match confidence 0.30) and doesn't align with this customer's history (preference-fit 0.17) — likely a mistaken purchase, held to prevent a probable return.",00440f7e
0.529,0.721,0.85,HOLD_FRAUD_REVIEW,Fraud-risk score 0.53 exceeds threshold 0.5 — held for manual fraud review.,bb67ac62
0.392,0.463,0.108,HOLD_LIKELY_MISMATCH,"Order deviates from stated intent (intent-match confidence 0.46) and doesn't align with this customer's history (preference-fit 0.11) — likely a mistaken purchase, held to prevent a probable return.",d2f47e24
0.799,0.148,0.182,HOLD_FRAUD_REVIEW,Fraud-risk score 0.80 exceeds threshold 0.5 — held for manual fraud review.,a48ec470
0.239,0.721,0.5,AUTO_APPROVE,Low fraud-risk (0.24) and high intent-match confidence (0.72) — auto-approved.,f946d44c
0.498,0.721,0.81,AUTO_APPROVE,Low fraud-risk (0.50) and high intent-match confidence (0.72) — auto-approved.,c00fc193
0.276,0.208,0.144,HOLD_LIKELY_MISMATCH,"Order deviates from stated intent (intent-match confidence 0.21) and doesn't align with this customer's history (preference-fit 0.14) — likely a mistaken purchase, held to prevent a probable return.",60e1c80e
0.37,0.721,0.8,AUTO_APPROVE,Low fraud-risk (0.37) and high intent-match confidence (0.72) — auto-approved.,b666f669
0.254,0.721,0.052,AUTO_APPROVE,Low fraud-risk (0.25) and high intent-match confidence (0.72) — auto-approved.,9fb04e62
0.507,0.303,0.86,HOLD_FRAUD_REVIEW,Fraud-risk score 0.51 exceeds threshold 0.5 — held for manual fraud review.,f7acbbbc
0.454,0.285,0.078,HOLD_LIKELY_MISMATCH,"Order deviates from stated intent (intent-match confidence 0.29) and doesn't align with this customer's history (preference-fit 0.08) — likely a mistaken purchase, held to prevent a probable return.",28fdf110
0.935,0.721,0.1,HOLD_FRAUD_REVIEW,Fraud-risk score 0.93 exceeds threshold 0.5 — held for manual fraud review.,6e44423c
0.236,0.721,0.14,AUTO_APPROVE,Low fraud-risk (0.24) and high intent-match confidence (0.72) — auto-approved.,eef2b4a2
0.199,0.721,0.13,AUTO_APPROVE,Low fraud-risk (0.20) and high intent-match confidence (0.72) — auto-approved.,26c79e3d
0.842,0.721,0.184,HOLD_FRAUD_REVIEW,Fraud-risk score 0.84 exceeds threshold 0.5 — held for manual fraud review.,fdc848b9
0.333,0.409,0.87,HOLD_CONFIRM_WITH_HUMAN,"Order deviates from stated intent (intent-match confidence 0.41), but this customer's history (preference-fit 0.87) suggests they may welcome this — routed to a quick human confirmation instead of auto-block.",0209d208
0.532,0.721,0.75,HOLD_FRAUD_REVIEW,Fraud-risk score 0.53 exceeds threshold 0.5 — held for manual fraud review.,59068f7b
0.407,0.24,0.158,HOLD_LIKELY_MISMATCH,"Order deviates from stated intent (intent-match confidence 0.24) and doesn't align with this customer's history (preference-fit 0.16) — likely a mistaken purchase, held to prevent a probable return.",07e7e3a2
0.346,0.721,0.33,AUTO_APPROVE,Low fraud-risk (0.35) and high intent-match confidence (0.72) — auto-approved.,a07d6278
0.772,0.721,0.64,HOLD_FRAUD_REVIEW,Fraud-risk score 0.77 exceeds threshold 0.5 — held for manual fraud review.,02a10a8a
0.879,0.226,0.032,HOLD_FRAUD_REVIEW,Fraud-risk score 0.88 exceeds threshold 0.5 — held for manual fraud review.,0b3cb144
0.549,0.721,0.132,HOLD_FRAUD_REVIEW,Fraud-risk score 0.55 exceeds threshold 0.5 — held for manual fraud review.,e9e26e3d
0.399,0.721,0.65,AUTO_APPROVE,Low fraud-risk (0.40) and high intent-match confidence (0.72) — auto-approved.,6fd12f16
0.361,0.333,0.198,HOLD_LIKELY_MISMATCH,"Order deviates from stated intent (intent-match confidence 0.33) and doesn't align with this customer's history (preference-fit 0.20) — likely a mistaken purchase, held to prevent a probable return.",26ea4001
0.749,0.313,0.25,HOLD_FRAUD_REVIEW,Fraud-risk score 0.75 exceeds threshold 0.5 — held for manual fraud review.,0aee414d
0.505,0.721,0.112,HOLD_FRAUD_REVIEW,Fraud-risk score 0.50 exceeds threshold 0.5 — held for manual fraud review.,6b48e2a4
0.207,0.721,0.89,AUTO_APPROVE,Low fraud-risk (0.21) and high intent-match confidence (0.72) — auto-approved.,ae1fdc19
0.588,0.721,0.17,HOLD_FRAUD_REVIEW,Fraud-risk score 0.59 exceeds threshold 0.5 — held for manual fraud review.,f02784c4
0.377,0.326,0.49,HOLD_LIKELY_MISMATCH,"Order deviates from stated intent (intent-match confidence 0.33) and doesn't align with this customer's history (preference-fit 0.49) — likely a mistaken purchase, held to prevent a probable return.",d576f243
0.351,0.721,0.046,AUTO_APPROVE,Low fraud-risk (0.35) and high intent-match confidence (0.72) — auto-approved.,8d5561cc
0.609,0.412,0.2,HOLD_FRAUD_REVIEW,Fraud-risk score 0.61 exceeds threshold 0.5 — held for manual fraud review.,fd53c266
0.568,0.721,0.56,HOLD_FRAUD_REVIEW,Fraud-risk score 0.57 exceeds threshold 0.5 — held for manual fraud review.,0af97c63
0.713,0.32,0.6,HOLD_FRAUD_REVIEW,Fraud-risk score 0.71 exceeds threshold 0.5 — held for manual fraud review.,16127651
0.41,0.469,0.87,HOLD_CONFIRM_WITH_HUMAN,"Order deviates from stated intent (intent-match confidence 0.47), but this customer's history (preference-fit 0.87) suggests they may welcome this — routed to a quick human confirmation instead of auto-block.",c7e8f61b
0.464,0.721,0.91,AUTO_APPROVE,Low fraud-risk (0.46) and high intent-match confidence (0.72) — auto-approved.,c34d08ae
0.261,0.721,0.59,AUTO_APPROVE,Low fraud-risk (0.26) and high intent-match confidence (0.72) — auto-approved.,c6ad0ac0
0.896,0.721,0.09,HOLD_FRAUD_REVIEW,Fraud-risk score 0.90 exceeds threshold 0.5 — held for manual fraud review.,0d29efa1
0.293,0.721,0.5,AUTO_APPROVE,Low fraud-risk (0.29) and high intent-match confidence (0.72) — auto-approved.,99247ae4
0.207,0.721,0.23,AUTO_APPROVE,Low fraud-risk (0.21) and high intent-match confidence (0.72) — auto-approved.,c5a1f16b
0.312,0.721,0.79,AUTO_APPROVE,Low fraud-risk (0.31) and high intent-match confidence (0.72) — auto-approved.,fb6b9518
0.268,0.297,0.32,HOLD_LIKELY_MISMATCH,"Order deviates from stated intent (intent-match confidence 0.30) and doesn't align with this customer's history (preference-fit 0.32) — likely a mistaken purchase, held to prevent a probable return.",0d997f09
0.402,0.721,0.122,AUTO_APPROVE,Low fraud-risk (0.40) and high intent-match confidence (0.72) — auto-approved.,f2186b1b
0.253,0.721,0.81,AUTO_APPROVE,Low fraud-risk (0.25) and high intent-match confidence (0.72) — auto-approved.,4954ec89
0.293,0.315,0.16,HOLD_LIKELY_MISMATCH,"Order deviates from stated intent (intent-match confidence 0.31) and doesn't align with this customer's history (preference-fit 0.16) — likely a mistaken purchase, held to prevent a probable return.",a618ac36
0.526,0.721,0.35,HOLD_FRAUD_REVIEW,Fraud-risk score 0.53 exceeds threshold 0.5 — held for manual fraud review.,6cafe980
0.237,0.721,0.11,AUTO_APPROVE,Low fraud-risk (0.24) and high intent-match confidence (0.72) — auto-approved.,409a18c3
0.366,0.334,0.46,HOLD_LIKELY_MISMATCH,"Order deviates from stated intent (intent-match confidence 0.33) and doesn't align with this customer's history (preference-fit 0.46) — likely a mistaken purchase, held to prevent a probable return.",e1491d58
0.254,0.721,0.15,AUTO_APPROVE,Low fraud-risk (0.25) and high intent-match confidence (0.72) — auto-approved.,b86615af
0.359,0.721,0.01,AUTO_APPROVE,Low fraud-risk (0.36) and high intent-match confidence (0.72) — auto-approved.,dd03df2f
0.393,0.721,0.24,AUTO_APPROVE,Low fraud-risk (0.39) and high intent-match confidence (0.72) — auto-approved.,7b18bec1
0.376,0.721,0.02,AUTO_APPROVE,Low fraud-risk (0.38) and high intent-match confidence (0.72) — auto-approved.,a50607be
0.212,0.721,0.81,AUTO_APPROVE,Low fraud-risk (0.21) and high intent-match confidence (0.72) — auto-approved.,ebcd4b57
0.48,0.34,0.25,HOLD_LIKELY_MISMATCH,"Order deviates from stated intent (intent-match confidence 0.34) and doesn't align with this customer's history (preference-fit 0.25) — likely a mistaken purchase, held to prevent a probable return.",d42abfaa
0.719,0.396,0.13,HOLD_FRAUD_REVIEW,Fraud-risk score 0.72 exceeds threshold 0.5 — held for manual fraud review.,ca105c30
0.719,0.32,0.49,HOLD_FRAUD_REVIEW,Fraud-risk score 0.72 exceeds threshold 0.5 — held for manual fraud review.,106ec08b
0.23,0.721,0.49,AUTO_APPROVE,Low fraud-risk (0.23) and high intent-match confidence (0.72) — auto-approved.,44d500bf
0.251,0.721,0.56,AUTO_APPROVE,Low fraud-risk (0.25) and high intent-match confidence (0.72) — auto-approved.,58aa5958
0.53,0.721,0.5,HOLD_FRAUD_REVIEW,Fraud-risk score 0.53 exceeds threshold 0.5 — held for manual fraud review.,c12567a5
0.838,0.721,0.066,HOLD_FRAUD_REVIEW,Fraud-risk score 0.84 exceeds threshold 0.5 — held for manual fraud review.,690ca1b7
0.549,0.721,0.79,HOLD_FRAUD_REVIEW,Fraud-risk score 0.55 exceeds threshold 0.5 — held for manual fraud review.,fce59844
0.314,0.19,0.17,HOLD_LIKELY_MISMATCH,"Order deviates from stated intent (intent-match confidence 0.19) and doesn't align with this customer's history (preference-fit 0.17) — likely a mistaken purchase, held to prevent a probable return.",edc57c58
0.487,0.234,0.11,HOLD_LIKELY_MISMATCH,"Order deviates from stated intent (intent-match confidence 0.23) and doesn't align with this customer's history (preference-fit 0.11) — likely a mistaken purchase, held to prevent a probable return.",bbdbe893
0.502,0.221,0.99,HOLD_FRAUD_REVIEW,Fraud-risk score 0.50 exceeds threshold 0.5 — held for manual fraud review.,bc413717
0.18,0.317,0.038,HOLD_LIKELY_MISMATCH,"Order deviates from stated intent (intent-match confidence 0.32) and doesn't align with this customer's history (preference-fit 0.04) — likely a mistaken purchase, held to prevent a probable return.",075cc1bd
0.553,0.721,0.77,HOLD_FRAUD_REVIEW,Fraud-risk score 0.55 exceeds threshold 0.5 — held for manual fraud review.,b8c27e87
0.287,0.319,0.96,HOLD_CONFIRM_WITH_HUMAN,"Order deviates from stated intent (intent-match confidence 0.32), but this customer's history (preference-fit 0.96) suggests they may welcome this — routed to a quick human confirmation instead of auto-block.",eb832f5e
0.444,0.237,0.87,HOLD_CONFIRM_WITH_HUMAN,"Order deviates from stated intent (intent-match confidence 0.24), but this customer's history (preference-fit 0.87) suggests they may welcome this — routed to a quick human confirmation instead of auto-block.",7d03ac95
0.361,0.721,0.36,AUTO_APPROVE,Low fraud-risk (0.36) and high intent-match confidence (0.72) — auto-approved.,661a6f2b
0.757,0.721,0.13,HOLD_FRAUD_REVIEW,Fraud-risk score 0.76 exceeds threshold 0.5 — held for manual fraud review.,bef09c47
0.618,0.362,0.182,HOLD_FRAUD_REVIEW,Fraud-risk score 0.62 exceeds threshold 0.5 — held for manual fraud review.,909459e3
0.248,0.721,0.96,AUTO_APPROVE,Low fraud-risk (0.25) and high intent-match confidence (0.72) — auto-approved.,e83da0ed
0.457,0.721,0.086,AUTO_APPROVE,Low fraud-risk (0.46) and high intent-match confidence (0.72) — auto-approved.,3ec4ebde
0.418,0.349,0.02,HOLD_LIKELY_MISMATCH,"Order deviates from stated intent (intent-match confidence 0.35) and doesn't align with this customer's history (preference-fit 0.02) — likely a mistaken purchase, held to prevent a probable return.",f4d23874
0.199,0.721,0.22,AUTO_APPROVE,Low fraud-risk (0.20) and high intent-match confidence (0.72) — auto-approved.,a6d737d9
0.247,0.721,0.096,AUTO_APPROVE,Low fraud-risk (0.25) and high intent-match confidence (0.72) — auto-approved.,cbf247b8
0.501,0.721,0.42,HOLD_FRAUD_REVIEW,Fraud-risk score 0.50 exceeds threshold 0.5 — held for manual fraud review.,f7e3340b
0.194,0.721,0.59,AUTO_APPROVE,Low fraud-risk (0.19) and high intent-match confidence (0.72) — auto-approved.,49f7a2a4
0.382,0.396,0.15,HOLD_LIKELY_MISMATCH,"Order deviates from stated intent (intent-match confidence 0.40) and doesn't align with this customer's history (preference-fit 0.15) — likely a mistaken purchase, held to prevent a probable return.",5f32adf2
0.196,0.721,0.53,AUTO_APPROVE,Low fraud-risk (0.20) and high intent-match confidence (0.72) — auto-approved.,8b5e115d
0.571,0.258,0.28,HOLD_FRAUD_REVIEW,Fraud-risk score 0.57 exceeds threshold 0.5 — held for manual fraud review.,513a97d5
0.581,0.194,0.028,HOLD_FRAUD_REVIEW,Fraud-risk score 0.58 exceeds threshold 0.5 — held for manual fraud review.,fd17fb41
0.442,0.721,0.03,AUTO_APPROVE,Low fraud-risk (0.44) and high intent-match confidence (0.72) — auto-approved.,14e5210b
0.176,0.721,0.69,AUTO_APPROVE,Low fraud-risk (0.18) and high intent-match confidence (0.72) — auto-approved.,1b7da5cf
0.26,0.302,0.082,HOLD_LIKELY_MISMATCH,"Order deviates from stated intent (intent-match confidence 0.30) and doesn't align with this customer's history (preference-fit 0.08) — likely a mistaken purchase, held to prevent a probable return.",28d205c7
0.633,0.721,0.43,HOLD_FRAUD_REVIEW,Fraud-risk score 0.63 exceeds threshold 0.5 — held for manual fraud review.,268bfa14
0.744,0.721,0.9,HOLD_FRAUD_REVIEW,Fraud-risk score 0.74 exceeds threshold 0.5 — held for manual fraud review.,85341558
0.164,0.459,0.082,HOLD_LIKELY_MISMATCH,"Order deviates from stated intent (intent-match confidence 0.46) and doesn't align with this customer's history (preference-fit 0.08) — likely a mistaken purchase, held to prevent a probable return.",e5344c5d
0.563,0.721,0.94,HOLD_FRAUD_REVIEW,Fraud-risk score 0.56 exceeds threshold 0.5 — held for manual fraud review.,2b6b66c6
0.262,0.372,0.148,HOLD_LIKELY_MISMATCH,"Order deviates from stated intent (intent-match confidence 0.37) and doesn't align with this customer's history (preference-fit 0.15) — likely a mistaken purchase, held to prevent a probable return.",d3593af5
0.669,0.459,0.41,HOLD_FRAUD_REVIEW,Fraud-risk score 0.67 exceeds threshold 0.5 — held for manual fraud review.,efad8df3
0.454,0.721,0.198,AUTO_APPROVE,Low fraud-risk (0.45) and high intent-match confidence (0.72) — auto-approved.,e97b8fd9
0.645,0.305,0.92,HOLD_FRAUD_REVIEW,Fraud-risk score 0.64 exceeds threshold 0.5 — held for manual fraud review.,815d446f
0.255,0.721,0.038,AUTO_APPROVE,Low fraud-risk (0.25) and high intent-match confidence (0.72) — auto-approved.,274f9dcc
0.279,0.721,0.028,AUTO_APPROVE,Low fraud-risk (0.28) and high intent-match confidence (0.72) — auto-approved.,bb5d9cd2
0.557,0.721,0.22,HOLD_FRAUD_REVIEW,Fraud-risk score 0.56 exceeds threshold 0.5 — held for manual fraud review.,cb19c1be
0.807,0.219,0.25,HOLD_FRAUD_REVIEW,Fraud-risk score 0.81 exceeds threshold 0.5 — held for manual fraud review.,775fec71
0.279,0.263,0.15,HOLD_LIKELY_MISMATCH,"Order deviates from stated intent (intent-match confidence 0.26) and doesn't align with this customer's history (preference-fit 0.15) — likely a mistaken purchase, held to prevent a probable return.",589696af
0.611,0.721,0.11,HOLD_FRAUD_REVIEW,Fraud-risk score 0.61 exceeds threshold 0.5 — held for manual fraud review.,983ab8f5
0.869,0.324,0.43,HOLD_FRAUD_REVIEW,Fraud-risk score 0.87 exceeds threshold 0.5 — held for manual fraud review.,a733996f
0.465,0.337,0.53,HOLD_CONFIRM_WITH_HUMAN,"Order deviates from stated intent (intent-match confidence 0.34), but this customer's history (preference-fit 0.53) suggests they may welcome this — routed to a quick human confirmation instead of auto-block.",8b8e7cdc
0.44,0.721,0.62,AUTO_APPROVE,Low fraud-risk (0.44) and high intent-match confidence (0.72) — auto-approved.,1557c300
0.827,0.214,0.006,HOLD_FRAUD_REVIEW,Fraud-risk score 0.83 exceeds threshold 0.5 — held for manual fraud review.,444ab2bb
0.363,0.721,0.89,AUTO_APPROVE,Low fraud-risk (0.36) and high intent-match confidence (0.72) — auto-approved.,ddb98a36
0.459,0.721,0.05,AUTO_APPROVE,Low fraud-risk (0.46) and high intent-match confidence (0.72) — auto-approved.,1055081e
0.408,0.721,0.044,AUTO_APPROVE,Low fraud-risk (0.41) and high intent-match confidence (0.72) — auto-approved.,c530b35e
0.365,0.234,0.33,HOLD_LIKELY_MISMATCH,"Order deviates from stated intent (intent-match confidence 0.23) and doesn't align with this customer's history (preference-fit 0.33) — likely a mistaken purchase, held to prevent a probable return.",c80eb365
0.617,0.721,0.17,HOLD_FRAUD_REVIEW,Fraud-risk score 0.62 exceeds threshold 0.5 — held for manual fraud review.,cabfae6a
0.852,0.721,0.83,HOLD_FRAUD_REVIEW,Fraud-risk score 0.85 exceeds threshold 0.5 — held for manual fraud review.,c1266ed2
0.573,0.199,0.038,HOLD_FRAUD_REVIEW,Fraud-risk score 0.57 exceeds threshold 0.5 — held for manual fraud review.,88821163
0.597,0.47,0.17,HOLD_FRAUD_REVIEW,Fraud-risk score 0.60 exceeds threshold 0.5 — held for manual fraud review.,02995cf2
0.767,0.721,0.36,HOLD_FRAUD_REVIEW,Fraud-risk score 0.77 exceeds threshold 0.5 — held for manual fraud review.,2327eb36
0.869,0.429,0.012,HOLD_FRAUD_REVIEW,Fraud-risk score 0.87 exceeds threshold 0.5 — held for manual fraud review.,68ce04e2
0.243,0.29,0.104,HOLD_LIKELY_MISMATCH,"Order deviates from stated intent (intent-match confidence 0.29) and doesn't align with this customer's history (preference-fit 0.10) — likely a mistaken purchase, held to prevent a probable return.",04d35206
0.468,0.721,0.3,AUTO_APPROVE,Low fraud-risk (0.47) and high intent-match confidence (0.72) — auto-approved.,c1f5086b
0.677,0.333,0.57,HOLD_FRAUD_REVIEW,Fraud-risk score 0.68 exceeds threshold 0.5 — held for manual fraud review.,60dc7c12
0.221,0.721,0.132,AUTO_APPROVE,Low fraud-risk (0.22) and high intent-match confidence (0.72) — auto-approved.,9d89832c
0.505,0.721,0.26,HOLD_FRAUD_REVIEW,Fraud-risk score 0.50 exceeds threshold 0.5 — held for manual fraud review.,b8abe67d
0.794,0.721,0.106,HOLD_FRAUD_REVIEW,Fraud-risk score 0.79 exceeds threshold 0.5 — held for manual fraud review.,97d8cf83
0.348,0.323,0.88,HOLD_CONFIRM_WITH_HUMAN,"Order deviates from stated intent (intent-match confidence 0.32), but this customer's history (preference-fit 0.88) suggests they may welcome this — routed to a quick human confirmation instead of auto-block.",60b291c5
0.511,0.721,0.046,HOLD_FRAUD_REVIEW,Fraud-risk score 0.51 exceeds threshold 0.5 — held for manual fraud review.,c5aa3497
0.547,0.721,0.064,HOLD_FRAUD_REVIEW,Fraud-risk score 0.55 exceeds threshold 0.5 — held for manual fraud review.,95ffe21f
0.492,0.721,0.184,AUTO_APPROVE,Low fraud-risk (0.49) and high intent-match confidence (0.72) — auto-approved.,23885fe0
0.317,0.347,0.88,HOLD_CONFIRM_WITH_HUMAN,"Order deviates from stated intent (intent-match confidence 0.35), but this customer's history (preference-fit 0.88) suggests they may welcome this — routed to a quick human confirmation instead of auto-block.",d8028e4a
0.504,0.721,0.62,HOLD_FRAUD_REVIEW,Fraud-risk score 0.50 exceeds threshold 0.5 — held for manual fraud review.,539feef0
0.284,0.721,0.032,AUTO_APPROVE,Low fraud-risk (0.28) and high intent-match confidence (0.72) — auto-approved.,35268c6d
0.365,0.721,0.43,AUTO_APPROVE,Low fraud-risk (0.37) and high intent-match confidence (0.72) — auto-approved.,0c87b917
0.446,0.721,0.75,AUTO_APPROVE,Low fraud-risk (0.45) and high intent-match confidence (0.72) — auto-approved.,a6a374c6
0.394,0.721,0.88,AUTO_APPROVE,Low fraud-risk (0.39) and high intent-match confidence (0.72) — auto-approved.,bbbbefa3
0.294,0.145,0.05,HOLD_LIKELY_MISMATCH,"Order deviates from stated intent (intent-match confidence 0.15) and doesn't align with this customer's history (preference-fit 0.05) — likely a mistaken purchase, held to prevent a probable return.",273818f7
0.488,0.721,0.5,AUTO_APPROVE,Low fraud-risk (0.49) and high intent-match confidence (0.72) — auto-approved.,b519a1a1
0.253,0.721,0.0,AUTO_APPROVE,Low fraud-risk (0.25) and high intent-match confidence (0.72) — auto-approved.,501cf7e1
0.451,0.721,0.81,AUTO_APPROVE,Low fraud-risk (0.45) and high intent-match confidence (0.72) — auto-approved.,700353d2
0.85,0.262,0.64,HOLD_FRAUD_REVIEW,Fraud-risk score 0.85 exceeds threshold 0.5 — held for manual fraud review.,0c968c54
0.785,0.362,0.98,HOLD_FRAUD_REVIEW,Fraud-risk score 0.78 exceeds threshold 0.5 — held for manual fraud review.,6dd04552
0.258,0.721,0.126,AUTO_APPROVE,Low fraud-risk (0.26) and high intent-match confidence (0.72) — auto-approved.,3dbf9183
0.686,0.721,0.14,HOLD_FRAUD_REVIEW,Fraud-risk score 0.69 exceeds threshold 0.5 — held for manual fraud review.,db7c2057
0.572,0.721,0.55,HOLD_FRAUD_REVIEW,Fraud-risk score 0.57 exceeds threshold 0.5 — held for manual fraud review.,77b8899f
0.449,0.721,0.41,AUTO_APPROVE,Low fraud-risk (0.45) and high intent-match confidence (0.72) — auto-approved.,7d8077e7
0.258,0.721,0.002,AUTO_APPROVE,Low fraud-risk (0.26) and high intent-match confidence (0.72) — auto-approved.,10831e77
0.451,0.427,0.29,HOLD_LIKELY_MISMATCH,"Order deviates from stated intent (intent-match confidence 0.43) and doesn't align with this customer's history (preference-fit 0.29) — likely a mistaken purchase, held to prevent a probable return.",5b8f6479
0.497,0.271,0.81,HOLD_CONFIRM_WITH_HUMAN,"Order deviates from stated intent (intent-match confidence 0.27), but this customer's history (preference-fit 0.81) suggests they may welcome this — routed to a quick human confirmation instead of auto-block.",214b1031
0.259,0.721,0.078,AUTO_APPROVE,Low fraud-risk (0.26) and high intent-match confidence (0.72) — auto-approved.,ec4354d4
0.423,0.721,0.52,AUTO_APPROVE,Low fraud-risk (0.42) and high intent-match confidence (0.72) — auto-approved.,b189ed67
0.675,0.435,0.91,HOLD_FRAUD_REVIEW,Fraud-risk score 0.67 exceeds threshold 0.5 — held for manual fraud review.,623d8008
0.208,0.401,0.46,HOLD_LIKELY_MISMATCH,"Order deviates from stated intent (intent-match confidence 0.40) and doesn't align with this customer's history (preference-fit 0.46) — likely a mistaken purchase, held to prevent a probable return.",c165f836
0.736,0.469,0.58,HOLD_FRAUD_REVIEW,Fraud-risk score 0.74 exceeds threshold 0.5 — held for manual fraud review.,aeefb6ab
0.175,0.721,0.33,AUTO_APPROVE,Low fraud-risk (0.18) and high intent-match confidence (0.72) — auto-approved.,23f211a7
0.317,0.721,0.98,AUTO_APPROVE,Low fraud-risk (0.32) and high intent-match confidence (0.72) — auto-approved.,c8315afb
0.834,0.403,0.5,HOLD_FRAUD_REVIEW,Fraud-risk score 0.83 exceeds threshold 0.5 — held for manual fraud review.,12abe513
0.481,0.721,0.136,AUTO_APPROVE,Low fraud-risk (0.48) and high intent-match confidence (0.72) — auto-approved.,097ce460
0.919,0.341,0.52,HOLD_FRAUD_REVIEW,Fraud-risk score 0.92 exceeds threshold 0.5 — held for manual fraud review.,6e946f1c
0.478,0.721,0.05,AUTO_APPROVE,Low fraud-risk (0.48) and high intent-match confidence (0.72) — auto-approved.,acbd4c28
0.528,0.721,0.67,HOLD_FRAUD_REVIEW,Fraud-risk score 0.53 exceeds threshold 0.5 — held for manual fraud review.,0850298e
0.469,0.721,0.03,AUTO_APPROVE,Low fraud-risk (0.47) and high intent-match confidence (0.72) — auto-approved.,e6565459
0.731,0.721,0.43,HOLD_FRAUD_REVIEW,Fraud-risk score 0.73 exceeds threshold 0.5 — held for manual fraud review.,edf730b3
0.77,0.721,0.63,HOLD_FRAUD_REVIEW,Fraud-risk score 0.77 exceeds threshold 0.5 — held for manual fraud review.,e8c212e0
0.388,0.721,0.3,AUTO_APPROVE,Low fraud-risk (0.39) and high intent-match confidence (0.72) — auto-approved.,7f6fbbe0
0.186,0.721,0.104,AUTO_APPROVE,Low fraud-risk (0.19) and high intent-match confidence (0.72) — auto-approved.,6bafd049
0.262,0.323,0.04,HOLD_LIKELY_MISMATCH,"Order deviates from stated intent (intent-match confidence 0.32) and doesn't align with this customer's history (preference-fit 0.04) — likely a mistaken purchase, held to prevent a probable return.",26926d9c
0.362,0.721,0.2,AUTO_APPROVE,Low fraud-risk (0.36) and high intent-match confidence (0.72) — auto-approved.,70032977
0.529,0.721,0.13,HOLD_FRAUD_REVIEW,Fraud-risk score 0.53 exceeds threshold 0.5 — held for manual fraud review.,4de16123
0.395,0.313,0.4,HOLD_LIKELY_MISMATCH,"Order deviates from stated intent (intent-match confidence 0.31) and doesn't align with this customer's history (preference-fit 0.40) — likely a mistaken purchase, held to prevent a probable return.",d9297c33
0.257,0.721,0.95,AUTO_APPROVE,Low fraud-risk (0.26) and high intent-match confidence (0.72) — auto-approved.,fa477593
0.252,0.721,0.78,AUTO_APPROVE,Low fraud-risk (0.25) and high intent-match confidence (0.72) — auto-approved.,b4f4efd2
0.204,0.721,0.96,AUTO_APPROVE,Low fraud-risk (0.20) and high intent-match confidence (0.72) — auto-approved.,f082a43c
0.582,0.721,0.154,HOLD_FRAUD_REVIEW,Fraud-risk score 0.58 exceeds threshold 0.5 — held for manual fraud review.,966fffa8
0.534,0.238,0.26,HOLD_FRAUD_REVIEW,Fraud-risk score 0.53 exceeds threshold 0.5 — held for manual fraud review.,945ecd19
0.404,0.721,0.38,AUTO_APPROVE,Low fraud-risk (0.40) and high intent-match confidence (0.72) — auto-approved.,1c08d4f8
0.513,0.721,0.65,HOLD_FRAUD_REVIEW,Fraud-risk score 0.51 exceeds threshold 0.5 — held for manual fraud review.,8350e25a
0.749,0.721,0.95,HOLD_FRAUD_REVIEW,Fraud-risk score 0.75 exceeds threshold 0.5 — held for manual fraud review.,cfcce7b7
0.641,0.721,0.8,HOLD_FRAUD_REVIEW,Fraud-risk score 0.64 exceeds threshold 0.5 — held for manual fraud review.,b7d38c50
0.867,0.721,0.12,HOLD_FRAUD_REVIEW,Fraud-risk score 0.87 exceeds threshold 0.5 — held for manual fraud review.,88e0087a
0.468,0.721,0.27,AUTO_APPROVE,Low fraud-risk (0.47) and high intent-match confidence (0.72) — auto-approved.,719ba1cb
0.841,0.128,0.03,HOLD_FRAUD_REVIEW,Fraud-risk score 0.84 exceeds threshold 0.5 — held for manual fraud review.,efe0a7c4
0.521,0.413,0.48,HOLD_FRAUD_REVIEW,Fraud-risk score 0.52 exceeds threshold 0.5 — held for manual fraud review.,6f98f2aa
0.512,0.721,0.122,HOLD_FRAUD_REVIEW,Fraud-risk score 0.51 exceeds threshold 0.5 — held for manual fraud review.,0b941048
0.605,0.721,0.3,HOLD_FRAUD_REVIEW,Fraud-risk score 0.60 exceeds threshold 0.5 — held for manual fraud review.,a4bf946c
0.591,0.721,0.146,HOLD_FRAUD_REVIEW,Fraud-risk score 0.59 exceeds threshold 0.5 — held for manual fraud review.,5df4c8a7
0.381,0.721,0.87,AUTO_APPROVE,Low fraud-risk (0.38) and high intent-match confidence (0.72) — auto-approved.,7a0960bb
0.335,0.721,0.76,AUTO_APPROVE,Low fraud-risk (0.33) and high intent-match confidence (0.72) — auto-approved.,d793455c
0.846,0.721,0.07,HOLD_FRAUD_REVIEW,Fraud-risk score 0.85 exceeds threshold 0.5 — held for manual fraud review.,f4592942
0.649,0.721,0.77,HOLD_FRAUD_REVIEW,Fraud-risk score 0.65 exceeds threshold 0.5 — held for manual fraud review.,98378a69
0.422,0.365,0.5,HOLD_CONFIRM_WITH_HUMAN,"Order deviates from stated intent (intent-match confidence 0.37), but this customer's history (preference-fit 0.50) suggests they may welcome this — routed to a quick human confirmation instead of auto-block.",0d7f740d
0.37,0.721,0.77,AUTO_APPROVE,Low fraud-risk (0.37) and high intent-match confidence (0.72) — auto-approved.,e2c06379
0.321,0.35,0.18,HOLD_LIKELY_MISMATCH,"Order deviates from stated intent (intent-match confidence 0.35) and doesn't align with this customer's history (preference-fit 0.18) — likely a mistaken purchase, held to prevent a probable return.",868effce
0.293,0.721,0.11,AUTO_APPROVE,Low fraud-risk (0.29) and high intent-match confidence (0.72) — auto-approved.,5f45b6ff
0.531,0.323,0.68,HOLD_FRAUD_REVIEW,Fraud-risk score 0.53 exceeds threshold 0.5 — held for manual fraud review.,ca159bb9
0.398,0.721,0.02,AUTO_APPROVE,Low fraud-risk (0.40) and high intent-match confidence (0.72) — auto-approved.,f072098a
0.26,0.721,0.22,AUTO_APPROVE,Low fraud-risk (0.26) and high intent-match confidence (0.72) — auto-approved.,2fa7fcfc
0.449,0.721,0.92,AUTO_APPROVE,Low fraud-risk (0.45) and high intent-match confidence (0.72) — auto-approved.,fb7341e4
0.202,0.721,0.42,AUTO_APPROVE,Low fraud-risk (0.20) and high intent-match confidence (0.72) — auto-approved.,2b97f5b3
0.629,0.721,0.146,HOLD_FRAUD_REVIEW,Fraud-risk score 0.63 exceeds threshold 0.5 — held for manual fraud review.,a66a574c
0.34,0.721,0.1,AUTO_APPROVE,Low fraud-risk (0.34) and high intent-match confidence (0.72) — auto-approved.,dc193231
0.69,0.348,0.048,HOLD_FRAUD_REVIEW,Fraud-risk score 0.69 exceeds threshold 0.5 — held for manual fraud review.,06d829d9
0.529,0.466,0.024,HOLD_FRAUD_REVIEW,Fraud-risk score 0.53 exceeds threshold 0.5 — held for manual fraud review.,e439decc
0.281,0.721,0.44,AUTO_APPROVE,Low fraud-risk (0.28) and high intent-match confidence (0.72) — auto-approved.,0797d96b
0.422,0.315,0.12,HOLD_LIKELY_MISMATCH,"Order deviates from stated intent (intent-match confidence 0.32) and doesn't align with this customer's history (preference-fit 0.12) — likely a mistaken purchase, held to prevent a probable return.",e3e23ba7
0.473,0.457,0.02,HOLD_LIKELY_MISMATCH,"Order deviates from stated intent (intent-match confidence 0.46) and doesn't align with this customer's history (preference-fit 0.02) — likely a mistaken purchase, held to prevent a probable return.",a386f936
0.253,0.324,0.46,HOLD_LIKELY_MISMATCH,"Order deviates from stated intent (intent-match confidence 0.32) and doesn't align with this customer's history (preference-fit 0.46) — likely a mistaken purchase, held to prevent a probable return.",3ce45256
0.794,0.721,0.13,HOLD_FRAUD_REVIEW,Fraud-risk score 0.79 exceeds threshold 0.5 — held for manual fraud review.,a475ebdc
0.485,0.721,0.27,AUTO_APPROVE,Low fraud-risk (0.48) and high intent-match confidence (0.72) — auto-approved.,a0f3ea40
0.382,0.334,0.99,HOLD_CONFIRM_WITH_HUMAN,"Order deviates from stated intent (intent-match confidence 0.33), but this customer's history (preference-fit 0.99) suggests they may welcome this — routed to a quick human confirmation instead of auto-block.",41e66afe
0.775,0.227,0.26,HOLD_FRAUD_REVIEW,Fraud-risk score 0.77 exceeds threshold 0.5 — held for manual fraud review.,bb025d55
0.306,0.721,0.66,AUTO_APPROVE,Low fraud-risk (0.31) and high intent-match confidence (0.72) — auto-approved.,86d542fd
0.477,0.721,0.54,AUTO_APPROVE,Low fraud-risk (0.48) and high intent-match confidence (0.72) — auto-approved.,35b55823
0.283,0.721,0.57,AUTO_APPROVE,Low fraud-risk (0.28) and high intent-match confidence (0.72) — auto-approved.,afde787b
0.591,0.721,0.124,HOLD_FRAUD_REVIEW,Fraud-risk score 0.59 exceeds threshold 0.5 — held for manual fraud review.,b224e6db
0.714,0.41,0.012,HOLD_FRAUD_REVIEW,Fraud-risk score 0.71 exceeds threshold 0.5 — held for manual fraud review.,3bf0f722
0.809,0.411,0.67,HOLD_FRAUD_REVIEW,Fraud-risk score 0.81 exceeds threshold 0.5 — held for manual fraud review.,822bdd9d
0.225,0.397,0.27,HOLD_LIKELY_MISMATCH,"Order deviates from stated intent (intent-match confidence 0.40) and doesn't align with this customer's history (preference-fit 0.27) — likely a mistaken purchase, held to prevent a probable return.",6395077c
0.452,0.21,0.71,HOLD_CONFIRM_WITH_HUMAN,"Order deviates from stated intent (intent-match confidence 0.21), but this customer's history (preference-fit 0.71) suggests they may welcome this — routed to a quick human confirmation instead of auto-block.",bae11fde
0.521,0.466,0.16,HOLD_FRAUD_REVIEW,Fraud-risk score 0.52 exceeds threshold 0.5 — held for manual fraud review.,dd595176
0.497,0.236,0.73,HOLD_CONFIRM_WITH_HUMAN,"Order deviates from stated intent (intent-match confidence 0.24), but this customer's history (preference-fit 0.73) suggests they may welcome this — routed to a quick human confirmation instead of auto-block.",69617edd
0.461,0.721,0.55,AUTO_APPROVE,Low fraud-risk (0.46) and high intent-match confidence (0.72) — auto-approved.,767e8909
0.403,0.721,0.0,AUTO_APPROVE,Low fraud-risk (0.40) and high intent-match confidence (0.72) — auto-approved.,abc03bf0
0.193,0.265,0.144,HOLD_LIKELY_MISMATCH,"Order deviates from stated intent (intent-match confidence 0.26) and doesn't align with this customer's history (preference-fit 0.14) — likely a mistaken purchase, held to prevent a probable return.",a4ff3be4
0.664,0.721,0.45,HOLD_FRAUD_REVIEW,Fraud-risk score 0.66 exceeds threshold 0.5 — held for manual fraud review.,9e248436
0.549,0.309,0.04,HOLD_FRAUD_REVIEW,Fraud-risk score 0.55 exceeds threshold 0.5 — held for manual fraud review.,987195d8
0.279,0.379,0.5,HOLD_CONFIRM_WITH_HUMAN,"Order deviates from stated intent (intent-match confidence 0.38), but this customer's history (preference-fit 0.50) suggests they may welcome this — routed to a quick human confirmation instead of auto-block.",75b600ca
0.506,0.299,0.69,HOLD_FRAUD_REVIEW,Fraud-risk score 0.51 exceeds threshold 0.5 — held for manual fraud review.,451f856e
0.399,0.721,0.96,AUTO_APPROVE,Low fraud-risk (0.40) and high intent-match confidence (0.72) — auto-approved.,fb8c0cf3
0.456,0.721,0.24,AUTO_APPROVE,Low fraud-risk (0.46) and high intent-match confidence (0.72) — auto-approved.,1c73c17c
0.834,0.319,0.78,HOLD_FRAUD_REVIEW,Fraud-risk score 0.83 exceeds threshold 0.5 — held for manual fraud review.,373e9ac2
0.573,0.415,0.19,HOLD_FRAUD_REVIEW,Fraud-risk score 0.57 exceeds threshold 0.5 — held for manual fraud review.,1ab20144
0.331,0.406,0.94,HOLD_CONFIRM_WITH_HUMAN,"Order deviates from stated intent (intent-match confidence 0.41), but this customer's history (preference-fit 0.94) suggests they may welcome this — routed to a quick human confirmation instead of auto-block.",e5afde6f
0.523,0.721,0.81,HOLD_FRAUD_REVIEW,Fraud-risk score 0.52 exceeds threshold 0.5 — held for manual fraud review.,0ce74cad
0.476,0.721,0.12,AUTO_APPROVE,Low fraud-risk (0.48) and high intent-match confidence (0.72) — auto-approved.,c0e3b007
0.601,0.721,0.002,HOLD_FRAUD_REVIEW,Fraud-risk score 0.60 exceeds threshold 0.5 — held for manual fraud review.,77ef85a0
0.267,0.302,0.07,HOLD_LIKELY_MISMATCH,"Order deviates from stated intent (intent-match confidence 0.30) and doesn't align with this customer's history (preference-fit 0.07) — likely a mistaken purchase, held to prevent a probable return.",51fa1f19
0.826,0.291,0.31,HOLD_FRAUD_REVIEW,Fraud-risk score 0.83 exceeds threshold 0.5 — held for manual fraud review.,10f4df22
0.847,0.721,0.68,HOLD_FRAUD_REVIEW,Fraud-risk score 0.85 exceeds threshold 0.5 — held for manual fraud review.,9e256664
0.24,0.393,0.88,HOLD_CONFIRM_WITH_HUMAN,"Order deviates from stated intent (intent-match confidence 0.39), but this customer's history (preference-fit 0.88) suggests they may welcome this — routed to a quick human confirmation instead of auto-block.",55940a62
0.404,0.213,0.66,HOLD_CONFIRM_WITH_HUMAN,"Order deviates from stated intent (intent-match confidence 0.21), but this customer's history (preference-fit 0.66) suggests they may welcome this — routed to a quick human confirmation instead of auto-block.",1cc9013c
0.245,0.721,0.95,AUTO_APPROVE,Low fraud-risk (0.25) and high intent-match confidence (0.72) — auto-approved.,59940ab9
0.498,0.721,0.28,AUTO_APPROVE,Low fraud-risk (0.50) and high intent-match confidence (0.72) — auto-approved.,25ee3d68
0.372,0.22,0.174,HOLD_LIKELY_MISMATCH,"Order deviates from stated intent (intent-match confidence 0.22) and doesn't align with this customer's history (preference-fit 0.17) — likely a mistaken purchase, held to prevent a probable return.",616fd0eb
0.212,0.721,0.04,AUTO_APPROVE,Low fraud-risk (0.21) and high intent-match confidence (0.72) — auto-approved.,6b002bb3
0.297,0.379,0.71,HOLD_CONFIRM_WITH_HUMAN,"Order deviates from stated intent (intent-match confidence 0.38), but this customer's history (preference-fit 0.71) suggests they may welcome this — routed to a quick human confirmation instead of auto-block.",a835c0ca
0.619,0.721,0.81,HOLD_FRAUD_REVIEW,Fraud-risk score 0.62 exceeds threshold 0.5 — held for manual fraud review.,333b85f5
0.487,0.721,0.47,AUTO_APPROVE,Low fraud-risk (0.49) and high intent-match confidence (0.72) — auto-approved.,8e8af8f8
0.972,0.331,0.05,HOLD_FRAUD_REVIEW,Fraud-risk score 0.97 exceeds threshold 0.5 — held for manual fraud review.,97ca4196
0.256,0.721,0.64,AUTO_APPROVE,Low fraud-risk (0.26) and high intent-match confidence (0.72) — auto-approved.,b9ee160d
0.828,0.721,0.41,HOLD_FRAUD_REVIEW,Fraud-risk score 0.83 exceeds threshold 0.5 — held for manual fraud review.,a19475cb
0.515,0.721,0.85,HOLD_FRAUD_REVIEW,Fraud-risk score 0.52 exceeds threshold 0.5 — held for manual fraud review.,4b325804
0.25,0.721,0.92,AUTO_APPROVE,Low fraud-risk (0.25) and high intent-match confidence (0.72) — auto-approved.,ad9d20fd
0.653,0.23,0.9,HOLD_FRAUD_REVIEW,Fraud-risk score 0.65 exceeds threshold 0.5 — held for manual fraud review.,2427dfb2
0.641,0.377,0.146,HOLD_FRAUD_REVIEW,Fraud-risk score 0.64 exceeds threshold 0.5 — held for manual fraud review.,8db57f93
0.295,0.337,0.53,HOLD_CONFIRM_WITH_HUMAN,"Order deviates from stated intent (intent-match confidence 0.34), but this customer's history (preference-fit 0.53) suggests they may welcome this — routed to a quick human confirmation instead of auto-block.",6db3724d
0.421,0.721,0.63,AUTO_APPROVE,Low fraud-risk (0.42) and high intent-match confidence (0.72) — auto-approved.,e07dc018
0.201,0.721,0.92,AUTO_APPROVE,Low fraud-risk (0.20) and high intent-match confidence (0.72) — auto-approved.,04471f2c
0.573,0.721,0.72,HOLD_FRAUD_REVIEW,Fraud-risk score 0.57 exceeds threshold 0.5 — held for manual fraud review.,fd24efb1
0.553,0.464,0.134,HOLD_FRAUD_REVIEW,Fraud-risk score 0.55 exceeds threshold 0.5 — held for manual fraud review.,a4f39aab
0.461,0.721,0.74,AUTO_APPROVE,Low fraud-risk (0.46) and high intent-match confidence (0.72) — auto-approved.,3bf419ab
0.539,0.721,0.38,HOLD_FRAUD_REVIEW,Fraud-risk score 0.54 exceeds threshold 0.5 — held for manual fraud review.,c247fddb
0.281,0.721,0.15,AUTO_APPROVE,Low fraud-risk (0.28) and high intent-match confidence (0.72) — auto-approved.,72ac083e
0.565,0.293,0.096,HOLD_FRAUD_REVIEW,Fraud-risk score 0.56 exceeds threshold 0.5 — held for manual fraud review.,344cbf30
0.484,0.721,0.47,AUTO_APPROVE,Low fraud-risk (0.48) and high intent-match confidence (0.72) — auto-approved.,4a7ef612
0.578,0.427,0.196,HOLD_FRAUD_REVIEW,Fraud-risk score 0.58 exceeds threshold 0.5 — held for manual fraud review.,8e3bde78
0.234,0.236,0.37,HOLD_LIKELY_MISMATCH,"Order deviates from stated intent (intent-match confidence 0.24) and doesn't align with this customer's history (preference-fit 0.37) — likely a mistaken purchase, held to prevent a probable return.",cf798079
0.952,0.721,0.8,HOLD_FRAUD_REVIEW,Fraud-risk score 0.95 exceeds threshold 0.5 — held for manual fraud review.,02a94816
0.43,0.458,0.16,HOLD_LIKELY_MISMATCH,"Order deviates from stated intent (intent-match confidence 0.46) and doesn't align with this customer's history (preference-fit 0.16) — likely a mistaken purchase, held to prevent a probable return.",66403e44
0.462,0.721,0.45,AUTO_APPROVE,Low fraud-risk (0.46) and high intent-match confidence (0.72) — auto-approved.,41489154
0.452,0.721,0.25,AUTO_APPROVE,Low fraud-risk (0.45) and high intent-match confidence (0.72) — auto-approved.,ca04501f
0.269,0.346,0.31,HOLD_LIKELY_MISMATCH,"Order deviates from stated intent (intent-match confidence 0.35) and doesn't align with this customer's history (preference-fit 0.31) — likely a mistaken purchase, held to prevent a probable return.",af543090
0.362,0.33,0.032,HOLD_LIKELY_MISMATCH,"Order deviates from stated intent (intent-match confidence 0.33) and doesn't align with this customer's history (preference-fit 0.03) — likely a mistaken purchase, held to prevent a probable return.",cd8cb238
0.376,0.721,0.014,AUTO_APPROVE,Low fraud-risk (0.38) and high intent-match confidence (0.72) — auto-approved.,d4d54e14
0.706,0.721,0.09,HOLD_FRAUD_REVIEW,Fraud-risk score 0.71 exceeds threshold 0.5 — held for manual fraud review.,6ca6c394
0.257,0.227,0.078,HOLD_LIKELY_MISMATCH,"Order deviates from stated intent (intent-match confidence 0.23) and doesn't align with this customer's history (preference-fit 0.08) — likely a mistaken purchase, held to prevent a probable return.",d5d177cb
0.516,0.721,0.82,HOLD_FRAUD_REVIEW,Fraud-risk score 0.52 exceeds threshold 0.5 — held for manual fraud review.,0faaf593
0.609,0.347,0.2,HOLD_FRAUD_REVIEW,Fraud-risk score 0.61 exceeds threshold 0.5 — held for manual fraud review.,bb68a65e
0.815,0.31,0.15,HOLD_FRAUD_REVIEW,Fraud-risk score 0.82 exceeds threshold 0.5 — held for manual fraud review.,a6f3cae7
0.89,0.721,0.82,HOLD_FRAUD_REVIEW,Fraud-risk score 0.89 exceeds threshold 0.5 — held for manual fraud review.,54570970
0.513,0.307,0.05,HOLD_FRAUD_REVIEW,Fraud-risk score 0.51 exceeds threshold 0.5 — held for manual fraud review.,c2cb078f
0.224,0.308,0.19,HOLD_LIKELY_MISMATCH,"Order deviates from stated intent (intent-match confidence 0.31) and doesn't align with this customer's history (preference-fit 0.19) — likely a mistaken purchase, held to prevent a probable return.",ae848ea2
0.42,0.721,0.77,AUTO_APPROVE,Low fraud-risk (0.42) and high intent-match confidence (0.72) — auto-approved.,46c9171a
0.456,0.721,0.046,AUTO_APPROVE,Low fraud-risk (0.46) and high intent-match confidence (0.72) — auto-approved.,c4912c28
0.446,0.721,0.99,AUTO_APPROVE,Low fraud-risk (0.45) and high intent-match confidence (0.72) — auto-approved.,eff77b94
0.364,0.721,0.036,AUTO_APPROVE,Low fraud-risk (0.36) and high intent-match confidence (0.72) — auto-approved.,8819378a
0.258,0.721,0.054,AUTO_APPROVE,Low fraud-risk (0.26) and high intent-match confidence (0.72) — auto-approved.,347912b5
0.202,0.721,0.05,AUTO_APPROVE,Low fraud-risk (0.20) and high intent-match confidence (0.72) — auto-approved.,c3026dc1
0.519,0.721,0.78,HOLD_FRAUD_REVIEW,Fraud-risk score 0.52 exceeds threshold 0.5 — held for manual fraud review.,35badf64
0.791,0.721,0.4,HOLD_FRAUD_REVIEW,Fraud-risk score 0.79 exceeds threshold 0.5 — held for manual fraud review.,bf8e658d
0.867,0.306,0.164,HOLD_FRAUD_REVIEW,Fraud-risk score 0.87 exceeds threshold 0.5 — held for manual fraud review.,eec3b258
0.54,0.721,0.51,HOLD_FRAUD_REVIEW,Fraud-risk score 0.54 exceeds threshold 0.5 — held for manual fraud review.,5710ee2e
0.766,0.721,0.95,HOLD_FRAUD_REVIEW,Fraud-risk score 0.77 exceeds threshold 0.5 — held for manual fraud review.,05d5cd26
0.25,0.721,0.07,AUTO_APPROVE,Low fraud-risk (0.25) and high intent-match confidence (0.72) — auto-approved.,99db3f01
0.307,0.384,0.81,HOLD_CONFIRM_WITH_HUMAN,"Order deviates from stated intent (intent-match confidence 0.38), but this customer's history (preference-fit 0.81) suggests they may welcome this — routed to a quick human confirmation instead of auto-block.",64d47c5d
0.457,0.721,0.176,AUTO_APPROVE,Low fraud-risk (0.46) and high intent-match confidence (0.72) — auto-approved.,d24b2333
0.456,0.721,0.144,AUTO_APPROVE,Low fraud-risk (0.46) and high intent-match confidence (0.72) — auto-approved.,3be8191b
0.713,0.263,0.51,HOLD_FRAUD_REVIEW,Fraud-risk score 0.71 exceeds threshold 0.5 — held for manual fraud review.,f17e5e19
0.332,0.379,0.084,HOLD_LIKELY_MISMATCH,"Order deviates from stated intent (intent-match confidence 0.38) and doesn't align with this customer's history (preference-fit 0.08) — likely a mistaken purchase, held to prevent a probable return.",61ec2308
0.223,0.721,0.28,AUTO_APPROVE,Low fraud-risk (0.22) and high intent-match confidence (0.72) — auto-approved.,668c8497
0.248,0.721,0.22,AUTO_APPROVE,Low fraud-risk (0.25) and high intent-match confidence (0.72) — auto-approved.,6e6a716b
0.204,0.721,0.2,AUTO_APPROVE,Low fraud-risk (0.20) and high intent-match confidence (0.72) — auto-approved.,b12112a9
0.934,0.721,0.76,HOLD_FRAUD_REVIEW,Fraud-risk score 0.93 exceeds threshold 0.5 — held for manual fraud review.,4e6cdaa9
0.786,0.381,0.02,HOLD_FRAUD_REVIEW,Fraud-risk score 0.79 exceeds threshold 0.5 — held for manual fraud review.,ae52c01e
0.527,0.721,0.81,HOLD_FRAUD_REVIEW,Fraud-risk score 0.53 exceeds threshold 0.5 — held for manual fraud review.,128d8f41
0.523,0.721,0.92,HOLD_FRAUD_REVIEW,Fraud-risk score 0.52 exceeds threshold 0.5 — held for manual fraud review.,49e42962
0.305,0.721,0.22,AUTO_APPROVE,Low fraud-risk (0.31) and high intent-match confidence (0.72) — auto-approved.,51ef32c8
0.468,0.721,0.192,AUTO_APPROVE,Low fraud-risk (0.47) and high intent-match confidence (0.72) — auto-approved.,c605b8d8
0.253,0.35,0.31,HOLD_LIKELY_MISMATCH,"Order deviates from stated intent (intent-match confidence 0.35) and doesn't align with this customer's history (preference-fit 0.31) — likely a mistaken purchase, held to prevent a probable return.",0bc09069
0.555,0.721,0.78,HOLD_FRAUD_REVIEW,Fraud-risk score 0.56 exceeds threshold 0.5 — held for manual fraud review.,61e6397f
0.413,0.721,0.03,AUTO_APPROVE,Low fraud-risk (0.41) and high intent-match confidence (0.72) — auto-approved.,3533b0ff
0.749,0.721,0.14,HOLD_FRAUD_REVIEW,Fraud-risk score 0.75 exceeds threshold 0.5 — held for manual fraud review.,c74d10ac
0.963,0.721,0.07,HOLD_FRAUD_REVIEW,Fraud-risk score 0.96 exceeds threshold 0.5 — held for manual fraud review.,6d8b215f
0.406,0.721,0.86,AUTO_APPROVE,Low fraud-risk (0.41) and high intent-match confidence (0.72) — auto-approved.,ef0b5c04
0.517,0.332,0.82,HOLD_FRAUD_REVIEW,Fraud-risk score 0.52 exceeds threshold 0.5 — held for manual fraud review.,570be2fb
0.8,0.721,0.77,HOLD_FRAUD_REVIEW,Fraud-risk score 0.80 exceeds threshold 0.5 — held for manual fraud review.,9b70f10e
0.62,0.278,0.07,HOLD_FRAUD_REVIEW,Fraud-risk score 0.62 exceeds threshold 0.5 — held for manual fraud review.,f46c66bf
0.45,0.721,0.39,AUTO_APPROVE,Low fraud-risk (0.45) and high intent-match confidence (0.72) — auto-approved.,89f62ea4
0.253,0.721,0.102,AUTO_APPROVE,Low fraud-risk (0.25) and high intent-match confidence (0.72) — auto-approved.,b88e6f9f
0.528,0.721,0.29,HOLD_FRAUD_REVIEW,Fraud-risk score 0.53 exceeds threshold 0.5 — held for manual fraud review.,69e30921
0.872,0.457,0.39,HOLD_FRAUD_REVIEW,Fraud-risk score 0.87 exceeds threshold 0.5 — held for manual fraud review.,c184bceb
0.92,0.189,0.0,HOLD_FRAUD_REVIEW,Fraud-risk score 0.92 exceeds threshold 0.5 — held for manual fraud review.,57286875
0.458,0.338,0.04,HOLD_LIKELY_MISMATCH,"Order deviates from stated intent (intent-match confidence 0.34) and doesn't align with this customer's history (preference-fit 0.04) — likely a mistaken purchase, held to prevent a probable return.",d9ced5df
0.961,0.721,0.168,HOLD_FRAUD_REVIEW,Fraud-risk score 0.96 exceeds threshold 0.5 — held for manual fraud review.,18e1ec9a
0.305,0.721,0.31,AUTO_APPROVE,Low fraud-risk (0.30) and high intent-match confidence (0.72) — auto-approved.,e3f2cbdb
0.564,0.422,0.06,HOLD_FRAUD_REVIEW,Fraud-risk score 0.56 exceeds threshold 0.5 — held for manual fraud review.,ae9ad2e6
0.634,0.721,0.13,HOLD_FRAUD_REVIEW,Fraud-risk score 0.63 exceeds threshold 0.5 — held for manual fraud review.,bfb0924e
0.317,0.721,0.34,AUTO_APPROVE,Low fraud-risk (0.32) and high intent-match confidence (0.72) — auto-approved.,f1f82815
0.314,0.721,0.66,AUTO_APPROVE,Low fraud-risk (0.31) and high intent-match confidence (0.72) — auto-approved.,f66d2c43
0.672,0.254,0.1,HOLD_FRAUD_REVIEW,Fraud-risk score 0.67 exceeds threshold 0.5 — held for manual fraud review.,d5aced15
0.478,0.721,0.174,AUTO_APPROVE,Low fraud-risk (0.48) and high intent-match confidence (0.72) — auto-approved.,98c01f95
0.473,0.33,0.8,HOLD_CONFIRM_WITH_HUMAN,"Order deviates from stated intent (intent-match confidence 0.33), but this customer's history (preference-fit 0.80) suggests they may welcome this — routed to a quick human confirmation instead of auto-block.",8c908e8c
0.373,0.721,0.6,AUTO_APPROVE,Low fraud-risk (0.37) and high intent-match confidence (0.72) — auto-approved.,315efcea
0.699,0.721,0.78,HOLD_FRAUD_REVIEW,Fraud-risk score 0.70 exceeds threshold 0.5 — held for manual fraud review.,c7b1413b
0.832,0.721,0.136,HOLD_FRAUD_REVIEW,Fraud-risk score 0.83 exceeds threshold 0.5 — held for manual fraud review.,fd800240
0.565,0.721,0.35,HOLD_FRAUD_REVIEW,Fraud-risk score 0.57 exceeds threshold 0.5 — held for manual fraud review.,4a938952
0.674,0.229,0.03,HOLD_FRAUD_REVIEW,Fraud-risk score 0.67 exceeds threshold 0.5 — held for manual fraud review.,c3c93690
0.451,0.721,0.65,AUTO_APPROVE,Low fraud-risk (0.45) and high intent-match confidence (0.72) — auto-approved.,01d3c3a1
0.5,0.721,0.48,AUTO_APPROVE,Low fraud-risk (0.50) and high intent-match confidence (0.72) — auto-approved.,2db82f25
0.531,0.721,0.62,HOLD_FRAUD_REVIEW,Fraud-risk score 0.53 exceeds threshold 0.5 — held for manual fraud review.,fcddafca
0.271,0.329,0.198,HOLD_LIKELY_MISMATCH,"Order deviates from stated intent (intent-match confidence 0.33) and doesn't align with this customer's history (preference-fit 0.20) — likely a mistaken purchase, held to prevent a probable return.",e56b62db
0.836,0.721,0.73,HOLD_FRAUD_REVIEW,Fraud-risk score 0.84 exceeds threshold 0.5 — held for manual fraud review.,3ae43ea3
0.244,0.721,0.37,AUTO_APPROVE,Low fraud-risk (0.24) and high intent-match confidence (0.72) — auto-approved.,1fa8b6d8
0.481,0.334,0.46,HOLD_LIKELY_MISMATCH,"Order deviates from stated intent (intent-match confidence 0.33) and doesn't align with this customer's history (preference-fit 0.46) — likely a mistaken purchase, held to prevent a probable return.",6b840c88
0.356,0.252,0.29,HOLD_LIKELY_MISMATCH,"Order deviates from stated intent (intent-match confidence 0.25) and doesn't align with this customer's history (preference-fit 0.29) — likely a mistaken purchase, held to prevent a probable return.",a6fd58e5
0.654,0.328,0.022,HOLD_FRAUD_REVIEW,Fraud-risk score 0.65 exceeds threshold 0.5 — held for manual fraud review.,3415093a
0.511,0.721,0.89,HOLD_FRAUD_REVIEW,Fraud-risk score 0.51 exceeds threshold 0.5 — held for manual fraud review.,431bb308
0.5,0.378,0.8,HOLD_CONFIRM_WITH_HUMAN,"Order deviates from stated intent (intent-match confidence 0.38), but this customer's history (preference-fit 0.80) suggests they may welcome this — routed to a quick human confirmation instead of auto-block.",8e388ce0
0.257,0.721,0.12,AUTO_APPROVE,Low fraud-risk (0.26) and high intent-match confidence (0.72) — auto-approved.,29480852
0.266,0.721,0.26,AUTO_APPROVE,Low fraud-risk (0.27) and high intent-match confidence (0.72) — auto-approved.,d35989cc
0.522,0.721,0.44,HOLD_FRAUD_REVIEW,Fraud-risk score 0.52 exceeds threshold 0.5 — held for manual fraud review.,268d7171
0.583,0.285,0.57,HOLD_FRAUD_REVIEW,Fraud-risk score 0.58 exceeds threshold 0.5 — held for manual fraud review.,5e085ee7
0.226,0.721,0.174,AUTO_APPROVE,Low fraud-risk (0.23) and high intent-match confidence (0.72) — auto-approved.,1a1764db
0.327,0.721,0.122,AUTO_APPROVE,Low fraud-risk (0.33) and high intent-match confidence (0.72) — auto-approved.,541c590d
0.539,0.721,0.5,HOLD_FRAUD_REVIEW,Fraud-risk score 0.54 exceeds threshold 0.5 — held for manual fraud review.,4a929665
0.695,0.721,0.32,HOLD_FRAUD_REVIEW,Fraud-risk score 0.69 exceeds threshold 0.5 — held for manual fraud review.,cac6534c
0.646,0.353,0.52,HOLD_FRAUD_REVIEW,Fraud-risk score 0.65 exceeds threshold 0.5 — held for manual fraud review.,dcbbac87
0.53,0.721,0.93,HOLD_FRAUD_REVIEW,Fraud-risk score 0.53 exceeds threshold 0.5 — held for manual fraud review.,79a64b63
0.407,0.721,0.21,AUTO_APPROVE,Low fraud-risk (0.41) and high intent-match confidence (0.72) — auto-approved.,e943aeac
0.518,0.721,0.56,HOLD_FRAUD_REVIEW,Fraud-risk score 0.52 exceeds threshold 0.5 — held for manual fraud review.,7e3428f3
0.178,0.186,0.104,HOLD_LIKELY_MISMATCH,"Order deviates from stated intent (intent-match confidence 0.19) and doesn't align with this customer's history (preference-fit 0.10) — likely a mistaken purchase, held to prevent a probable return.",3e979aa9
0.806,0.721,0.18,HOLD_FRAUD_REVIEW,Fraud-risk score 0.81 exceeds threshold 0.5 — held for manual fraud review.,7dffc691
0.56,0.721,0.186,HOLD_FRAUD_REVIEW,Fraud-risk score 0.56 exceeds threshold 0.5 — held for manual fraud review.,19dd1347
0.855,0.721,0.04,HOLD_FRAUD_REVIEW,Fraud-risk score 0.85 exceeds threshold 0.5 — held for manual fraud review.,22eb1489
0.451,0.721,0.06,AUTO_APPROVE,Low fraud-risk (0.45) and high intent-match confidence (0.72) — auto-approved.,5bd24c68
0.811,0.721,0.51,HOLD_FRAUD_REVIEW,Fraud-risk score 0.81 exceeds threshold 0.5 — held for manual fraud review.,626a0cba
0.261,0.447,0.7,HOLD_CONFIRM_WITH_HUMAN,"Order deviates from stated intent (intent-match confidence 0.45), but this customer's history (preference-fit 0.70) suggests they may welcome this — routed to a quick human confirmation instead of auto-block.",9a01fb0d
0.213,0.721,0.098,AUTO_APPROVE,Low fraud-risk (0.21) and high intent-match confidence (0.72) — auto-approved.,8c11b04c
0.279,0.721,0.044,AUTO_APPROVE,Low fraud-risk (0.28) and high intent-match confidence (0.72) — auto-approved.,421446a3
0.363,0.721,0.02,AUTO_APPROVE,Low fraud-risk (0.36) and high intent-match confidence (0.72) — auto-approved.,f047bbaf
0.349,0.721,0.31,AUTO_APPROVE,Low fraud-risk (0.35) and high intent-match confidence (0.72) — auto-approved.,85cbc0f4
0.336,0.721,0.13,AUTO_APPROVE,Low fraud-risk (0.34) and high intent-match confidence (0.72) — auto-approved.,caca8265
0.449,0.721,0.076,AUTO_APPROVE,Low fraud-risk (0.45) and high intent-match confidence (0.72) — auto-approved.,00733d43
0.399,0.721,0.26,AUTO_APPROVE,Low fraud-risk (0.40) and high intent-match confidence (0.72) — auto-approved.,b49efdc5
0.846,0.721,0.38,HOLD_FRAUD_REVIEW,Fraud-risk score 0.85 exceeds threshold 0.5 — held for manual fraud review.,ba518e6f
0.214,0.721,0.016,AUTO_APPROVE,Low fraud-risk (0.21) and high intent-match confidence (0.72) — auto-approved.,0c06a755
0.204,0.721,0.54,AUTO_APPROVE,Low fraud-risk (0.20) and high intent-match confidence (0.72) — auto-approved.,eaec11f4
0.396,0.721,0.87,AUTO_APPROVE,Low fraud-risk (0.40) and high intent-match confidence (0.72) — auto-approved.,8a8ec3f5
0.52,0.721,0.16,HOLD_FRAUD_REVIEW,Fraud-risk score 0.52 exceeds threshold 0.5 — held for manual fraud review.,e0c7377a
0.826,0.721,0.63,HOLD_FRAUD_REVIEW,Fraud-risk score 0.83 exceeds threshold 0.5 — held for manual fraud review.,1f11d92c
0.35,0.721,0.16,AUTO_APPROVE,Low fraud-risk (0.35) and high intent-match confidence (0.72) — auto-approved.,4ee55a55
0.675,0.461,0.094,HOLD_FRAUD_REVIEW,Fraud-risk score 0.67 exceeds threshold 0.5 — held for manual fraud review.,f06ead95
0.303,0.262,0.198,HOLD_LIKELY_MISMATCH,"Order deviates from stated intent (intent-match confidence 0.26) and doesn't align with this customer's history (preference-fit 0.20) — likely a mistaken purchase, held to prevent a probable return.",4d98c347
0.516,0.721,0.006,HOLD_FRAUD_REVIEW,Fraud-risk score 0.52 exceeds threshold 0.5 — held for manual fraud review.,3b62bfe4
0.49,0.424,0.134,HOLD_LIKELY_MISMATCH,"Order deviates from stated intent (intent-match confidence 0.42) and doesn't align with this customer's history (preference-fit 0.13) — likely a mistaken purchase, held to prevent a probable return.",0d9a1c7a
0.189,0.462,0.5,HOLD_CONFIRM_WITH_HUMAN,"Order deviates from stated intent (intent-match confidence 0.46), but this customer's history (preference-fit 0.50) suggests they may welcome this — routed to a quick human confirmation instead of auto-block.",8d067dc7
0.306,0.721,0.64,AUTO_APPROVE,Low fraud-risk (0.31) and high intent-match confidence (0.72) — auto-approved.,2c8d8b0e
0.496,0.721,0.73,AUTO_APPROVE,Low fraud-risk (0.50) and high intent-match confidence (0.72) — auto-approved.,2b2913a0
0.758,0.721,0.01,HOLD_FRAUD_REVIEW,Fraud-risk score 0.76 exceeds threshold 0.5 — held for manual fraud review.,8c862e78
0.371,0.721,0.63,AUTO_APPROVE,Low fraud-risk (0.37) and high intent-match confidence (0.72) — auto-approved.,84347c50
0.3,0.27,0.046,HOLD_LIKELY_MISMATCH,"Order deviates from stated intent (intent-match confidence 0.27) and doesn't align with this customer's history (preference-fit 0.05) — likely a mistaken purchase, held to prevent a probable return.",4568ce92
0.405,0.721,0.038,AUTO_APPROVE,Low fraud-risk (0.41) and high intent-match confidence (0.72) — auto-approved.,6273fbd9
0.56,0.721,1.0,HOLD_FRAUD_REVIEW,Fraud-risk score 0.56 exceeds threshold 0.5 — held for manual fraud review.,7f2071f0
0.475,0.21,0.088,HOLD_LIKELY_MISMATCH,"Order deviates from stated intent (intent-match confidence 0.21) and doesn't align with this customer's history (preference-fit 0.09) — likely a mistaken purchase, held to prevent a probable return.",528826fa
0.403,0.235,0.96,HOLD_CONFIRM_WITH_HUMAN,"Order deviates from stated intent (intent-match confidence 0.23), but this customer's history (preference-fit 0.96) suggests they may welcome this — routed to a quick human confirmation instead of auto-block.",db186702
0.527,0.721,0.31,HOLD_FRAUD_REVIEW,Fraud-risk score 0.53 exceeds threshold 0.5 — held for manual fraud review.,1f250b90
0.197,0.721,0.08,AUTO_APPROVE,Low fraud-risk (0.20) and high intent-match confidence (0.72) — auto-approved.,cb374bb2
0.212,0.721,0.152,AUTO_APPROVE,Low fraud-risk (0.21) and high intent-match confidence (0.72) — auto-approved.,0b2eee1a
0.397,0.721,0.29,AUTO_APPROVE,Low fraud-risk (0.40) and high intent-match confidence (0.72) — auto-approved.,7ee22cd9
0.218,0.721,0.79,AUTO_APPROVE,Low fraud-risk (0.22) and high intent-match confidence (0.72) — auto-approved.,7823ed83
0.334,0.346,0.97,HOLD_CONFIRM_WITH_HUMAN,"Order deviates from stated intent (intent-match confidence 0.35), but this customer's history (preference-fit 0.97) suggests they may welcome this — routed to a quick human confirmation instead of auto-block.",1c59685f
0.25,0.721,0.4,AUTO_APPROVE,Low fraud-risk (0.25) and high intent-match confidence (0.72) — auto-approved.,0f6a920c
0.775,0.721,0.88,HOLD_FRAUD_REVIEW,Fraud-risk score 0.77 exceeds threshold 0.5 — held for manual fraud review.,407f0547
0.421,0.405,0.19,HOLD_LIKELY_MISMATCH,"Order deviates from stated intent (intent-match confidence 0.40) and doesn't align with this customer's history (preference-fit 0.19) — likely a mistaken purchase, held to prevent a probable return.",68592fa8
0.449,0.336,0.96,HOLD_CONFIRM_WITH_HUMAN,"Order deviates from stated intent (intent-match confidence 0.34), but this customer's history (preference-fit 0.96) suggests they may welcome this — routed to a quick human confirmation instead of auto-block.",dcdd0fb0
0.785,0.721,0.02,HOLD_FRAUD_REVIEW,Fraud-risk score 0.78 exceeds threshold 0.5 — held for manual fraud review.,df5434a8
0.752,0.721,0.12,HOLD_FRAUD_REVIEW,Fraud-risk score 0.75 exceeds threshold 0.5 — held for manual fraud review.,1e86911f
0.35,0.721,0.83,AUTO_APPROVE,Low fraud-risk (0.35) and high intent-match confidence (0.72) — auto-approved.,fcae5d1a
0.791,0.721,0.95,HOLD_FRAUD_REVIEW,Fraud-risk score 0.79 exceeds threshold 0.5 — held for manual fraud review.,40b51cff
0.173,0.721,0.53,AUTO_APPROVE,Low fraud-risk (0.17) and high intent-match confidence (0.72) — auto-approved.,2493193b
0.516,0.721,0.71,HOLD_FRAUD_REVIEW,Fraud-risk score 0.52 exceeds threshold 0.5 — held for manual fraud review.,10558b93
0.781,0.329,0.17,HOLD_FRAUD_REVIEW,Fraud-risk score 0.78 exceeds threshold 0.5 — held for manual fraud review.,2ba46c9c
0.367,0.449,0.57,HOLD_CONFIRM_WITH_HUMAN,"Order deviates from stated intent (intent-match confidence 0.45), but this customer's history (preference-fit 0.57) suggests they may welcome this — routed to a quick human confirmation instead of auto-block.",728dd48a
0.204,0.427,0.73,HOLD_CONFIRM_WITH_HUMAN,"Order deviates from stated intent (intent-match confidence 0.43), but this customer's history (preference-fit 0.73) suggests they may welcome this — routed to a quick human confirmation instead of auto-block.",df8db880
0.399,0.721,0.78,AUTO_APPROVE,Low fraud-risk (0.40) and high intent-match confidence (0.72) — auto-approved.,8955a7fa
0.252,0.721,0.99,AUTO_APPROVE,Low fraud-risk (0.25) and high intent-match confidence (0.72) — auto-approved.,11eb1e48
0.376,0.721,0.174,AUTO_APPROVE,Low fraud-risk (0.38) and high intent-match confidence (0.72) — auto-approved.,7dc26efe
0.184,0.422,0.29,HOLD_LIKELY_MISMATCH,"Order deviates from stated intent (intent-match confidence 0.42) and doesn't align with this customer's history (preference-fit 0.29) — likely a mistaken purchase, held to prevent a probable return.",50dcd17d
0.19,0.721,0.186,AUTO_APPROVE,Low fraud-risk (0.19) and high intent-match confidence (0.72) — auto-approved.,7268927f
0.301,0.304,0.36,HOLD_LIKELY_MISMATCH,"Order deviates from stated intent (intent-match confidence 0.30) and doesn't align with this customer's history (preference-fit 0.36) — likely a mistaken purchase, held to prevent a probable return.",6db14f92
0.36,0.721,0.006,AUTO_APPROVE,Low fraud-risk (0.36) and high intent-match confidence (0.72) — auto-approved.,09db3b8d
0.849,0.721,0.72,HOLD_FRAUD_REVIEW,Fraud-risk score 0.85 exceeds threshold 0.5 — held for manual fraud review.,a1e4bf76
0.937,0.248,0.04,HOLD_FRAUD_REVIEW,Fraud-risk score 0.94 exceeds threshold 0.5 — held for manual fraud review.,c7e0c1fb
0.254,0.721,0.092,AUTO_APPROVE,Low fraud-risk (0.25) and high intent-match confidence (0.72) — auto-approved.,72addc48
0.37,0.721,0.72,AUTO_APPROVE,Low fraud-risk (0.37) and high intent-match confidence (0.72) — auto-approved.,8569caa2
0.794,0.274,0.05,HOLD_FRAUD_REVIEW,Fraud-risk score 0.79 exceeds threshold 0.5 — held for manual fraud review.,1d801822
0.198,0.721,0.174,AUTO_APPROVE,Low fraud-risk (0.20) and high intent-match confidence (0.72) — auto-approved.,5d65b04a
0.297,0.721,0.08,AUTO_APPROVE,Low fraud-risk (0.30) and high intent-match confidence (0.72) — auto-approved.,99b8ee3a
0.259,0.721,0.142,AUTO_APPROVE,Low fraud-risk (0.26) and high intent-match confidence (0.72) — auto-approved.,b4b6f953
0.614,0.289,0.064,HOLD_FRAUD_REVIEW,Fraud-risk score 0.61 exceeds threshold 0.5 — held for manual fraud review.,6ee4122a
0.482,0.721,0.002,AUTO_APPROVE,Low fraud-risk (0.48) and high intent-match confidence (0.72) — auto-approved.,efb050c5
0.338,0.307,0.47,HOLD_LIKELY_MISMATCH,"Order deviates from stated intent (intent-match confidence 0.31) and doesn't align with this customer's history (preference-fit 0.47) — likely a mistaken purchase, held to prevent a probable return.",8af65479
0.372,0.392,0.99,HOLD_CONFIRM_WITH_HUMAN,"Order deviates from stated intent (intent-match confidence 0.39), but this customer's history (preference-fit 0.99) suggests they may welcome this — routed to a quick human confirmation instead of auto-block.",ff264b8d
0.436,0.324,0.33,HOLD_LIKELY_MISMATCH,"Order deviates from stated intent (intent-match confidence 0.32) and doesn't align with this customer's history (preference-fit 0.33) — likely a mistaken purchase, held to prevent a probable return.",125d2b1c
0.392,0.721,0.51,AUTO_APPROVE,Low fraud-risk (0.39) and high intent-match confidence (0.72) — auto-approved.,466c712f
0.295,0.374,0.46,HOLD_LIKELY_MISMATCH,"Order deviates from stated intent (intent-match confidence 0.37) and doesn't align with this customer's history (preference-fit 0.46) — likely a mistaken purchase, held to prevent a probable return.",483eea7e
0.317,0.721,0.114,AUTO_APPROVE,Low fraud-risk (0.32) and high intent-match confidence (0.72) — auto-approved.,b9582a64
0.212,0.721,0.57,AUTO_APPROVE,Low fraud-risk (0.21) and high intent-match confidence (0.72) — auto-approved.,f0a95eb9
0.231,0.721,0.47,AUTO_APPROVE,Low fraud-risk (0.23) and high intent-match confidence (0.72) — auto-approved.,fc716f78
0.482,0.721,0.56,AUTO_APPROVE,Low fraud-risk (0.48) and high intent-match confidence (0.72) — auto-approved.,44a669ff
0.475,0.721,0.9,AUTO_APPROVE,Low fraud-risk (0.47) and high intent-match confidence (0.72) — auto-approved.,e9215c1d
0.499,0.721,0.58,AUTO_APPROVE,Low fraud-risk (0.50) and high intent-match confidence (0.72) — auto-approved.,85fd6dc2
0.802,0.721,0.38,HOLD_FRAUD_REVIEW,Fraud-risk score 0.80 exceeds threshold 0.5 — held for manual fraud review.,b5ca3aab
0.486,0.721,0.27,AUTO_APPROVE,Low fraud-risk (0.49) and high intent-match confidence (0.72) — auto-approved.,c36a8452
0.308,0.233,0.2,HOLD_LIKELY_MISMATCH,"Order deviates from stated intent (intent-match confidence 0.23) and doesn't align with this customer's history (preference-fit 0.20) — likely a mistaken purchase, held to prevent a probable return.",4269a06e
0.53,0.245,0.122,HOLD_FRAUD_REVIEW,Fraud-risk score 0.53 exceeds threshold 0.5 — held for manual fraud review.,344d5f4a
0.826,0.22,0.44,HOLD_FRAUD_REVIEW,Fraud-risk score 0.83 exceeds threshold 0.5 — held for manual fraud review.,5cc30c77
0.252,0.721,0.59,AUTO_APPROVE,Low fraud-risk (0.25) and high intent-match confidence (0.72) — auto-approved.,55d7f282
0.399,0.721,0.182,AUTO_APPROVE,Low fraud-risk (0.40) and high intent-match confidence (0.72) — auto-approved.,223029b0
0.292,0.721,0.52,AUTO_APPROVE,Low fraud-risk (0.29) and high intent-match confidence (0.72) — auto-approved.,001679ca
0.199,0.721,0.27,AUTO_APPROVE,Low fraud-risk (0.20) and high intent-match confidence (0.72) — auto-approved.,21235405
0.548,0.721,0.29,HOLD_FRAUD_REVIEW,Fraud-risk score 0.55 exceeds threshold 0.5 — held for manual fraud review.,dd62e858
0.52,0.372,0.28,HOLD_FRAUD_REVIEW,Fraud-risk score 0.52 exceeds threshold 0.5 — held for manual fraud review.,d5daf010
0.581,0.354,0.56,HOLD_FRAUD_REVIEW,Fraud-risk score 0.58 exceeds threshold 0.5 — held for manual fraud review.,6841528e
0.369,0.464,0.23,HOLD_LIKELY_MISMATCH,"Order deviates from stated intent (intent-match confidence 0.46) and doesn't align with this customer's history (preference-fit 0.23) — likely a mistaken purchase, held to prevent a probable return.",0e05b860
0.206,0.329,0.31,HOLD_LIKELY_MISMATCH,"Order deviates from stated intent (intent-match confidence 0.33) and doesn't align with this customer's history (preference-fit 0.31) — likely a mistaken purchase, held to prevent a probable return.",f5415456
0.336,0.721,0.8,AUTO_APPROVE,Low fraud-risk (0.34) and high intent-match confidence (0.72) — auto-approved.,764cdebf
0.386,0.721,0.2,AUTO_APPROVE,Low fraud-risk (0.39) and high intent-match confidence (0.72) — auto-approved.,4057a50f
0.287,0.721,0.49,AUTO_APPROVE,Low fraud-risk (0.29) and high intent-match confidence (0.72) — auto-approved.,415ee878
0.447,0.721,0.18,AUTO_APPROVE,Low fraud-risk (0.45) and high intent-match confidence (0.72) — auto-approved.,4d19d2dc
0.562,0.721,0.32,HOLD_FRAUD_REVIEW,Fraud-risk score 0.56 exceeds threshold 0.5 — held for manual fraud review.,c2cf5e48
0.263,0.721,0.156,AUTO_APPROVE,Low fraud-risk (0.26) and high intent-match confidence (0.72) — auto-approved.,8c9cf9a7
0.783,0.721,0.156,HOLD_FRAUD_REVIEW,Fraud-risk score 0.78 exceeds threshold 0.5 — held for manual fraud review.,e0fa0d56
0.635,0.721,0.76,HOLD_FRAUD_REVIEW,Fraud-risk score 0.63 exceeds threshold 0.5 — held for manual fraud review.,eb5074aa
0.32,0.461,0.118,HOLD_LIKELY_MISMATCH,"Order deviates from stated intent (intent-match confidence 0.46) and doesn't align with this customer's history (preference-fit 0.12) — likely a mistaken purchase, held to prevent a probable return.",14b9434f
0.227,0.376,0.65,HOLD_CONFIRM_WITH_HUMAN,"Order deviates from stated intent (intent-match confidence 0.38), but this customer's history (preference-fit 0.65) suggests they may welcome this — routed to a quick human confirmation instead of auto-block.",91962591
0.313,0.721,0.25,AUTO_APPROVE,Low fraud-risk (0.31) and high intent-match confidence (0.72) — auto-approved.,37459bc3
0.306,0.297,0.51,HOLD_CONFIRM_WITH_HUMAN,"Order deviates from stated intent (intent-match confidence 0.30), but this customer's history (preference-fit 0.51) suggests they may welcome this — routed to a quick human confirmation instead of auto-block.",47ef4b22
0.382,0.207,0.088,HOLD_LIKELY_MISMATCH,"Order deviates from stated intent (intent-match confidence 0.21) and doesn't align with this customer's history (preference-fit 0.09) — likely a mistaken purchase, held to prevent a probable return.",f7204ab0
0.196,0.721,0.174,AUTO_APPROVE,Low fraud-risk (0.20) and high intent-match confidence (0.72) — auto-approved.,8820b36e
0.403,0.721,0.88,AUTO_APPROVE,Low fraud-risk (0.40) and high intent-match confidence (0.72) — auto-approved.,f4ab7f49
0.723,0.246,0.36,HOLD_FRAUD_REVIEW,Fraud-risk score 0.72 exceeds threshold 0.5 — held for manual fraud review.,ba470848
0.638,0.388,0.6,HOLD_FRAUD_REVIEW,Fraud-risk score 0.64 exceeds threshold 0.5 — held for manual fraud review.,40059050
0.35,0.462,0.17,HOLD_LIKELY_MISMATCH,"Order deviates from stated intent (intent-match confidence 0.46) and doesn't align with this customer's history (preference-fit 0.17) — likely a mistaken purchase, held to prevent a probable return.",b34449e0
0.344,0.721,0.17,AUTO_APPROVE,Low fraud-risk (0.34) and high intent-match confidence (0.72) — auto-approved.,29a1922e
0.687,0.305,0.112,HOLD_FRAUD_REVIEW,Fraud-risk score 0.69 exceeds threshold 0.5 — held for manual fraud review.,97fa33be
0.513,0.407,0.07,HOLD_FRAUD_REVIEW,Fraud-risk score 0.51 exceeds threshold 0.5 — held for manual fraud review.,53354bbe
0.254,0.721,0.65,AUTO_APPROVE,Low fraud-risk (0.25) and high intent-match confidence (0.72) — auto-approved.,5b49975f
0.396,0.225,0.25,HOLD_LIKELY_MISMATCH,"Order deviates from stated intent (intent-match confidence 0.22) and doesn't align with this customer's history (preference-fit 0.25) — likely a mistaken purchase, held to prevent a probable return.",c4e6bdea
0.299,0.257,0.58,HOLD_CONFIRM_WITH_HUMAN,"Order deviates from stated intent (intent-match confidence 0.26), but this customer's history (preference-fit 0.58) suggests they may welcome this — routed to a quick human confirmation instead of auto-block.",5a946a9d
0.866,0.301,0.12,HOLD_FRAUD_REVIEW,Fraud-risk score 0.87 exceeds threshold 0.5 — held for manual fraud review.,08fffcf6
0.57,0.346,0.04,HOLD_FRAUD_REVIEW,Fraud-risk score 0.57 exceeds threshold 0.5 — held for manual fraud review.,dbcb2f96
0.528,0.721,0.63,HOLD_FRAUD_REVIEW,Fraud-risk score 0.53 exceeds threshold 0.5 — held for manual fraud review.,d68d9565
0.349,0.721,0.55,AUTO_APPROVE,Low fraud-risk (0.35) and high intent-match confidence (0.72) — auto-approved.,cbbd9651
0.183,0.721,0.93,AUTO_APPROVE,Low fraud-risk (0.18) and high intent-match confidence (0.72) — auto-approved.,73b14f56
0.645,0.343,0.27,HOLD_FRAUD_REVIEW,Fraud-risk score 0.65 exceeds threshold 0.5 — held for manual fraud review.,1b03afed
0.584,0.42,0.152,HOLD_FRAUD_REVIEW,Fraud-risk score 0.58 exceeds threshold 0.5 — held for manual fraud review.,2b99ac62
0.855,0.721,0.55,HOLD_FRAUD_REVIEW,Fraud-risk score 0.85 exceeds threshold 0.5 — held for manual fraud review.,a4597e67
0.164,0.721,0.024,AUTO_APPROVE,Low fraud-risk (0.16) and high intent-match confidence (0.72) — auto-approved.,1f82acb2
0.751,0.244,0.03,HOLD_FRAUD_REVIEW,Fraud-risk score 0.75 exceeds threshold 0.5 — held for manual fraud review.,0e5078e1
0.522,0.721,0.96,HOLD_FRAUD_REVIEW,Fraud-risk score 0.52 exceeds threshold 0.5 — held for manual fraud review.,df840720
0.531,0.721,0.06,HOLD_FRAUD_REVIEW,Fraud-risk score 0.53 exceeds threshold 0.5 — held for manual fraud review.,4d63ca8f
0.622,0.301,0.41,HOLD_FRAUD_REVIEW,Fraud-risk score 0.62 exceeds threshold 0.5 — held for manual fraud review.,ba16da80
0.28,0.295,0.158,HOLD_LIKELY_MISMATCH,"Order deviates from stated intent (intent-match confidence 0.29) and doesn't align with this customer's history (preference-fit 0.16) — likely a mistaken purchase, held to prevent a probable return.",91be3a56
0.255,0.721,0.01,AUTO_APPROVE,Low fraud-risk (0.25) and high intent-match confidence (0.72) — auto-approved.,cfad1119
0.615,0.721,1.0,HOLD_FRAUD_REVIEW,Fraud-risk score 0.61 exceeds threshold 0.5 — held for manual fraud review.,e7d100e6
0.289,0.721,0.55,AUTO_APPROVE,Low fraud-risk (0.29) and high intent-match confidence (0.72) — auto-approved.,bac188f3
0.503,0.422,0.166,HOLD_FRAUD_REVIEW,Fraud-risk score 0.50 exceeds threshold 0.5 — held for manual fraud review.,3a93cc9e
0.81,0.721,0.18,HOLD_FRAUD_REVIEW,Fraud-risk score 0.81 exceeds threshold 0.5 — held for manual fraud review.,f93d965f
0.277,0.721,0.75,AUTO_APPROVE,Low fraud-risk (0.28) and high intent-match confidence (0.72) — auto-approved.,410c0e73
0.548,0.317,0.0,HOLD_FRAUD_REVIEW,Fraud-risk score 0.55 exceeds threshold 0.5 — held for manual fraud review.,a76a9329
0.414,0.425,0.096,HOLD_LIKELY_MISMATCH,"Order deviates from stated intent (intent-match confidence 0.42) and doesn't align with this customer's history (preference-fit 0.10) — likely a mistaken purchase, held to prevent a probable return.",5f75451f
0.375,0.721,0.67,AUTO_APPROVE,Low fraud-risk (0.37) and high intent-match confidence (0.72) — auto-approved.,fd9b6443
0.915,0.721,0.196,HOLD_FRAUD_REVIEW,Fraud-risk score 0.92 exceeds threshold 0.5 — held for manual fraud review.,1cecd58f
0.358,0.721,0.17,AUTO_APPROVE,Low fraud-risk (0.36) and high intent-match confidence (0.72) — auto-approved.,e78fe20b
0.748,0.721,0.11,HOLD_FRAUD_REVIEW,Fraud-risk score 0.75 exceeds threshold 0.5 — held for manual fraud review.,1f7644a5
0.628,0.314,0.17,HOLD_FRAUD_REVIEW,Fraud-risk score 0.63 exceeds threshold 0.5 — held for manual fraud review.,d7227aeb
0.259,0.721,0.116,AUTO_APPROVE,Low fraud-risk (0.26) and high intent-match confidence (0.72) — auto-approved.,1e99e6e5
0.732,0.721,0.32,HOLD_FRAUD_REVIEW,Fraud-risk score 0.73 exceeds threshold 0.5 — held for manual fraud review.,b2f7101f
0.36,0.721,0.73,AUTO_APPROVE,Low fraud-risk (0.36) and high intent-match confidence (0.72) — auto-approved.,e0289e86
0.537,0.721,0.81,HOLD_FRAUD_REVIEW,Fraud-risk score 0.54 exceeds threshold 0.5 — held for manual fraud review.,10b4e6a5
0.512,0.721,0.15,HOLD_FRAUD_REVIEW,Fraud-risk score 0.51 exceeds threshold 0.5 — held for manual fraud review.,d5cbe2fa
0.438,0.721,0.67,AUTO_APPROVE,Low fraud-risk (0.44) and high intent-match confidence (0.72) — auto-approved.,28500db8
0.365,0.721,0.018,AUTO_APPROVE,Low fraud-risk (0.37) and high intent-match confidence (0.72) — auto-approved.,8a8aafac
0.482,0.721,0.48,AUTO_APPROVE,Low fraud-risk (0.48) and high intent-match confidence (0.72) — auto-approved.,4e58151a
0.568,0.721,0.35,HOLD_FRAUD_REVIEW,Fraud-risk score 0.57 exceeds threshold 0.5 — held for manual fraud review.,9a43a84e
0.586,0.402,0.84,HOLD_FRAUD_REVIEW,Fraud-risk score 0.59 exceeds threshold 0.5 — held for manual fraud review.,33b55c80
0.396,0.323,0.92,HOLD_CONFIRM_WITH_HUMAN,"Order deviates from stated intent (intent-match confidence 0.32), but this customer's history (preference-fit 0.92) suggests they may welcome this — routed to a quick human confirmation instead of auto-block.",e2750adb
0.431,0.721,0.056,AUTO_APPROVE,Low fraud-risk (0.43) and high intent-match confidence (0.72) — auto-approved.,07aa42f6
0.447,0.721,0.148,AUTO_APPROVE,Low fraud-risk (0.45) and high intent-match confidence (0.72) — auto-approved.,61a9b91d
0.697,0.721,0.05,HOLD_FRAUD_REVIEW,Fraud-risk score 0.70 exceeds threshold 0.5 — held for manual fraud review.,066700ff
0.894,0.249,0.022,HOLD_FRAUD_REVIEW,Fraud-risk score 0.89 exceeds threshold 0.5 — held for manual fraud review.,5df843a6
0.362,0.275,0.26,HOLD_LIKELY_MISMATCH,"Order deviates from stated intent (intent-match confidence 0.28) and doesn't align with this customer's history (preference-fit 0.26) — likely a mistaken purchase, held to prevent a probable return.",8be02250
0.379,0.721,0.76,AUTO_APPROVE,Low fraud-risk (0.38) and high intent-match confidence (0.72) — auto-approved.,16214142
0.757,0.721,0.22,HOLD_FRAUD_REVIEW,Fraud-risk score 0.76 exceeds threshold 0.5 — held for manual fraud review.,0e96cae2
0.237,0.721,0.12,AUTO_APPROVE,Low fraud-risk (0.24) and high intent-match confidence (0.72) — auto-approved.,709d2cdb
0.396,0.721,0.054,AUTO_APPROVE,Low fraud-risk (0.40) and high intent-match confidence (0.72) — auto-approved.,4d54741c
0.179,0.721,0.81,AUTO_APPROVE,Low fraud-risk (0.18) and high intent-match confidence (0.72) — auto-approved.,ddb4b7ef
0.501,0.416,0.91,HOLD_FRAUD_REVIEW,Fraud-risk score 0.50 exceeds threshold 0.5 — held for manual fraud review.,95e5f36c
0.255,0.721,0.194,AUTO_APPROVE,Low fraud-risk (0.25) and high intent-match confidence (0.72) — auto-approved.,27a71eb9
0.17,0.721,0.17,AUTO_APPROVE,Low fraud-risk (0.17) and high intent-match confidence (0.72) — auto-approved.,e35244aa
0.497,0.721,0.86,AUTO_APPROVE,Low fraud-risk (0.50) and high intent-match confidence (0.72) — auto-approved.,03790170
0.706,0.721,0.01,HOLD_FRAUD_REVIEW,Fraud-risk score 0.71 exceeds threshold 0.5 — held for manual fraud review.,23f26d90
0.501,0.721,0.67,HOLD_FRAUD_REVIEW,Fraud-risk score 0.50 exceeds threshold 0.5 — held for manual fraud review.,3ce2b6a0
0.398,0.721,0.89,AUTO_APPROVE,Low fraud-risk (0.40) and high intent-match confidence (0.72) — auto-approved.,6775cf1c
0.767,0.371,0.04,HOLD_FRAUD_REVIEW,Fraud-risk score 0.77 exceeds threshold 0.5 — held for manual fraud review.,1d97f5d0
0.505,0.721,0.69,HOLD_FRAUD_REVIEW,Fraud-risk score 0.51 exceeds threshold 0.5 — held for manual fraud review.,d6c881d9
0.786,0.721,0.8,HOLD_FRAUD_REVIEW,Fraud-risk score 0.79 exceeds threshold 0.5 — held for manual fraud review.,13ffc2b8
0.378,0.721,0.67,AUTO_APPROVE,Low fraud-risk (0.38) and high intent-match confidence (0.72) — auto-approved.,f8f8b24c
0.319,0.334,0.33,HOLD_LIKELY_MISMATCH,"Order deviates from stated intent (intent-match confidence 0.33) and doesn't align with this customer's history (preference-fit 0.33) — likely a mistaken purchase, held to prevent a probable return.",d4931e75
0.525,0.721,0.11,HOLD_FRAUD_REVIEW,Fraud-risk score 0.52 exceeds threshold 0.5 — held for manual fraud review.,64b353ba
0.503,0.721,0.11,HOLD_FRAUD_REVIEW,Fraud-risk score 0.50 exceeds threshold 0.5 — held for manual fraud review.,6e219f02
0.573,0.721,0.36,HOLD_FRAUD_REVIEW,Fraud-risk score 0.57 exceeds threshold 0.5 — held for manual fraud review.,a2f5d983
0.674,0.721,0.7,HOLD_FRAUD_REVIEW,Fraud-risk score 0.67 exceeds threshold 0.5 — held for manual fraud review.,d7bacd03
0.199,0.334,0.178,HOLD_LIKELY_MISMATCH,"Order deviates from stated intent (intent-match confidence 0.33) and doesn't align with this customer's history (preference-fit 0.18) — likely a mistaken purchase, held to prevent a probable return.",41880c75
0.52,0.721,0.166,HOLD_FRAUD_REVIEW,Fraud-risk score 0.52 exceeds threshold 0.5 — held for manual fraud review.,ce86d822
0.466,0.721,0.96,AUTO_APPROVE,Low fraud-risk (0.47) and high intent-match confidence (0.72) — auto-approved.,aa23e3b8
0.571,0.721,0.9,HOLD_FRAUD_REVIEW,Fraud-risk score 0.57 exceeds threshold 0.5 — held for manual fraud review.,924b23b4
0.675,0.273,0.18,HOLD_FRAUD_REVIEW,Fraud-risk score 0.67 exceeds threshold 0.5 — held for manual fraud review.,864f19b8
0.573,0.213,0.178,HOLD_FRAUD_REVIEW,Fraud-risk score 0.57 exceeds threshold 0.5 — held for manual fraud review.,513d3273
0.488,0.123,0.09,HOLD_LIKELY_MISMATCH,"Order deviates from stated intent (intent-match confidence 0.12) and doesn't align with this customer's history (preference-fit 0.09) — likely a mistaken purchase, held to prevent a probable return.",e4f69e54
0.387,0.721,0.11,AUTO_APPROVE,Low fraud-risk (0.39) and high intent-match confidence (0.72) — auto-approved.,bacfef1d
0.739,0.252,0.5,HOLD_FRAUD_REVIEW,Fraud-risk score 0.74 exceeds threshold 0.5 — held for manual fraud review.,06dd71d6
0.774,0.721,0.068,HOLD_FRAUD_REVIEW,Fraud-risk score 0.77 exceeds threshold 0.5 — held for manual fraud review.,d41fcea0
0.899,0.721,0.0,HOLD_FRAUD_REVIEW,Fraud-risk score 0.90 exceeds threshold 0.5 — held for manual fraud review.,f9f1700b
0.212,0.721,0.39,AUTO_APPROVE,Low fraud-risk (0.21) and high intent-match confidence (0.72) — auto-approved.,8cfd8abd
0.286,0.331,0.84,HOLD_CONFIRM_WITH_HUMAN,"Order deviates from stated intent (intent-match confidence 0.33), but this customer's history (preference-fit 0.84) suggests they may welcome this — routed to a quick human confirmation instead of auto-block.",d8327142
0.407,0.267,0.186,HOLD_LIKELY_MISMATCH,"Order deviates from stated intent (intent-match confidence 0.27) and doesn't align with this customer's history (preference-fit 0.19) — likely a mistaken purchase, held to prevent a probable return.",893193e8
0.509,0.721,0.1,HOLD_FRAUD_REVIEW,Fraud-risk score 0.51 exceeds threshold 0.5 — held for manual fraud review.,316f26c5
0.395,0.721,0.97,AUTO_APPROVE,Low fraud-risk (0.40) and high intent-match confidence (0.72) — auto-approved.,bc9aeb69
0.384,0.721,0.86,AUTO_APPROVE,Low fraud-risk (0.38) and high intent-match confidence (0.72) — auto-approved.,b20d78c1
0.452,0.721,0.02,AUTO_APPROVE,Low fraud-risk (0.45) and high intent-match confidence (0.72) — auto-approved.,da0ec2c1
0.643,0.721,0.17,HOLD_FRAUD_REVIEW,Fraud-risk score 0.64 exceeds threshold 0.5 — held for manual fraud review.,848889f8
0.205,0.721,0.07,AUTO_APPROVE,Low fraud-risk (0.20) and high intent-match confidence (0.72) — auto-approved.,c3865b35
0.3,0.721,0.184,AUTO_APPROVE,Low fraud-risk (0.30) and high intent-match confidence (0.72) — auto-approved.,34ad7790
0.821,0.721,0.174,HOLD_FRAUD_REVIEW,Fraud-risk score 0.82 exceeds threshold 0.5 — held for manual fraud review.,95881c41
0.363,0.363,0.66,HOLD_CONFIRM_WITH_HUMAN,"Order deviates from stated intent (intent-match confidence 0.36), but this customer's history (preference-fit 0.66) suggests they may welcome this — routed to a quick human confirmation instead of auto-block.",ed5590e4
0.625,0.721,0.17,HOLD_FRAUD_REVIEW,Fraud-risk score 0.63 exceeds threshold 0.5 — held for manual fraud review.,cc65eb73
0.217,0.721,0.54,AUTO_APPROVE,Low fraud-risk (0.22) and high intent-match confidence (0.72) — auto-approved.,1a3946e0
0.346,0.721,0.99,AUTO_APPROVE,Low fraud-risk (0.35) and high intent-match confidence (0.72) — auto-approved.,bc3d300b
0.459,0.32,0.05,HOLD_LIKELY_MISMATCH,"Order deviates from stated intent (intent-match confidence 0.32) and doesn't align with this customer's history (preference-fit 0.05) — likely a mistaken purchase, held to prevent a probable return.",66fc35b1
0.2,0.332,0.21,HOLD_LIKELY_MISMATCH,"Order deviates from stated intent (intent-match confidence 0.33) and doesn't align with this customer's history (preference-fit 0.21) — likely a mistaken purchase, held to prevent a probable return.",f42a28f9
0.254,0.387,0.73,HOLD_CONFIRM_WITH_HUMAN,"Order deviates from stated intent (intent-match confidence 0.39), but this customer's history (preference-fit 0.73) suggests they may welcome this — routed to a quick human confirmation instead of auto-block.",30f1a5aa
0.369,0.721,0.016,AUTO_APPROVE,Low fraud-risk (0.37) and high intent-match confidence (0.72) — auto-approved.,828947b8
0.335,0.321,0.12,HOLD_LIKELY_MISMATCH,"Order deviates from stated intent (intent-match confidence 0.32) and doesn't align with this customer's history (preference-fit 0.12) — likely a mistaken purchase, held to prevent a probable return.",e3f3529c
0.59,0.721,0.09,HOLD_FRAUD_REVIEW,Fraud-risk score 0.59 exceeds threshold 0.5 — held for manual fraud review.,df8c5662
0.508,0.721,0.04,HOLD_FRAUD_REVIEW,Fraud-risk score 0.51 exceeds threshold 0.5 — held for manual fraud review.,8de9c5fa
0.266,0.721,0.17,AUTO_APPROVE,Low fraud-risk (0.27) and high intent-match confidence (0.72) — auto-approved.,a83c4323
0.46,0.721,0.068,AUTO_APPROVE,Low fraud-risk (0.46) and high intent-match confidence (0.72) — auto-approved.,b652f67e
0.847,0.721,0.5,HOLD_FRAUD_REVIEW,Fraud-risk score 0.85 exceeds threshold 0.5 — held for manual fraud review.,30335273
0.418,0.721,0.38,AUTO_APPROVE,Low fraud-risk (0.42) and high intent-match confidence (0.72) — auto-approved.,c01e8ab6
0.388,0.721,0.35,AUTO_APPROVE,Low fraud-risk (0.39) and high intent-match confidence (0.72) — auto-approved.,2f87351f
0.191,0.721,0.76,AUTO_APPROVE,Low fraud-risk (0.19) and high intent-match confidence (0.72) — auto-approved.,f09ebaf5
0.443,0.467,0.78,HOLD_CONFIRM_WITH_HUMAN,"Order deviates from stated intent (intent-match confidence 0.47), but this customer's history (preference-fit 0.78) suggests they may welcome this — routed to a quick human confirmation instead of auto-block.",f695a5a8
0.479,0.721,0.56,AUTO_APPROVE,Low fraud-risk (0.48) and high intent-match confidence (0.72) — auto-approved.,1fba4dcc
0.347,0.398,0.94,HOLD_CONFIRM_WITH_HUMAN,"Order deviates from stated intent (intent-match confidence 0.40), but this customer's history (preference-fit 0.94) suggests they may welcome this — routed to a quick human confirmation instead of auto-block.",312fd80d
0.221,0.721,0.4,AUTO_APPROVE,Low fraud-risk (0.22) and high intent-match confidence (0.72) — auto-approved.,5ebca07d
0.68,0.721,0.062,HOLD_FRAUD_REVIEW,Fraud-risk score 0.68 exceeds threshold 0.5 — held for manual fraud review.,bf9c269c
0.442,0.721,0.06,AUTO_APPROVE,Low fraud-risk (0.44) and high intent-match confidence (0.72) — auto-approved.,a42c0e70
0.204,0.721,0.78,AUTO_APPROVE,Low fraud-risk (0.20) and high intent-match confidence (0.72) — auto-approved.,da1676ec
0.489,0.35,0.086,HOLD_LIKELY_MISMATCH,"Order deviates from stated intent (intent-match confidence 0.35) and doesn't align with this customer's history (preference-fit 0.09) — likely a mistaken purchase, held to prevent a probable return.",8f751fb8
0.189,0.721,0.75,AUTO_APPROVE,Low fraud-risk (0.19) and high intent-match confidence (0.72) — auto-approved.,f1196709
0.897,0.291,0.046,HOLD_FRAUD_REVIEW,Fraud-risk score 0.90 exceeds threshold 0.5 — held for manual fraud review.,d9d4fa76
0.276,0.32,0.17,HOLD_LIKELY_MISMATCH,"Order deviates from stated intent (intent-match confidence 0.32) and doesn't align with this customer's history (preference-fit 0.17) — likely a mistaken purchase, held to prevent a probable return.",48707555
0.429,0.721,0.176,AUTO_APPROVE,Low fraud-risk (0.43) and high intent-match confidence (0.72) — auto-approved.,61affdf0
0.428,0.721,0.34,AUTO_APPROVE,Low fraud-risk (0.43) and high intent-match confidence (0.72) — auto-approved.,f32cb0a6
0.272,0.721,0.77,AUTO_APPROVE,Low fraud-risk (0.27) and high intent-match confidence (0.72) — auto-approved.,2e843c32
0.456,0.721,0.39,AUTO_APPROVE,Low fraud-risk (0.46) and high intent-match confidence (0.72) — auto-approved.,c095f919
0.37,0.721,0.0,AUTO_APPROVE,Low fraud-risk (0.37) and high intent-match confidence (0.72) — auto-approved.,993e4a1a
0.243,0.211,0.162,HOLD_LIKELY_MISMATCH,"Order deviates from stated intent (intent-match confidence 0.21) and doesn't align with this customer's history (preference-fit 0.16) — likely a mistaken purchase, held to prevent a probable return.",a3aa5b47
0.572,0.721,0.06,HOLD_FRAUD_REVIEW,Fraud-risk score 0.57 exceeds threshold 0.5 — held for manual fraud review.,77418c6d
0.325,0.407,0.08,HOLD_LIKELY_MISMATCH,"Order deviates from stated intent (intent-match confidence 0.41) and doesn't align with this customer's history (preference-fit 0.08) — likely a mistaken purchase, held to prevent a probable return.",3bab44cd
0.299,0.721,0.55,AUTO_APPROVE,Low fraud-risk (0.30) and high intent-match confidence (0.72) — auto-approved.,4f76580e
0.447,0.721,0.47,AUTO_APPROVE,Low fraud-risk (0.45) and high intent-match confidence (0.72) — auto-approved.,1f0ce1a8
0.368,0.122,0.126,HOLD_LIKELY_MISMATCH,"Order deviates from stated intent (intent-match confidence 0.12) and doesn't align with this customer's history (preference-fit 0.13) — likely a mistaken purchase, held to prevent a probable return.",b02fb7a1
0.502,0.126,0.196,HOLD_FRAUD_REVIEW,Fraud-risk score 0.50 exceeds threshold 0.5 — held for manual fraud review.,29efcaac
0.372,0.323,0.138,HOLD_LIKELY_MISMATCH,"Order deviates from stated intent (intent-match confidence 0.32) and doesn't align with this customer's history (preference-fit 0.14) — likely a mistaken purchase, held to prevent a probable return.",edf2d366
0.521,0.721,0.79,HOLD_FRAUD_REVIEW,Fraud-risk score 0.52 exceeds threshold 0.5 — held for manual fraud review.,a8b94df6
0.484,0.721,0.47,AUTO_APPROVE,Low fraud-risk (0.48) and high intent-match confidence (0.72) — auto-approved.,d3ed8d42
0.537,0.721,0.024,HOLD_FRAUD_REVIEW,Fraud-risk score 0.54 exceeds threshold 0.5 — held for manual fraud review.,b569bdbb
0.315,0.721,0.172,AUTO_APPROVE,Low fraud-risk (0.32) and high intent-match confidence (0.72) — auto-approved.,8b6cec62
0.372,0.721,0.96,AUTO_APPROVE,Low fraud-risk (0.37) and high intent-match confidence (0.72) — auto-approved.,99d0e43f
0.755,0.721,0.53,HOLD_FRAUD_REVIEW,Fraud-risk score 0.76 exceeds threshold 0.5 — held for manual fraud review.,a6274d4a
0.854,0.381,0.41,HOLD_FRAUD_REVIEW,Fraud-risk score 0.85 exceeds threshold 0.5 — held for manual fraud review.,43326081
0.286,0.721,0.12,AUTO_APPROVE,Low fraud-risk (0.29) and high intent-match confidence (0.72) — auto-approved.,144184b9
0.382,0.721,0.57,AUTO_APPROVE,Low fraud-risk (0.38) and high intent-match confidence (0.72) — auto-approved.,e7e7ea2d
0.201,0.721,0.96,AUTO_APPROVE,Low fraud-risk (0.20) and high intent-match confidence (0.72) — auto-approved.,eafb5696
0.599,0.467,0.56,HOLD_FRAUD_REVIEW,Fraud-risk score 0.60 exceeds threshold 0.5 — held for manual fraud review.,c8319d6b
0.377,0.721,0.94,AUTO_APPROVE,Low fraud-risk (0.38) and high intent-match confidence (0.72) — auto-approved.,6b08f36d
0.481,0.318,0.17,HOLD_LIKELY_MISMATCH,"Order deviates from stated intent (intent-match confidence 0.32) and doesn't align with this customer's history (preference-fit 0.17) — likely a mistaken purchase, held to prevent a probable return.",5fb67d27
0.197,0.343,0.02,HOLD_LIKELY_MISMATCH,"Order deviates from stated intent (intent-match confidence 0.34) and doesn't align with this customer's history (preference-fit 0.02) — likely a mistaken purchase, held to prevent a probable return.",35956580
0.872,0.306,0.79,HOLD_FRAUD_REVIEW,Fraud-risk score 0.87 exceeds threshold 0.5 — held for manual fraud review.,8968a4b8
0.582,0.374,0.032,HOLD_FRAUD_REVIEW,Fraud-risk score 0.58 exceeds threshold 0.5 — held for manual fraud review.,23cc54cc
0.455,0.403,0.37,HOLD_LIKELY_MISMATCH,"Order deviates from stated intent (intent-match confidence 0.40) and doesn't align with this customer's history (preference-fit 0.37) — likely a mistaken purchase, held to prevent a probable return.",5eefb585
0.689,0.251,0.28,HOLD_FRAUD_REVIEW,Fraud-risk score 0.69 exceeds threshold 0.5 — held for manual fraud review.,12e05868
0.198,0.188,0.18,HOLD_LIKELY_MISMATCH,"Order deviates from stated intent (intent-match confidence 0.19) and doesn't align with this customer's history (preference-fit 0.18) — likely a mistaken purchase, held to prevent a probable return.",c07c432a
0.365,0.329,0.09,HOLD_LIKELY_MISMATCH,"Order deviates from stated intent (intent-match confidence 0.33) and doesn't align with this customer's history (preference-fit 0.09) — likely a mistaken purchase, held to prevent a probable return.",61024917
0.474,0.721,0.23,AUTO_APPROVE,Low fraud-risk (0.47) and high intent-match confidence (0.72) — auto-approved.,bf5c3964
0.216,0.721,0.074,AUTO_APPROVE,Low fraud-risk (0.22) and high intent-match confidence (0.72) — auto-approved.,94e0a147
0.877,0.249,0.196,HOLD_FRAUD_REVIEW,Fraud-risk score 0.88 exceeds threshold 0.5 — held for manual fraud review.,94c0a8e1
0.448,0.721,0.124,AUTO_APPROVE,Low fraud-risk (0.45) and high intent-match confidence (0.72) — auto-approved.,71daf97b
0.464,0.312,0.72,HOLD_CONFIRM_WITH_HUMAN,"Order deviates from stated intent (intent-match confidence 0.31), but this customer's history (preference-fit 0.72) suggests they may welcome this — routed to a quick human confirmation instead of auto-block.",54ab8f1e
0.49,0.721,0.78,AUTO_APPROVE,Low fraud-risk (0.49) and high intent-match confidence (0.72) — auto-approved.,1044c629
0.788,0.721,0.88,HOLD_FRAUD_REVIEW,Fraud-risk score 0.79 exceeds threshold 0.5 — held for manual fraud review.,e2d3ff9f
0.409,0.118,0.17,HOLD_LIKELY_MISMATCH,"Order deviates from stated intent (intent-match confidence 0.12) and doesn't align with this customer's history (preference-fit 0.17) — likely a mistaken purchase, held to prevent a probable return.",f48b43a4
0.199,0.721,0.64,AUTO_APPROVE,Low fraud-risk (0.20) and high intent-match confidence (0.72) — auto-approved.,836717c1
0.565,0.721,0.63,HOLD_FRAUD_REVIEW,Fraud-risk score 0.56 exceeds threshold 0.5 — held for manual fraud review.,5ba1c005
0.375,0.721,0.046,AUTO_APPROVE,Low fraud-risk (0.37) and high intent-match confidence (0.72) — auto-approved.,d35d307d
0.459,0.331,0.62,HOLD_CONFIRM_WITH_HUMAN,"Order deviates from stated intent (intent-match confidence 0.33), but this customer's history (preference-fit 0.62) suggests they may welcome this — routed to a quick human confirmation instead of auto-block.",5bf38cb8
0.258,0.721,0.92,AUTO_APPROVE,Low fraud-risk (0.26) and high intent-match confidence (0.72) — auto-approved.,e3c378e2
0.397,0.721,0.078,AUTO_APPROVE,Low fraud-risk (0.40) and high intent-match confidence (0.72) — auto-approved.,7ac84b87
0.816,0.721,0.0,HOLD_FRAUD_REVIEW,Fraud-risk score 0.82 exceeds threshold 0.5 — held for manual fraud review.,5735e069
0.353,0.217,0.126,HOLD_LIKELY_MISMATCH,"Order deviates from stated intent (intent-match confidence 0.22) and doesn't align with this customer's history (preference-fit 0.13) — likely a mistaken purchase, held to prevent a probable return.",26419eeb
0.661,0.721,0.63,HOLD_FRAUD_REVIEW,Fraud-risk score 0.66 exceeds threshold 0.5 — held for manual fraud review.,96845966
0.823,0.212,0.03,HOLD_FRAUD_REVIEW,Fraud-risk score 0.82 exceeds threshold 0.5 — held for manual fraud review.,bfaa7451
0.446,0.38,0.018,HOLD_LIKELY_MISMATCH,"Order deviates from stated intent (intent-match confidence 0.38) and doesn't align with this customer's history (preference-fit 0.02) — likely a mistaken purchase, held to prevent a probable return.",e2887e76
0.301,0.721,0.42,AUTO_APPROVE,Low fraud-risk (0.30) and high intent-match confidence (0.72) — auto-approved.,433419a0
0.287,0.403,0.77,HOLD_CONFIRM_WITH_HUMAN,"Order deviates from stated intent (intent-match confidence 0.40), but this customer's history (preference-fit 0.77) suggests they may welcome this — routed to a quick human confirmation instead of auto-block.",f023db5f
0.386,0.721,0.22,AUTO_APPROVE,Low fraud-risk (0.39) and high intent-match confidence (0.72) — auto-approved.,e1bf9595
0.187,0.351,0.116,HOLD_LIKELY_MISMATCH,"Order deviates from stated intent (intent-match confidence 0.35) and doesn't align with this customer's history (preference-fit 0.12) — likely a mistaken purchase, held to prevent a probable return.",d411a65e
0.29,0.267,0.7,HOLD_CONFIRM_WITH_HUMAN,"Order deviates from stated intent (intent-match confidence 0.27), but this customer's history (preference-fit 0.70) suggests they may welcome this — routed to a quick human confirmation instead of auto-block.",fb35335e
0.484,0.721,0.56,AUTO_APPROVE,Low fraud-risk (0.48) and high intent-match confidence (0.72) — auto-approved.,6e806d7f
0.376,0.721,0.93,AUTO_APPROVE,Low fraud-risk (0.38) and high intent-match confidence (0.72) — auto-approved.,6bca6322
0.505,0.327,0.96,HOLD_FRAUD_REVIEW,Fraud-risk score 0.50 exceeds threshold 0.5 — held for manual fraud review.,6d9568ba
0.285,0.412,0.15,HOLD_LIKELY_MISMATCH,"Order deviates from stated intent (intent-match confidence 0.41) and doesn't align with this customer's history (preference-fit 0.15) — likely a mistaken purchase, held to prevent a probable return.",4e31fda6
0.459,0.721,0.44,AUTO_APPROVE,Low fraud-risk (0.46) and high intent-match confidence (0.72) — auto-approved.,c37a6dbf
0.582,0.318,0.16,HOLD_FRAUD_REVIEW,Fraud-risk score 0.58 exceeds threshold 0.5 — held for manual fraud review.,ce2920ef
0.48,0.254,0.146,HOLD_LIKELY_MISMATCH,"Order deviates from stated intent (intent-match confidence 0.25) and doesn't align with this customer's history (preference-fit 0.15) — likely a mistaken purchase, held to prevent a probable return.",a04f9d36
0.254,0.721,0.37,AUTO_APPROVE,Low fraud-risk (0.25) and high intent-match confidence (0.72) — auto-approved.,dd9b09b7
0.705,0.156,0.122,HOLD_FRAUD_REVIEW,Fraud-risk score 0.70 exceeds threshold 0.5 — held for manual fraud review.,e72c4caa
0.451,0.721,0.82,AUTO_APPROVE,Low fraud-risk (0.45) and high intent-match confidence (0.72) — auto-approved.,48e5cebb
0.272,0.355,0.41,HOLD_LIKELY_MISMATCH,"Order deviates from stated intent (intent-match confidence 0.36) and doesn't align with this customer's history (preference-fit 0.41) — likely a mistaken purchase, held to prevent a probable return.",2e2f6d9a
0.214,0.721,0.2,AUTO_APPROVE,Low fraud-risk (0.21) and high intent-match confidence (0.72) — auto-approved.,73121078
0.401,0.467,0.07,HOLD_LIKELY_MISMATCH,"Order deviates from stated intent (intent-match confidence 0.47) and doesn't align with this customer's history (preference-fit 0.07) — likely a mistaken purchase, held to prevent a probable return.",54d1ee4d
0.18,0.721,0.174,AUTO_APPROVE,Low fraud-risk (0.18) and high intent-match confidence (0.72) — auto-approved.,8608989b
0.886,0.226,0.15,HOLD_FRAUD_REVIEW,Fraud-risk score 0.89 exceeds threshold 0.5 — held for manual fraud review.,1eee600a
0.476,0.315,0.03,HOLD_LIKELY_MISMATCH,"Order deviates from stated intent (intent-match confidence 0.31) and doesn't align with this customer's history (preference-fit 0.03) — likely a mistaken purchase, held to prevent a probable return.",9aca57af
0.409,0.721,0.74,AUTO_APPROVE,Low fraud-risk (0.41) and high intent-match confidence (0.72) — auto-approved.,bfa91372
0.306,0.303,0.74,HOLD_CONFIRM_WITH_HUMAN,"Order deviates from stated intent (intent-match confidence 0.30), but this customer's history (preference-fit 0.74) suggests they may welcome this — routed to a quick human confirmation instead of auto-block.",9b38477f
0.827,0.721,0.132,HOLD_FRAUD_REVIEW,Fraud-risk score 0.83 exceeds threshold 0.5 — held for manual fraud review.,e8cf2ade
0.836,0.721,0.19,HOLD_FRAUD_REVIEW,Fraud-risk score 0.84 exceeds threshold 0.5 — held for manual fraud review.,74cb6d71
0.849,0.293,0.17,HOLD_FRAUD_REVIEW,Fraud-risk score 0.85 exceeds threshold 0.5 — held for manual fraud review.,7c1422ac
0.721,0.721,0.19,HOLD_FRAUD_REVIEW,Fraud-risk score 0.72 exceeds threshold 0.5 — held for manual fraud review.,0ab76a11
0.609,0.721,0.39,HOLD_FRAUD_REVIEW,Fraud-risk score 0.61 exceeds threshold 0.5 — held for manual fraud review.,b1dc9452
0.207,0.721,0.58,AUTO_APPROVE,Low fraud-risk (0.21) and high intent-match confidence (0.72) — auto-approved.,d926096a
0.494,0.34,0.022,HOLD_LIKELY_MISMATCH,"Order deviates from stated intent (intent-match confidence 0.34) and doesn't align with this customer's history (preference-fit 0.02) — likely a mistaken purchase, held to prevent a probable return.",62a7c152
0.289,0.339,0.09,HOLD_LIKELY_MISMATCH,"Order deviates from stated intent (intent-match confidence 0.34) and doesn't align with this customer's history (preference-fit 0.09) — likely a mistaken purchase, held to prevent a probable return.",421b639b
0.404,0.251,0.35,HOLD_LIKELY_MISMATCH,"Order deviates from stated intent (intent-match confidence 0.25) and doesn't align with this customer's history (preference-fit 0.35) — likely a mistaken purchase, held to prevent a probable return.",b2b528ea
0.364,0.337,0.45,HOLD_LIKELY_MISMATCH,"Order deviates from stated intent (intent-match confidence 0.34) and doesn't align with this customer's history (preference-fit 0.45) — likely a mistaken purchase, held to prevent a probable return.",00580bd4
0.37,0.721,0.01,AUTO_APPROVE,Low fraud-risk (0.37) and high intent-match confidence (0.72) — auto-approved.,59f75a30
0.719,0.426,0.05,HOLD_FRAUD_REVIEW,Fraud-risk score 0.72 exceeds threshold 0.5 — held for manual fraud review.,68d2e9e1
0.251,0.721,0.81,AUTO_APPROVE,Low fraud-risk (0.25) and high intent-match confidence (0.72) — auto-approved.,82c7e2fc
0.498,0.721,0.93,AUTO_APPROVE,Low fraud-risk (0.50) and high intent-match confidence (0.72) — auto-approved.,8b990032
0.363,0.332,0.34,HOLD_LIKELY_MISMATCH,"Order deviates from stated intent (intent-match confidence 0.33) and doesn't align with this customer's history (preference-fit 0.34) — likely a mistaken purchase, held to prevent a probable return.",b761c22b
0.32,0.226,0.72,HOLD_CONFIRM_WITH_HUMAN,"Order deviates from stated intent (intent-match confidence 0.23), but this customer's history (preference-fit 0.72) suggests they may welcome this — routed to a quick human confirmation instead of auto-block.",d9b44f35
0.209,0.19,0.132,HOLD_LIKELY_MISMATCH,"Order deviates from stated intent (intent-match confidence 0.19) and doesn't align with this customer's history (preference-fit 0.13) — likely a mistaken purchase, held to prevent a probable return.",74d046d2
0.319,0.721,0.15,AUTO_APPROVE,Low fraud-risk (0.32) and high intent-match confidence (0.72) — auto-approved.,306a29ed
0.381,0.721,0.11,AUTO_APPROVE,Low fraud-risk (0.38) and high intent-match confidence (0.72) — auto-approved.,63af343f
0.245,0.721,0.87,AUTO_APPROVE,Low fraud-risk (0.24) and high intent-match confidence (0.72) — auto-approved.,ad937d1d
0.589,0.721,0.018,HOLD_FRAUD_REVIEW,Fraud-risk score 0.59 exceeds threshold 0.5 — held for manual fraud review.,cda8a770
0.352,0.721,0.106,AUTO_APPROVE,Low fraud-risk (0.35) and high intent-match confidence (0.72) — auto-approved.,52bed53f
0.414,0.222,0.16,HOLD_LIKELY_MISMATCH,"Order deviates from stated intent (intent-match confidence 0.22) and doesn't align with this customer's history (preference-fit 0.16) — likely a mistaken purchase, held to prevent a probable return.",e055f14b
0.604,0.721,0.33,HOLD_FRAUD_REVIEW,Fraud-risk score 0.60 exceeds threshold 0.5 — held for manual fraud review.,9c450e40
0.367,0.721,0.58,AUTO_APPROVE,Low fraud-risk (0.37) and high intent-match confidence (0.72) — auto-approved.,8f956a42
0.779,0.721,0.51,HOLD_FRAUD_REVIEW,Fraud-risk score 0.78 exceeds threshold 0.5 — held for manual fraud review.,83dae56c
0.769,0.26,0.36,HOLD_FRAUD_REVIEW,Fraud-risk score 0.77 exceeds threshold 0.5 — held for manual fraud review.,b04e4e64
0.532,0.721,0.142,HOLD_FRAUD_REVIEW,Fraud-risk score 0.53 exceeds threshold 0.5 — held for manual fraud review.,502be785
0.825,0.38,0.55,HOLD_FRAUD_REVIEW,Fraud-risk score 0.83 exceeds threshold 0.5 — held for manual fraud review.,cc28dfd5
0.44,0.434,0.41,HOLD_LIKELY_MISMATCH,"Order deviates from stated intent (intent-match confidence 0.43) and doesn't align with this customer's history (preference-fit 0.41) — likely a mistaken purchase, held to prevent a probable return.",6c82bb85
0.52,0.289,0.014,HOLD_FRAUD_REVIEW,Fraud-risk score 0.52 exceeds threshold 0.5 — held for manual fraud review.,595066d3
0.434,0.721,0.69,AUTO_APPROVE,Low fraud-risk (0.43) and high intent-match confidence (0.72) — auto-approved.,03973e46
0.381,0.319,0.75,HOLD_CONFIRM_WITH_HUMAN,"Order deviates from stated intent (intent-match confidence 0.32), but this customer's history (preference-fit 0.75) suggests they may welcome this — routed to a quick human confirmation instead of auto-block.",ed4267ce
0.33,0.354,0.166,HOLD_LIKELY_MISMATCH,"Order deviates from stated intent (intent-match confidence 0.35) and doesn't align with this customer's history (preference-fit 0.17) — likely a mistaken purchase, held to prevent a probable return.",0155bd97
0.327,0.415,0.64,HOLD_CONFIRM_WITH_HUMAN,"Order deviates from stated intent (intent-match confidence 0.42), but this customer's history (preference-fit 0.64) suggests they may welcome this — routed to a quick human confirmation instead of auto-block.",ea74db84
0.897,0.427,0.51,HOLD_FRAUD_REVIEW,Fraud-risk score 0.90 exceeds threshold 0.5 — held for manual fraud review.,68b253db
0.452,0.721,0.48,AUTO_APPROVE,Low fraud-risk (0.45) and high intent-match confidence (0.72) — auto-approved.,8bad876f
0.232,0.721,0.26,AUTO_APPROVE,Low fraud-risk (0.23) and high intent-match confidence (0.72) — auto-approved.,8af4d024
0.807,0.721,0.052,HOLD_FRAUD_REVIEW,Fraud-risk score 0.81 exceeds threshold 0.5 — held for manual fraud review.,352ebf5c
0.239,0.721,0.42,AUTO_APPROVE,Low fraud-risk (0.24) and high intent-match confidence (0.72) — auto-approved.,6483ae04
0.264,0.19,0.102,HOLD_LIKELY_MISMATCH,"Order deviates from stated intent (intent-match confidence 0.19) and doesn't align with this customer's history (preference-fit 0.10) — likely a mistaken purchase, held to prevent a probable return.",cd090d5a
0.37,0.345,0.38,HOLD_LIKELY_MISMATCH,"Order deviates from stated intent (intent-match confidence 0.35) and doesn't align with this customer's history (preference-fit 0.38) — likely a mistaken purchase, held to prevent a probable return.",59ad8bc6
0.365,0.721,0.51,AUTO_APPROVE,Low fraud-risk (0.37) and high intent-match confidence (0.72) — auto-approved.,e8286644
0.456,0.721,0.53,AUTO_APPROVE,Low fraud-risk (0.46) and high intent-match confidence (0.72) — auto-approved.,7f92c63b
0.424,0.342,0.44,HOLD_LIKELY_MISMATCH,"Order deviates from stated intent (intent-match confidence 0.34) and doesn't align with this customer's history (preference-fit 0.44) — likely a mistaken purchase, held to prevent a probable return.",03578c8d
0.254,0.721,0.34,AUTO_APPROVE,Low fraud-risk (0.25) and high intent-match confidence (0.72) — auto-approved.,de705068
0.417,0.443,0.34,HOLD_LIKELY_MISMATCH,"Order deviates from stated intent (intent-match confidence 0.44) and doesn't align with this customer's history (preference-fit 0.34) — likely a mistaken purchase, held to prevent a probable return.",99278973
0.224,0.721,0.91,AUTO_APPROVE,Low fraud-risk (0.22) and high intent-match confidence (0.72) — auto-approved.,ce150554
0.475,0.308,0.56,HOLD_CONFIRM_WITH_HUMAN,"Order deviates from stated intent (intent-match confidence 0.31), but this customer's history (preference-fit 0.56) suggests they may welcome this — routed to a quick human confirmation instead of auto-block.",e23b616a
0.221,0.315,0.192,HOLD_LIKELY_MISMATCH,"Order deviates from stated intent (intent-match confidence 0.31) and doesn't align with this customer's history (preference-fit 0.19) — likely a mistaken purchase, held to prevent a probable return.",593545ee
0.284,0.387,0.146,HOLD_LIKELY_MISMATCH,"Order deviates from stated intent (intent-match confidence 0.39) and doesn't align with this customer's history (preference-fit 0.15) — likely a mistaken purchase, held to prevent a probable return.",9718d6c4
0.808,0.721,0.29,HOLD_FRAUD_REVIEW,Fraud-risk score 0.81 exceeds threshold 0.5 — held for manual fraud review.,ca791dae
0.247,0.721,0.032,AUTO_APPROVE,Low fraud-risk (0.25) and high intent-match confidence (0.72) — auto-approved.,14f7db66
0.389,0.375,0.88,HOLD_CONFIRM_WITH_HUMAN,"Order deviates from stated intent (intent-match confidence 0.38), but this customer's history (preference-fit 0.88) suggests they may welcome this — routed to a quick human confirmation instead of auto-block.",bc406b8f
0.753,0.37,0.69,HOLD_FRAUD_REVIEW,Fraud-risk score 0.75 exceeds threshold 0.5 — held for manual fraud review.,8a287eca
0.571,0.39,0.09,HOLD_FRAUD_REVIEW,Fraud-risk score 0.57 exceeds threshold 0.5 — held for manual fraud review.,75bf9e5d
0.511,0.721,0.82,HOLD_FRAUD_REVIEW,Fraud-risk score 0.51 exceeds threshold 0.5 — held for manual fraud review.,d8e56177
0.408,0.721,0.046,AUTO_APPROVE,Low fraud-risk (0.41) and high intent-match confidence (0.72) — auto-approved.,f41bb9d4
0.937,0.721,0.12,HOLD_FRAUD_REVIEW,Fraud-risk score 0.94 exceeds threshold 0.5 — held for manual fraud review.,62168fc6
0.383,0.135,0.134,HOLD_LIKELY_MISMATCH,"Order deviates from stated intent (intent-match confidence 0.13) and doesn't align with this customer's history (preference-fit 0.13) — likely a mistaken purchase, held to prevent a probable return.",3fe65357
0.373,0.721,0.57,AUTO_APPROVE,Low fraud-risk (0.37) and high intent-match confidence (0.72) — auto-approved.,cc983839
0.382,0.721,0.82,AUTO_APPROVE,Low fraud-risk (0.38) and high intent-match confidence (0.72) — auto-approved.,66e264e7
0.344,0.721,0.56,AUTO_APPROVE,Low fraud-risk (0.34) and high intent-match confidence (0.72) — auto-approved.,293872a4
0.349,0.721,0.022,AUTO_APPROVE,Low fraud-risk (0.35) and high intent-match confidence (0.72) — auto-approved.,6cf5bc5a
0.258,0.721,0.7,AUTO_APPROVE,Low fraud-risk (0.26) and high intent-match confidence (0.72) — auto-approved.,b7a3ae8d
0.528,0.721,0.35,HOLD_FRAUD_REVIEW,Fraud-risk score 0.53 exceeds threshold 0.5 — held for manual fraud review.,405fc210
0.193,0.721,0.48,AUTO_APPROVE,Low fraud-risk (0.19) and high intent-match confidence (0.72) — auto-approved.,975c8e6d
0.347,0.721,0.09,AUTO_APPROVE,Low fraud-risk (0.35) and high intent-match confidence (0.72) — auto-approved.,c3a89122
0.261,0.461,0.13,HOLD_LIKELY_MISMATCH,"Order deviates from stated intent (intent-match confidence 0.46) and doesn't align with this customer's history (preference-fit 0.13) — likely a mistaken purchase, held to prevent a probable return.",aaadfd92
0.607,0.317,0.5,HOLD_FRAUD_REVIEW,Fraud-risk score 0.61 exceeds threshold 0.5 — held for manual fraud review.,bc7387e1
0.416,0.219,0.07,HOLD_LIKELY_MISMATCH,"Order deviates from stated intent (intent-match confidence 0.22) and doesn't align with this customer's history (preference-fit 0.07) — likely a mistaken purchase, held to prevent a probable return.",c483818b
0.309,0.328,0.05,HOLD_LIKELY_MISMATCH,"Order deviates from stated intent (intent-match confidence 0.33) and doesn't align with this customer's history (preference-fit 0.05) — likely a mistaken purchase, held to prevent a probable return.",a8f323b9
0.348,0.721,0.11,AUTO_APPROVE,Low fraud-risk (0.35) and high intent-match confidence (0.72) — auto-approved.,9c3e920d
0.191,0.721,0.13,AUTO_APPROVE,Low fraud-risk (0.19) and high intent-match confidence (0.72) — auto-approved.,08d56c6a
0.63,0.721,0.43,HOLD_FRAUD_REVIEW,Fraud-risk score 0.63 exceeds threshold 0.5 — held for manual fraud review.,d6b99722
0.609,0.721,0.84,HOLD_FRAUD_REVIEW,Fraud-risk score 0.61 exceeds threshold 0.5 — held for manual fraud review.,ca9b121e
0.74,0.355,0.072,HOLD_FRAUD_REVIEW,Fraud-risk score 0.74 exceeds threshold 0.5 — held for manual fraud review.,94f5a1de
0.819,0.721,0.35,HOLD_FRAUD_REVIEW,Fraud-risk score 0.82 exceeds threshold 0.5 — held for manual fraud review.,65fb8e6e
0.42,0.721,0.006,AUTO_APPROVE,Low fraud-risk (0.42) and high intent-match confidence (0.72) — auto-approved.,0bd95968
0.184,0.721,0.12,AUTO_APPROVE,Low fraud-risk (0.18) and high intent-match confidence (0.72) — auto-approved.,cb279895
0.609,0.721,0.97,HOLD_FRAUD_REVIEW,Fraud-risk score 0.61 exceeds threshold 0.5 — held for manual fraud review.,03631ec3
0.426,0.369,0.026,HOLD_LIKELY_MISMATCH,"Order deviates from stated intent (intent-match confidence 0.37) and doesn't align with this customer's history (preference-fit 0.03) — likely a mistaken purchase, held to prevent a probable return.",56171bf9
0.501,0.721,0.37,HOLD_FRAUD_REVIEW,Fraud-risk score 0.50 exceeds threshold 0.5 — held for manual fraud review.,1b6d8969
0.207,0.721,0.12,AUTO_APPROVE,Low fraud-risk (0.21) and high intent-match confidence (0.72) — auto-approved.,b0e3a396
0.226,0.721,0.46,AUTO_APPROVE,Low fraud-risk (0.23) and high intent-match confidence (0.72) — auto-approved.,0ed6c385
0.413,0.721,0.05,AUTO_APPROVE,Low fraud-risk (0.41) and high intent-match confidence (0.72) — auto-approved.,6248db35
0.38,0.426,0.006,HOLD_LIKELY_MISMATCH,"Order deviates from stated intent (intent-match confidence 0.43) and doesn't align with this customer's history (preference-fit 0.01) — likely a mistaken purchase, held to prevent a probable return.",b4cef2f7
0.525,0.257,0.05,HOLD_FRAUD_REVIEW,Fraud-risk score 0.53 exceeds threshold 0.5 — held for manual fraud review.,efd34573
0.491,0.317,0.62,HOLD_CONFIRM_WITH_HUMAN,"Order deviates from stated intent (intent-match confidence 0.32), but this customer's history (preference-fit 0.62) suggests they may welcome this — routed to a quick human confirmation instead of auto-block.",3629e3ce
0.252,0.245,0.04,HOLD_LIKELY_MISMATCH,"Order deviates from stated intent (intent-match confidence 0.24) and doesn't align with this customer's history (preference-fit 0.04) — likely a mistaken purchase, held to prevent a probable return.",ec538a5a
0.96,0.721,0.84,HOLD_FRAUD_REVIEW,Fraud-risk score 0.96 exceeds threshold 0.5 — held for manual fraud review.,daa3325c
0.313,0.721,0.31,AUTO_APPROVE,Low fraud-risk (0.31) and high intent-match confidence (0.72) — auto-approved.,5101bab8
0.454,0.217,0.19,HOLD_LIKELY_MISMATCH,"Order deviates from stated intent (intent-match confidence 0.22) and doesn't align with this customer's history (preference-fit 0.19) — likely a mistaken purchase, held to prevent a probable return.",60ec055d
0.499,0.206,0.03,HOLD_LIKELY_MISMATCH,"Order deviates from stated intent (intent-match confidence 0.21) and doesn't align with this customer's history (preference-fit 0.03) — likely a mistaken purchase, held to prevent a probable return.",72f8a7e2
0.812,0.721,0.22,HOLD_FRAUD_REVIEW,Fraud-risk score 0.81 exceeds threshold 0.5 — held for manual fraud review.,03a39689
0.452,0.364,0.12,HOLD_LIKELY_MISMATCH,"Order deviates from stated intent (intent-match confidence 0.36) and doesn't align with this customer's history (preference-fit 0.12) — likely a mistaken purchase, held to prevent a probable return.",383d859f
0.594,0.721,0.156,HOLD_FRAUD_REVIEW,Fraud-risk score 0.59 exceeds threshold 0.5 — held for manual fraud review.,f24a47ce
0.202,0.721,0.14,AUTO_APPROVE,Low fraud-risk (0.20) and high intent-match confidence (0.72) — auto-approved.,f5ea7aeb
0.38,0.297,0.37,HOLD_LIKELY_MISMATCH,"Order deviates from stated intent (intent-match confidence 0.30) and doesn't align with this customer's history (preference-fit 0.37) — likely a mistaken purchase, held to prevent a probable return.",221d5fcb
0.288,0.721,0.92,AUTO_APPROVE,Low fraud-risk (0.29) and high intent-match confidence (0.72) — auto-approved.,e0cec890
0.195,0.401,0.86,HOLD_CONFIRM_WITH_HUMAN,"Order deviates from stated intent (intent-match confidence 0.40), but this customer's history (preference-fit 0.86) suggests they may welcome this — routed to a quick human confirmation instead of auto-block.",f9fef32e
0.373,0.721,0.78,AUTO_APPROVE,Low fraud-risk (0.37) and high intent-match confidence (0.72) — auto-approved.,e7be1078
0.202,0.721,0.074,AUTO_APPROVE,Low fraud-risk (0.20) and high intent-match confidence (0.72) — auto-approved.,ccae29fe
0.779,0.424,0.72,HOLD_FRAUD_REVIEW,Fraud-risk score 0.78 exceeds threshold 0.5 — held for manual fraud review.,44a91254
0.459,0.253,0.47,HOLD_LIKELY_MISMATCH,"Order deviates from stated intent (intent-match confidence 0.25) and doesn't align with this customer's history (preference-fit 0.47) — likely a mistaken purchase, held to prevent a probable return.",bb2543fa
0.361,0.721,0.74,AUTO_APPROVE,Low fraud-risk (0.36) and high intent-match confidence (0.72) — auto-approved.,82806cc0
0.517,0.721,0.77,HOLD_FRAUD_REVIEW,Fraud-risk score 0.52 exceeds threshold 0.5 — held for manual fraud review.,2dbde8f9
0.391,0.721,0.49,AUTO_APPROVE,Low fraud-risk (0.39) and high intent-match confidence (0.72) — auto-approved.,a8e712ce
0.188,0.298,0.094,HOLD_LIKELY_MISMATCH,"Order deviates from stated intent (intent-match confidence 0.30) and doesn't align with this customer's history (preference-fit 0.09) — likely a mistaken purchase, held to prevent a probable return.",bacab5ed
0.299,0.312,0.56,HOLD_CONFIRM_WITH_HUMAN,"Order deviates from stated intent (intent-match confidence 0.31), but this customer's history (preference-fit 0.56) suggests they may welcome this — routed to a quick human confirmation instead of auto-block.",2674a122
0.276,0.721,0.72,AUTO_APPROVE,Low fraud-risk (0.28) and high intent-match confidence (0.72) — auto-approved.,2306c6d7
0.316,0.721,0.76,AUTO_APPROVE,Low fraud-risk (0.32) and high intent-match confidence (0.72) — auto-approved.,e361ee8c
0.309,0.721,0.82,AUTO_APPROVE,Low fraud-risk (0.31) and high intent-match confidence (0.72) — auto-approved.,dd1e709b
0.57,0.721,0.8,HOLD_FRAUD_REVIEW,Fraud-risk score 0.57 exceeds threshold 0.5 — held for manual fraud review.,1ff9df5b
0.638,0.218,0.78,HOLD_FRAUD_REVIEW,Fraud-risk score 0.64 exceeds threshold 0.5 — held for manual fraud review.,9c6ba6e4
0.373,0.721,0.35,AUTO_APPROVE,Low fraud-risk (0.37) and high intent-match confidence (0.72) — auto-approved.,48cb2179
0.713,0.721,0.68,HOLD_FRAUD_REVIEW,Fraud-risk score 0.71 exceeds threshold 0.5 — held for manual fraud review.,ec8e4324
0.516,0.313,0.164,HOLD_FRAUD_REVIEW,Fraud-risk score 0.52 exceeds threshold 0.5 — held for manual fraud review.,7b9d0e28
0.493,0.341,0.108,HOLD_LIKELY_MISMATCH,"Order deviates from stated intent (intent-match confidence 0.34) and doesn't align with this customer's history (preference-fit 0.11) — likely a mistaken purchase, held to prevent a probable return.",2934d4fd
0.282,0.331,0.72,HOLD_CONFIRM_WITH_HUMAN,"Order deviates from stated intent (intent-match confidence 0.33), but this customer's history (preference-fit 0.72) suggests they may welcome this — routed to a quick human confirmation instead of auto-block.",ce1fefa1
0.387,0.721,0.11,AUTO_APPROVE,Low fraud-risk (0.39) and high intent-match confidence (0.72) — auto-approved.,db43d470
0.379,0.337,0.19,HOLD_LIKELY_MISMATCH,"Order deviates from stated intent (intent-match confidence 0.34) and doesn't align with this customer's history (preference-fit 0.19) — likely a mistaken purchase, held to prevent a probable return.",854fd025
0.249,0.44,0.72,HOLD_CONFIRM_WITH_HUMAN,"Order deviates from stated intent (intent-match confidence 0.44), but this customer's history (preference-fit 0.72) suggests they may welcome this — routed to a quick human confirmation instead of auto-block.",785b9a15
0.518,0.721,0.49,HOLD_FRAUD_REVIEW,Fraud-risk score 0.52 exceeds threshold 0.5 — held for manual fraud review.,b34f07b9
0.446,0.721,0.22,AUTO_APPROVE,Low fraud-risk (0.45) and high intent-match confidence (0.72) — auto-approved.,2d4c2e47
0.468,0.721,0.54,AUTO_APPROVE,Low fraud-risk (0.47) and high intent-match confidence (0.72) — auto-approved.,ad1b7e4f
0.528,0.721,0.15,HOLD_FRAUD_REVIEW,Fraud-risk score 0.53 exceeds threshold 0.5 — held for manual fraud review.,9cc081a2
0.453,0.721,0.178,AUTO_APPROVE,Low fraud-risk (0.45) and high intent-match confidence (0.72) — auto-approved.,5a0c1807
0.51,0.721,0.41,HOLD_FRAUD_REVIEW,Fraud-risk score 0.51 exceeds threshold 0.5 — held for manual fraud review.,137b571a
0.553,0.721,0.86,HOLD_FRAUD_REVIEW,Fraud-risk score 0.55 exceeds threshold 0.5 — held for manual fraud review.,a8dc53a4
0.592,0.721,0.29,HOLD_FRAUD_REVIEW,Fraud-risk score 0.59 exceeds threshold 0.5 — held for manual fraud review.,b1fa5ea6
0.365,0.228,0.06,HOLD_LIKELY_MISMATCH,"Order deviates from stated intent (intent-match confidence 0.23) and doesn't align with this customer's history (preference-fit 0.06) — likely a mistaken purchase, held to prevent a probable return.",34de5dd4
0.529,0.721,0.5,HOLD_FRAUD_REVIEW,Fraud-risk score 0.53 exceeds threshold 0.5 — held for manual fraud review.,1cc16fad
0.396,0.721,0.138,AUTO_APPROVE,Low fraud-risk (0.40) and high intent-match confidence (0.72) — auto-approved.,f7d02ebf
0.46,0.721,0.62,AUTO_APPROVE,Low fraud-risk (0.46) and high intent-match confidence (0.72) — auto-approved.,62ae9aa4
0.474,0.721,0.098,AUTO_APPROVE,Low fraud-risk (0.47) and high intent-match confidence (0.72) — auto-approved.,ed9c67dc
0.192,0.721,0.196,AUTO_APPROVE,Low fraud-risk (0.19) and high intent-match confidence (0.72) — auto-approved.,fbd3a69a
0.351,0.721,0.63,AUTO_APPROVE,Low fraud-risk (0.35) and high intent-match confidence (0.72) — auto-approved.,361dd027
0.768,0.721,0.108,HOLD_FRAUD_REVIEW,Fraud-risk score 0.77 exceeds threshold 0.5 — held for manual fraud review.,535ae85c
0.217,0.214,0.116,HOLD_LIKELY_MISMATCH,"Order deviates from stated intent (intent-match confidence 0.21) and doesn't align with this customer's history (preference-fit 0.12) — likely a mistaken purchase, held to prevent a probable return.",15339f65
0.253,0.315,0.76,HOLD_CONFIRM_WITH_HUMAN,"Order deviates from stated intent (intent-match confidence 0.32), but this customer's history (preference-fit 0.76) suggests they may welcome this — routed to a quick human confirmation instead of auto-block.",92e5061f
0.625,0.176,0.076,HOLD_FRAUD_REVIEW,Fraud-risk score 0.62 exceeds threshold 0.5 — held for manual fraud review.,f14ca85e
0.669,0.721,0.108,HOLD_FRAUD_REVIEW,Fraud-risk score 0.67 exceeds threshold 0.5 — held for manual fraud review.,b50967be
0.713,0.352,0.51,HOLD_FRAUD_REVIEW,Fraud-risk score 0.71 exceeds threshold 0.5 — held for manual fraud review.,ff036feb
0.314,0.424,0.124,HOLD_LIKELY_MISMATCH,"Order deviates from stated intent (intent-match confidence 0.42) and doesn't align with this customer's history (preference-fit 0.12) — likely a mistaken purchase, held to prevent a probable return.",1df5531c
0.202,0.349,0.2,HOLD_LIKELY_MISMATCH,"Order deviates from stated intent (intent-match confidence 0.35) and doesn't align with this customer's history (preference-fit 0.20) — likely a mistaken purchase, held to prevent a probable return.",bbc31446
0.388,0.721,0.74,AUTO_APPROVE,Low fraud-risk (0.39) and high intent-match confidence (0.72) — auto-approved.,4d56a6d7
0.4,0.721,0.22,AUTO_APPROVE,Low fraud-risk (0.40) and high intent-match confidence (0.72) — auto-approved.,d56f6ffb
0.375,0.269,0.188,HOLD_LIKELY_MISMATCH,"Order deviates from stated intent (intent-match confidence 0.27) and doesn't align with this customer's history (preference-fit 0.19) — likely a mistaken purchase, held to prevent a probable return.",90391cae
0.376,0.721,0.8,AUTO_APPROVE,Low fraud-risk (0.38) and high intent-match confidence (0.72) — auto-approved.,3865702a
0.242,0.721,0.7,AUTO_APPROVE,Low fraud-risk (0.24) and high intent-match confidence (0.72) — auto-approved.,d83db2f5
0.605,0.721,0.52,HOLD_FRAUD_REVIEW,Fraud-risk score 0.61 exceeds threshold 0.5 — held for manual fraud review.,437b952b
0.639,0.721,0.94,HOLD_FRAUD_REVIEW,Fraud-risk score 0.64 exceeds threshold 0.5 — held for manual fraud review.,7f4d17c2
0.438,0.721,0.17,AUTO_APPROVE,Low fraud-risk (0.44) and high intent-match confidence (0.72) — auto-approved.,50b2d603
0.469,0.721,0.12,AUTO_APPROVE,Low fraud-risk (0.47) and high intent-match confidence (0.72) — auto-approved.,8d82db6b
0.446,0.721,0.52,AUTO_APPROVE,Low fraud-risk (0.45) and high intent-match confidence (0.72) — auto-approved.,eed2694a
0.401,0.348,0.62,HOLD_CONFIRM_WITH_HUMAN,"Order deviates from stated intent (intent-match confidence 0.35), but this customer's history (preference-fit 0.62) suggests they may welcome this — routed to a quick human confirmation instead of auto-block.",5495be1b
0.365,0.435,0.86,HOLD_CONFIRM_WITH_HUMAN,"Order deviates from stated intent (intent-match confidence 0.44), but this customer's history (preference-fit 0.86) suggests they may welcome this — routed to a quick human confirmation instead of auto-block.",ca3dfdb7
0.506,0.244,0.78,HOLD_FRAUD_REVIEW,Fraud-risk score 0.51 exceeds threshold 0.5 — held for manual fraud review.,b6248e9b
0.42,0.721,0.86,AUTO_APPROVE,Low fraud-risk (0.42) and high intent-match confidence (0.72) — auto-approved.,973f79f5
0.436,0.312,0.15,HOLD_LIKELY_MISMATCH,"Order deviates from stated intent (intent-match confidence 0.31) and doesn't align with this customer's history (preference-fit 0.15) — likely a mistaken purchase, held to prevent a probable return.",9ff4423d
0.562,0.221,0.61,HOLD_FRAUD_REVIEW,Fraud-risk score 0.56 exceeds threshold 0.5 — held for manual fraud review.,422c3d48
0.582,0.211,0.042,HOLD_FRAUD_REVIEW,Fraud-risk score 0.58 exceeds threshold 0.5 — held for manual fraud review.,5b91ee1d
0.559,0.721,0.0,HOLD_FRAUD_REVIEW,Fraud-risk score 0.56 exceeds threshold 0.5 — held for manual fraud review.,b40420d0
0.437,0.721,0.23,AUTO_APPROVE,Low fraud-risk (0.44) and high intent-match confidence (0.72) — auto-approved.,c892844e
0.496,0.721,0.9,AUTO_APPROVE,Low fraud-risk (0.50) and high intent-match confidence (0.72) — auto-approved.,970a81b5
0.664,0.457,0.34,HOLD_FRAUD_REVIEW,Fraud-risk score 0.66 exceeds threshold 0.5 — held for manual fraud review.,bd74a80c
0.259,0.243,0.028,HOLD_LIKELY_MISMATCH,"Order deviates from stated intent (intent-match confidence 0.24) and doesn't align with this customer's history (preference-fit 0.03) — likely a mistaken purchase, held to prevent a probable return.",38af6b3b
0.421,0.721,0.038,AUTO_APPROVE,Low fraud-risk (0.42) and high intent-match confidence (0.72) — auto-approved.,8b6e2d30
0.393,0.721,0.57,AUTO_APPROVE,Low fraud-risk (0.39) and high intent-match confidence (0.72) — auto-approved.,c9c68cb9
0.483,0.299,0.186,HOLD_LIKELY_MISMATCH,"Order deviates from stated intent (intent-match confidence 0.30) and doesn't align with this customer's history (preference-fit 0.19) — likely a mistaken purchase, held to prevent a probable return.",f4abcd31
0.381,0.721,0.7,AUTO_APPROVE,Low fraud-risk (0.38) and high intent-match confidence (0.72) — auto-approved.,7cac02b3
0.28,0.721,0.76,AUTO_APPROVE,Low fraud-risk (0.28) and high intent-match confidence (0.72) — auto-approved.,e43c8116
0.292,0.721,0.196,AUTO_APPROVE,Low fraud-risk (0.29) and high intent-match confidence (0.72) — auto-approved.,97d307fd
0.345,0.721,0.25,AUTO_APPROVE,Low fraud-risk (0.34) and high intent-match confidence (0.72) — auto-approved.,257425b7
0.199,0.721,0.7,AUTO_APPROVE,Low fraud-risk (0.20) and high intent-match confidence (0.72) — auto-approved.,732190cc
0.195,0.721,0.6,AUTO_APPROVE,Low fraud-risk (0.19) and high intent-match confidence (0.72) — auto-approved.,a9d1841a
0.22,0.449,0.31,HOLD_LIKELY_MISMATCH,"Order deviates from stated intent (intent-match confidence 0.45) and doesn't align with this customer's history (preference-fit 0.31) — likely a mistaken purchase, held to prevent a probable return.",bd928a0d
0.597,0.31,0.26,HOLD_FRAUD_REVIEW,Fraud-risk score 0.60 exceeds threshold 0.5 — held for manual fraud review.,253d6c86
0.417,0.721,0.9,AUTO_APPROVE,Low fraud-risk (0.42) and high intent-match confidence (0.72) — auto-approved.,80d42842
0.453,0.721,0.52,AUTO_APPROVE,Low fraud-risk (0.45) and high intent-match confidence (0.72) — auto-approved.,63841744
0.393,0.721,0.65,AUTO_APPROVE,Low fraud-risk (0.39) and high intent-match confidence (0.72) — auto-approved.,efb0dadc
0.665,0.25,0.43,HOLD_FRAUD_REVIEW,Fraud-risk score 0.67 exceeds threshold 0.5 — held for manual fraud review.,656def00
0.459,0.443,0.0,HOLD_LIKELY_MISMATCH,"Order deviates from stated intent (intent-match confidence 0.44) and doesn't align with this customer's history (preference-fit 0.00) — likely a mistaken purchase, held to prevent a probable return.",ed4a237c
0.721,0.721,0.68,HOLD_FRAUD_REVIEW,Fraud-risk score 0.72 exceeds threshold 0.5 — held for manual fraud review.,bc856b9b
0.564,0.262,0.046,HOLD_FRAUD_REVIEW,Fraud-risk score 0.56 exceeds threshold 0.5 — held for manual fraud review.,ff14b750
0.491,0.721,0.116,AUTO_APPROVE,Low fraud-risk (0.49) and high intent-match confidence (0.72) — auto-approved.,8348781b
0.321,0.721,0.5,AUTO_APPROVE,Low fraud-risk (0.32) and high intent-match confidence (0.72) — auto-approved.,a9998550
0.172,0.721,0.55,AUTO_APPROVE,Low fraud-risk (0.17) and high intent-match confidence (0.72) — auto-approved.,74c640e9
0.677,0.721,0.39,HOLD_FRAUD_REVIEW,Fraud-risk score 0.68 exceeds threshold 0.5 — held for manual fraud review.,e8654d4e
0.238,0.721,0.97,AUTO_APPROVE,Low fraud-risk (0.24) and high intent-match confidence (0.72) — auto-approved.,2b7c0288
0.387,0.332,0.146,HOLD_LIKELY_MISMATCH,"Order deviates from stated intent (intent-match confidence 0.33) and doesn't align with this customer's history (preference-fit 0.15) — likely a mistaken purchase, held to prevent a probable return.",8e8db599
0.402,0.721,0.07,AUTO_APPROVE,Low fraud-risk (0.40) and high intent-match confidence (0.72) — auto-approved.,5731af10
0.309,0.721,0.1,AUTO_APPROVE,Low fraud-risk (0.31) and high intent-match confidence (0.72) — auto-approved.,2ed8e82d
0.201,0.721,0.59,AUTO_APPROVE,Low fraud-risk (0.20) and high intent-match confidence (0.72) — auto-approved.,29ce9934
0.722,0.171,0.0,HOLD_FRAUD_REVIEW,Fraud-risk score 0.72 exceeds threshold 0.5 — held for manual fraud review.,0e26f6e2
0.441,0.721,0.42,AUTO_APPROVE,Low fraud-risk (0.44) and high intent-match confidence (0.72) — auto-approved.,63d54286
0.293,0.721,0.058,AUTO_APPROVE,Low fraud-risk (0.29) and high intent-match confidence (0.72) — auto-approved.,62bc6218
0.705,0.344,0.1,HOLD_FRAUD_REVIEW,Fraud-risk score 0.71 exceeds threshold 0.5 — held for manual fraud review.,36619dd2
0.749,0.236,0.81,HOLD_FRAUD_REVIEW,Fraud-risk score 0.75 exceeds threshold 0.5 — held for manual fraud review.,e57da775
0.363,0.721,0.23,AUTO_APPROVE,Low fraud-risk (0.36) and high intent-match confidence (0.72) — auto-approved.,bb7a7141
0.621,0.721,0.142,HOLD_FRAUD_REVIEW,Fraud-risk score 0.62 exceeds threshold 0.5 — held for manual fraud review.,7c4094c4
0.327,0.721,0.81,AUTO_APPROVE,Low fraud-risk (0.33) and high intent-match confidence (0.72) — auto-approved.,250241c6
0.535,0.35,0.7,HOLD_FRAUD_REVIEW,Fraud-risk score 0.54 exceeds threshold 0.5 — held for manual fraud review.,55ad2ef3
0.415,0.721,0.67,AUTO_APPROVE,Low fraud-risk (0.42) and high intent-match confidence (0.72) — auto-approved.,b96c0413
0.798,0.721,0.95,HOLD_FRAUD_REVIEW,Fraud-risk score 0.80 exceeds threshold 0.5 — held for manual fraud review.,84029d64
0.603,0.721,0.79,HOLD_FRAUD_REVIEW,Fraud-risk score 0.60 exceeds threshold 0.5 — held for manual fraud review.,fa49f606
0.3,0.721,0.43,AUTO_APPROVE,Low fraud-risk (0.30) and high intent-match confidence (0.72) — auto-approved.,564fa05b
0.508,0.721,0.43,HOLD_FRAUD_REVIEW,Fraud-risk score 0.51 exceeds threshold 0.5 — held for manual fraud review.,98f0d6fa
0.389,0.295,0.95,HOLD_CONFIRM_WITH_HUMAN,"Order deviates from stated intent (intent-match confidence 0.30), but this customer's history (preference-fit 0.95) suggests they may welcome this — routed to a quick human confirmation instead of auto-block.",8cacdb56
0.54,0.721,0.01,HOLD_FRAUD_REVIEW,Fraud-risk score 0.54 exceeds threshold 0.5 — held for manual fraud review.,85845582
0.268,0.721,0.04,AUTO_APPROVE,Low fraud-risk (0.27) and high intent-match confidence (0.72) — auto-approved.,cdf6f945
0.902,0.294,0.55,HOLD_FRAUD_REVIEW,Fraud-risk score 0.90 exceeds threshold 0.5 — held for manual fraud review.,c9e51a78
0.392,0.721,0.17,AUTO_APPROVE,Low fraud-risk (0.39) and high intent-match confidence (0.72) — auto-approved.,45c6c46b
0.587,0.403,0.11,HOLD_FRAUD_REVIEW,Fraud-risk score 0.59 exceeds threshold 0.5 — held for manual fraud review.,f0fd3364
0.602,0.721,0.01,HOLD_FRAUD_REVIEW,Fraud-risk score 0.60 exceeds threshold 0.5 — held for manual fraud review.,ec910c8a
0.202,0.721,0.25,AUTO_APPROVE,Low fraud-risk (0.20) and high intent-match confidence (0.72) — auto-approved.,b8a5fc69
0.25,0.721,0.29,AUTO_APPROVE,Low fraud-risk (0.25) and high intent-match confidence (0.72) — auto-approved.,3b238db7
0.53,0.721,0.88,HOLD_FRAUD_REVIEW,Fraud-risk score 0.53 exceeds threshold 0.5 — held for manual fraud review.,de6536ba
0.497,0.721,0.01,AUTO_APPROVE,Low fraud-risk (0.50) and high intent-match confidence (0.72) — auto-approved.,07560770
0.518,0.721,0.088,HOLD_FRAUD_REVIEW,Fraud-risk score 0.52 exceeds threshold 0.5 — held for manual fraud review.,264ff0f2
0.488,0.721,0.83,AUTO_APPROVE,Low fraud-risk (0.49) and high intent-match confidence (0.72) — auto-approved.,1ad1dca0
0.627,0.721,0.02,HOLD_FRAUD_REVIEW,Fraud-risk score 0.63 exceeds threshold 0.5 — held for manual fraud review.,edc77e50
0.499,0.721,0.9,AUTO_APPROVE,Low fraud-risk (0.50) and high intent-match confidence (0.72) — auto-approved.,b2f8fa56
0.828,0.46,0.28,HOLD_FRAUD_REVIEW,Fraud-risk score 0.83 exceeds threshold 0.5 — held for manual fraud review.,fc78e21c
0.323,0.721,0.79,AUTO_APPROVE,Low fraud-risk (0.32) and high intent-match confidence (0.72) — auto-approved.,837345f3
0.256,0.306,0.58,HOLD_CONFIRM_WITH_HUMAN,"Order deviates from stated intent (intent-match confidence 0.31), but this customer's history (preference-fit 0.58) suggests they may welcome this — routed to a quick human confirmation instead of auto-block.",bbe9c4e2
0.499,0.721,0.104,AUTO_APPROVE,Low fraud-risk (0.50) and high intent-match confidence (0.72) — auto-approved.,ef24ebfd
0.236,0.721,0.63,AUTO_APPROVE,Low fraud-risk (0.24) and high intent-match confidence (0.72) — auto-approved.,2dba27e4
0.441,0.721,0.06,AUTO_APPROVE,Low fraud-risk (0.44) and high intent-match confidence (0.72) — auto-approved.,db341469
0.38,0.721,0.25,AUTO_APPROVE,Low fraud-risk (0.38) and high intent-match confidence (0.72) — auto-approved.,6e7a736d
0.436,0.142,0.078,HOLD_LIKELY_MISMATCH,"Order deviates from stated intent (intent-match confidence 0.14) and doesn't align with this customer's history (preference-fit 0.08) — likely a mistaken purchase, held to prevent a probable return.",c5970143
0.322,0.721,0.09,AUTO_APPROVE,Low fraud-risk (0.32) and high intent-match confidence (0.72) — auto-approved.,6bd3c436
0.424,0.721,0.1,AUTO_APPROVE,Low fraud-risk (0.42) and high intent-match confidence (0.72) — auto-approved.,082794db
0.461,0.721,0.39,AUTO_APPROVE,Low fraud-risk (0.46) and high intent-match confidence (0.72) — auto-approved.,14fba857
0.418,0.721,0.03,AUTO_APPROVE,Low fraud-risk (0.42) and high intent-match confidence (0.72) — auto-approved.,77286f77
0.197,0.721,0.02,AUTO_APPROVE,Low fraud-risk (0.20) and high intent-match confidence (0.72) — auto-approved.,7758a039
0.377,0.721,0.18,AUTO_APPROVE,Low fraud-risk (0.38) and high intent-match confidence (0.72) — auto-approved.,e3153d63
0.285,0.721,0.57,AUTO_APPROVE,Low fraud-risk (0.28) and high intent-match confidence (0.72) — auto-approved.,b51622d1
0.544,0.721,0.49,HOLD_FRAUD_REVIEW,Fraud-risk score 0.54 exceeds threshold 0.5 — held for manual fraud review.,57f7eeb2
0.626,0.254,0.07,HOLD_FRAUD_REVIEW,Fraud-risk score 0.63 exceeds threshold 0.5 — held for manual fraud review.,e258f23a
0.644,0.234,0.05,HOLD_FRAUD_REVIEW,Fraud-risk score 0.64 exceeds threshold 0.5 — held for manual fraud review.,732b6473
0.76,0.721,0.35,HOLD_FRAUD_REVIEW,Fraud-risk score 0.76 exceeds threshold 0.5 — held for manual fraud review.,55d2cfc2
0.519,0.239,0.32,HOLD_FRAUD_REVIEW,Fraud-risk score 0.52 exceeds threshold 0.5 — held for manual fraud review.,49037e85
0.26,0.721,0.4,AUTO_APPROVE,Low fraud-risk (0.26) and high intent-match confidence (0.72) — auto-approved.,a5f8e661
0.398,0.721,0.05,AUTO_APPROVE,Low fraud-risk (0.40) and high intent-match confidence (0.72) — auto-approved.,b4973315
0.174,0.721,0.58,AUTO_APPROVE,Low fraud-risk (0.17) and high intent-match confidence (0.72) — auto-approved.,5a314800
0.304,0.329,0.49,HOLD_LIKELY_MISMATCH,"Order deviates from stated intent (intent-match confidence 0.33) and doesn't align with this customer's history (preference-fit 0.49) — likely a mistaken purchase, held to prevent a probable return.",8d75fab3
0.66,0.721,0.42,HOLD_FRAUD_REVIEW,Fraud-risk score 0.66 exceeds threshold 0.5 — held for manual fraud review.,f470ab1e
0.782,0.721,0.13,HOLD_FRAUD_REVIEW,Fraud-risk score 0.78 exceeds threshold 0.5 — held for manual fraud review.,d7dd71c5
0.184,0.721,0.8,AUTO_APPROVE,Low fraud-risk (0.18) and high intent-match confidence (0.72) — auto-approved.,87eee56a
0.685,0.721,0.3,HOLD_FRAUD_REVIEW,Fraud-risk score 0.69 exceeds threshold 0.5 — held for manual fraud review.,daaf8482
0.566,0.351,0.002,HOLD_FRAUD_REVIEW,Fraud-risk score 0.57 exceeds threshold 0.5 — held for manual fraud review.,fb44e5cb
0.387,0.333,0.99,HOLD_CONFIRM_WITH_HUMAN,"Order deviates from stated intent (intent-match confidence 0.33), but this customer's history (preference-fit 0.99) suggests they may welcome this — routed to a quick human confirmation instead of auto-block.",5c668e19
0.816,0.721,0.186,HOLD_FRAUD_REVIEW,Fraud-risk score 0.82 exceeds threshold 0.5 — held for manual fraud review.,5acea9a7
0.308,0.721,0.59,AUTO_APPROVE,Low fraud-risk (0.31) and high intent-match confidence (0.72) — auto-approved.,45d917f7
0.573,0.721,0.03,HOLD_FRAUD_REVIEW,Fraud-risk score 0.57 exceeds threshold 0.5 — held for manual fraud review.,d363cda5
0.503,0.275,0.012,HOLD_FRAUD_REVIEW,Fraud-risk score 0.50 exceeds threshold 0.5 — held for manual fraud review.,6cc4744f
0.483,0.449,0.092,HOLD_LIKELY_MISMATCH,"Order deviates from stated intent (intent-match confidence 0.45) and doesn't align with this customer's history (preference-fit 0.09) — likely a mistaken purchase, held to prevent a probable return.",cc004d7e
0.365,0.721,0.4,AUTO_APPROVE,Low fraud-risk (0.37) and high intent-match confidence (0.72) — auto-approved.,587420be
0.475,0.721,0.98,AUTO_APPROVE,Low fraud-risk (0.48) and high intent-match confidence (0.72) — auto-approved.,c5453da6
0.368,0.305,0.108,HOLD_LIKELY_MISMATCH,"Order deviates from stated intent (intent-match confidence 0.30) and doesn't align with this customer's history (preference-fit 0.11) — likely a mistaken purchase, held to prevent a probable return.",e052194b
0.254,0.721,0.38,AUTO_APPROVE,Low fraud-risk (0.25) and high intent-match confidence (0.72) — auto-approved.,c7c7c963
0.179,0.721,0.95,AUTO_APPROVE,Low fraud-risk (0.18) and high intent-match confidence (0.72) — auto-approved.,2d552b94
0.58,0.721,0.46,HOLD_FRAUD_REVIEW,Fraud-risk score 0.58 exceeds threshold 0.5 — held for manual fraud review.,785d4bf7
0.298,0.211,0.41,HOLD_LIKELY_MISMATCH,"Order deviates from stated intent (intent-match confidence 0.21) and doesn't align with this customer's history (preference-fit 0.41) — likely a mistaken purchase, held to prevent a probable return.",2023d32c
0.234,0.721,0.33,AUTO_APPROVE,Low fraud-risk (0.23) and high intent-match confidence (0.72) — auto-approved.,2cbd7f70
0.586,0.721,0.38,HOLD_FRAUD_REVIEW,Fraud-risk score 0.59 exceeds threshold 0.5 — held for manual fraud review.,ccc275d1
0.816,0.411,0.24,HOLD_FRAUD_REVIEW,Fraud-risk score 0.82 exceeds threshold 0.5 — held for manual fraud review.,c789bdf2
0.392,0.721,0.96,AUTO_APPROVE,Low fraud-risk (0.39) and high intent-match confidence (0.72) — auto-approved.,3ddf9bdc
0.496,0.721,0.052,AUTO_APPROVE,Low fraud-risk (0.50) and high intent-match confidence (0.72) — auto-approved.,04f8d328
0.451,0.721,0.06,AUTO_APPROVE,Low fraud-risk (0.45) and high intent-match confidence (0.72) — auto-approved.,416f770f
0.565,0.721,0.172,HOLD_FRAUD_REVIEW,Fraud-risk score 0.56 exceeds threshold 0.5 — held for manual fraud review.,6c88fb34
0.277,0.721,0.61,AUTO_APPROVE,Low fraud-risk (0.28) and high intent-match confidence (0.72) — auto-approved.,d6bb586b
0.895,0.721,0.11,HOLD_FRAUD_REVIEW,Fraud-risk score 0.90 exceeds threshold 0.5 — held for manual fraud review.,e52074fa
0.34,0.429,0.73,HOLD_CONFIRM_WITH_HUMAN,"Order deviates from stated intent (intent-match confidence 0.43), but this customer's history (preference-fit 0.73) suggests they may welcome this — routed to a quick human confirmation instead of auto-block.",d92892ad
0.406,0.355,0.09,HOLD_LIKELY_MISMATCH,"Order deviates from stated intent (intent-match confidence 0.36) and doesn't align with this customer's history (preference-fit 0.09) — likely a mistaken purchase, held to prevent a probable return.",62a53a6d
0.525,0.721,0.22,HOLD_FRAUD_REVIEW,Fraud-risk score 0.52 exceeds threshold 0.5 — held for manual fraud review.,ac768f4b
0.466,0.228,0.12,HOLD_LIKELY_MISMATCH,"Order deviates from stated intent (intent-match confidence 0.23) and doesn't align with this customer's history (preference-fit 0.12) — likely a mistaken purchase, held to prevent a probable return.",00426f72
0.36,0.721,0.124,AUTO_APPROVE,Low fraud-risk (0.36) and high intent-match confidence (0.72) — auto-approved.,e56c1034
0.523,0.721,0.51,HOLD_FRAUD_REVIEW,Fraud-risk score 0.52 exceeds threshold 0.5 — held for manual fraud review.,e48341a6
0.581,0.721,0.33,HOLD_FRAUD_REVIEW,Fraud-risk score 0.58 exceeds threshold 0.5 — held for manual fraud review.,a39641e1
0.81,0.721,0.57,HOLD_FRAUD_REVIEW,Fraud-risk score 0.81 exceeds threshold 0.5 — held for manual fraud review.,a04bcee2
0.768,0.721,0.5,HOLD_FRAUD_REVIEW,Fraud-risk score 0.77 exceeds threshold 0.5 — held for manual fraud review.,8a5ce292
0.464,0.721,0.008,AUTO_APPROVE,Low fraud-risk (0.46) and high intent-match confidence (0.72) — auto-approved.,d19cc716
0.289,0.222,0.75,HOLD_CONFIRM_WITH_HUMAN,"Order deviates from stated intent (intent-match confidence 0.22), but this customer's history (preference-fit 0.75) suggests they may welcome this — routed to a quick human confirmation instead of auto-block.",6d610c24
0.583,0.721,0.92,HOLD_FRAUD_REVIEW,Fraud-risk score 0.58 exceeds threshold 0.5 — held for manual fraud review.,a31cdd01
0.581,0.721,0.45,HOLD_FRAUD_REVIEW,Fraud-risk score 0.58 exceeds threshold 0.5 — held for manual fraud review.,10da57d7
0.17,0.721,0.182,AUTO_APPROVE,Low fraud-risk (0.17) and high intent-match confidence (0.72) — auto-approved.,2b4ce49e
0.502,0.721,0.2,HOLD_FRAUD_REVIEW,Fraud-risk score 0.50 exceeds threshold 0.5 — held for manual fraud review.,fca3f448
0.787,0.721,0.064,HOLD_FRAUD_REVIEW,Fraud-risk score 0.79 exceeds threshold 0.5 — held for manual fraud review.,7d6150cb
0.457,0.721,0.91,AUTO_APPROVE,Low fraud-risk (0.46) and high intent-match confidence (0.72) — auto-approved.,d0459cb5
0.718,0.31,0.35,HOLD_FRAUD_REVIEW,Fraud-risk score 0.72 exceeds threshold 0.5 — held for manual fraud review.,a134a41d
0.616,0.721,0.17,HOLD_FRAUD_REVIEW,Fraud-risk score 0.62 exceeds threshold 0.5 — held for manual fraud review.,20e98544
0.751,0.721,0.75,HOLD_FRAUD_REVIEW,Fraud-risk score 0.75 exceeds threshold 0.5 — held for manual fraud review.,f3a0c40a
0.756,0.228,0.172,HOLD_FRAUD_REVIEW,Fraud-risk score 0.76 exceeds threshold 0.5 — held for manual fraud review.,a92ed590
0.625,0.407,0.09,HOLD_FRAUD_REVIEW,Fraud-risk score 0.62 exceeds threshold 0.5 — held for manual fraud review.,90de4216
0.189,0.721,0.95,AUTO_APPROVE,Low fraud-risk (0.19) and high intent-match confidence (0.72) — auto-approved.,b6ca5bd5
0.918,0.321,0.022,HOLD_FRAUD_REVIEW,Fraud-risk score 0.92 exceeds threshold 0.5 — held for manual fraud review.,cf1f3b1d
0.266,0.721,0.02,AUTO_APPROVE,Low fraud-risk (0.27) and high intent-match confidence (0.72) — auto-approved.,38c6949f
0.274,0.721,0.21,AUTO_APPROVE,Low fraud-risk (0.27) and high intent-match confidence (0.72) — auto-approved.,b5b54edc
0.377,0.443,0.25,HOLD_LIKELY_MISMATCH,"Order deviates from stated intent (intent-match confidence 0.44) and doesn't align with this customer's history (preference-fit 0.25) — likely a mistaken purchase, held to prevent a probable return.",a0bd2b4f
0.504,0.721,0.47,HOLD_FRAUD_REVIEW,Fraud-risk score 0.50 exceeds threshold 0.5 — held for manual fraud review.,7fe7cd37
0.602,0.721,0.38,HOLD_FRAUD_REVIEW,Fraud-risk score 0.60 exceeds threshold 0.5 — held for manual fraud review.,5432601f
0.275,0.303,0.93,HOLD_CONFIRM_WITH_HUMAN,"Order deviates from stated intent (intent-match confidence 0.30), but this customer's history (preference-fit 0.93) suggests they may welcome this — routed to a quick human confirmation instead of auto-block.",e5d4e0d5
0.544,0.721,0.1,HOLD_FRAUD_REVIEW,Fraud-risk score 0.54 exceeds threshold 0.5 — held for manual fraud review.,7d4cae71
0.393,0.721,0.144,AUTO_APPROVE,Low fraud-risk (0.39) and high intent-match confidence (0.72) — auto-approved.,76f88eee
0.582,0.298,0.42,HOLD_FRAUD_REVIEW,Fraud-risk score 0.58 exceeds threshold 0.5 — held for manual fraud review.,484d8af8
0.263,0.721,0.29,AUTO_APPROVE,Low fraud-risk (0.26) and high intent-match confidence (0.72) — auto-approved.,5a1b3836
0.305,0.211,0.174,HOLD_LIKELY_MISMATCH,"Order deviates from stated intent (intent-match confidence 0.21) and doesn't align with this customer's history (preference-fit 0.17) — likely a mistaken purchase, held to prevent a probable return.",3bc45f03
0.211,0.721,0.172,AUTO_APPROVE,Low fraud-risk (0.21) and high intent-match confidence (0.72) — auto-approved.,5e4554e2
0.473,0.721,0.92,AUTO_APPROVE,Low fraud-risk (0.47) and high intent-match confidence (0.72) — auto-approved.,cc885e8d
0.615,0.336,0.9,HOLD_FRAUD_REVIEW,Fraud-risk score 0.61 exceeds threshold 0.5 — held for manual fraud review.,8ad6419f
0.44,0.721,0.2,AUTO_APPROVE,Low fraud-risk (0.44) and high intent-match confidence (0.72) — auto-approved.,04c596c0
0.547,0.721,0.1,HOLD_FRAUD_REVIEW,Fraud-risk score 0.55 exceeds threshold 0.5 — held for manual fraud review.,1bb2ea46
0.333,0.245,0.06,HOLD_LIKELY_MISMATCH,"Order deviates from stated intent (intent-match confidence 0.25) and doesn't align with this customer's history (preference-fit 0.06) — likely a mistaken purchase, held to prevent a probable return.",11fc54ca
0.361,0.721,0.23,AUTO_APPROVE,Low fraud-risk (0.36) and high intent-match confidence (0.72) — auto-approved.,8c7adb6f
0.434,0.299,0.158,HOLD_LIKELY_MISMATCH,"Order deviates from stated intent (intent-match confidence 0.30) and doesn't align with this customer's history (preference-fit 0.16) — likely a mistaken purchase, held to prevent a probable return.",9e3e999a
0.76,0.721,0.83,HOLD_FRAUD_REVIEW,Fraud-risk score 0.76 exceeds threshold 0.5 — held for manual fraud review.,998d1df9
0.528,0.721,0.4,HOLD_FRAUD_REVIEW,Fraud-risk score 0.53 exceeds threshold 0.5 — held for manual fraud review.,e2f1d18d
0.495,0.721,0.21,AUTO_APPROVE,Low fraud-risk (0.49) and high intent-match confidence (0.72) — auto-approved.,f3960970
0.458,0.721,0.86,AUTO_APPROVE,Low fraud-risk (0.46) and high intent-match confidence (0.72) — auto-approved.,6232fb30
0.195,0.721,0.75,AUTO_APPROVE,Low fraud-risk (0.19) and high intent-match confidence (0.72) — auto-approved.,82d0ec73
0.413,0.315,0.23,HOLD_LIKELY_MISMATCH,"Order deviates from stated intent (intent-match confidence 0.31) and doesn't align with this customer's history (preference-fit 0.23) — likely a mistaken purchase, held to prevent a probable return.",97e8630c
0.783,0.721,0.166,HOLD_FRAUD_REVIEW,Fraud-risk score 0.78 exceeds threshold 0.5 — held for manual fraud review.,a107b0dc
0.186,0.721,0.87,AUTO_APPROVE,Low fraud-risk (0.19) and high intent-match confidence (0.72) — auto-approved.,05d72c01
0.43,0.445,0.028,HOLD_LIKELY_MISMATCH,"Order deviates from stated intent (intent-match confidence 0.45) and doesn't align with this customer's history (preference-fit 0.03) — likely a mistaken purchase, held to prevent a probable return.",cb751f22
0.768,0.721,0.26,HOLD_FRAUD_REVIEW,Fraud-risk score 0.77 exceeds threshold 0.5 — held for manual fraud review.,6eeffa0b
0.743,0.721,0.12,HOLD_FRAUD_REVIEW,Fraud-risk score 0.74 exceeds threshold 0.5 — held for manual fraud review.,71400733
0.478,0.721,0.4,AUTO_APPROVE,Low fraud-risk (0.48) and high intent-match confidence (0.72) — auto-approved.,978025fb
0.851,0.367,0.186,HOLD_FRAUD_REVIEW,Fraud-risk score 0.85 exceeds threshold 0.5 — held for manual fraud review.,d728e288
0.644,0.324,0.014,HOLD_FRAUD_REVIEW,Fraud-risk score 0.64 exceeds threshold 0.5 — held for manual fraud review.,e22f04ac
0.252,0.721,0.08,AUTO_APPROVE,Low fraud-risk (0.25) and high intent-match confidence (0.72) — auto-approved.,5b83bdef
0.542,0.308,0.46,HOLD_FRAUD_REVIEW,Fraud-risk score 0.54 exceeds threshold 0.5 — held for manual fraud review.,38e0880f
0.479,0.26,0.16,HOLD_LIKELY_MISMATCH,"Order deviates from stated intent (intent-match confidence 0.26) and doesn't align with this customer's history (preference-fit 0.16) — likely a mistaken purchase, held to prevent a probable return.",f2cbec56
0.533,0.721,0.62,HOLD_FRAUD_REVIEW,Fraud-risk score 0.53 exceeds threshold 0.5 — held for manual fraud review.,17b28b0b
0.783,0.285,0.132,HOLD_FRAUD_REVIEW,Fraud-risk score 0.78 exceeds threshold 0.5 — held for manual fraud review.,49571d6c
0.748,0.387,0.29,HOLD_FRAUD_REVIEW,Fraud-risk score 0.75 exceeds threshold 0.5 — held for manual fraud review.,9341eb8e
0.294,0.721,0.192,AUTO_APPROVE,Low fraud-risk (0.29) and high intent-match confidence (0.72) — auto-approved.,140d006b
0.383,0.721,0.42,AUTO_APPROVE,Low fraud-risk (0.38) and high intent-match confidence (0.72) — auto-approved.,9dc57a33
0.327,0.721,0.84,AUTO_APPROVE,Low fraud-risk (0.33) and high intent-match confidence (0.72) — auto-approved.,434efa18
0.254,0.721,0.15,AUTO_APPROVE,Low fraud-risk (0.25) and high intent-match confidence (0.72) — auto-approved.,4a115604
0.565,0.721,0.02,HOLD_FRAUD_REVIEW,Fraud-risk score 0.56 exceeds threshold 0.5 — held for manual fraud review.,fcca4db6
0.278,0.3,0.044,HOLD_LIKELY_MISMATCH,"Order deviates from stated intent (intent-match confidence 0.30) and doesn't align with this customer's history (preference-fit 0.04) — likely a mistaken purchase, held to prevent a probable return.",d57c4002
0.372,0.721,0.53,AUTO_APPROVE,Low fraud-risk (0.37) and high intent-match confidence (0.72) — auto-approved.,593cdf29
0.713,0.321,0.01,HOLD_FRAUD_REVIEW,Fraud-risk score 0.71 exceeds threshold 0.5 — held for manual fraud review.,d5f797a5
0.49,0.721,0.1,AUTO_APPROVE,Low fraud-risk (0.49) and high intent-match confidence (0.72) — auto-approved.,d7fc6fa9
0.62,0.455,0.41,HOLD_FRAUD_REVIEW,Fraud-risk score 0.62 exceeds threshold 0.5 — held for manual fraud review.,bdeb6ffb
0.262,0.275,0.11,HOLD_LIKELY_MISMATCH,"Order deviates from stated intent (intent-match confidence 0.28) and doesn't align with this customer's history (preference-fit 0.11) — likely a mistaken purchase, held to prevent a probable return.",ffefff9b
0.381,0.435,0.09,HOLD_LIKELY_MISMATCH,"Order deviates from stated intent (intent-match confidence 0.44) and doesn't align with this customer's history (preference-fit 0.09) — likely a mistaken purchase, held to prevent a probable return.",f2c3a9ff
0.344,0.21,0.186,HOLD_LIKELY_MISMATCH,"Order deviates from stated intent (intent-match confidence 0.21) and doesn't align with this customer's history (preference-fit 0.19) — likely a mistaken purchase, held to prevent a probable return.",eaf3671b
0.755,0.721,0.88,HOLD_FRAUD_REVIEW,Fraud-risk score 0.75 exceeds threshold 0.5 — held for manual fraud review.,c987621e
0.57,0.203,0.93,HOLD_FRAUD_REVIEW,Fraud-risk score 0.57 exceeds threshold 0.5 — held for manual fraud review.,fac72bcc
0.685,0.721,0.22,HOLD_FRAUD_REVIEW,Fraud-risk score 0.68 exceeds threshold 0.5 — held for manual fraud review.,4c5612a5
0.203,0.721,0.96,AUTO_APPROVE,Low fraud-risk (0.20) and high intent-match confidence (0.72) — auto-approved.,1f84619c
0.404,0.295,0.014,HOLD_LIKELY_MISMATCH,"Order deviates from stated intent (intent-match confidence 0.30) and doesn't align with this customer's history (preference-fit 0.01) — likely a mistaken purchase, held to prevent a probable return.",4e4d2253
0.26,0.721,0.63,AUTO_APPROVE,Low fraud-risk (0.26) and high intent-match confidence (0.72) — auto-approved.,a53b0ffd
0.367,0.721,0.52,AUTO_APPROVE,Low fraud-risk (0.37) and high intent-match confidence (0.72) — auto-approved.,231ed3bf
0.365,0.721,0.49,AUTO_APPROVE,Low fraud-risk (0.37) and high intent-match confidence (0.72) — auto-approved.,867a4483
0.39,0.721,0.29,AUTO_APPROVE,Low fraud-risk (0.39) and high intent-match confidence (0.72) — auto-approved.,02f75394
0.251,0.721,0.39,AUTO_APPROVE,Low fraud-risk (0.25) and high intent-match confidence (0.72) — auto-approved.,f93cd5eb
0.506,0.432,0.096,HOLD_FRAUD_REVIEW,Fraud-risk score 0.51 exceeds threshold 0.5 — held for manual fraud review.,dca2e37d
0.38,0.721,0.078,AUTO_APPROVE,Low fraud-risk (0.38) and high intent-match confidence (0.72) — auto-approved.,57571cef
0.495,0.721,0.67,AUTO_APPROVE,Low fraud-risk (0.49) and high intent-match confidence (0.72) — auto-approved.,fed3472a
0.214,0.332,0.2,HOLD_LIKELY_MISMATCH,"Order deviates from stated intent (intent-match confidence 0.33) and doesn't align with this customer's history (preference-fit 0.20) — likely a mistaken purchase, held to prevent a probable return.",9db4c423
0.591,0.404,0.15,HOLD_FRAUD_REVIEW,Fraud-risk score 0.59 exceeds threshold 0.5 — held for manual fraud review.,bd5fbdc2
0.773,0.721,0.98,HOLD_FRAUD_REVIEW,Fraud-risk score 0.77 exceeds threshold 0.5 — held for manual fraud review.,eab379cc
0.405,0.721,0.25,AUTO_APPROVE,Low fraud-risk (0.41) and high intent-match confidence (0.72) — auto-approved.,6a327559
0.219,0.721,0.03,AUTO_APPROVE,Low fraud-risk (0.22) and high intent-match confidence (0.72) — auto-approved.,063007b7
0.626,0.308,0.14,HOLD_FRAUD_REVIEW,Fraud-risk score 0.63 exceeds threshold 0.5 — held for manual fraud review.,3a87484f
0.458,0.721,0.72,AUTO_APPROVE,Low fraud-risk (0.46) and high intent-match confidence (0.72) — auto-approved.,57bd55ad
0.237,0.456,0.95,HOLD_CONFIRM_WITH_HUMAN,"Order deviates from stated intent (intent-match confidence 0.46), but this customer's history (preference-fit 0.95) suggests they may welcome this — routed to a quick human confirmation instead of auto-block.",aaa92b79
0.491,0.721,0.124,AUTO_APPROVE,Low fraud-risk (0.49) and high intent-match confidence (0.72) — auto-approved.,24654fdb
0.636,0.184,0.148,HOLD_FRAUD_REVIEW,Fraud-risk score 0.64 exceeds threshold 0.5 — held for manual fraud review.,26b4b789
0.346,0.721,0.69,AUTO_APPROVE,Low fraud-risk (0.35) and high intent-match confidence (0.72) — auto-approved.,e9d21734
0.265,0.226,0.36,HOLD_LIKELY_MISMATCH,"Order deviates from stated intent (intent-match confidence 0.23) and doesn't align with this customer's history (preference-fit 0.36) — likely a mistaken purchase, held to prevent a probable return.",502f7923
0.417,0.721,0.37,AUTO_APPROVE,Low fraud-risk (0.42) and high intent-match confidence (0.72) — auto-approved.,b4b24252
0.264,0.721,0.004,AUTO_APPROVE,Low fraud-risk (0.26) and high intent-match confidence (0.72) — auto-approved.,0d54073a
0.254,0.721,0.17,AUTO_APPROVE,Low fraud-risk (0.25) and high intent-match confidence (0.72) — auto-approved.,6947fa04
0.606,0.374,0.86,HOLD_FRAUD_REVIEW,Fraud-risk score 0.61 exceeds threshold 0.5 — held for manual fraud review.,6ea1825b
0.394,0.332,0.84,HOLD_CONFIRM_WITH_HUMAN,"Order deviates from stated intent (intent-match confidence 0.33), but this customer's history (preference-fit 0.84) suggests they may welcome this — routed to a quick human confirmation instead of auto-block.",119cc362
0.288,0.335,0.53,HOLD_CONFIRM_WITH_HUMAN,"Order deviates from stated intent (intent-match confidence 0.34), but this customer's history (preference-fit 0.53) suggests they may welcome this — routed to a quick human confirmation instead of auto-block.",f1aa0418
0.494,0.721,0.102,AUTO_APPROVE,Low fraud-risk (0.49) and high intent-match confidence (0.72) — auto-approved.,9bf0b106
0.402,0.721,0.08,AUTO_APPROVE,Low fraud-risk (0.40) and high intent-match confidence (0.72) — auto-approved.,3b7c5d22
0.3,0.721,0.55,AUTO_APPROVE,Low fraud-risk (0.30) and high intent-match confidence (0.72) — auto-approved.,17d0b528
0.504,0.721,0.104,HOLD_FRAUD_REVIEW,Fraud-risk score 0.50 exceeds threshold 0.5 — held for manual fraud review.,1ef27f9c
0.546,0.347,0.09,HOLD_FRAUD_REVIEW,Fraud-risk score 0.55 exceeds threshold 0.5 — held for manual fraud review.,7018c3b7
0.88,0.721,0.32,HOLD_FRAUD_REVIEW,Fraud-risk score 0.88 exceeds threshold 0.5 — held for manual fraud review.,378552f2
0.198,0.721,0.66,AUTO_APPROVE,Low fraud-risk (0.20) and high intent-match confidence (0.72) — auto-approved.,da81fef8
0.404,0.721,0.088,AUTO_APPROVE,Low fraud-risk (0.40) and high intent-match confidence (0.72) — auto-approved.,94ab36c2
0.935,0.154,0.154,HOLD_FRAUD_REVIEW,Fraud-risk score 0.94 exceeds threshold 0.5 — held for manual fraud review.,816e846a
0.4,0.426,0.5,HOLD_CONFIRM_WITH_HUMAN,"Order deviates from stated intent (intent-match confidence 0.43), but this customer's history (preference-fit 0.50) suggests they may welcome this — routed to a quick human confirmation instead of auto-block.",0f098c42
0.286,0.721,0.35,AUTO_APPROVE,Low fraud-risk (0.29) and high intent-match confidence (0.72) — auto-approved.,f912cece
0.383,0.721,0.27,AUTO_APPROVE,Low fraud-risk (0.38) and high intent-match confidence (0.72) — auto-approved.,7af66fa3
0.483,0.721,0.91,AUTO_APPROVE,Low fraud-risk (0.48) and high intent-match confidence (0.72) — auto-approved.,cf539cec
0.667,0.244,0.25,HOLD_FRAUD_REVIEW,Fraud-risk score 0.67 exceeds threshold 0.5 — held for manual fraud review.,f4ed3f09
0.287,0.26,0.07,HOLD_LIKELY_MISMATCH,"Order deviates from stated intent (intent-match confidence 0.26) and doesn't align with this customer's history (preference-fit 0.07) — likely a mistaken purchase, held to prevent a probable return.",deb5234d
0.803,0.442,0.87,HOLD_FRAUD_REVIEW,Fraud-risk score 0.80 exceeds threshold 0.5 — held for manual fraud review.,84f3a92c
0.691,0.721,0.09,HOLD_FRAUD_REVIEW,Fraud-risk score 0.69 exceeds threshold 0.5 — held for manual fraud review.,2c61a5c3
0.201,0.437,0.072,HOLD_LIKELY_MISMATCH,"Order deviates from stated intent (intent-match confidence 0.44) and doesn't align with this customer's history (preference-fit 0.07) — likely a mistaken purchase, held to prevent a probable return.",3fd47036
0.612,0.353,0.13,HOLD_FRAUD_REVIEW,Fraud-risk score 0.61 exceeds threshold 0.5 — held for manual fraud review.,90cc2953
0.488,0.721,0.68,AUTO_APPROVE,Low fraud-risk (0.49) and high intent-match confidence (0.72) — auto-approved.,5ce15916
0.252,0.721,0.51,AUTO_APPROVE,Low fraud-risk (0.25) and high intent-match confidence (0.72) — auto-approved.,1d771e32
0.569,0.454,0.73,HOLD_FRAUD_REVIEW,Fraud-risk score 0.57 exceeds threshold 0.5 — held for manual fraud review.,fa279094
0.219,0.721,0.5,AUTO_APPROVE,Low fraud-risk (0.22) and high intent-match confidence (0.72) — auto-approved.,bd39333a
0.643,0.721,0.192,HOLD_FRAUD_REVIEW,Fraud-risk score 0.64 exceeds threshold 0.5 — held for manual fraud review.,37981e02
0.475,0.422,0.11,HOLD_LIKELY_MISMATCH,"Order deviates from stated intent (intent-match confidence 0.42) and doesn't align with this customer's history (preference-fit 0.11) — likely a mistaken purchase, held to prevent a probable return.",9a1f9a15
0.398,0.721,0.71,AUTO_APPROVE,Low fraud-risk (0.40) and high intent-match confidence (0.72) — auto-approved.,487fae95
0.227,0.721,0.97,AUTO_APPROVE,Low fraud-risk (0.23) and high intent-match confidence (0.72) — auto-approved.,f52cbdc0
0.36,0.721,0.022,AUTO_APPROVE,Low fraud-risk (0.36) and high intent-match confidence (0.72) — auto-approved.,4291ff68
0.209,0.721,0.96,AUTO_APPROVE,Low fraud-risk (0.21) and high intent-match confidence (0.72) — auto-approved.,5447b8bd
0.305,0.721,0.56,AUTO_APPROVE,Low fraud-risk (0.31) and high intent-match confidence (0.72) — auto-approved.,cb446c8e
0.497,0.259,0.09,HOLD_LIKELY_MISMATCH,"Order deviates from stated intent (intent-match confidence 0.26) and doesn't align with this customer's history (preference-fit 0.09) — likely a mistaken purchase, held to prevent a probable return.",5d588c09
0.379,0.721,0.046,AUTO_APPROVE,Low fraud-risk (0.38) and high intent-match confidence (0.72) — auto-approved.,d56493bf
0.356,0.223,0.012,HOLD_LIKELY_MISMATCH,"Order deviates from stated intent (intent-match confidence 0.22) and doesn't align with this customer's history (preference-fit 0.01) — likely a mistaken purchase, held to prevent a probable return.",57896045
0.704,0.39,0.048,HOLD_FRAUD_REVIEW,Fraud-risk score 0.70 exceeds threshold 0.5 — held for manual fraud review.,fcf2d4db
0.333,0.354,0.24,HOLD_LIKELY_MISMATCH,"Order deviates from stated intent (intent-match confidence 0.35) and doesn't align with this customer's history (preference-fit 0.24) — likely a mistaken purchase, held to prevent a probable return.",98641ae3
0.906,0.332,0.074,HOLD_FRAUD_REVIEW,Fraud-risk score 0.91 exceeds threshold 0.5 — held for manual fraud review.,ac2c9139
0.762,0.721,0.8,HOLD_FRAUD_REVIEW,Fraud-risk score 0.76 exceeds threshold 0.5 — held for manual fraud review.,8d6b6909
0.372,0.272,0.98,HOLD_CONFIRM_WITH_HUMAN,"Order deviates from stated intent (intent-match confidence 0.27), but this customer's history (preference-fit 0.98) suggests they may welcome this — routed to a quick human confirmation instead of auto-block.",767c0c49
0.849,0.721,0.92,HOLD_FRAUD_REVIEW,Fraud-risk score 0.85 exceeds threshold 0.5 — held for manual fraud review.,2ae4f8e3
0.19,0.283,0.102,HOLD_LIKELY_MISMATCH,"Order deviates from stated intent (intent-match confidence 0.28) and doesn't align with this customer's history (preference-fit 0.10) — likely a mistaken purchase, held to prevent a probable return.",72f43b2a
0.305,0.265,0.73,HOLD_CONFIRM_WITH_HUMAN,"Order deviates from stated intent (intent-match confidence 0.27), but this customer's history (preference-fit 0.73) suggests they may welcome this — routed to a quick human confirmation instead of auto-block.",66acdc22
0.675,0.721,0.43,HOLD_FRAUD_REVIEW,Fraud-risk score 0.67 exceeds threshold 0.5 — held for manual fraud review.,c2f8984e
0.874,0.721,0.26,HOLD_FRAUD_REVIEW,Fraud-risk score 0.87 exceeds threshold 0.5 — held for manual fraud review.,5a0cb073
0.835,0.721,0.154,HOLD_FRAUD_REVIEW,Fraud-risk score 0.84 exceeds threshold 0.5 — held for manual fraud review.,f7a172e9
0.247,0.366,0.104,HOLD_LIKELY_MISMATCH,"Order deviates from stated intent (intent-match confidence 0.37) and doesn't align with this customer's history (preference-fit 0.10) — likely a mistaken purchase, held to prevent a probable return.",51199649
0.391,0.721,0.68,AUTO_APPROVE,Low fraud-risk (0.39) and high intent-match confidence (0.72) — auto-approved.,e6c6f787
0.474,0.189,0.098,HOLD_LIKELY_MISMATCH,"Order deviates from stated intent (intent-match confidence 0.19) and doesn't align with this customer's history (preference-fit 0.10) — likely a mistaken purchase, held to prevent a probable return.",60c59c33
0.606,0.721,0.026,HOLD_FRAUD_REVIEW,Fraud-risk score 0.61 exceeds threshold 0.5 — held for manual fraud review.,063ceff7
0.532,0.222,0.91,HOLD_FRAUD_REVIEW,Fraud-risk score 0.53 exceeds threshold 0.5 — held for manual fraud review.,7a4068fb
0.453,0.721,0.14,AUTO_APPROVE,Low fraud-risk (0.45) and high intent-match confidence (0.72) — auto-approved.,d6b55b9a
0.494,0.721,0.5,AUTO_APPROVE,Low fraud-risk (0.49) and high intent-match confidence (0.72) — auto-approved.,1701bed6
0.422,0.152,0.188,HOLD_LIKELY_MISMATCH,"Order deviates from stated intent (intent-match confidence 0.15) and doesn't align with this customer's history (preference-fit 0.19) — likely a mistaken purchase, held to prevent a probable return.",354a5e9c
0.331,0.721,0.14,AUTO_APPROVE,Low fraud-risk (0.33) and high intent-match confidence (0.72) — auto-approved.,539c9b54
0.874,0.721,0.52,HOLD_FRAUD_REVIEW,Fraud-risk score 0.87 exceeds threshold 0.5 — held for manual fraud review.,dae1ae92
0.649,0.345,0.82,HOLD_FRAUD_REVIEW,Fraud-risk score 0.65 exceeds threshold 0.5 — held for manual fraud review.,12c13fee
0.454,0.721,0.57,AUTO_APPROVE,Low fraud-risk (0.45) and high intent-match confidence (0.72) — auto-approved.,58c90f74
0.538,0.721,0.32,HOLD_FRAUD_REVIEW,Fraud-risk score 0.54 exceeds threshold 0.5 — held for manual fraud review.,c965e01e
0.866,0.721,0.09,HOLD_FRAUD_REVIEW,Fraud-risk score 0.87 exceeds threshold 0.5 — held for manual fraud review.,38dd0ce1
0.417,0.721,0.65,AUTO_APPROVE,Low fraud-risk (0.42) and high intent-match confidence (0.72) — auto-approved.,1bbca1c7
0.335,0.721,0.16,AUTO_APPROVE,Low fraud-risk (0.34) and high intent-match confidence (0.72) — auto-approved.,1bdeb825
0.641,0.272,0.046,HOLD_FRAUD_REVIEW,Fraud-risk score 0.64 exceeds threshold 0.5 — held for manual fraud review.,6a15be85
0.2,0.721,0.83,AUTO_APPROVE,Low fraud-risk (0.20) and high intent-match confidence (0.72) — auto-approved.,6f2ca765
0.444,0.721,0.154,AUTO_APPROVE,Low fraud-risk (0.44) and high intent-match confidence (0.72) — auto-approved.,10a3822e
0.257,0.721,0.174,AUTO_APPROVE,Low fraud-risk (0.26) and high intent-match confidence (0.72) — auto-approved.,947f14d8
0.296,0.448,0.85,HOLD_CONFIRM_WITH_HUMAN,"Order deviates from stated intent (intent-match confidence 0.45), but this customer's history (preference-fit 0.85) suggests they may welcome this — routed to a quick human confirmation instead of auto-block.",59d3d724
0.573,0.293,0.34,HOLD_FRAUD_REVIEW,Fraud-risk score 0.57 exceeds threshold 0.5 — held for manual fraud review.,f97f0072
0.393,0.721,0.37,AUTO_APPROVE,Low fraud-risk (0.39) and high intent-match confidence (0.72) — auto-approved.,60a694e9
0.648,0.325,0.57,HOLD_FRAUD_REVIEW,Fraud-risk score 0.65 exceeds threshold 0.5 — held for manual fraud review.,b7b88246
0.64,0.275,0.134,HOLD_FRAUD_REVIEW,Fraud-risk score 0.64 exceeds threshold 0.5 — held for manual fraud review.,14dab3f9
0.465,0.301,0.94,HOLD_CONFIRM_WITH_HUMAN,"Order deviates from stated intent (intent-match confidence 0.30), but this customer's history (preference-fit 0.94) suggests they may welcome this — routed to a quick human confirmation instead of auto-block.",7168b947
0.206,0.721,0.092,AUTO_APPROVE,Low fraud-risk (0.21) and high intent-match confidence (0.72) — auto-approved.,2b11ba3d
0.393,0.194,0.15,HOLD_LIKELY_MISMATCH,"Order deviates from stated intent (intent-match confidence 0.19) and doesn't align with this customer's history (preference-fit 0.15) — likely a mistaken purchase, held to prevent a probable return.",2d23d99b
0.278,0.721,0.76,AUTO_APPROVE,Low fraud-risk (0.28) and high intent-match confidence (0.72) — auto-approved.,1e129257
0.786,0.721,0.7,HOLD_FRAUD_REVIEW,Fraud-risk score 0.79 exceeds threshold 0.5 — held for manual fraud review.,9d746142
0.475,0.721,0.89,AUTO_APPROVE,Low fraud-risk (0.47) and high intent-match confidence (0.72) — auto-approved.,992d235a
0.297,0.721,0.22,AUTO_APPROVE,Low fraud-risk (0.30) and high intent-match confidence (0.72) — auto-approved.,4b62a9cc
0.275,0.294,0.63,HOLD_CONFIRM_WITH_HUMAN,"Order deviates from stated intent (intent-match confidence 0.29), but this customer's history (preference-fit 0.63) suggests they may welcome this — routed to a quick human confirmation instead of auto-block.",ca1e0aa3
0.637,0.721,0.5,HOLD_FRAUD_REVIEW,Fraud-risk score 0.64 exceeds threshold 0.5 — held for manual fraud review.,91650a7c
0.565,0.316,0.73,HOLD_FRAUD_REVIEW,Fraud-risk score 0.56 exceeds threshold 0.5 — held for manual fraud review.,b2160497
0.892,0.278,0.052,HOLD_FRAUD_REVIEW,Fraud-risk score 0.89 exceeds threshold 0.5 — held for manual fraud review.,bee24b58
0.408,0.226,0.54,HOLD_CONFIRM_WITH_HUMAN,"Order deviates from stated intent (intent-match confidence 0.23), but this customer's history (preference-fit 0.54) suggests they may welcome this — routed to a quick human confirmation instead of auto-block.",62ea0d79
0.373,0.721,0.192,AUTO_APPROVE,Low fraud-risk (0.37) and high intent-match confidence (0.72) — auto-approved.,e0b705cd
0.944,0.721,0.53,HOLD_FRAUD_REVIEW,Fraud-risk score 0.94 exceeds threshold 0.5 — held for manual fraud review.,673365e0
0.415,0.394,0.146,HOLD_LIKELY_MISMATCH,"Order deviates from stated intent (intent-match confidence 0.39) and doesn't align with this customer's history (preference-fit 0.15) — likely a mistaken purchase, held to prevent a probable return.",ee8aac42
0.209,0.721,0.76,AUTO_APPROVE,Low fraud-risk (0.21) and high intent-match confidence (0.72) — auto-approved.,9c5d6f57
0.469,0.721,0.072,AUTO_APPROVE,Low fraud-risk (0.47) and high intent-match confidence (0.72) — auto-approved.,f7e3bedf
0.257,0.721,0.46,AUTO_APPROVE,Low fraud-risk (0.26) and high intent-match confidence (0.72) — auto-approved.,5e5b3989
0.577,0.721,0.166,HOLD_FRAUD_REVIEW,Fraud-risk score 0.58 exceeds threshold 0.5 — held for manual fraud review.,3f6e9381
0.456,0.721,0.19,AUTO_APPROVE,Low fraud-risk (0.46) and high intent-match confidence (0.72) — auto-approved.,841d17b8
0.745,0.721,0.94,HOLD_FRAUD_REVIEW,Fraud-risk score 0.74 exceeds threshold 0.5 — held for manual fraud review.,5d3e2666
0.893,0.348,0.96,HOLD_FRAUD_REVIEW,Fraud-risk score 0.89 exceeds threshold 0.5 — held for manual fraud review.,c3e34e9a
0.261,0.721,0.94,AUTO_APPROVE,Low fraud-risk (0.26) and high intent-match confidence (0.72) — auto-approved.,66b81dd1
0.807,0.721,0.78,HOLD_FRAUD_REVIEW,Fraud-risk score 0.81 exceeds threshold 0.5 — held for manual fraud review.,a0f13fea
0.492,0.721,0.95,AUTO_APPROVE,Low fraud-risk (0.49) and high intent-match confidence (0.72) — auto-approved.,e2b17b67
0.555,0.721,0.89,HOLD_FRAUD_REVIEW,Fraud-risk score 0.55 exceeds threshold 0.5 — held for manual fraud review.,84f824e9
0.367,0.311,0.78,HOLD_CONFIRM_WITH_HUMAN,"Order deviates from stated intent (intent-match confidence 0.31), but this customer's history (preference-fit 0.78) suggests they may welcome this — routed to a quick human confirmation instead of auto-block.",b28d723a
0.623,0.721,0.17,HOLD_FRAUD_REVIEW,Fraud-risk score 0.62 exceeds threshold 0.5 — held for manual fraud review.,60a52a05
0.372,0.721,0.44,AUTO_APPROVE,Low fraud-risk (0.37) and high intent-match confidence (0.72) — auto-approved.,72280dee
0.258,0.721,0.93,AUTO_APPROVE,Low fraud-risk (0.26) and high intent-match confidence (0.72) — auto-approved.,fa9d43c2
0.559,0.265,0.066,HOLD_FRAUD_REVIEW,Fraud-risk score 0.56 exceeds threshold 0.5 — held for manual fraud review.,eae0c124
0.198,0.721,0.5,AUTO_APPROVE,Low fraud-risk (0.20) and high intent-match confidence (0.72) — auto-approved.,80db3aee
0.353,0.721,0.96,AUTO_APPROVE,Low fraud-risk (0.35) and high intent-match confidence (0.72) — auto-approved.,0d3ca04f
0.864,0.394,0.192,HOLD_FRAUD_REVIEW,Fraud-risk score 0.86 exceeds threshold 0.5 — held for manual fraud review.,27b0754b
0.263,0.428,0.132,HOLD_LIKELY_MISMATCH,"Order deviates from stated intent (intent-match confidence 0.43) and doesn't align with this customer's history (preference-fit 0.13) — likely a mistaken purchase, held to prevent a probable return.",5c96d82f
0.796,0.721,0.88,HOLD_FRAUD_REVIEW,Fraud-risk score 0.80 exceeds threshold 0.5 — held for manual fraud review.,bc298bc4
0.343,0.721,0.076,AUTO_APPROVE,Low fraud-risk (0.34) and high intent-match confidence (0.72) — auto-approved.,dee635f7
0.406,0.721,0.15,AUTO_APPROVE,Low fraud-risk (0.41) and high intent-match confidence (0.72) — auto-approved.,bfc7c402
0.288,0.396,0.138,HOLD_LIKELY_MISMATCH,"Order deviates from stated intent (intent-match confidence 0.40) and doesn't align with this customer's history (preference-fit 0.14) — likely a mistaken purchase, held to prevent a probable return.",87ff236f
0.21,0.721,0.85,AUTO_APPROVE,Low fraud-risk (0.21) and high intent-match confidence (0.72) — auto-approved.,1f881fdc
0.792,0.721,0.116,HOLD_FRAUD_REVIEW,Fraud-risk score 0.79 exceeds threshold 0.5 — held for manual fraud review.,41865934
0.276,0.721,0.34,AUTO_APPROVE,Low fraud-risk (0.28) and high intent-match confidence (0.72) — auto-approved.,e505540c
0.172,0.721,0.06,AUTO_APPROVE,Low fraud-risk (0.17) and high intent-match confidence (0.72) — auto-approved.,ef43ca0a
0.297,0.258,0.74,HOLD_CONFIRM_WITH_HUMAN,"Order deviates from stated intent (intent-match confidence 0.26), but this customer's history (preference-fit 0.74) suggests they may welcome this — routed to a quick human confirmation instead of auto-block.",fa12653e
0.181,0.721,0.4,AUTO_APPROVE,Low fraud-risk (0.18) and high intent-match confidence (0.72) — auto-approved.,e92d5f98
0.375,0.721,0.158,AUTO_APPROVE,Low fraud-risk (0.37) and high intent-match confidence (0.72) — auto-approved.,5c2a3ec9
0.199,0.721,0.6,AUTO_APPROVE,Low fraud-risk (0.20) and high intent-match confidence (0.72) — auto-approved.,1b13dbc8
0.523,0.721,0.99,HOLD_FRAUD_REVIEW,Fraud-risk score 0.52 exceeds threshold 0.5 — held for manual fraud review.,801ec93e
0.502,0.721,0.092,HOLD_FRAUD_REVIEW,Fraud-risk score 0.50 exceeds threshold 0.5 — held for manual fraud review.,0a14602a
0.512,0.721,0.126,HOLD_FRAUD_REVIEW,Fraud-risk score 0.51 exceeds threshold 0.5 — held for manual fraud review.,9bc789fb
0.547,0.128,0.132,HOLD_FRAUD_REVIEW,Fraud-risk score 0.55 exceeds threshold 0.5 — held for manual fraud review.,68365469
0.229,0.248,0.5,HOLD_CONFIRM_WITH_HUMAN,"Order deviates from stated intent (intent-match confidence 0.25), but this customer's history (preference-fit 0.50) suggests they may welcome this — routed to a quick human confirmation instead of auto-block.",7be1db2b
0.298,0.721,0.71,AUTO_APPROVE,Low fraud-risk (0.30) and high intent-match confidence (0.72) — auto-approved.,a7074e4d
0.384,0.721,0.11,AUTO_APPROVE,Low fraud-risk (0.38) and high intent-match confidence (0.72) — auto-approved.,ceb6dc66
0.388,0.721,0.144,AUTO_APPROVE,Low fraud-risk (0.39) and high intent-match confidence (0.72) — auto-approved.,e8a2a112
0.377,0.721,0.034,AUTO_APPROVE,Low fraud-risk (0.38) and high intent-match confidence (0.72) — auto-approved.,9af5c256
0.866,0.32,0.2,HOLD_FRAUD_REVIEW,Fraud-risk score 0.87 exceeds threshold 0.5 — held for manual fraud review.,7589f6fe
0.268,0.721,0.03,AUTO_APPROVE,Low fraud-risk (0.27) and high intent-match confidence (0.72) — auto-approved.,d702b5c2
0.598,0.721,0.08,HOLD_FRAUD_REVIEW,Fraud-risk score 0.60 exceeds threshold 0.5 — held for manual fraud review.,00b897e9
0.278,0.721,0.08,AUTO_APPROVE,Low fraud-risk (0.28) and high intent-match confidence (0.72) — auto-approved.,f42eb8b8
0.661,0.721,0.174,HOLD_FRAUD_REVIEW,Fraud-risk score 0.66 exceeds threshold 0.5 — held for manual fraud review.,598d0f80
0.401,0.259,0.27,HOLD_LIKELY_MISMATCH,"Order deviates from stated intent (intent-match confidence 0.26) and doesn't align with this customer's history (preference-fit 0.27) — likely a mistaken purchase, held to prevent a probable return.",6dcd805c
0.274,0.41,0.47,HOLD_LIKELY_MISMATCH,"Order deviates from stated intent (intent-match confidence 0.41) and doesn't align with this customer's history (preference-fit 0.47) — likely a mistaken purchase, held to prevent a probable return.",ec3c64b5
0.251,0.721,0.83,AUTO_APPROVE,Low fraud-risk (0.25) and high intent-match confidence (0.72) — auto-approved.,6ab97b04
0.228,0.721,0.54,AUTO_APPROVE,Low fraud-risk (0.23) and high intent-match confidence (0.72) — auto-approved.,e9b9d41d
0.38,0.721,0.36,AUTO_APPROVE,Low fraud-risk (0.38) and high intent-match confidence (0.72) — auto-approved.,398bf185
0.367,0.721,0.54,AUTO_APPROVE,Low fraud-risk (0.37) and high intent-match confidence (0.72) — auto-approved.,181d5b6f
0.513,0.332,0.066,HOLD_FRAUD_REVIEW,Fraud-risk score 0.51 exceeds threshold 0.5 — held for manual fraud review.,c71b2383
0.473,0.388,0.128,HOLD_LIKELY_MISMATCH,"Order deviates from stated intent (intent-match confidence 0.39) and doesn't align with this customer's history (preference-fit 0.13) — likely a mistaken purchase, held to prevent a probable return.",6ed9dace
0.579,0.393,0.23,HOLD_FRAUD_REVIEW,Fraud-risk score 0.58 exceeds threshold 0.5 — held for manual fraud review.,fcbe1c4d
0.555,0.721,0.132,HOLD_FRAUD_REVIEW,Fraud-risk score 0.56 exceeds threshold 0.5 — held for manual fraud review.,7c7a6083
0.31,0.721,0.38,AUTO_APPROVE,Low fraud-risk (0.31) and high intent-match confidence (0.72) — auto-approved.,ad99c507
0.395,0.721,0.2,AUTO_APPROVE,Low fraud-risk (0.40) and high intent-match confidence (0.72) — auto-approved.,bd585bbb
0.3,0.258,0.16,HOLD_LIKELY_MISMATCH,"Order deviates from stated intent (intent-match confidence 0.26) and doesn't align with this customer's history (preference-fit 0.16) — likely a mistaken purchase, held to prevent a probable return.",90a04f6d
0.263,0.721,0.57,AUTO_APPROVE,Low fraud-risk (0.26) and high intent-match confidence (0.72) — auto-approved.,942d9cf9
0.455,0.721,0.45,AUTO_APPROVE,Low fraud-risk (0.46) and high intent-match confidence (0.72) — auto-approved.,f428ac64
0.458,0.238,0.79,HOLD_CONFIRM_WITH_HUMAN,"Order deviates from stated intent (intent-match confidence 0.24), but this customer's history (preference-fit 0.79) suggests they may welcome this — routed to a quick human confirmation instead of auto-block.",9042370d
0.588,0.425,0.152,HOLD_FRAUD_REVIEW,Fraud-risk score 0.59 exceeds threshold 0.5 — held for manual fraud review.,b5f74c44
0.511,0.35,0.8,HOLD_FRAUD_REVIEW,Fraud-risk score 0.51 exceeds threshold 0.5 — held for manual fraud review.,a626b056
0.569,0.721,0.51,HOLD_FRAUD_REVIEW,Fraud-risk score 0.57 exceeds threshold 0.5 — held for manual fraud review.,8b3edb6f
0.592,0.721,0.08,HOLD_FRAUD_REVIEW,Fraud-risk score 0.59 exceeds threshold 0.5 — held for manual fraud review.,bbc45b1c
0.248,0.721,0.6,AUTO_APPROVE,Low fraud-risk (0.25) and high intent-match confidence (0.72) — auto-approved.,25fc26c1
0.194,0.721,0.19,AUTO_APPROVE,Low fraud-risk (0.19) and high intent-match confidence (0.72) — auto-approved.,d368ba05
0.457,0.721,0.088,AUTO_APPROVE,Low fraud-risk (0.46) and high intent-match confidence (0.72) — auto-approved.,d1982c64
0.375,0.336,0.48,HOLD_LIKELY_MISMATCH,"Order deviates from stated intent (intent-match confidence 0.34) and doesn't align with this customer's history (preference-fit 0.48) — likely a mistaken purchase, held to prevent a probable return.",560d438d
0.336,0.721,0.35,AUTO_APPROVE,Low fraud-risk (0.34) and high intent-match confidence (0.72) — auto-approved.,5bd9918c
0.812,0.408,0.15,HOLD_FRAUD_REVIEW,Fraud-risk score 0.81 exceeds threshold 0.5 — held for manual fraud review.,2965a384
0.301,0.386,0.14,HOLD_LIKELY_MISMATCH,"Order deviates from stated intent (intent-match confidence 0.39) and doesn't align with this customer's history (preference-fit 0.14) — likely a mistaken purchase, held to prevent a probable return.",34b992d1
0.454,0.721,0.13,AUTO_APPROVE,Low fraud-risk (0.45) and high intent-match confidence (0.72) — auto-approved.,b3d315cc
0.301,0.721,0.17,AUTO_APPROVE,Low fraud-risk (0.30) and high intent-match confidence (0.72) — auto-approved.,89d8c834
0.293,0.304,0.92,HOLD_CONFIRM_WITH_HUMAN,"Order deviates from stated intent (intent-match confidence 0.30), but this customer's history (preference-fit 0.92) suggests they may welcome this — routed to a quick human confirmation instead of auto-block.",eeac7bc5
0.248,0.378,0.2,HOLD_LIKELY_MISMATCH,"Order deviates from stated intent (intent-match confidence 0.38) and doesn't align with this customer's history (preference-fit 0.20) — likely a mistaken purchase, held to prevent a probable return.",5e14d89f
0.168,0.721,0.09,AUTO_APPROVE,Low fraud-risk (0.17) and high intent-match confidence (0.72) — auto-approved.,24727ca4
0.572,0.721,0.07,HOLD_FRAUD_REVIEW,Fraud-risk score 0.57 exceeds threshold 0.5 — held for manual fraud review.,386938d2
0.345,0.721,0.62,AUTO_APPROVE,Low fraud-risk (0.34) and high intent-match confidence (0.72) — auto-approved.,5b2f8d5a
0.461,0.721,0.192,AUTO_APPROVE,Low fraud-risk (0.46) and high intent-match confidence (0.72) — auto-approved.,e87bcb3a
0.252,0.218,0.168,HOLD_LIKELY_MISMATCH,"Order deviates from stated intent (intent-match confidence 0.22) and doesn't align with this customer's history (preference-fit 0.17) — likely a mistaken purchase, held to prevent a probable return.",19ceb9af
0.369,0.721,0.16,AUTO_APPROVE,Low fraud-risk (0.37) and high intent-match confidence (0.72) — auto-approved.,319468ab
0.525,0.721,0.11,HOLD_FRAUD_REVIEW,Fraud-risk score 0.52 exceeds threshold 0.5 — held for manual fraud review.,9cdf2e4d
0.208,0.721,0.5,AUTO_APPROVE,Low fraud-risk (0.21) and high intent-match confidence (0.72) — auto-approved.,b8a46b11
0.626,0.275,0.5,HOLD_FRAUD_REVIEW,Fraud-risk score 0.63 exceeds threshold 0.5 — held for manual fraud review.,7651c821
0.291,0.721,0.88,AUTO_APPROVE,Low fraud-risk (0.29) and high intent-match confidence (0.72) — auto-approved.,7078b6b5
0.38,0.721,0.6,AUTO_APPROVE,Low fraud-risk (0.38) and high intent-match confidence (0.72) — auto-approved.,75821441
0.305,0.721,0.17,AUTO_APPROVE,Low fraud-risk (0.31) and high intent-match confidence (0.72) — auto-approved.,fd24a28c
0.296,0.383,0.85,HOLD_CONFIRM_WITH_HUMAN,"Order deviates from stated intent (intent-match confidence 0.38), but this customer's history (preference-fit 0.85) suggests they may welcome this — routed to a quick human confirmation instead of auto-block.",3f0ceee1
0.344,0.721,0.05,AUTO_APPROVE,Low fraud-risk (0.34) and high intent-match confidence (0.72) — auto-approved.,c778142e
0.522,0.721,0.48,HOLD_FRAUD_REVIEW,Fraud-risk score 0.52 exceeds threshold 0.5 — held for manual fraud review.,bd30cdfb
0.498,0.721,0.45,AUTO_APPROVE,Low fraud-risk (0.50) and high intent-match confidence (0.72) — auto-approved.,56f7f4d9
0.61,0.393,0.81,HOLD_FRAUD_REVIEW,Fraud-risk score 0.61 exceeds threshold 0.5 — held for manual fraud review.,8281bc77
0.206,0.403,0.54,HOLD_CONFIRM_WITH_HUMAN,"Order deviates from stated intent (intent-match confidence 0.40), but this customer's history (preference-fit 0.54) suggests they may welcome this — routed to a quick human confirmation instead of auto-block.",b27ba8e9
0.84,0.351,0.148,HOLD_FRAUD_REVIEW,Fraud-risk score 0.84 exceeds threshold 0.5 — held for manual fraud review.,41718eeb
0.366,0.721,0.21,AUTO_APPROVE,Low fraud-risk (0.37) and high intent-match confidence (0.72) — auto-approved.,e11a75b6
0.693,0.721,0.04,HOLD_FRAUD_REVIEW,Fraud-risk score 0.69 exceeds threshold 0.5 — held for manual fraud review.,eb4cec48
0.61,0.721,0.73,HOLD_FRAUD_REVIEW,Fraud-risk score 0.61 exceeds threshold 0.5 — held for manual fraud review.,49da1c11
0.471,0.721,0.24,AUTO_APPROVE,Low fraud-risk (0.47) and high intent-match confidence (0.72) — auto-approved.,7b730525
0.457,0.721,0.89,AUTO_APPROVE,Low fraud-risk (0.46) and high intent-match confidence (0.72) — auto-approved.,704f0209
0.326,0.145,0.126,HOLD_LIKELY_MISMATCH,"Order deviates from stated intent (intent-match confidence 0.15) and doesn't align with this customer's history (preference-fit 0.13) — likely a mistaken purchase, held to prevent a probable return.",d0106263
0.466,0.721,0.97,AUTO_APPROVE,Low fraud-risk (0.47) and high intent-match confidence (0.72) — auto-approved.,abfb3e73
0.566,0.262,0.14,HOLD_FRAUD_REVIEW,Fraud-risk score 0.57 exceeds threshold 0.5 — held for manual fraud review.,abda0c6d
0.464,0.721,0.15,AUTO_APPROVE,Low fraud-risk (0.46) and high intent-match confidence (0.72) — auto-approved.,716a1d45
0.384,0.721,0.98,AUTO_APPROVE,Low fraud-risk (0.38) and high intent-match confidence (0.72) — auto-approved.,5ce4180c
0.642,0.417,0.88,HOLD_FRAUD_REVIEW,Fraud-risk score 0.64 exceeds threshold 0.5 — held for manual fraud review.,78beac6f
0.533,0.284,0.49,HOLD_FRAUD_REVIEW,Fraud-risk score 0.53 exceeds threshold 0.5 — held for manual fraud review.,4e344737
0.488,0.721,0.166,AUTO_APPROVE,Low fraud-risk (0.49) and high intent-match confidence (0.72) — auto-approved.,e1abf0be
0.495,0.341,0.65,HOLD_CONFIRM_WITH_HUMAN,"Order deviates from stated intent (intent-match confidence 0.34), but this customer's history (preference-fit 0.65) suggests they may welcome this — routed to a quick human confirmation instead of auto-block.",657a8132
0.394,0.721,0.9,AUTO_APPROVE,Low fraud-risk (0.39) and high intent-match confidence (0.72) — auto-approved.,dc8e4d36
0.377,0.721,0.77,AUTO_APPROVE,Low fraud-risk (0.38) and high intent-match confidence (0.72) — auto-approved.,c62ca37d
0.358,0.721,0.68,AUTO_APPROVE,Low fraud-risk (0.36) and high intent-match confidence (0.72) — auto-approved.,5b919564
0.667,0.721,0.08,HOLD_FRAUD_REVIEW,Fraud-risk score 0.67 exceeds threshold 0.5 — held for manual fraud review.,22b750c2
0.233,0.721,0.47,AUTO_APPROVE,Low fraud-risk (0.23) and high intent-match confidence (0.72) — auto-approved.,b378df75
0.411,0.399,0.07,HOLD_LIKELY_MISMATCH,"Order deviates from stated intent (intent-match confidence 0.40) and doesn't align with this customer's history (preference-fit 0.07) — likely a mistaken purchase, held to prevent a probable return.",6a7d19b5
0.272,0.721,0.112,AUTO_APPROVE,Low fraud-risk (0.27) and high intent-match confidence (0.72) — auto-approved.,97ea0e68
0.456,0.721,0.116,AUTO_APPROVE,Low fraud-risk (0.46) and high intent-match confidence (0.72) — auto-approved.,a8c0b585
0.798,0.721,0.172,HOLD_FRAUD_REVIEW,Fraud-risk score 0.80 exceeds threshold 0.5 — held for manual fraud review.,a39996bb
0.431,0.721,0.06,AUTO_APPROVE,Low fraud-risk (0.43) and high intent-match confidence (0.72) — auto-approved.,0873032a
0.268,0.224,0.98,HOLD_CONFIRM_WITH_HUMAN,"Order deviates from stated intent (intent-match confidence 0.22), but this customer's history (preference-fit 0.98) suggests they may welcome this — routed to a quick human confirmation instead of auto-block.",00bb0f66
0.477,0.721,0.96,AUTO_APPROVE,Low fraud-risk (0.48) and high intent-match confidence (0.72) — auto-approved.,28855514
0.56,0.269,0.058,HOLD_FRAUD_REVIEW,Fraud-risk score 0.56 exceeds threshold 0.5 — held for manual fraud review.,f914967a
0.374,0.721,0.99,AUTO_APPROVE,Low fraud-risk (0.37) and high intent-match confidence (0.72) — auto-approved.,c80904a6
0.545,0.721,0.08,HOLD_FRAUD_REVIEW,Fraud-risk score 0.55 exceeds threshold 0.5 — held for manual fraud review.,f1d9ff54
0.258,0.721,0.59,AUTO_APPROVE,Low fraud-risk (0.26) and high intent-match confidence (0.72) — auto-approved.,8b8db30d
0.167,0.721,0.86,AUTO_APPROVE,Low fraud-risk (0.17) and high intent-match confidence (0.72) — auto-approved.,ab86ecf7
0.621,0.337,0.14,HOLD_FRAUD_REVIEW,Fraud-risk score 0.62 exceeds threshold 0.5 — held for manual fraud review.,2e3e822a
0.52,0.395,0.28,HOLD_FRAUD_REVIEW,Fraud-risk score 0.52 exceeds threshold 0.5 — held for manual fraud review.,c57c43b4
0.388,0.229,0.04,HOLD_LIKELY_MISMATCH,"Order deviates from stated intent (intent-match confidence 0.23) and doesn't align with this customer's history (preference-fit 0.04) — likely a mistaken purchase, held to prevent a probable return.",71e8852d
0.253,0.721,0.048,AUTO_APPROVE,Low fraud-risk (0.25) and high intent-match confidence (0.72) — auto-approved.,efe5575f
0.607,0.409,0.5,HOLD_FRAUD_REVIEW,Fraud-risk score 0.61 exceeds threshold 0.5 — held for manual fraud review.,6921332d
0.188,0.721,0.5,AUTO_APPROVE,Low fraud-risk (0.19) and high intent-match confidence (0.72) — auto-approved.,3a332c9a
0.435,0.721,0.18,AUTO_APPROVE,Low fraud-risk (0.43) and high intent-match confidence (0.72) — auto-approved.,143918b8
0.367,0.721,0.73,AUTO_APPROVE,Low fraud-risk (0.37) and high intent-match confidence (0.72) — auto-approved.,489bbcae
0.202,0.721,0.5,AUTO_APPROVE,Low fraud-risk (0.20) and high intent-match confidence (0.72) — auto-approved.,6b48d04c
0.546,0.279,0.88,HOLD_FRAUD_REVIEW,Fraud-risk score 0.55 exceeds threshold 0.5 — held for manual fraud review.,73855a18
0.87,0.721,0.17,HOLD_FRAUD_REVIEW,Fraud-risk score 0.87 exceeds threshold 0.5 — held for manual fraud review.,61c570d3
0.803,0.721,0.16,HOLD_FRAUD_REVIEW,Fraud-risk score 0.80 exceeds threshold 0.5 — held for manual fraud review.,dd81b73c
0.191,0.178,0.194,HOLD_LIKELY_MISMATCH,"Order deviates from stated intent (intent-match confidence 0.18) and doesn't align with this customer's history (preference-fit 0.19) — likely a mistaken purchase, held to prevent a probable return.",97b2d840
0.175,0.721,0.35,AUTO_APPROVE,Low fraud-risk (0.18) and high intent-match confidence (0.72) — auto-approved.,b8a7b1b3
0.406,0.721,0.098,AUTO_APPROVE,Low fraud-risk (0.41) and high intent-match confidence (0.72) — auto-approved.,0c48b24c
0.474,0.235,0.34,HOLD_LIKELY_MISMATCH,"Order deviates from stated intent (intent-match confidence 0.24) and doesn't align with this customer's history (preference-fit 0.34) — likely a mistaken purchase, held to prevent a probable return.",c7fe2a6c
0.589,0.721,0.5,HOLD_FRAUD_REVIEW,Fraud-risk score 0.59 exceeds threshold 0.5 — held for manual fraud review.,2634d0c4
0.403,0.227,0.71,HOLD_CONFIRM_WITH_HUMAN,"Order deviates from stated intent (intent-match confidence 0.23), but this customer's history (preference-fit 0.71) suggests they may welcome this — routed to a quick human confirmation instead of auto-block.",3a351fd0
0.809,0.721,0.29,HOLD_FRAUD_REVIEW,Fraud-risk score 0.81 exceeds threshold 0.5 — held for manual fraud review.,af0c304a
0.272,0.721,0.58,AUTO_APPROVE,Low fraud-risk (0.27) and high intent-match confidence (0.72) — auto-approved.,b95214ad
0.416,0.721,0.11,AUTO_APPROVE,Low fraud-risk (0.42) and high intent-match confidence (0.72) — auto-approved.,907851bf
0.732,0.281,0.37,HOLD_FRAUD_REVIEW,Fraud-risk score 0.73 exceeds threshold 0.5 — held for manual fraud review.,50716842
0.258,0.721,0.18,AUTO_APPROVE,Low fraud-risk (0.26) and high intent-match confidence (0.72) — auto-approved.,9219a3f6
0.802,0.331,0.09,HOLD_FRAUD_REVIEW,Fraud-risk score 0.80 exceeds threshold 0.5 — held for manual fraud review.,6053586c
0.25,0.346,0.69,HOLD_CONFIRM_WITH_HUMAN,"Order deviates from stated intent (intent-match confidence 0.35), but this customer's history (preference-fit 0.69) suggests they may welcome this — routed to a quick human confirmation instead of auto-block.",571dd251
0.381,0.721,0.016,AUTO_APPROVE,Low fraud-risk (0.38) and high intent-match confidence (0.72) — auto-approved.,f4de46a5
0.29,0.455,0.078,HOLD_LIKELY_MISMATCH,"Order deviates from stated intent (intent-match confidence 0.46) and doesn't align with this customer's history (preference-fit 0.08) — likely a mistaken purchase, held to prevent a probable return.",602c09f4
0.592,0.447,0.39,HOLD_FRAUD_REVIEW,Fraud-risk score 0.59 exceeds threshold 0.5 — held for manual fraud review.,ec2ca47f
0.887,0.721,0.07,HOLD_FRAUD_REVIEW,Fraud-risk score 0.89 exceeds threshold 0.5 — held for manual fraud review.,e07323c3
0.815,0.194,0.114,HOLD_FRAUD_REVIEW,Fraud-risk score 0.81 exceeds threshold 0.5 — held for manual fraud review.,b7101583
0.589,0.255,0.86,HOLD_FRAUD_REVIEW,Fraud-risk score 0.59 exceeds threshold 0.5 — held for manual fraud review.,d714ec32
0.631,0.721,0.02,HOLD_FRAUD_REVIEW,Fraud-risk score 0.63 exceeds threshold 0.5 — held for manual fraud review.,b08bf58d
0.662,0.191,0.062,HOLD_FRAUD_REVIEW,Fraud-risk score 0.66 exceeds threshold 0.5 — held for manual fraud review.,61b5083e
0.871,0.721,0.92,HOLD_FRAUD_REVIEW,Fraud-risk score 0.87 exceeds threshold 0.5 — held for manual fraud review.,0aba1189
0.413,0.721,0.146,AUTO_APPROVE,Low fraud-risk (0.41) and high intent-match confidence (0.72) — auto-approved.,364fbfc8
0.453,0.721,0.28,AUTO_APPROVE,Low fraud-risk (0.45) and high intent-match confidence (0.72) — auto-approved.,18751624
0.523,0.291,0.86,HOLD_FRAUD_REVIEW,Fraud-risk score 0.52 exceeds threshold 0.5 — held for manual fraud review.,50d20f22
0.353,0.721,0.78,AUTO_APPROVE,Low fraud-risk (0.35) and high intent-match confidence (0.72) — auto-approved.,7bd296e8
0.286,0.435,0.1,HOLD_LIKELY_MISMATCH,"Order deviates from stated intent (intent-match confidence 0.44) and doesn't align with this customer's history (preference-fit 0.10) — likely a mistaken purchase, held to prevent a probable return.",d9fd8fd9
0.201,0.195,0.198,HOLD_LIKELY_MISMATCH,"Order deviates from stated intent (intent-match confidence 0.19) and doesn't align with this customer's history (preference-fit 0.20) — likely a mistaken purchase, held to prevent a probable return.",26d2c936
0.536,0.721,0.06,HOLD_FRAUD_REVIEW,Fraud-risk score 0.54 exceeds threshold 0.5 — held for manual fraud review.,8acec551
0.566,0.721,0.42,HOLD_FRAUD_REVIEW,Fraud-risk score 0.57 exceeds threshold 0.5 — held for manual fraud review.,4dc22ad9
0.596,0.721,0.148,HOLD_FRAUD_REVIEW,Fraud-risk score 0.60 exceeds threshold 0.5 — held for manual fraud review.,4022bf9a
0.615,0.721,0.35,HOLD_FRAUD_REVIEW,Fraud-risk score 0.62 exceeds threshold 0.5 — held for manual fraud review.,7735e904
0.447,0.421,0.74,HOLD_CONFIRM_WITH_HUMAN,"Order deviates from stated intent (intent-match confidence 0.42), but this customer's history (preference-fit 0.74) suggests they may welcome this — routed to a quick human confirmation instead of auto-block.",632548e1
0.369,0.721,0.74,AUTO_APPROVE,Low fraud-risk (0.37) and high intent-match confidence (0.72) — auto-approved.,9ea8a831
0.258,0.721,0.03,AUTO_APPROVE,Low fraud-risk (0.26) and high intent-match confidence (0.72) — auto-approved.,5c3a525d
0.602,0.349,0.49,HOLD_FRAUD_REVIEW,Fraud-risk score 0.60 exceeds threshold 0.5 — held for manual fraud review.,3bc759da
0.615,0.721,0.11,HOLD_FRAUD_REVIEW,Fraud-risk score 0.61 exceeds threshold 0.5 — held for manual fraud review.,8136ffc1
0.805,0.235,0.18,HOLD_FRAUD_REVIEW,Fraud-risk score 0.81 exceeds threshold 0.5 — held for manual fraud review.,278f43e8
0.647,0.411,0.69,HOLD_FRAUD_REVIEW,Fraud-risk score 0.65 exceeds threshold 0.5 — held for manual fraud review.,c4947ffd
0.751,0.721,0.3,HOLD_FRAUD_REVIEW,Fraud-risk score 0.75 exceeds threshold 0.5 — held for manual fraud review.,c9f7a5a5
0.929,0.348,0.55,HOLD_FRAUD_REVIEW,Fraud-risk score 0.93 exceeds threshold 0.5 — held for manual fraud review.,3877a288
0.339,0.272,0.112,HOLD_LIKELY_MISMATCH,"Order deviates from stated intent (intent-match confidence 0.27) and doesn't align with this customer's history (preference-fit 0.11) — likely a mistaken purchase, held to prevent a probable return.",bf9e58b0
0.568,0.246,0.004,HOLD_FRAUD_REVIEW,Fraud-risk score 0.57 exceeds threshold 0.5 — held for manual fraud review.,83e02b71
0.416,0.721,0.09,AUTO_APPROVE,Low fraud-risk (0.42) and high intent-match confidence (0.72) — auto-approved.,362a93c7
0.505,0.721,0.25,HOLD_FRAUD_REVIEW,Fraud-risk score 0.50 exceeds threshold 0.5 — held for manual fraud review.,77eb01a8
0.383,0.721,0.62,AUTO_APPROVE,Low fraud-risk (0.38) and high intent-match confidence (0.72) — auto-approved.,e33b1883
0.253,0.721,0.28,AUTO_APPROVE,Low fraud-risk (0.25) and high intent-match confidence (0.72) — auto-approved.,51cfd621
0.42,0.184,0.12,HOLD_LIKELY_MISMATCH,"Order deviates from stated intent (intent-match confidence 0.18) and doesn't align with this customer's history (preference-fit 0.12) — likely a mistaken purchase, held to prevent a probable return.",3f49b5bd
0.465,0.721,0.1,AUTO_APPROVE,Low fraud-risk (0.46) and high intent-match confidence (0.72) — auto-approved.,d2115576
0.742,0.721,0.67,HOLD_FRAUD_REVIEW,Fraud-risk score 0.74 exceeds threshold 0.5 — held for manual fraud review.,cb5707b1
0.573,0.227,0.75,HOLD_FRAUD_REVIEW,Fraud-risk score 0.57 exceeds threshold 0.5 — held for manual fraud review.,04545f22
0.467,0.36,0.26,HOLD_LIKELY_MISMATCH,"Order deviates from stated intent (intent-match confidence 0.36) and doesn't align with this customer's history (preference-fit 0.26) — likely a mistaken purchase, held to prevent a probable return.",52107111
0.572,0.721,0.15,HOLD_FRAUD_REVIEW,Fraud-risk score 0.57 exceeds threshold 0.5 — held for manual fraud review.,c6ae1b6c
0.357,0.721,0.058,AUTO_APPROVE,Low fraud-risk (0.36) and high intent-match confidence (0.72) — auto-approved.,49f27c6d
0.342,0.216,0.85,HOLD_CONFIRM_WITH_HUMAN,"Order deviates from stated intent (intent-match confidence 0.22), but this customer's history (preference-fit 0.85) suggests they may welcome this — routed to a quick human confirmation instead of auto-block.",ea453aa5
0.312,0.264,0.46,HOLD_LIKELY_MISMATCH,"Order deviates from stated intent (intent-match confidence 0.26) and doesn't align with this customer's history (preference-fit 0.46) — likely a mistaken purchase, held to prevent a probable return.",3d7c00b0
0.333,0.305,0.68,HOLD_CONFIRM_WITH_HUMAN,"Order deviates from stated intent (intent-match confidence 0.31), but this customer's history (preference-fit 0.68) suggests they may welcome this — routed to a quick human confirmation instead of auto-block.",3c10c3a5
0.399,0.45,0.3,HOLD_LIKELY_MISMATCH,"Order deviates from stated intent (intent-match confidence 0.45) and doesn't align with this customer's history (preference-fit 0.30) — likely a mistaken purchase, held to prevent a probable return.",0deec614
0.734,0.405,0.86,HOLD_FRAUD_REVIEW,Fraud-risk score 0.73 exceeds threshold 0.5 — held for manual fraud review.,22bf706a
0.483,0.721,0.164,AUTO_APPROVE,Low fraud-risk (0.48) and high intent-match confidence (0.72) — auto-approved.,c3a10399
0.353,0.721,0.98,AUTO_APPROVE,Low fraud-risk (0.35) and high intent-match confidence (0.72) — auto-approved.,e2bfaa83
0.859,0.312,0.96,HOLD_FRAUD_REVIEW,Fraud-risk score 0.86 exceeds threshold 0.5 — held for manual fraud review.,14f5c939
0.283,0.238,0.24,HOLD_LIKELY_MISMATCH,"Order deviates from stated intent (intent-match confidence 0.24) and doesn't align with this customer's history (preference-fit 0.24) — likely a mistaken purchase, held to prevent a probable return.",88fba400
0.272,0.721,0.03,AUTO_APPROVE,Low fraud-risk (0.27) and high intent-match confidence (0.72) — auto-approved.,1c471884
0.551,0.721,0.01,HOLD_FRAUD_REVIEW,Fraud-risk score 0.55 exceeds threshold 0.5 — held for manual fraud review.,8f89f032
0.397,0.325,0.88,HOLD_CONFIRM_WITH_HUMAN,"Order deviates from stated intent (intent-match confidence 0.33), but this customer's history (preference-fit 0.88) suggests they may welcome this — routed to a quick human confirmation instead of auto-block.",cde06e45
0.866,0.372,0.88,HOLD_FRAUD_REVIEW,Fraud-risk score 0.87 exceeds threshold 0.5 — held for manual fraud review.,99248baa
0.499,0.433,0.12,HOLD_LIKELY_MISMATCH,"Order deviates from stated intent (intent-match confidence 0.43) and doesn't align with this customer's history (preference-fit 0.12) — likely a mistaken purchase, held to prevent a probable return.",524c8ec6
0.385,0.416,0.94,HOLD_CONFIRM_WITH_HUMAN,"Order deviates from stated intent (intent-match confidence 0.42), but this customer's history (preference-fit 0.94) suggests they may welcome this — routed to a quick human confirmation instead of auto-block.",9494a87f
0.654,0.322,0.02,HOLD_FRAUD_REVIEW,Fraud-risk score 0.65 exceeds threshold 0.5 — held for manual fraud review.,5d350bba
0.894,0.721,0.76,HOLD_FRAUD_REVIEW,Fraud-risk score 0.89 exceeds threshold 0.5 — held for manual fraud review.,d6a9f286
0.485,0.721,0.51,AUTO_APPROVE,Low fraud-risk (0.49) and high intent-match confidence (0.72) — auto-approved.,a53855e8
0.541,0.721,0.05,HOLD_FRAUD_REVIEW,Fraud-risk score 0.54 exceeds threshold 0.5 — held for manual fraud review.,92222e1b
0.25,0.721,0.84,AUTO_APPROVE,Low fraud-risk (0.25) and high intent-match confidence (0.72) — auto-approved.,e87c9615
0.424,0.273,0.082,HOLD_LIKELY_MISMATCH,"Order deviates from stated intent (intent-match confidence 0.27) and doesn't align with this customer's history (preference-fit 0.08) — likely a mistaken purchase, held to prevent a probable return.",fdcec537
0.254,0.721,0.35,AUTO_APPROVE,Low fraud-risk (0.25) and high intent-match confidence (0.72) — auto-approved.,b7824a8d
0.537,0.721,0.05,HOLD_FRAUD_REVIEW,Fraud-risk score 0.54 exceeds threshold 0.5 — held for manual fraud review.,e3204fde
0.692,0.721,0.54,HOLD_FRAUD_REVIEW,Fraud-risk score 0.69 exceeds threshold 0.5 — held for manual fraud review.,6aab3577
0.518,0.244,0.126,HOLD_FRAUD_REVIEW,Fraud-risk score 0.52 exceeds threshold 0.5 — held for manual fraud review.,6280e341
0.532,0.721,0.62,HOLD_FRAUD_REVIEW,Fraud-risk score 0.53 exceeds threshold 0.5 — held for manual fraud review.,c15f091c
0.606,0.721,0.154,HOLD_FRAUD_REVIEW,Fraud-risk score 0.61 exceeds threshold 0.5 — held for manual fraud review.,1c99a149
0.378,0.721,0.64,AUTO_APPROVE,Low fraud-risk (0.38) and high intent-match confidence (0.72) — auto-approved.,5b015cc7
0.393,0.721,0.13,AUTO_APPROVE,Low fraud-risk (0.39) and high intent-match confidence (0.72) — auto-approved.,9832bad0
0.395,0.721,0.62,AUTO_APPROVE,Low fraud-risk (0.39) and high intent-match confidence (0.72) — auto-approved.,825f03d7
0.231,0.342,0.11,HOLD_LIKELY_MISMATCH,"Order deviates from stated intent (intent-match confidence 0.34) and doesn't align with this customer's history (preference-fit 0.11) — likely a mistaken purchase, held to prevent a probable return.",f814246c
0.306,0.721,0.08,AUTO_APPROVE,Low fraud-risk (0.31) and high intent-match confidence (0.72) — auto-approved.,516b964e
0.445,0.419,0.08,HOLD_LIKELY_MISMATCH,"Order deviates from stated intent (intent-match confidence 0.42) and doesn't align with this customer's history (preference-fit 0.08) — likely a mistaken purchase, held to prevent a probable return.",d3993131
0.463,0.46,0.11,HOLD_LIKELY_MISMATCH,"Order deviates from stated intent (intent-match confidence 0.46) and doesn't align with this customer's history (preference-fit 0.11) — likely a mistaken purchase, held to prevent a probable return.",e1b9aa75
0.672,0.721,0.32,HOLD_FRAUD_REVIEW,Fraud-risk score 0.67 exceeds threshold 0.5 — held for manual fraud review.,ad07583d
0.501,0.721,0.89,HOLD_FRAUD_REVIEW,Fraud-risk score 0.50 exceeds threshold 0.5 — held for manual fraud review.,d217eb7d
0.295,0.303,0.29,HOLD_LIKELY_MISMATCH,"Order deviates from stated intent (intent-match confidence 0.30) and doesn't align with this customer's history (preference-fit 0.29) — likely a mistaken purchase, held to prevent a probable return.",ba093847
0.514,0.721,0.142,HOLD_FRAUD_REVIEW,Fraud-risk score 0.51 exceeds threshold 0.5 — held for manual fraud review.,35587c98
0.244,0.721,0.56,AUTO_APPROVE,Low fraud-risk (0.24) and high intent-match confidence (0.72) — auto-approved.,c0352dce
0.379,0.721,0.8,AUTO_APPROVE,Low fraud-risk (0.38) and high intent-match confidence (0.72) — auto-approved.,2b2d2880
0.206,0.448,0.59,HOLD_CONFIRM_WITH_HUMAN,"Order deviates from stated intent (intent-match confidence 0.45), but this customer's history (preference-fit 0.59) suggests they may welcome this — routed to a quick human confirmation instead of auto-block.",5f0ae5a8
0.814,0.721,0.77,HOLD_FRAUD_REVIEW,Fraud-risk score 0.81 exceeds threshold 0.5 — held for manual fraud review.,3dc4b299
0.419,0.721,0.93,AUTO_APPROVE,Low fraud-risk (0.42) and high intent-match confidence (0.72) — auto-approved.,2afa67cd
0.511,0.292,0.162,HOLD_FRAUD_REVIEW,Fraud-risk score 0.51 exceeds threshold 0.5 — held for manual fraud review.,3ed47ff0
0.331,0.721,0.91,AUTO_APPROVE,Low fraud-risk (0.33) and high intent-match confidence (0.72) — auto-approved.,392b0c1a
0.27,0.721,0.036,AUTO_APPROVE,Low fraud-risk (0.27) and high intent-match confidence (0.72) — auto-approved.,07647526
0.419,0.394,0.99,HOLD_CONFIRM_WITH_HUMAN,"Order deviates from stated intent (intent-match confidence 0.39), but this customer's history (preference-fit 0.99) suggests they may welcome this — routed to a quick human confirmation instead of auto-block.",980f8ba1
0.545,0.221,0.27,HOLD_FRAUD_REVIEW,Fraud-risk score 0.55 exceeds threshold 0.5 — held for manual fraud review.,232281e7
0.52,0.207,0.022,HOLD_FRAUD_REVIEW,Fraud-risk score 0.52 exceeds threshold 0.5 — held for manual fraud review.,b3e0659f
0.539,0.721,0.77,HOLD_FRAUD_REVIEW,Fraud-risk score 0.54 exceeds threshold 0.5 — held for manual fraud review.,0152ca70
0.276,0.367,0.99,HOLD_CONFIRM_WITH_HUMAN,"Order deviates from stated intent (intent-match confidence 0.37), but this customer's history (preference-fit 0.99) suggests they may welcome this — routed to a quick human confirmation instead of auto-block.",e3e0aeb1
0.666,0.288,0.124,HOLD_FRAUD_REVIEW,Fraud-risk score 0.67 exceeds threshold 0.5 — held for manual fraud review.,fc4b8201
0.468,0.721,0.43,AUTO_APPROVE,Low fraud-risk (0.47) and high intent-match confidence (0.72) — auto-approved.,e263f260
0.487,0.721,0.98,AUTO_APPROVE,Low fraud-risk (0.49) and high intent-match confidence (0.72) — auto-approved.,3c7b8199
0.385,0.721,0.21,AUTO_APPROVE,Low fraud-risk (0.39) and high intent-match confidence (0.72) — auto-approved.,d997779a
0.59,0.37,0.86,HOLD_FRAUD_REVIEW,Fraud-risk score 0.59 exceeds threshold 0.5 — held for manual fraud review.,d0640daa
0.799,0.721,0.42,HOLD_FRAUD_REVIEW,Fraud-risk score 0.80 exceeds threshold 0.5 — held for manual fraud review.,fe2eb9f8
0.577,0.721,0.112,HOLD_FRAUD_REVIEW,Fraud-risk score 0.58 exceeds threshold 0.5 — held for manual fraud review.,b0605a6a
0.8,0.721,0.08,HOLD_FRAUD_REVIEW,Fraud-risk score 0.80 exceeds threshold 0.5 — held for manual fraud review.,388a09bf
0.527,0.721,0.71,HOLD_FRAUD_REVIEW,Fraud-risk score 0.53 exceeds threshold 0.5 — held for manual fraud review.,3203e902
0.754,0.721,0.79,HOLD_FRAUD_REVIEW,Fraud-risk score 0.75 exceeds threshold 0.5 — held for manual fraud review.,dfe51e26
0.449,0.721,0.13,AUTO_APPROVE,Low fraud-risk (0.45) and high intent-match confidence (0.72) — auto-approved.,a72250fb
0.506,0.721,0.146,HOLD_FRAUD_REVIEW,Fraud-risk score 0.51 exceeds threshold 0.5 — held for manual fraud review.,00614cdd
0.642,0.445,0.03,HOLD_FRAUD_REVIEW,Fraud-risk score 0.64 exceeds threshold 0.5 — held for manual fraud review.,cf3e954f
0.312,0.721,0.05,AUTO_APPROVE,Low fraud-risk (0.31) and high intent-match confidence (0.72) — auto-approved.,1284d03b
0.362,0.721,0.85,AUTO_APPROVE,Low fraud-risk (0.36) and high intent-match confidence (0.72) — auto-approved.,e30b56ee
0.544,0.721,0.12,HOLD_FRAUD_REVIEW,Fraud-risk score 0.54 exceeds threshold 0.5 — held for manual fraud review.,d181b157
0.488,0.38,0.7,HOLD_CONFIRM_WITH_HUMAN,"Order deviates from stated intent (intent-match confidence 0.38), but this customer's history (preference-fit 0.70) suggests they may welcome this — routed to a quick human confirmation instead of auto-block.",34f0fddb
0.4,0.721,0.29,AUTO_APPROVE,Low fraud-risk (0.40) and high intent-match confidence (0.72) — auto-approved.,d14d37e0
0.306,0.323,0.092,HOLD_LIKELY_MISMATCH,"Order deviates from stated intent (intent-match confidence 0.32) and doesn't align with this customer's history (preference-fit 0.09) — likely a mistaken purchase, held to prevent a probable return.",169c204b
0.447,0.721,0.58,AUTO_APPROVE,Low fraud-risk (0.45) and high intent-match confidence (0.72) — auto-approved.,645ed978
0.496,0.245,0.64,HOLD_CONFIRM_WITH_HUMAN,"Order deviates from stated intent (intent-match confidence 0.24), but this customer's history (preference-fit 0.64) suggests they may welcome this — routed to a quick human confirmation instead of auto-block.",b08a2dc0
0.478,0.24,0.56,HOLD_CONFIRM_WITH_HUMAN,"Order deviates from stated intent (intent-match confidence 0.24), but this customer's history (preference-fit 0.56) suggests they may welcome this — routed to a quick human confirmation instead of auto-block.",f064d49c
0.491,0.447,0.61,HOLD_CONFIRM_WITH_HUMAN,"Order deviates from stated intent (intent-match confidence 0.45), but this customer's history (preference-fit 0.61) suggests they may welcome this — routed to a quick human confirmation instead of auto-block.",dbeffe39
0.294,0.721,0.09,AUTO_APPROVE,Low fraud-risk (0.29) and high intent-match confidence (0.72) — auto-approved.,27c5c9ae
0.423,0.721,0.16,AUTO_APPROVE,Low fraud-risk (0.42) and high intent-match confidence (0.72) — auto-approved.,bb7dee54
0.748,0.721,0.04,HOLD_FRAUD_REVIEW,Fraud-risk score 0.75 exceeds threshold 0.5 — held for manual fraud review.,2044baf7
0.818,0.721,0.84,HOLD_FRAUD_REVIEW,Fraud-risk score 0.82 exceeds threshold 0.5 — held for manual fraud review.,12820933
0.266,0.376,0.1,HOLD_LIKELY_MISMATCH,"Order deviates from stated intent (intent-match confidence 0.38) and doesn't align with this customer's history (preference-fit 0.10) — likely a mistaken purchase, held to prevent a probable return.",8aa743fa
0.416,0.282,0.24,HOLD_LIKELY_MISMATCH,"Order deviates from stated intent (intent-match confidence 0.28) and doesn't align with this customer's history (preference-fit 0.24) — likely a mistaken purchase, held to prevent a probable return.",f753608a
0.287,0.331,0.142,HOLD_LIKELY_MISMATCH,"Order deviates from stated intent (intent-match confidence 0.33) and doesn't align with this customer's history (preference-fit 0.14) — likely a mistaken purchase, held to prevent a probable return.",88e2dcb0
0.28,0.721,0.1,AUTO_APPROVE,Low fraud-risk (0.28) and high intent-match confidence (0.72) — auto-approved.,99eda78b
0.587,0.309,0.09,HOLD_FRAUD_REVIEW,Fraud-risk score 0.59 exceeds threshold 0.5 — held for manual fraud review.,f7cb7a15
0.213,0.721,0.09,AUTO_APPROVE,Low fraud-risk (0.21) and high intent-match confidence (0.72) — auto-approved.,663b5901
0.508,0.721,0.106,HOLD_FRAUD_REVIEW,Fraud-risk score 0.51 exceeds threshold 0.5 — held for manual fraud review.,a77f68e1
0.381,0.721,0.056,AUTO_APPROVE,Low fraud-risk (0.38) and high intent-match confidence (0.72) — auto-approved.,7c199c2b
0.249,0.432,0.164,HOLD_LIKELY_MISMATCH,"Order deviates from stated intent (intent-match confidence 0.43) and doesn't align with this customer's history (preference-fit 0.16) — likely a mistaken purchase, held to prevent a probable return.",f97a427c
0.593,0.721,0.39,HOLD_FRAUD_REVIEW,Fraud-risk score 0.59 exceeds threshold 0.5 — held for manual fraud review.,8d5240fe
0.526,0.721,0.27,HOLD_FRAUD_REVIEW,Fraud-risk score 0.53 exceeds threshold 0.5 — held for manual fraud review.,ef048b1f
0.316,0.45,0.17,HOLD_LIKELY_MISMATCH,"Order deviates from stated intent (intent-match confidence 0.45) and doesn't align with this customer's history (preference-fit 0.17) — likely a mistaken purchase, held to prevent a probable return.",e0958925
0.873,0.386,0.134,HOLD_FRAUD_REVIEW,Fraud-risk score 0.87 exceeds threshold 0.5 — held for manual fraud review.,cfa974f5
0.367,0.337,0.7,HOLD_CONFIRM_WITH_HUMAN,"Order deviates from stated intent (intent-match confidence 0.34), but this customer's history (preference-fit 0.70) suggests they may welcome this — routed to a quick human confirmation instead of auto-block.",525c4eec
0.173,0.721,0.75,AUTO_APPROVE,Low fraud-risk (0.17) and high intent-match confidence (0.72) — auto-approved.,8de2c13b
0.519,0.361,0.038,HOLD_FRAUD_REVIEW,Fraud-risk score 0.52 exceeds threshold 0.5 — held for manual fraud review.,254db67e
0.449,0.255,0.71,HOLD_CONFIRM_WITH_HUMAN,"Order deviates from stated intent (intent-match confidence 0.25), but this customer's history (preference-fit 0.71) suggests they may welcome this — routed to a quick human confirmation instead of auto-block.",f050dedc
0.454,0.351,0.112,HOLD_LIKELY_MISMATCH,"Order deviates from stated intent (intent-match confidence 0.35) and doesn't align with this customer's history (preference-fit 0.11) — likely a mistaken purchase, held to prevent a probable return.",4614aae1
0.214,0.315,0.184,HOLD_LIKELY_MISMATCH,"Order deviates from stated intent (intent-match confidence 0.32) and doesn't align with this customer's history (preference-fit 0.18) — likely a mistaken purchase, held to prevent a probable return.",15f21906
0.428,0.721,0.27,AUTO_APPROVE,Low fraud-risk (0.43) and high intent-match confidence (0.72) — auto-approved.,947d2e52
0.707,0.338,0.36,HOLD_FRAUD_REVIEW,Fraud-risk score 0.71 exceeds threshold 0.5 — held for manual fraud review.,a8770f2e
0.484,0.338,0.74,HOLD_CONFIRM_WITH_HUMAN,"Order deviates from stated intent (intent-match confidence 0.34), but this customer's history (preference-fit 0.74) suggests they may welcome this — routed to a quick human confirmation instead of auto-block.",6260f88f
0.254,0.721,0.54,AUTO_APPROVE,Low fraud-risk (0.25) and high intent-match confidence (0.72) — auto-approved.,1cee5061
0.408,0.721,0.96,AUTO_APPROVE,Low fraud-risk (0.41) and high intent-match confidence (0.72) — auto-approved.,e2986c31
0.511,0.721,0.36,HOLD_FRAUD_REVIEW,Fraud-risk score 0.51 exceeds threshold 0.5 — held for manual fraud review.,ef99eb5f
0.344,0.214,0.04,HOLD_LIKELY_MISMATCH,"Order deviates from stated intent (intent-match confidence 0.21) and doesn't align with this customer's history (preference-fit 0.04) — likely a mistaken purchase, held to prevent a probable return.",0f01d5f7
0.669,0.244,0.01,HOLD_FRAUD_REVIEW,Fraud-risk score 0.67 exceeds threshold 0.5 — held for manual fraud review.,a1d6c2be
0.458,0.721,0.6,AUTO_APPROVE,Low fraud-risk (0.46) and high intent-match confidence (0.72) — auto-approved.,d988d600
0.486,0.208,0.008,HOLD_LIKELY_MISMATCH,"Order deviates from stated intent (intent-match confidence 0.21) and doesn't align with this customer's history (preference-fit 0.01) — likely a mistaken purchase, held to prevent a probable return.",7c7f8117
0.746,0.721,0.61,HOLD_FRAUD_REVIEW,Fraud-risk score 0.75 exceeds threshold 0.5 — held for manual fraud review.,fae4ebf2
0.213,0.178,0.062,HOLD_LIKELY_MISMATCH,"Order deviates from stated intent (intent-match confidence 0.18) and doesn't align with this customer's history (preference-fit 0.06) — likely a mistaken purchase, held to prevent a probable return.",d0137e00
0.248,0.721,0.1,AUTO_APPROVE,Low fraud-risk (0.25) and high intent-match confidence (0.72) — auto-approved.,0af9c30d
0.274,0.424,0.5,HOLD_CONFIRM_WITH_HUMAN,"Order deviates from stated intent (intent-match confidence 0.42), but this customer's history (preference-fit 0.50) suggests they may welcome this — routed to a quick human confirmation instead of auto-block.",5be871ff
0.566,0.303,0.58,HOLD_FRAUD_REVIEW,Fraud-risk score 0.57 exceeds threshold 0.5 — held for manual fraud review.,25109797
0.514,0.214,0.5,HOLD_FRAUD_REVIEW,Fraud-risk score 0.51 exceeds threshold 0.5 — held for manual fraud review.,c6c89927
0.698,0.299,0.02,HOLD_FRAUD_REVIEW,Fraud-risk score 0.70 exceeds threshold 0.5 — held for manual fraud review.,40feb329
0.538,0.721,0.36,HOLD_FRAUD_REVIEW,Fraud-risk score 0.54 exceeds threshold 0.5 — held for manual fraud review.,4ef0e82f
0.422,0.267,0.05,HOLD_LIKELY_MISMATCH,"Order deviates from stated intent (intent-match confidence 0.27) and doesn't align with this customer's history (preference-fit 0.05) — likely a mistaken purchase, held to prevent a probable return.",54fa74b0
0.886,0.721,0.064,HOLD_FRAUD_REVIEW,Fraud-risk score 0.89 exceeds threshold 0.5 — held for manual fraud review.,9b7646b1
0.45,0.721,0.39,AUTO_APPROVE,Low fraud-risk (0.45) and high intent-match confidence (0.72) — auto-approved.,933c2a80
0.292,0.721,0.86,AUTO_APPROVE,Low fraud-risk (0.29) and high intent-match confidence (0.72) — auto-approved.,36ec4a6a
0.201,0.721,0.022,AUTO_APPROVE,Low fraud-risk (0.20) and high intent-match confidence (0.72) — auto-approved.,b0a98434
0.298,0.721,0.99,AUTO_APPROVE,Low fraud-risk (0.30) and high intent-match confidence (0.72) — auto-approved.,5963f081
0.397,0.721,0.14,AUTO_APPROVE,Low fraud-risk (0.40) and high intent-match confidence (0.72) — auto-approved.,10d95fb1
0.634,0.721,0.046,HOLD_FRAUD_REVIEW,Fraud-risk score 0.63 exceeds threshold 0.5 — held for manual fraud review.,8531d6df
0.259,0.721,0.38,AUTO_APPROVE,Low fraud-risk (0.26) and high intent-match confidence (0.72) — auto-approved.,b328f9a6
0.661,0.316,0.67,HOLD_FRAUD_REVIEW,Fraud-risk score 0.66 exceeds threshold 0.5 — held for manual fraud review.,4ec8809e
0.434,0.271,0.32,HOLD_LIKELY_MISMATCH,"Order deviates from stated intent (intent-match confidence 0.27) and doesn't align with this customer's history (preference-fit 0.32) — likely a mistaken purchase, held to prevent a probable return.",0ddc31eb
0.482,0.721,0.03,AUTO_APPROVE,Low fraud-risk (0.48) and high intent-match confidence (0.72) — auto-approved.,a632263a
0.202,0.721,0.16,AUTO_APPROVE,Low fraud-risk (0.20) and high intent-match confidence (0.72) — auto-approved.,37553c2b
0.51,0.721,0.76,HOLD_FRAUD_REVIEW,Fraud-risk score 0.51 exceeds threshold 0.5 — held for manual fraud review.,1e4ea40c
0.305,0.721,0.114,AUTO_APPROVE,Low fraud-risk (0.31) and high intent-match confidence (0.72) — auto-approved.,d79a424a
0.456,0.721,0.54,AUTO_APPROVE,Low fraud-risk (0.46) and high intent-match confidence (0.72) — auto-approved.,a4987549
0.63,0.721,0.79,HOLD_FRAUD_REVIEW,Fraud-risk score 0.63 exceeds threshold 0.5 — held for manual fraud review.,e3d0f4ae
0.805,0.304,0.084,HOLD_FRAUD_REVIEW,Fraud-risk score 0.81 exceeds threshold 0.5 — held for manual fraud review.,7d68650d
0.313,0.721,0.134,AUTO_APPROVE,Low fraud-risk (0.31) and high intent-match confidence (0.72) — auto-approved.,21006284
0.575,0.318,0.88,HOLD_FRAUD_REVIEW,Fraud-risk score 0.58 exceeds threshold 0.5 — held for manual fraud review.,502edc37
0.752,0.222,0.194,HOLD_FRAUD_REVIEW,Fraud-risk score 0.75 exceeds threshold 0.5 — held for manual fraud review.,e686beaf
0.765,0.721,0.15,HOLD_FRAUD_REVIEW,Fraud-risk score 0.76 exceeds threshold 0.5 — held for manual fraud review.,4633d426
0.636,0.721,0.02,HOLD_FRAUD_REVIEW,Fraud-risk score 0.64 exceeds threshold 0.5 — held for manual fraud review.,95e696b4
0.419,0.721,0.54,AUTO_APPROVE,Low fraud-risk (0.42) and high intent-match confidence (0.72) — auto-approved.,b6c3be33
0.476,0.338,0.144,HOLD_LIKELY_MISMATCH,"Order deviates from stated intent (intent-match confidence 0.34) and doesn't align with this customer's history (preference-fit 0.14) — likely a mistaken purchase, held to prevent a probable return.",55a682be
0.581,0.137,0.052,HOLD_FRAUD_REVIEW,Fraud-risk score 0.58 exceeds threshold 0.5 — held for manual fraud review.,3c88dedd
0.207,0.721,0.02,AUTO_APPROVE,Low fraud-risk (0.21) and high intent-match confidence (0.72) — auto-approved.,d5bd7434
0.642,0.358,0.196,HOLD_FRAUD_REVIEW,Fraud-risk score 0.64 exceeds threshold 0.5 — held for manual fraud review.,80b7612a
0.441,0.721,0.174,AUTO_APPROVE,Low fraud-risk (0.44) and high intent-match confidence (0.72) — auto-approved.,c809ce37
0.803,0.721,0.48,HOLD_FRAUD_REVIEW,Fraud-risk score 0.80 exceeds threshold 0.5 — held for manual fraud review.,ed0eb513
0.396,0.721,0.17,AUTO_APPROVE,Low fraud-risk (0.40) and high intent-match confidence (0.72) — auto-approved.,89c7f759
0.51,0.721,0.144,HOLD_FRAUD_REVIEW,Fraud-risk score 0.51 exceeds threshold 0.5 — held for manual fraud review.,dcb3127b
0.671,0.721,0.164,HOLD_FRAUD_REVIEW,Fraud-risk score 0.67 exceeds threshold 0.5 — held for manual fraud review.,c485c041
0.28,0.721,0.34,AUTO_APPROVE,Low fraud-risk (0.28) and high intent-match confidence (0.72) — auto-approved.,195af422
0.735,0.359,0.79,HOLD_FRAUD_REVIEW,Fraud-risk score 0.73 exceeds threshold 0.5 — held for manual fraud review.,51e2af7c
0.361,0.721,0.85,AUTO_APPROVE,Low fraud-risk (0.36) and high intent-match confidence (0.72) — auto-approved.,a91609e7
0.406,0.721,0.6,AUTO_APPROVE,Low fraud-risk (0.41) and high intent-match confidence (0.72) — auto-approved.,5aa96841
0.191,0.721,0.91,AUTO_APPROVE,Low fraud-risk (0.19) and high intent-match confidence (0.72) — auto-approved.,98decdd8
0.553,0.721,0.6,HOLD_FRAUD_REVIEW,Fraud-risk score 0.55 exceeds threshold 0.5 — held for manual fraud review.,13a15d7e
0.218,0.721,0.5,AUTO_APPROVE,Low fraud-risk (0.22) and high intent-match confidence (0.72) — auto-approved.,8d0675ce
0.831,0.721,0.48,HOLD_FRAUD_REVIEW,Fraud-risk score 0.83 exceeds threshold 0.5 — held for manual fraud review.,8c15238b
0.451,0.24,0.16,HOLD_LIKELY_MISMATCH,"Order deviates from stated intent (intent-match confidence 0.24) and doesn't align with this customer's history (preference-fit 0.16) — likely a mistaken purchase, held to prevent a probable return.",2bfaf09f
0.62,0.196,0.074,HOLD_FRAUD_REVIEW,Fraud-risk score 0.62 exceeds threshold 0.5 — held for manual fraud review.,97eaf0d5
0.504,0.721,0.84,HOLD_FRAUD_REVIEW,Fraud-risk score 0.50 exceeds threshold 0.5 — held for manual fraud review.,e61d1e7f
0.577,0.214,0.1,HOLD_FRAUD_REVIEW,Fraud-risk score 0.58 exceeds threshold 0.5 — held for manual fraud review.,a9421c98
0.191,0.721,0.88,AUTO_APPROVE,Low fraud-risk (0.19) and high intent-match confidence (0.72) — auto-approved.,17409570
0.601,0.721,0.89,HOLD_FRAUD_REVIEW,Fraud-risk score 0.60 exceeds threshold 0.5 — held for manual fraud review.,70d772a9
0.711,0.721,0.75,HOLD_FRAUD_REVIEW,Fraud-risk score 0.71 exceeds threshold 0.5 — held for manual fraud review.,ec944a9b
0.191,0.721,0.57,AUTO_APPROVE,Low fraud-risk (0.19) and high intent-match confidence (0.72) — auto-approved.,aaa47ab8
0.879,0.365,0.37,HOLD_FRAUD_REVIEW,Fraud-risk score 0.88 exceeds threshold 0.5 — held for manual fraud review.,b66bcad9
0.18,0.721,0.98,AUTO_APPROVE,Low fraud-risk (0.18) and high intent-match confidence (0.72) — auto-approved.,dfa282b5
0.49,0.348,0.02,HOLD_LIKELY_MISMATCH,"Order deviates from stated intent (intent-match confidence 0.35) and doesn't align with this customer's history (preference-fit 0.02) — likely a mistaken purchase, held to prevent a probable return.",99a2828e
0.451,0.335,0.91,HOLD_CONFIRM_WITH_HUMAN,"Order deviates from stated intent (intent-match confidence 0.33), but this customer's history (preference-fit 0.91) suggests they may welcome this — routed to a quick human confirmation instead of auto-block.",be6742d3
0.298,0.721,0.25,AUTO_APPROVE,Low fraud-risk (0.30) and high intent-match confidence (0.72) — auto-approved.,927ba182
0.317,0.721,0.52,AUTO_APPROVE,Low fraud-risk (0.32) and high intent-match confidence (0.72) — auto-approved.,63fe1734
0.292,0.721,0.47,AUTO_APPROVE,Low fraud-risk (0.29) and high intent-match confidence (0.72) — auto-approved.,78a0a143
0.618,0.721,0.39,HOLD_FRAUD_REVIEW,Fraud-risk score 0.62 exceeds threshold 0.5 — held for manual fraud review.,cef612ff
0.362,0.721,0.74,AUTO_APPROVE,Low fraud-risk (0.36) and high intent-match confidence (0.72) — auto-approved.,7c82ed32
0.562,0.417,0.74,HOLD_FRAUD_REVIEW,Fraud-risk score 0.56 exceeds threshold 0.5 — held for manual fraud review.,d060cd40
0.625,0.231,0.102,HOLD_FRAUD_REVIEW,Fraud-risk score 0.63 exceeds threshold 0.5 — held for manual fraud review.,842e4dbf
0.6,0.721,0.31,HOLD_FRAUD_REVIEW,Fraud-risk score 0.60 exceeds threshold 0.5 — held for manual fraud review.,7fd5f415
0.218,0.721,0.84,AUTO_APPROVE,Low fraud-risk (0.22) and high intent-match confidence (0.72) — auto-approved.,5406ee24
0.727,0.398,0.07,HOLD_FRAUD_REVIEW,Fraud-risk score 0.73 exceeds threshold 0.5 — held for manual fraud review.,290de07e
0.536,0.721,0.044,HOLD_FRAUD_REVIEW,Fraud-risk score 0.54 exceeds threshold 0.5 — held for manual fraud review.,883340a5
0.306,0.351,0.85,HOLD_CONFIRM_WITH_HUMAN,"Order deviates from stated intent (intent-match confidence 0.35), but this customer's history (preference-fit 0.85) suggests they may welcome this — routed to a quick human confirmation instead of auto-block.",d7b44764
0.234,0.721,0.71,AUTO_APPROVE,Low fraud-risk (0.23) and high intent-match confidence (0.72) — auto-approved.,fecc5d50
0.624,0.721,0.94,HOLD_FRAUD_REVIEW,Fraud-risk score 0.62 exceeds threshold 0.5 — held for manual fraud review.,f8239e88
0.415,0.212,0.072,HOLD_LIKELY_MISMATCH,"Order deviates from stated intent (intent-match confidence 0.21) and doesn't align with this customer's history (preference-fit 0.07) — likely a mistaken purchase, held to prevent a probable return.",8dce8aaa
0.207,0.721,0.154,AUTO_APPROVE,Low fraud-risk (0.21) and high intent-match confidence (0.72) — auto-approved.,dedfab38
0.761,0.721,0.44,HOLD_FRAUD_REVIEW,Fraud-risk score 0.76 exceeds threshold 0.5 — held for manual fraud review.,63514c40
0.349,0.721,0.1,AUTO_APPROVE,Low fraud-risk (0.35) and high intent-match confidence (0.72) — auto-approved.,2de5be9f
0.45,0.721,0.47,AUTO_APPROVE,Low fraud-risk (0.45) and high intent-match confidence (0.72) — auto-approved.,9b8c0a41
0.312,0.721,0.5,AUTO_APPROVE,Low fraud-risk (0.31) and high intent-match confidence (0.72) — auto-approved.,4a10caf9
0.517,0.721,0.192,HOLD_FRAUD_REVIEW,Fraud-risk score 0.52 exceeds threshold 0.5 — held for manual fraud review.,ad5fd53b
0.339,0.721,0.07,AUTO_APPROVE,Low fraud-risk (0.34) and high intent-match confidence (0.72) — auto-approved.,57b9d8d2
0.451,0.721,0.99,AUTO_APPROVE,Low fraud-risk (0.45) and high intent-match confidence (0.72) — auto-approved.,3db01537
0.248,0.721,0.33,AUTO_APPROVE,Low fraud-risk (0.25) and high intent-match confidence (0.72) — auto-approved.,550365f5
0.246,0.721,0.39,AUTO_APPROVE,Low fraud-risk (0.25) and high intent-match confidence (0.72) — auto-approved.,5859c5cb
0.485,0.721,0.48,AUTO_APPROVE,Low fraud-risk (0.48) and high intent-match confidence (0.72) — auto-approved.,7514e17c
0.483,0.721,0.97,AUTO_APPROVE,Low fraud-risk (0.48) and high intent-match confidence (0.72) — auto-approved.,3fc250f1
0.259,0.721,0.39,AUTO_APPROVE,Low fraud-risk (0.26) and high intent-match confidence (0.72) — auto-approved.,d8f0acea
0.629,0.211,0.19,HOLD_FRAUD_REVIEW,Fraud-risk score 0.63 exceeds threshold 0.5 — held for manual fraud review.,8f81a611
0.373,0.721,0.15,AUTO_APPROVE,Low fraud-risk (0.37) and high intent-match confidence (0.72) — auto-approved.,925f5f07
0.2,0.721,0.83,AUTO_APPROVE,Low fraud-risk (0.20) and high intent-match confidence (0.72) — auto-approved.,64322277
0.422,0.412,0.58,HOLD_CONFIRM_WITH_HUMAN,"Order deviates from stated intent (intent-match confidence 0.41), but this customer's history (preference-fit 0.58) suggests they may welcome this — routed to a quick human confirmation instead of auto-block.",31553aa1
0.249,0.721,0.77,AUTO_APPROVE,Low fraud-risk (0.25) and high intent-match confidence (0.72) — auto-approved.,4c7fa1e2
0.873,0.388,0.49,HOLD_FRAUD_REVIEW,Fraud-risk score 0.87 exceeds threshold 0.5 — held for manual fraud review.,e41a3dc1
0.446,0.721,0.76,AUTO_APPROVE,Low fraud-risk (0.45) and high intent-match confidence (0.72) — auto-approved.,8cc2d293
0.202,0.434,0.62,HOLD_CONFIRM_WITH_HUMAN,"Order deviates from stated intent (intent-match confidence 0.43), but this customer's history (preference-fit 0.62) suggests they may welcome this — routed to a quick human confirmation instead of auto-block.",7996e3b2
0.512,0.721,0.13,HOLD_FRAUD_REVIEW,Fraud-risk score 0.51 exceeds threshold 0.5 — held for manual fraud review.,cbe7371c
0.344,0.721,0.34,AUTO_APPROVE,Low fraud-risk (0.34) and high intent-match confidence (0.72) — auto-approved.,22889bf7
0.201,0.721,0.13,AUTO_APPROVE,Low fraud-risk (0.20) and high intent-match confidence (0.72) — auto-approved.,2ede7424
0.367,0.721,0.49,AUTO_APPROVE,Low fraud-risk (0.37) and high intent-match confidence (0.72) — auto-approved.,9016ee78
0.589,0.289,0.96,HOLD_FRAUD_REVIEW,Fraud-risk score 0.59 exceeds threshold 0.5 — held for manual fraud review.,3340cf73
0.24,0.721,0.11,AUTO_APPROVE,Low fraud-risk (0.24) and high intent-match confidence (0.72) — auto-approved.,5a6ed47a
0.581,0.393,0.29,HOLD_FRAUD_REVIEW,Fraud-risk score 0.58 exceeds threshold 0.5 — held for manual fraud review.,cd9f1d9f
0.307,0.344,0.73,HOLD_CONFIRM_WITH_HUMAN,"Order deviates from stated intent (intent-match confidence 0.34), but this customer's history (preference-fit 0.73) suggests they may welcome this — routed to a quick human confirmation instead of auto-block.",f988b0a4
0.641,0.306,0.92,HOLD_FRAUD_REVIEW,Fraud-risk score 0.64 exceeds threshold 0.5 — held for manual fraud review.,65407881
0.459,0.215,0.17,HOLD_LIKELY_MISMATCH,"Order deviates from stated intent (intent-match confidence 0.22) and doesn't align with this customer's history (preference-fit 0.17) — likely a mistaken purchase, held to prevent a probable return.",9f10d855
0.204,0.721,0.078,AUTO_APPROVE,Low fraud-risk (0.20) and high intent-match confidence (0.72) — auto-approved.,68e454e9
0.296,0.398,0.08,HOLD_LIKELY_MISMATCH,"Order deviates from stated intent (intent-match confidence 0.40) and doesn't align with this customer's history (preference-fit 0.08) — likely a mistaken purchase, held to prevent a probable return.",bb2f56e0
0.482,0.721,0.11,AUTO_APPROVE,Low fraud-risk (0.48) and high intent-match confidence (0.72) — auto-approved.,aaea8888
0.287,0.376,0.0,HOLD_LIKELY_MISMATCH,"Order deviates from stated intent (intent-match confidence 0.38) and doesn't align with this customer's history (preference-fit 0.00) — likely a mistaken purchase, held to prevent a probable return.",f9a4c601
0.2,0.721,0.49,AUTO_APPROVE,Low fraud-risk (0.20) and high intent-match confidence (0.72) — auto-approved.,f0f27a4c
0.385,0.721,0.78,AUTO_APPROVE,Low fraud-risk (0.38) and high intent-match confidence (0.72) — auto-approved.,1668189f
0.458,0.721,0.53,AUTO_APPROVE,Low fraud-risk (0.46) and high intent-match confidence (0.72) — auto-approved.,89766e0b
0.782,0.721,0.07,HOLD_FRAUD_REVIEW,Fraud-risk score 0.78 exceeds threshold 0.5 — held for manual fraud review.,7c5228a1
0.516,0.363,0.89,HOLD_FRAUD_REVIEW,Fraud-risk score 0.52 exceeds threshold 0.5 — held for manual fraud review.,a3c470aa
0.863,0.24,0.114,HOLD_FRAUD_REVIEW,Fraud-risk score 0.86 exceeds threshold 0.5 — held for manual fraud review.,0294c76a
0.463,0.721,0.26,AUTO_APPROVE,Low fraud-risk (0.46) and high intent-match confidence (0.72) — auto-approved.,14845383
0.177,0.721,0.51,AUTO_APPROVE,Low fraud-risk (0.18) and high intent-match confidence (0.72) — auto-approved.,7577cea3
0.243,0.424,0.52,HOLD_CONFIRM_WITH_HUMAN,"Order deviates from stated intent (intent-match confidence 0.42), but this customer's history (preference-fit 0.52) suggests they may welcome this — routed to a quick human confirmation instead of auto-block.",7ab8b601
0.777,0.721,0.25,HOLD_FRAUD_REVIEW,Fraud-risk score 0.78 exceeds threshold 0.5 — held for manual fraud review.,e95c89bd
0.881,0.721,0.66,HOLD_FRAUD_REVIEW,Fraud-risk score 0.88 exceeds threshold 0.5 — held for manual fraud review.,ffc5ca36
0.807,0.721,0.26,HOLD_FRAUD_REVIEW,Fraud-risk score 0.81 exceeds threshold 0.5 — held for manual fraud review.,3df59cc4
0.21,0.721,0.02,AUTO_APPROVE,Low fraud-risk (0.21) and high intent-match confidence (0.72) — auto-approved.,5338831b
0.566,0.225,0.74,HOLD_FRAUD_REVIEW,Fraud-risk score 0.57 exceeds threshold 0.5 — held for manual fraud review.,34246579
0.418,0.721,0.22,AUTO_APPROVE,Low fraud-risk (0.42) and high intent-match confidence (0.72) — auto-approved.,f058aa05
0.702,0.721,0.96,HOLD_FRAUD_REVIEW,Fraud-risk score 0.70 exceeds threshold 0.5 — held for manual fraud review.,6c56d0bf
0.525,0.721,0.66,HOLD_FRAUD_REVIEW,Fraud-risk score 0.52 exceeds threshold 0.5 — held for manual fraud review.,4a72a8ce
0.562,0.721,0.66,HOLD_FRAUD_REVIEW,Fraud-risk score 0.56 exceeds threshold 0.5 — held for manual fraud review.,abaa7d52
0.399,0.721,0.76,AUTO_APPROVE,Low fraud-risk (0.40) and high intent-match confidence (0.72) — auto-approved.,f544d548
0.258,0.721,0.39,AUTO_APPROVE,Low fraud-risk (0.26) and high intent-match confidence (0.72) — auto-approved.,8b3c532f
0.585,0.452,0.69,HOLD_FRAUD_REVIEW,Fraud-risk score 0.59 exceeds threshold 0.5 — held for manual fraud review.,98b52aeb
0.273,0.354,0.032,HOLD_LIKELY_MISMATCH,"Order deviates from stated intent (intent-match confidence 0.35) and doesn't align with this customer's history (preference-fit 0.03) — likely a mistaken purchase, held to prevent a probable return.",f64fbbe9
0.838,0.302,0.046,HOLD_FRAUD_REVIEW,Fraud-risk score 0.84 exceeds threshold 0.5 — held for manual fraud review.,229dce85
0.582,0.721,0.05,HOLD_FRAUD_REVIEW,Fraud-risk score 0.58 exceeds threshold 0.5 — held for manual fraud review.,0b82283c
0.633,0.289,0.01,HOLD_FRAUD_REVIEW,Fraud-risk score 0.63 exceeds threshold 0.5 — held for manual fraud review.,253f259a
0.767,0.721,0.75,HOLD_FRAUD_REVIEW,Fraud-risk score 0.77 exceeds threshold 0.5 — held for manual fraud review.,174554cd
0.244,0.212,0.61,HOLD_CONFIRM_WITH_HUMAN,"Order deviates from stated intent (intent-match confidence 0.21), but this customer's history (preference-fit 0.61) suggests they may welcome this — routed to a quick human confirmation instead of auto-block.",6df092b7
0.384,0.721,0.06,AUTO_APPROVE,Low fraud-risk (0.38) and high intent-match confidence (0.72) — auto-approved.,163e0c79
0.231,0.721,0.84,AUTO_APPROVE,Low fraud-risk (0.23) and high intent-match confidence (0.72) — auto-approved.,ded711b8
0.376,0.721,0.3,AUTO_APPROVE,Low fraud-risk (0.38) and high intent-match confidence (0.72) — auto-approved.,4f195efb
0.207,0.721,0.14,AUTO_APPROVE,Low fraud-risk (0.21) and high intent-match confidence (0.72) — auto-approved.,27007c2b
0.731,0.283,0.74,HOLD_FRAUD_REVIEW,Fraud-risk score 0.73 exceeds threshold 0.5 — held for manual fraud review.,f55f2813
0.378,0.721,0.23,AUTO_APPROVE,Low fraud-risk (0.38) and high intent-match confidence (0.72) — auto-approved.,35ec813f
0.492,0.721,0.106,AUTO_APPROVE,Low fraud-risk (0.49) and high intent-match confidence (0.72) — auto-approved.,800c96a6
0.454,0.721,0.45,AUTO_APPROVE,Low fraud-risk (0.45) and high intent-match confidence (0.72) — auto-approved.,41e3b3d2
0.417,0.444,0.33,HOLD_LIKELY_MISMATCH,"Order deviates from stated intent (intent-match confidence 0.44) and doesn't align with this customer's history (preference-fit 0.33) — likely a mistaken purchase, held to prevent a probable return.",528c4da6
0.622,0.29,0.52,HOLD_FRAUD_REVIEW,Fraud-risk score 0.62 exceeds threshold 0.5 — held for manual fraud review.,e0675f3c
0.964,0.721,0.72,HOLD_FRAUD_REVIEW,Fraud-risk score 0.96 exceeds threshold 0.5 — held for manual fraud review.,f302c5c1
0.282,0.333,0.06,HOLD_LIKELY_MISMATCH,"Order deviates from stated intent (intent-match confidence 0.33) and doesn't align with this customer's history (preference-fit 0.06) — likely a mistaken purchase, held to prevent a probable return.",0c762a65
0.845,0.266,0.086,HOLD_FRAUD_REVIEW,Fraud-risk score 0.84 exceeds threshold 0.5 — held for manual fraud review.,e4582d01
0.511,0.721,0.81,HOLD_FRAUD_REVIEW,Fraud-risk score 0.51 exceeds threshold 0.5 — held for manual fraud review.,00fb663c
0.26,0.721,0.24,AUTO_APPROVE,Low fraud-risk (0.26) and high intent-match confidence (0.72) — auto-approved.,301fb9d9
0.842,0.387,0.74,HOLD_FRAUD_REVIEW,Fraud-risk score 0.84 exceeds threshold 0.5 — held for manual fraud review.,b90166ef
0.213,0.721,0.5,AUTO_APPROVE,Low fraud-risk (0.21) and high intent-match confidence (0.72) — auto-approved.,c1866d55
0.213,0.721,0.03,AUTO_APPROVE,Low fraud-risk (0.21) and high intent-match confidence (0.72) — auto-approved.,1ac069e1
0.457,0.721,0.44,AUTO_APPROVE,Low fraud-risk (0.46) and high intent-match confidence (0.72) — auto-approved.,cc1e3fad
0.809,0.206,0.088,HOLD_FRAUD_REVIEW,Fraud-risk score 0.81 exceeds threshold 0.5 — held for manual fraud review.,459618b0
0.803,0.721,0.82,HOLD_FRAUD_REVIEW,Fraud-risk score 0.80 exceeds threshold 0.5 — held for manual fraud review.,2cbe8c81
0.213,0.273,0.012,HOLD_LIKELY_MISMATCH,"Order deviates from stated intent (intent-match confidence 0.27) and doesn't align with this customer's history (preference-fit 0.01) — likely a mistaken purchase, held to prevent a probable return.",23dcef4c
0.454,0.382,0.1,HOLD_LIKELY_MISMATCH,"Order deviates from stated intent (intent-match confidence 0.38) and doesn't align with this customer's history (preference-fit 0.10) — likely a mistaken purchase, held to prevent a probable return.",f739c6f5
0.2,0.721,0.73,AUTO_APPROVE,Low fraud-risk (0.20) and high intent-match confidence (0.72) — auto-approved.,25586893
0.849,0.27,0.61,HOLD_FRAUD_REVIEW,Fraud-risk score 0.85 exceeds threshold 0.5 — held for manual fraud review.,d6d7cf7d
0.594,0.315,0.17,HOLD_FRAUD_REVIEW,Fraud-risk score 0.59 exceeds threshold 0.5 — held for manual fraud review.,1cc50331
0.813,0.721,0.132,HOLD_FRAUD_REVIEW,Fraud-risk score 0.81 exceeds threshold 0.5 — held for manual fraud review.,b00ac520
0.497,0.721,0.4,AUTO_APPROVE,Low fraud-risk (0.50) and high intent-match confidence (0.72) — auto-approved.,58159454
0.5,0.312,0.71,HOLD_FRAUD_REVIEW,Fraud-risk score 0.50 exceeds threshold 0.5 — held for manual fraud review.,7bc026ac
0.455,0.721,0.73,AUTO_APPROVE,Low fraud-risk (0.45) and high intent-match confidence (0.72) — auto-approved.,8dee2b6b
0.368,0.721,0.23,AUTO_APPROVE,Low fraud-risk (0.37) and high intent-match confidence (0.72) — auto-approved.,5064a3cc
0.455,0.721,0.42,AUTO_APPROVE,Low fraud-risk (0.46) and high intent-match confidence (0.72) — auto-approved.,99698d45
0.376,0.721,0.01,AUTO_APPROVE,Low fraud-risk (0.38) and high intent-match confidence (0.72) — auto-approved.,593b5fa4
0.208,0.721,0.5,AUTO_APPROVE,Low fraud-risk (0.21) and high intent-match confidence (0.72) — auto-approved.,b5ed4022
0.21,0.721,0.068,AUTO_APPROVE,Low fraud-risk (0.21) and high intent-match confidence (0.72) — auto-approved.,446112f9
0.523,0.721,0.086,HOLD_FRAUD_REVIEW,Fraud-risk score 0.52 exceeds threshold 0.5 — held for manual fraud review.,0b570819
0.306,0.721,0.21,AUTO_APPROVE,Low fraud-risk (0.31) and high intent-match confidence (0.72) — auto-approved.,cf8ba848
0.221,0.318,0.078,HOLD_LIKELY_MISMATCH,"Order deviates from stated intent (intent-match confidence 0.32) and doesn't align with this customer's history (preference-fit 0.08) — likely a mistaken purchase, held to prevent a probable return.",cba571e2
0.303,0.721,0.21,AUTO_APPROVE,Low fraud-risk (0.30) and high intent-match confidence (0.72) — auto-approved.,6229f4eb
0.237,0.721,0.194,AUTO_APPROVE,Low fraud-risk (0.24) and high intent-match confidence (0.72) — auto-approved.,6f914921
0.474,0.353,0.026,HOLD_LIKELY_MISMATCH,"Order deviates from stated intent (intent-match confidence 0.35) and doesn't align with this customer's history (preference-fit 0.03) — likely a mistaken purchase, held to prevent a probable return.",a0f93c1d
0.296,0.721,0.12,AUTO_APPROVE,Low fraud-risk (0.30) and high intent-match confidence (0.72) — auto-approved.,51c2450b
0.27,0.721,0.42,AUTO_APPROVE,Low fraud-risk (0.27) and high intent-match confidence (0.72) — auto-approved.,388c1533
0.449,0.368,0.148,HOLD_LIKELY_MISMATCH,"Order deviates from stated intent (intent-match confidence 0.37) and doesn't align with this customer's history (preference-fit 0.15) — likely a mistaken purchase, held to prevent a probable return.",92631e5a
0.594,0.337,0.32,HOLD_FRAUD_REVIEW,Fraud-risk score 0.59 exceeds threshold 0.5 — held for manual fraud review.,7f9ffb91
0.754,0.721,0.57,HOLD_FRAUD_REVIEW,Fraud-risk score 0.75 exceeds threshold 0.5 — held for manual fraud review.,06ed3db1
0.442,0.721,0.78,AUTO_APPROVE,Low fraud-risk (0.44) and high intent-match confidence (0.72) — auto-approved.,f61d7efc
0.471,0.429,0.08,HOLD_LIKELY_MISMATCH,"Order deviates from stated intent (intent-match confidence 0.43) and doesn't align with this customer's history (preference-fit 0.08) — likely a mistaken purchase, held to prevent a probable return.",cc33f07b
0.468,0.721,0.92,AUTO_APPROVE,Low fraud-risk (0.47) and high intent-match confidence (0.72) — auto-approved.,29533c79
0.419,0.394,0.56,HOLD_CONFIRM_WITH_HUMAN,"Order deviates from stated intent (intent-match confidence 0.39), but this customer's history (preference-fit 0.56) suggests they may welcome this — routed to a quick human confirmation instead of auto-block.",245278e9
0.422,0.29,0.156,HOLD_LIKELY_MISMATCH,"Order deviates from stated intent (intent-match confidence 0.29) and doesn't align with this customer's history (preference-fit 0.16) — likely a mistaken purchase, held to prevent a probable return.",7b14c2ba
0.478,0.251,0.9,HOLD_CONFIRM_WITH_HUMAN,"Order deviates from stated intent (intent-match confidence 0.25), but this customer's history (preference-fit 0.90) suggests they may welcome this — routed to a quick human confirmation instead of auto-block.",40c03fbf
0.389,0.721,0.5,AUTO_APPROVE,Low fraud-risk (0.39) and high intent-match confidence (0.72) — auto-approved.,196b23a3
0.398,0.721,0.57,AUTO_APPROVE,Low fraud-risk (0.40) and high intent-match confidence (0.72) — auto-approved.,50f5176b
0.204,0.721,0.91,AUTO_APPROVE,Low fraud-risk (0.20) and high intent-match confidence (0.72) — auto-approved.,aa5bdff7
0.226,0.721,0.95,AUTO_APPROVE,Low fraud-risk (0.23) and high intent-match confidence (0.72) — auto-approved.,b5428c31
0.402,0.721,0.9,AUTO_APPROVE,Low fraud-risk (0.40) and high intent-match confidence (0.72) — auto-approved.,aeebd6cd
0.36,0.436,0.7,HOLD_CONFIRM_WITH_HUMAN,"Order deviates from stated intent (intent-match confidence 0.44), but this customer's history (preference-fit 0.70) suggests they may welcome this — routed to a quick human confirmation instead of auto-block.",42e9e23b
0.59,0.721,0.78,HOLD_FRAUD_REVIEW,Fraud-risk score 0.59 exceeds threshold 0.5 — held for manual fraud review.,1bb82754
0.392,0.398,0.22,HOLD_LIKELY_MISMATCH,"Order deviates from stated intent (intent-match confidence 0.40) and doesn't align with this customer's history (preference-fit 0.22) — likely a mistaken purchase, held to prevent a probable return.",92268ab1
0.531,0.721,0.174,HOLD_FRAUD_REVIEW,Fraud-risk score 0.53 exceeds threshold 0.5 — held for manual fraud review.,058d2229
0.415,0.349,0.44,HOLD_LIKELY_MISMATCH,"Order deviates from stated intent (intent-match confidence 0.35) and doesn't align with this customer's history (preference-fit 0.44) — likely a mistaken purchase, held to prevent a probable return.",e0eecaaf
0.253,0.721,0.172,AUTO_APPROVE,Low fraud-risk (0.25) and high intent-match confidence (0.72) — auto-approved.,71cb177e
0.231,0.721,0.64,AUTO_APPROVE,Low fraud-risk (0.23) and high intent-match confidence (0.72) — auto-approved.,05352ca3
0.463,0.721,0.84,AUTO_APPROVE,Low fraud-risk (0.46) and high intent-match confidence (0.72) — auto-approved.,0237b477
0.407,0.721,0.62,AUTO_APPROVE,Low fraud-risk (0.41) and high intent-match confidence (0.72) — auto-approved.,555122f2
0.523,0.721,0.86,HOLD_FRAUD_REVIEW,Fraud-risk score 0.52 exceeds threshold 0.5 — held for manual fraud review.,59ce0c54
0.364,0.721,0.93,AUTO_APPROVE,Low fraud-risk (0.36) and high intent-match confidence (0.72) — auto-approved.,5c153f1a
0.549,0.721,0.36,HOLD_FRAUD_REVIEW,Fraud-risk score 0.55 exceeds threshold 0.5 — held for manual fraud review.,dc7f681c
0.848,0.721,0.5,HOLD_FRAUD_REVIEW,Fraud-risk score 0.85 exceeds threshold 0.5 — held for manual fraud review.,249cef6b
0.292,0.458,0.38,HOLD_LIKELY_MISMATCH,"Order deviates from stated intent (intent-match confidence 0.46) and doesn't align with this customer's history (preference-fit 0.38) — likely a mistaken purchase, held to prevent a probable return.",a198ee50
0.31,0.721,0.044,AUTO_APPROVE,Low fraud-risk (0.31) and high intent-match confidence (0.72) — auto-approved.,b5213011
0.387,0.721,0.29,AUTO_APPROVE,Low fraud-risk (0.39) and high intent-match confidence (0.72) — auto-approved.,c89cd489
0.519,0.721,0.22,HOLD_FRAUD_REVIEW,Fraud-risk score 0.52 exceeds threshold 0.5 — held for manual fraud review.,7bcc5454
0.227,0.721,0.83,AUTO_APPROVE,Low fraud-risk (0.23) and high intent-match confidence (0.72) — auto-approved.,818a589c
0.456,0.244,0.4,HOLD_LIKELY_MISMATCH,"Order deviates from stated intent (intent-match confidence 0.24) and doesn't align with this customer's history (preference-fit 0.40) — likely a mistaken purchase, held to prevent a probable return.",2c93e6e6
0.259,0.721,0.002,AUTO_APPROVE,Low fraud-risk (0.26) and high intent-match confidence (0.72) — auto-approved.,888d0821
0.423,0.468,0.108,HOLD_LIKELY_MISMATCH,"Order deviates from stated intent (intent-match confidence 0.47) and doesn't align with this customer's history (preference-fit 0.11) — likely a mistaken purchase, held to prevent a probable return.",37699726
0.348,0.721,0.05,AUTO_APPROVE,Low fraud-risk (0.35) and high intent-match confidence (0.72) — auto-approved.,4192a94d
0.214,0.721,0.25,AUTO_APPROVE,Low fraud-risk (0.21) and high intent-match confidence (0.72) — auto-approved.,5884f75b
0.449,0.254,0.3,HOLD_LIKELY_MISMATCH,"Order deviates from stated intent (intent-match confidence 0.25) and doesn't align with this customer's history (preference-fit 0.30) — likely a mistaken purchase, held to prevent a probable return.",bcf148b3
0.57,0.721,0.126,HOLD_FRAUD_REVIEW,Fraud-risk score 0.57 exceeds threshold 0.5 — held for manual fraud review.,e6018333
0.363,0.255,0.118,HOLD_LIKELY_MISMATCH,"Order deviates from stated intent (intent-match confidence 0.26) and doesn't align with this customer's history (preference-fit 0.12) — likely a mistaken purchase, held to prevent a probable return.",3b848522
0.474,0.721,0.31,AUTO_APPROVE,Low fraud-risk (0.47) and high intent-match confidence (0.72) — auto-approved.,9b795fb9
0.741,0.721,0.44,HOLD_FRAUD_REVIEW,Fraud-risk score 0.74 exceeds threshold 0.5 — held for manual fraud review.,4c36ef3b
0.284,0.721,0.29,AUTO_APPROVE,Low fraud-risk (0.28) and high intent-match confidence (0.72) — auto-approved.,07fa14db
0.384,0.721,0.23,AUTO_APPROVE,Low fraud-risk (0.38) and high intent-match confidence (0.72) — auto-approved.,c7b37df7
0.537,0.721,1.0,HOLD_FRAUD_REVIEW,Fraud-risk score 0.54 exceeds threshold 0.5 — held for manual fraud review.,f6598016
0.197,0.721,0.67,AUTO_APPROVE,Low fraud-risk (0.20) and high intent-match confidence (0.72) — auto-approved.,c2e2884f
0.205,0.721,0.026,AUTO_APPROVE,Low fraud-risk (0.20) and high intent-match confidence (0.72) — auto-approved.,e5949976
0.767,0.721,0.58,HOLD_FRAUD_REVIEW,Fraud-risk score 0.77 exceeds threshold 0.5 — held for manual fraud review.,2a9a7fc9
0.384,0.721,0.09,AUTO_APPROVE,Low fraud-risk (0.38) and high intent-match confidence (0.72) — auto-approved.,f838a69e
0.351,0.313,0.59,HOLD_CONFIRM_WITH_HUMAN,"Order deviates from stated intent (intent-match confidence 0.31), but this customer's history (preference-fit 0.59) suggests they may welcome this — routed to a quick human confirmation instead of auto-block.",0afb823a
0.278,0.195,0.1,HOLD_LIKELY_MISMATCH,"Order deviates from stated intent (intent-match confidence 0.20) and doesn't align with this customer's history (preference-fit 0.10) — likely a mistaken purchase, held to prevent a probable return.",5613f4ef
0.289,0.325,0.2,HOLD_LIKELY_MISMATCH,"Order deviates from stated intent (intent-match confidence 0.32) and doesn't align with this customer's history (preference-fit 0.20) — likely a mistaken purchase, held to prevent a probable return.",a520f747
0.454,0.307,0.06,HOLD_LIKELY_MISMATCH,"Order deviates from stated intent (intent-match confidence 0.31) and doesn't align with this customer's history (preference-fit 0.06) — likely a mistaken purchase, held to prevent a probable return.",2070a08f
0.872,0.325,0.1,HOLD_FRAUD_REVIEW,Fraud-risk score 0.87 exceeds threshold 0.5 — held for manual fraud review.,665d3382
0.37,0.721,0.036,AUTO_APPROVE,Low fraud-risk (0.37) and high intent-match confidence (0.72) — auto-approved.,affc64c5
0.461,0.721,0.18,AUTO_APPROVE,Low fraud-risk (0.46) and high intent-match confidence (0.72) — auto-approved.,cf828095
0.637,0.721,0.39,HOLD_FRAUD_REVIEW,Fraud-risk score 0.64 exceeds threshold 0.5 — held for manual fraud review.,e480e592
0.601,0.401,0.02,HOLD_FRAUD_REVIEW,Fraud-risk score 0.60 exceeds threshold 0.5 — held for manual fraud review.,8109ae57
0.358,0.316,0.0,HOLD_LIKELY_MISMATCH,"Order deviates from stated intent (intent-match confidence 0.32) and doesn't align with this customer's history (preference-fit 0.00) — likely a mistaken purchase, held to prevent a probable return.",a3a6a3dc
0.321,0.436,0.37,HOLD_LIKELY_MISMATCH,"Order deviates from stated intent (intent-match confidence 0.44) and doesn't align with this customer's history (preference-fit 0.37) — likely a mistaken purchase, held to prevent a probable return.",e284e105
0.403,0.721,0.66,AUTO_APPROVE,Low fraud-risk (0.40) and high intent-match confidence (0.72) — auto-approved.,f9ab8a1e
0.383,0.721,0.27,AUTO_APPROVE,Low fraud-risk (0.38) and high intent-match confidence (0.72) — auto-approved.,7d680808
0.809,0.721,0.13,HOLD_FRAUD_REVIEW,Fraud-risk score 0.81 exceeds threshold 0.5 — held for manual fraud review.,5155a367
0.588,0.721,0.78,HOLD_FRAUD_REVIEW,Fraud-risk score 0.59 exceeds threshold 0.5 — held for manual fraud review.,7bb32bea
0.697,0.721,0.21,HOLD_FRAUD_REVIEW,Fraud-risk score 0.70 exceeds threshold 0.5 — held for manual fraud review.,3572cb1b
0.198,0.721,0.58,AUTO_APPROVE,Low fraud-risk (0.20) and high intent-match confidence (0.72) — auto-approved.,d0724818
0.594,0.721,0.86,HOLD_FRAUD_REVIEW,Fraud-risk score 0.59 exceeds threshold 0.5 — held for manual fraud review.,375c8c1d
0.29,0.293,0.9,HOLD_CONFIRM_WITH_HUMAN,"Order deviates from stated intent (intent-match confidence 0.29), but this customer's history (preference-fit 0.90) suggests they may welcome this — routed to a quick human confirmation instead of auto-block.",7a9f455a
0.742,0.721,0.07,HOLD_FRAUD_REVIEW,Fraud-risk score 0.74 exceeds threshold 0.5 — held for manual fraud review.,ab371079
0.372,0.336,0.96,HOLD_CONFIRM_WITH_HUMAN,"Order deviates from stated intent (intent-match confidence 0.34), but this customer's history (preference-fit 0.96) suggests they may welcome this — routed to a quick human confirmation instead of auto-block.",be4308f8
0.461,0.224,0.11,HOLD_LIKELY_MISMATCH,"Order deviates from stated intent (intent-match confidence 0.22) and doesn't align with this customer's history (preference-fit 0.11) — likely a mistaken purchase, held to prevent a probable return.",5786a059
0.559,0.721,0.104,HOLD_FRAUD_REVIEW,Fraud-risk score 0.56 exceeds threshold 0.5 — held for manual fraud review.,eb4bdc84
0.946,0.396,0.4,HOLD_FRAUD_REVIEW,Fraud-risk score 0.95 exceeds threshold 0.5 — held for manual fraud review.,eb77f81f
0.359,0.225,0.008,HOLD_LIKELY_MISMATCH,"Order deviates from stated intent (intent-match confidence 0.22) and doesn't align with this customer's history (preference-fit 0.01) — likely a mistaken purchase, held to prevent a probable return.",6bc027ec
0.207,0.721,0.66,AUTO_APPROVE,Low fraud-risk (0.21) and high intent-match confidence (0.72) — auto-approved.,efc65e86
0.871,0.721,0.29,HOLD_FRAUD_REVIEW,Fraud-risk score 0.87 exceeds threshold 0.5 — held for manual fraud review.,32977011
0.449,0.721,0.25,AUTO_APPROVE,Low fraud-risk (0.45) and high intent-match confidence (0.72) — auto-approved.,74d4b6b9
0.497,0.721,0.11,AUTO_APPROVE,Low fraud-risk (0.50) and high intent-match confidence (0.72) — auto-approved.,0a39ceeb
0.395,0.721,0.72,AUTO_APPROVE,Low fraud-risk (0.39) and high intent-match confidence (0.72) — auto-approved.,407200f6
0.385,0.399,0.188,HOLD_LIKELY_MISMATCH,"Order deviates from stated intent (intent-match confidence 0.40) and doesn't align with this customer's history (preference-fit 0.19) — likely a mistaken purchase, held to prevent a probable return.",67966dba
0.279,0.371,0.32,HOLD_LIKELY_MISMATCH,"Order deviates from stated intent (intent-match confidence 0.37) and doesn't align with this customer's history (preference-fit 0.32) — likely a mistaken purchase, held to prevent a probable return.",0a34818a
0.829,0.721,0.99,HOLD_FRAUD_REVIEW,Fraud-risk score 0.83 exceeds threshold 0.5 — held for manual fraud review.,81497e5c
0.504,0.329,0.4,HOLD_FRAUD_REVIEW,Fraud-risk score 0.50 exceeds threshold 0.5 — held for manual fraud review.,24b9c8b9
0.407,0.721,0.5,AUTO_APPROVE,Low fraud-risk (0.41) and high intent-match confidence (0.72) — auto-approved.,c9ca5b0e
0.469,0.245,0.72,HOLD_CONFIRM_WITH_HUMAN,"Order deviates from stated intent (intent-match confidence 0.24), but this customer's history (preference-fit 0.72) suggests they may welcome this — routed to a quick human confirmation instead of auto-block.",aae320c9
0.511,0.721,0.61,HOLD_FRAUD_REVIEW,Fraud-risk score 0.51 exceeds threshold 0.5 — held for manual fraud review.,c6111638
0.611,0.721,0.72,HOLD_FRAUD_REVIEW,Fraud-risk score 0.61 exceeds threshold 0.5 — held for manual fraud review.,6bf17390
0.42,0.263,0.1,HOLD_LIKELY_MISMATCH,"Order deviates from stated intent (intent-match confidence 0.26) and doesn't align with this customer's history (preference-fit 0.10) — likely a mistaken purchase, held to prevent a probable return.",910d7ebf
0.326,0.359,0.036,HOLD_LIKELY_MISMATCH,"Order deviates from stated intent (intent-match confidence 0.36) and doesn't align with this customer's history (preference-fit 0.04) — likely a mistaken purchase, held to prevent a probable return.",78438942
0.185,0.435,0.32,HOLD_LIKELY_MISMATCH,"Order deviates from stated intent (intent-match confidence 0.43) and doesn't align with this customer's history (preference-fit 0.32) — likely a mistaken purchase, held to prevent a probable return.",5136a05f
0.839,0.259,0.68,HOLD_FRAUD_REVIEW,Fraud-risk score 0.84 exceeds threshold 0.5 — held for manual fraud review.,1ffa870f
0.299,0.721,0.29,AUTO_APPROVE,Low fraud-risk (0.30) and high intent-match confidence (0.72) — auto-approved.,0ada16dc
0.308,0.194,0.124,HOLD_LIKELY_MISMATCH,"Order deviates from stated intent (intent-match confidence 0.19) and doesn't align with this customer's history (preference-fit 0.12) — likely a mistaken purchase, held to prevent a probable return.",43cec460
0.385,0.466,0.07,HOLD_LIKELY_MISMATCH,"Order deviates from stated intent (intent-match confidence 0.47) and doesn't align with this customer's history (preference-fit 0.07) — likely a mistaken purchase, held to prevent a probable return.",6d28a0dc
0.368,0.35,0.08,HOLD_LIKELY_MISMATCH,"Order deviates from stated intent (intent-match confidence 0.35) and doesn't align with this customer's history (preference-fit 0.08) — likely a mistaken purchase, held to prevent a probable return.",83dfc2d6
0.253,0.721,0.044,AUTO_APPROVE,Low fraud-risk (0.25) and high intent-match confidence (0.72) — auto-approved.,bce77026
0.404,0.721,0.82,AUTO_APPROVE,Low fraud-risk (0.40) and high intent-match confidence (0.72) — auto-approved.,2f02c702
0.194,0.721,0.78,AUTO_APPROVE,Low fraud-risk (0.19) and high intent-match confidence (0.72) — auto-approved.,59d69544
0.285,0.721,0.082,AUTO_APPROVE,Low fraud-risk (0.28) and high intent-match confidence (0.72) — auto-approved.,c2e5ecc6
0.49,0.121,0.062,HOLD_LIKELY_MISMATCH,"Order deviates from stated intent (intent-match confidence 0.12) and doesn't align with this customer's history (preference-fit 0.06) — likely a mistaken purchase, held to prevent a probable return.",3d71e0c0
0.296,0.721,0.43,AUTO_APPROVE,Low fraud-risk (0.30) and high intent-match confidence (0.72) — auto-approved.,505cfe56
0.569,0.291,0.52,HOLD_FRAUD_REVIEW,Fraud-risk score 0.57 exceeds threshold 0.5 — held for manual fraud review.,6dd2fde7
0.551,0.353,0.52,HOLD_FRAUD_REVIEW,Fraud-risk score 0.55 exceeds threshold 0.5 — held for manual fraud review.,a790dee1
0.467,0.721,0.028,AUTO_APPROVE,Low fraud-risk (0.47) and high intent-match confidence (0.72) — auto-approved.,0c4eaeb6
0.646,0.721,0.104,HOLD_FRAUD_REVIEW,Fraud-risk score 0.65 exceeds threshold 0.5 — held for manual fraud review.,aebd2ea3
0.835,0.721,0.7,HOLD_FRAUD_REVIEW,Fraud-risk score 0.83 exceeds threshold 0.5 — held for manual fraud review.,e1b68a77
0.272,0.296,0.142,HOLD_LIKELY_MISMATCH,"Order deviates from stated intent (intent-match confidence 0.30) and doesn't align with this customer's history (preference-fit 0.14) — likely a mistaken purchase, held to prevent a probable return.",4f9fc216
0.373,0.721,0.076,AUTO_APPROVE,Low fraud-risk (0.37) and high intent-match confidence (0.72) — auto-approved.,832be7aa
0.324,0.425,0.98,HOLD_CONFIRM_WITH_HUMAN,"Order deviates from stated intent (intent-match confidence 0.42), but this customer's history (preference-fit 0.98) suggests they may welcome this — routed to a quick human confirmation instead of auto-block.",29d95306
0.813,0.721,0.36,HOLD_FRAUD_REVIEW,Fraud-risk score 0.81 exceeds threshold 0.5 — held for manual fraud review.,5e60a36f
0.63,0.27,0.67,HOLD_FRAUD_REVIEW,Fraud-risk score 0.63 exceeds threshold 0.5 — held for manual fraud review.,501428ce
0.796,0.721,0.21,HOLD_FRAUD_REVIEW,Fraud-risk score 0.80 exceeds threshold 0.5 — held for manual fraud review.,343bc8a9
0.313,0.721,0.63,AUTO_APPROVE,Low fraud-risk (0.31) and high intent-match confidence (0.72) — auto-approved.,5e95819a
0.603,0.21,0.6,HOLD_FRAUD_REVIEW,Fraud-risk score 0.60 exceeds threshold 0.5 — held for manual fraud review.,c44f4d81
0.812,0.47,0.67,HOLD_FRAUD_REVIEW,Fraud-risk score 0.81 exceeds threshold 0.5 — held for manual fraud review.,2c77d08b
0.498,0.368,0.32,HOLD_LIKELY_MISMATCH,"Order deviates from stated intent (intent-match confidence 0.37) and doesn't align with this customer's history (preference-fit 0.32) — likely a mistaken purchase, held to prevent a probable return.",0daa749b
0.58,0.721,0.17,HOLD_FRAUD_REVIEW,Fraud-risk score 0.58 exceeds threshold 0.5 — held for manual fraud review.,adbe5bf3
0.464,0.721,0.34,AUTO_APPROVE,Low fraud-risk (0.46) and high intent-match confidence (0.72) — auto-approved.,2a77919f
0.257,0.721,0.5,AUTO_APPROVE,Low fraud-risk (0.26) and high intent-match confidence (0.72) — auto-approved.,05ea2b76
0.248,0.721,0.26,AUTO_APPROVE,Low fraud-risk (0.25) and high intent-match confidence (0.72) — auto-approved.,f1cbe8d1
0.228,0.721,0.09,AUTO_APPROVE,Low fraud-risk (0.23) and high intent-match confidence (0.72) — auto-approved.,2bfed487
0.25,0.721,0.34,AUTO_APPROVE,Low fraud-risk (0.25) and high intent-match confidence (0.72) — auto-approved.,516884c4
0.783,0.721,0.29,HOLD_FRAUD_REVIEW,Fraud-risk score 0.78 exceeds threshold 0.5 — held for manual fraud review.,4501d2a0
0.222,0.721,0.066,AUTO_APPROVE,Low fraud-risk (0.22) and high intent-match confidence (0.72) — auto-approved.,7aaf3da2
0.512,0.721,0.028,HOLD_FRAUD_REVIEW,Fraud-risk score 0.51 exceeds threshold 0.5 — held for manual fraud review.,48a30c70
0.376,0.26,0.15,HOLD_LIKELY_MISMATCH,"Order deviates from stated intent (intent-match confidence 0.26) and doesn't align with this customer's history (preference-fit 0.15) — likely a mistaken purchase, held to prevent a probable return.",b8212db5
0.206,0.721,0.004,AUTO_APPROVE,Low fraud-risk (0.21) and high intent-match confidence (0.72) — auto-approved.,02f857ac
0.824,0.155,0.038,HOLD_FRAUD_REVIEW,Fraud-risk score 0.82 exceeds threshold 0.5 — held for manual fraud review.,701e45fa
0.523,0.402,0.106,HOLD_FRAUD_REVIEW,Fraud-risk score 0.52 exceeds threshold 0.5 — held for manual fraud review.,443d824b
0.264,0.721,0.98,AUTO_APPROVE,Low fraud-risk (0.26) and high intent-match confidence (0.72) — auto-approved.,5e9e6df7
0.223,0.721,0.096,AUTO_APPROVE,Low fraud-risk (0.22) and high intent-match confidence (0.72) — auto-approved.,0fa14d47
0.575,0.721,0.87,HOLD_FRAUD_REVIEW,Fraud-risk score 0.58 exceeds threshold 0.5 — held for manual fraud review.,74c13657
0.267,0.721,0.81,AUTO_APPROVE,Low fraud-risk (0.27) and high intent-match confidence (0.72) — auto-approved.,f1ad215d
0.5,0.721,0.5,AUTO_APPROVE,Low fraud-risk (0.50) and high intent-match confidence (0.72) — auto-approved.,b2347665
0.333,0.454,0.016,HOLD_LIKELY_MISMATCH,"Order deviates from stated intent (intent-match confidence 0.45) and doesn't align with this customer's history (preference-fit 0.02) — likely a mistaken purchase, held to prevent a probable return.",d97a3f3b
0.442,0.721,0.91,AUTO_APPROVE,Low fraud-risk (0.44) and high intent-match confidence (0.72) — auto-approved.,f144549a
0.489,0.721,0.032,AUTO_APPROVE,Low fraud-risk (0.49) and high intent-match confidence (0.72) — auto-approved.,4a63bc7b
0.655,0.721,0.42,HOLD_FRAUD_REVIEW,Fraud-risk score 0.66 exceeds threshold 0.5 — held for manual fraud review.,0f72254a
0.238,0.721,0.14,AUTO_APPROVE,Low fraud-risk (0.24) and high intent-match confidence (0.72) — auto-approved.,f6e828a0
0.383,0.303,0.62,HOLD_CONFIRM_WITH_HUMAN,"Order deviates from stated intent (intent-match confidence 0.30), but this customer's history (preference-fit 0.62) suggests they may welcome this — routed to a quick human confirmation instead of auto-block.",6b1154d5
0.165,0.721,0.186,AUTO_APPROVE,Low fraud-risk (0.16) and high intent-match confidence (0.72) — auto-approved.,e11d6d94
0.454,0.721,0.04,AUTO_APPROVE,Low fraud-risk (0.45) and high intent-match confidence (0.72) — auto-approved.,d1b9172a
0.696,0.721,0.08,HOLD_FRAUD_REVIEW,Fraud-risk score 0.70 exceeds threshold 0.5 — held for manual fraud review.,4a26c21e
0.41,0.346,0.68,HOLD_CONFIRM_WITH_HUMAN,"Order deviates from stated intent (intent-match confidence 0.35), but this customer's history (preference-fit 0.68) suggests they may welcome this — routed to a quick human confirmation instead of auto-block.",462cbbee
0.387,0.721,0.81,AUTO_APPROVE,Low fraud-risk (0.39) and high intent-match confidence (0.72) — auto-approved.,5758c94f
0.51,0.401,0.43,HOLD_FRAUD_REVIEW,Fraud-risk score 0.51 exceeds threshold 0.5 — held for manual fraud review.,5af0af43
0.271,0.261,0.02,HOLD_LIKELY_MISMATCH,"Order deviates from stated intent (intent-match confidence 0.26) and doesn't align with this customer's history (preference-fit 0.02) — likely a mistaken purchase, held to prevent a probable return.",715ead15
0.371,0.721,0.41,AUTO_APPROVE,Low fraud-risk (0.37) and high intent-match confidence (0.72) — auto-approved.,ce945a17
0.264,0.721,0.87,AUTO_APPROVE,Low fraud-risk (0.26) and high intent-match confidence (0.72) — auto-approved.,a252a002
0.537,0.219,0.53,HOLD_FRAUD_REVIEW,Fraud-risk score 0.54 exceeds threshold 0.5 — held for manual fraud review.,d478dd38
0.334,0.302,0.65,HOLD_CONFIRM_WITH_HUMAN,"Order deviates from stated intent (intent-match confidence 0.30), but this customer's history (preference-fit 0.65) suggests they may welcome this — routed to a quick human confirmation instead of auto-block.",d62cb44a
0.311,0.233,0.64,HOLD_CONFIRM_WITH_HUMAN,"Order deviates from stated intent (intent-match confidence 0.23), but this customer's history (preference-fit 0.64) suggests they may welcome this — routed to a quick human confirmation instead of auto-block.",9dbc1425
0.441,0.463,0.02,HOLD_LIKELY_MISMATCH,"Order deviates from stated intent (intent-match confidence 0.46) and doesn't align with this customer's history (preference-fit 0.02) — likely a mistaken purchase, held to prevent a probable return.",f92de2ae
0.718,0.721,0.31,HOLD_FRAUD_REVIEW,Fraud-risk score 0.72 exceeds threshold 0.5 — held for manual fraud review.,4f836851
0.525,0.721,0.16,HOLD_FRAUD_REVIEW,Fraud-risk score 0.53 exceeds threshold 0.5 — held for manual fraud review.,83235ec3
0.885,0.721,0.77,HOLD_FRAUD_REVIEW,Fraud-risk score 0.88 exceeds threshold 0.5 — held for manual fraud review.,c2981031
0.467,0.721,0.83,AUTO_APPROVE,Low fraud-risk (0.47) and high intent-match confidence (0.72) — auto-approved.,2955aeb5
0.728,0.305,0.48,HOLD_FRAUD_REVIEW,Fraud-risk score 0.73 exceeds threshold 0.5 — held for manual fraud review.,57713fd5
0.325,0.721,0.74,AUTO_APPROVE,Low fraud-risk (0.32) and high intent-match confidence (0.72) — auto-approved.,377bd5e1
0.85,0.439,0.5,HOLD_FRAUD_REVIEW,Fraud-risk score 0.85 exceeds threshold 0.5 — held for manual fraud review.,60561c5c
0.419,0.389,0.06,HOLD_LIKELY_MISMATCH,"Order deviates from stated intent (intent-match confidence 0.39) and doesn't align with this customer's history (preference-fit 0.06) — likely a mistaken purchase, held to prevent a probable return.",66db67e2
0.445,0.721,0.93,AUTO_APPROVE,Low fraud-risk (0.45) and high intent-match confidence (0.72) — auto-approved.,aec10e1f
0.483,0.318,0.77,HOLD_CONFIRM_WITH_HUMAN,"Order deviates from stated intent (intent-match confidence 0.32), but this customer's history (preference-fit 0.77) suggests they may welcome this — routed to a quick human confirmation instead of auto-block.",96635d50
0.552,0.721,0.35,HOLD_FRAUD_REVIEW,Fraud-risk score 0.55 exceeds threshold 0.5 — held for manual fraud review.,4fa44531
0.229,0.721,0.46,AUTO_APPROVE,Low fraud-risk (0.23) and high intent-match confidence (0.72) — auto-approved.,75926a4b
0.514,0.721,0.27,HOLD_FRAUD_REVIEW,Fraud-risk score 0.51 exceeds threshold 0.5 — held for manual fraud review.,54a4f78d
0.256,0.721,0.188,AUTO_APPROVE,Low fraud-risk (0.26) and high intent-match confidence (0.72) — auto-approved.,fd1e466f
0.412,0.418,0.12,HOLD_LIKELY_MISMATCH,"Order deviates from stated intent (intent-match confidence 0.42) and doesn't align with this customer's history (preference-fit 0.12) — likely a mistaken purchase, held to prevent a probable return.",6675a250
0.252,0.721,0.87,AUTO_APPROVE,Low fraud-risk (0.25) and high intent-match confidence (0.72) — auto-approved.,d1079b66
0.387,0.337,0.6,HOLD_CONFIRM_WITH_HUMAN,"Order deviates from stated intent (intent-match confidence 0.34), but this customer's history (preference-fit 0.60) suggests they may welcome this — routed to a quick human confirmation instead of auto-block.",79148559
0.522,0.218,0.012,HOLD_FRAUD_REVIEW,Fraud-risk score 0.52 exceeds threshold 0.5 — held for manual fraud review.,3196fb5a
0.833,0.242,0.046,HOLD_FRAUD_REVIEW,Fraud-risk score 0.83 exceeds threshold 0.5 — held for manual fraud review.,55beebe2
0.518,0.433,0.45,HOLD_FRAUD_REVIEW,Fraud-risk score 0.52 exceeds threshold 0.5 — held for manual fraud review.,b3279078
0.385,0.234,0.94,HOLD_CONFIRM_WITH_HUMAN,"Order deviates from stated intent (intent-match confidence 0.23), but this customer's history (preference-fit 0.94) suggests they may welcome this — routed to a quick human confirmation instead of auto-block.",d9fd5696
0.529,0.721,0.64,HOLD_FRAUD_REVIEW,Fraud-risk score 0.53 exceeds threshold 0.5 — held for manual fraud review.,e49969f3
0.561,0.721,0.76,HOLD_FRAUD_REVIEW,Fraud-risk score 0.56 exceeds threshold 0.5 — held for manual fraud review.,e51b2747
0.509,0.721,0.194,HOLD_FRAUD_REVIEW,Fraud-risk score 0.51 exceeds threshold 0.5 — held for manual fraud review.,ea80340a
0.215,0.721,0.8,AUTO_APPROVE,Low fraud-risk (0.22) and high intent-match confidence (0.72) — auto-approved.,dcd46fc2
0.257,0.295,0.194,HOLD_LIKELY_MISMATCH,"Order deviates from stated intent (intent-match confidence 0.29) and doesn't align with this customer's history (preference-fit 0.19) — likely a mistaken purchase, held to prevent a probable return.",c97bc620
0.809,0.721,0.024,HOLD_FRAUD_REVIEW,Fraud-risk score 0.81 exceeds threshold 0.5 — held for manual fraud review.,546e7272
0.597,0.721,0.11,HOLD_FRAUD_REVIEW,Fraud-risk score 0.60 exceeds threshold 0.5 — held for manual fraud review.,56e1180f
0.486,0.721,0.02,AUTO_APPROVE,Low fraud-risk (0.49) and high intent-match confidence (0.72) — auto-approved.,c762929a
0.392,0.721,0.74,AUTO_APPROVE,Low fraud-risk (0.39) and high intent-match confidence (0.72) — auto-approved.,11600315
0.301,0.465,0.11,HOLD_LIKELY_MISMATCH,"Order deviates from stated intent (intent-match confidence 0.47) and doesn't align with this customer's history (preference-fit 0.11) — likely a mistaken purchase, held to prevent a probable return.",d440dc2d
0.377,0.721,0.47,AUTO_APPROVE,Low fraud-risk (0.38) and high intent-match confidence (0.72) — auto-approved.,b458080a
0.396,0.721,0.24,AUTO_APPROVE,Low fraud-risk (0.40) and high intent-match confidence (0.72) — auto-approved.,c97506ee
0.27,0.411,0.152,HOLD_LIKELY_MISMATCH,"Order deviates from stated intent (intent-match confidence 0.41) and doesn't align with this customer's history (preference-fit 0.15) — likely a mistaken purchase, held to prevent a probable return.",0522ef18
0.825,0.721,0.156,HOLD_FRAUD_REVIEW,Fraud-risk score 0.82 exceeds threshold 0.5 — held for manual fraud review.,1472e100
0.178,0.721,0.81,AUTO_APPROVE,Low fraud-risk (0.18) and high intent-match confidence (0.72) — auto-approved.,ca591361
0.532,0.721,0.62,HOLD_FRAUD_REVIEW,Fraud-risk score 0.53 exceeds threshold 0.5 — held for manual fraud review.,70d486a4
0.363,0.309,0.67,HOLD_CONFIRM_WITH_HUMAN,"Order deviates from stated intent (intent-match confidence 0.31), but this customer's history (preference-fit 0.67) suggests they may welcome this — routed to a quick human confirmation instead of auto-block.",2fac06a6
0.503,0.721,0.142,HOLD_FRAUD_REVIEW,Fraud-risk score 0.50 exceeds threshold 0.5 — held for manual fraud review.,fef26137
0.206,0.251,0.86,HOLD_CONFIRM_WITH_HUMAN,"Order deviates from stated intent (intent-match confidence 0.25), but this customer's history (preference-fit 0.86) suggests they may welcome this — routed to a quick human confirmation instead of auto-block.",fc0240e5
0.292,0.467,0.136,HOLD_LIKELY_MISMATCH,"Order deviates from stated intent (intent-match confidence 0.47) and doesn't align with this customer's history (preference-fit 0.14) — likely a mistaken purchase, held to prevent a probable return.",49ef7053
0.578,0.379,0.82,HOLD_FRAUD_REVIEW,Fraud-risk score 0.58 exceeds threshold 0.5 — held for manual fraud review.,049d8233
0.456,0.234,0.012,HOLD_LIKELY_MISMATCH,"Order deviates from stated intent (intent-match confidence 0.23) and doesn't align with this customer's history (preference-fit 0.01) — likely a mistaken purchase, held to prevent a probable return.",968c5635
0.306,0.721,0.54,AUTO_APPROVE,Low fraud-risk (0.31) and high intent-match confidence (0.72) — auto-approved.,66abf047
0.255,0.721,0.6,AUTO_APPROVE,Low fraud-risk (0.25) and high intent-match confidence (0.72) — auto-approved.,76ca1d9f
0.785,0.721,0.53,HOLD_FRAUD_REVIEW,Fraud-risk score 0.78 exceeds threshold 0.5 — held for manual fraud review.,abc484ff
0.29,0.232,0.28,HOLD_LIKELY_MISMATCH,"Order deviates from stated intent (intent-match confidence 0.23) and doesn't align with this customer's history (preference-fit 0.28) — likely a mistaken purchase, held to prevent a probable return.",bc97315d
0.372,0.721,0.104,AUTO_APPROVE,Low fraud-risk (0.37) and high intent-match confidence (0.72) — auto-approved.,f1aa3859
0.804,0.721,0.154,HOLD_FRAUD_REVIEW,Fraud-risk score 0.80 exceeds threshold 0.5 — held for manual fraud review.,5a835669
0.283,0.721,0.77,AUTO_APPROVE,Low fraud-risk (0.28) and high intent-match confidence (0.72) — auto-approved.,d3bd0539
0.449,0.721,0.41,AUTO_APPROVE,Low fraud-risk (0.45) and high intent-match confidence (0.72) — auto-approved.,7a92bc73
0.383,0.721,0.37,AUTO_APPROVE,Low fraud-risk (0.38) and high intent-match confidence (0.72) — auto-approved.,85467eca
0.554,0.721,0.73,HOLD_FRAUD_REVIEW,Fraud-risk score 0.55 exceeds threshold 0.5 — held for manual fraud review.,0fc715df
0.304,0.721,0.02,AUTO_APPROVE,Low fraud-risk (0.30) and high intent-match confidence (0.72) — auto-approved.,02a749d8
0.402,0.721,0.94,AUTO_APPROVE,Low fraud-risk (0.40) and high intent-match confidence (0.72) — auto-approved.,2e746420
0.266,0.721,0.198,AUTO_APPROVE,Low fraud-risk (0.27) and high intent-match confidence (0.72) — auto-approved.,48ab2d5b
0.415,0.721,0.93,AUTO_APPROVE,Low fraud-risk (0.41) and high intent-match confidence (0.72) — auto-approved.,a3b1ab64
0.349,0.721,0.158,AUTO_APPROVE,Low fraud-risk (0.35) and high intent-match confidence (0.72) — auto-approved.,2f31e20c
0.514,0.226,0.082,HOLD_FRAUD_REVIEW,Fraud-risk score 0.51 exceeds threshold 0.5 — held for manual fraud review.,188b297a
0.408,0.185,0.152,HOLD_LIKELY_MISMATCH,"Order deviates from stated intent (intent-match confidence 0.19) and doesn't align with this customer's history (preference-fit 0.15) — likely a mistaken purchase, held to prevent a probable return.",152b78f5
0.792,0.721,0.42,HOLD_FRAUD_REVIEW,Fraud-risk score 0.79 exceeds threshold 0.5 — held for manual fraud review.,0fe34952
0.306,0.721,0.42,AUTO_APPROVE,Low fraud-risk (0.31) and high intent-match confidence (0.72) — auto-approved.,b0479b46
0.504,0.721,0.34,HOLD_FRAUD_REVIEW,Fraud-risk score 0.50 exceeds threshold 0.5 — held for manual fraud review.,49614fec
0.825,0.388,0.27,HOLD_FRAUD_REVIEW,Fraud-risk score 0.82 exceeds threshold 0.5 — held for manual fraud review.,e992b3a9
0.366,0.358,0.29,HOLD_LIKELY_MISMATCH,"Order deviates from stated intent (intent-match confidence 0.36) and doesn't align with this customer's history (preference-fit 0.29) — likely a mistaken purchase, held to prevent a probable return.",a4094432
0.841,0.365,0.01,HOLD_FRAUD_REVIEW,Fraud-risk score 0.84 exceeds threshold 0.5 — held for manual fraud review.,b7adca60
0.886,0.721,0.38,HOLD_FRAUD_REVIEW,Fraud-risk score 0.89 exceeds threshold 0.5 — held for manual fraud review.,8fd9fc73
0.245,0.721,0.56,AUTO_APPROVE,Low fraud-risk (0.25) and high intent-match confidence (0.72) — auto-approved.,be16bd47
0.678,0.721,0.21,HOLD_FRAUD_REVIEW,Fraud-risk score 0.68 exceeds threshold 0.5 — held for manual fraud review.,c30c8916
0.312,0.721,0.6,AUTO_APPROVE,Low fraud-risk (0.31) and high intent-match confidence (0.72) — auto-approved.,d80bf4ad
0.473,0.455,0.184,HOLD_LIKELY_MISMATCH,"Order deviates from stated intent (intent-match confidence 0.45) and doesn't align with this customer's history (preference-fit 0.18) — likely a mistaken purchase, held to prevent a probable return.",777e5ca7
0.299,0.373,0.006,HOLD_LIKELY_MISMATCH,"Order deviates from stated intent (intent-match confidence 0.37) and doesn't align with this customer's history (preference-fit 0.01) — likely a mistaken purchase, held to prevent a probable return.",d5cd46c7
0.463,0.44,0.1,HOLD_LIKELY_MISMATCH,"Order deviates from stated intent (intent-match confidence 0.44) and doesn't align with this customer's history (preference-fit 0.10) — likely a mistaken purchase, held to prevent a probable return.",1fdda20e
0.52,0.721,0.57,HOLD_FRAUD_REVIEW,Fraud-risk score 0.52 exceeds threshold 0.5 — held for manual fraud review.,832060c7
0.311,0.721,0.116,AUTO_APPROVE,Low fraud-risk (0.31) and high intent-match confidence (0.72) — auto-approved.,3516eb6e
0.844,0.438,0.49,HOLD_FRAUD_REVIEW,Fraud-risk score 0.84 exceeds threshold 0.5 — held for manual fraud review.,d0d3be53
0.29,0.721,0.062,AUTO_APPROVE,Low fraud-risk (0.29) and high intent-match confidence (0.72) — auto-approved.,cae33ddc
0.373,0.721,0.188,AUTO_APPROVE,Low fraud-risk (0.37) and high intent-match confidence (0.72) — auto-approved.,16c4157b
0.636,0.418,0.59,HOLD_FRAUD_REVIEW,Fraud-risk score 0.64 exceeds threshold 0.5 — held for manual fraud review.,cd015741
0.504,0.383,0.08,HOLD_FRAUD_REVIEW,Fraud-risk score 0.50 exceeds threshold 0.5 — held for manual fraud review.,766c05ed
0.358,0.721,0.88,AUTO_APPROVE,Low fraud-risk (0.36) and high intent-match confidence (0.72) — auto-approved.,8552a6ba
0.405,0.721,0.79,AUTO_APPROVE,Low fraud-risk (0.40) and high intent-match confidence (0.72) — auto-approved.,1089cb2d
0.444,0.264,0.43,HOLD_LIKELY_MISMATCH,"Order deviates from stated intent (intent-match confidence 0.26) and doesn't align with this customer's history (preference-fit 0.43) — likely a mistaken purchase, held to prevent a probable return.",aec6eaee
0.583,0.721,0.61,HOLD_FRAUD_REVIEW,Fraud-risk score 0.58 exceeds threshold 0.5 — held for manual fraud review.,ce4ded16
0.388,0.233,0.72,HOLD_CONFIRM_WITH_HUMAN,"Order deviates from stated intent (intent-match confidence 0.23), but this customer's history (preference-fit 0.72) suggests they may welcome this — routed to a quick human confirmation instead of auto-block.",aa0aafe8
0.632,0.721,0.79,HOLD_FRAUD_REVIEW,Fraud-risk score 0.63 exceeds threshold 0.5 — held for manual fraud review.,4a784dd8
0.502,0.721,0.062,HOLD_FRAUD_REVIEW,Fraud-risk score 0.50 exceeds threshold 0.5 — held for manual fraud review.,1dafa14d
0.213,0.721,0.82,AUTO_APPROVE,Low fraud-risk (0.21) and high intent-match confidence (0.72) — auto-approved.,d843ce3b
0.45,0.721,0.24,AUTO_APPROVE,Low fraud-risk (0.45) and high intent-match confidence (0.72) — auto-approved.,a28512f2
0.386,0.721,0.89,AUTO_APPROVE,Low fraud-risk (0.39) and high intent-match confidence (0.72) — auto-approved.,466f6ef8
0.25,0.249,0.78,HOLD_CONFIRM_WITH_HUMAN,"Order deviates from stated intent (intent-match confidence 0.25), but this customer's history (preference-fit 0.78) suggests they may welcome this — routed to a quick human confirmation instead of auto-block.",1431e3a3
0.381,0.721,0.81,AUTO_APPROVE,Low fraud-risk (0.38) and high intent-match confidence (0.72) — auto-approved.,076606f1
0.356,0.721,0.66,AUTO_APPROVE,Low fraud-risk (0.36) and high intent-match confidence (0.72) — auto-approved.,fdb6d3a3
0.444,0.344,0.27,HOLD_LIKELY_MISMATCH,"Order deviates from stated intent (intent-match confidence 0.34) and doesn't align with this customer's history (preference-fit 0.27) — likely a mistaken purchase, held to prevent a probable return.",46802b97
0.892,0.721,0.77,HOLD_FRAUD_REVIEW,Fraud-risk score 0.89 exceeds threshold 0.5 — held for manual fraud review.,9a7135f0
0.46,0.721,0.31,AUTO_APPROVE,Low fraud-risk (0.46) and high intent-match confidence (0.72) — auto-approved.,d300b21f
0.278,0.432,0.1,HOLD_LIKELY_MISMATCH,"Order deviates from stated intent (intent-match confidence 0.43) and doesn't align with this customer's history (preference-fit 0.10) — likely a mistaken purchase, held to prevent a probable return.",0aea9076
0.339,0.721,0.72,AUTO_APPROVE,Low fraud-risk (0.34) and high intent-match confidence (0.72) — auto-approved.,6597813d
0.582,0.409,0.146,HOLD_FRAUD_REVIEW,Fraud-risk score 0.58 exceeds threshold 0.5 — held for manual fraud review.,6533c4be
0.177,0.721,0.92,AUTO_APPROVE,Low fraud-risk (0.18) and high intent-match confidence (0.72) — auto-approved.,caef909f
0.37,0.461,0.008,HOLD_LIKELY_MISMATCH,"Order deviates from stated intent (intent-match confidence 0.46) and doesn't align with this customer's history (preference-fit 0.01) — likely a mistaken purchase, held to prevent a probable return.",dda671a4
0.743,0.721,0.02,HOLD_FRAUD_REVIEW,Fraud-risk score 0.74 exceeds threshold 0.5 — held for manual fraud review.,82f07039
0.263,0.721,0.156,AUTO_APPROVE,Low fraud-risk (0.26) and high intent-match confidence (0.72) — auto-approved.,46795a10
0.866,0.292,0.14,HOLD_FRAUD_REVIEW,Fraud-risk score 0.87 exceeds threshold 0.5 — held for manual fraud review.,d7cf31ec
0.515,0.721,0.178,HOLD_FRAUD_REVIEW,Fraud-risk score 0.51 exceeds threshold 0.5 — held for manual fraud review.,2499d725
0.203,0.721,0.79,AUTO_APPROVE,Low fraud-risk (0.20) and high intent-match confidence (0.72) — auto-approved.,f80db944
0.39,0.721,0.83,AUTO_APPROVE,Low fraud-risk (0.39) and high intent-match confidence (0.72) — auto-approved.,efc482ee
0.451,0.409,0.058,HOLD_LIKELY_MISMATCH,"Order deviates from stated intent (intent-match confidence 0.41) and doesn't align with this customer's history (preference-fit 0.06) — likely a mistaken purchase, held to prevent a probable return.",c5e1fc55
0.366,0.721,0.28,AUTO_APPROVE,Low fraud-risk (0.37) and high intent-match confidence (0.72) — auto-approved.,bc24d249
0.37,0.721,0.58,AUTO_APPROVE,Low fraud-risk (0.37) and high intent-match confidence (0.72) — auto-approved.,434c2597
0.414,0.721,0.106,AUTO_APPROVE,Low fraud-risk (0.41) and high intent-match confidence (0.72) — auto-approved.,30193f7e
0.877,0.721,0.7,HOLD_FRAUD_REVIEW,Fraud-risk score 0.88 exceeds threshold 0.5 — held for manual fraud review.,ec1a2f30
0.205,0.721,0.1,AUTO_APPROVE,Low fraud-risk (0.20) and high intent-match confidence (0.72) — auto-approved.,a009184e
0.287,0.311,0.078,HOLD_LIKELY_MISMATCH,"Order deviates from stated intent (intent-match confidence 0.31) and doesn't align with this customer's history (preference-fit 0.08) — likely a mistaken purchase, held to prevent a probable return.",6b6357bb
0.203,0.721,0.47,AUTO_APPROVE,Low fraud-risk (0.20) and high intent-match confidence (0.72) — auto-approved.,30766248
0.737,0.232,0.1,HOLD_FRAUD_REVIEW,Fraud-risk score 0.74 exceeds threshold 0.5 — held for manual fraud review.,da6f2fdd
0.538,0.721,0.99,HOLD_FRAUD_REVIEW,Fraud-risk score 0.54 exceeds threshold 0.5 — held for manual fraud review.,979b8cae
0.221,0.721,0.38,AUTO_APPROVE,Low fraud-risk (0.22) and high intent-match confidence (0.72) — auto-approved.,58ee0a0e
0.239,0.352,0.66,HOLD_CONFIRM_WITH_HUMAN,"Order deviates from stated intent (intent-match confidence 0.35), but this customer's history (preference-fit 0.66) suggests they may welcome this — routed to a quick human confirmation instead of auto-block.",6ffc33aa
0.208,0.721,0.22,AUTO_APPROVE,Low fraud-risk (0.21) and high intent-match confidence (0.72) — auto-approved.,e4c87d70
0.446,0.721,0.35,AUTO_APPROVE,Low fraud-risk (0.45) and high intent-match confidence (0.72) — auto-approved.,c440a4e2
0.235,0.299,0.76,HOLD_CONFIRM_WITH_HUMAN,"Order deviates from stated intent (intent-match confidence 0.30), but this customer's history (preference-fit 0.76) suggests they may welcome this — routed to a quick human confirmation instead of auto-block.",2b88f17e
0.295,0.179,0.042,HOLD_LIKELY_MISMATCH,"Order deviates from stated intent (intent-match confidence 0.18) and doesn't align with this customer's history (preference-fit 0.04) — likely a mistaken purchase, held to prevent a probable return.",7f472f75
0.223,0.721,0.06,AUTO_APPROVE,Low fraud-risk (0.22) and high intent-match confidence (0.72) — auto-approved.,c075d7c5
0.424,0.386,0.22,HOLD_LIKELY_MISMATCH,"Order deviates from stated intent (intent-match confidence 0.39) and doesn't align with this customer's history (preference-fit 0.22) — likely a mistaken purchase, held to prevent a probable return.",6a113ce8
0.784,0.721,0.99,HOLD_FRAUD_REVIEW,Fraud-risk score 0.78 exceeds threshold 0.5 — held for manual fraud review.,e53a1b76
0.807,0.721,0.61,HOLD_FRAUD_REVIEW,Fraud-risk score 0.81 exceeds threshold 0.5 — held for manual fraud review.,42a0c2ab
0.197,0.721,0.01,AUTO_APPROVE,Low fraud-risk (0.20) and high intent-match confidence (0.72) — auto-approved.,772f078a
0.223,0.721,0.022,AUTO_APPROVE,Low fraud-risk (0.22) and high intent-match confidence (0.72) — auto-approved.,3d76adc7
0.265,0.381,0.81,HOLD_CONFIRM_WITH_HUMAN,"Order deviates from stated intent (intent-match confidence 0.38), but this customer's history (preference-fit 0.81) suggests they may welcome this — routed to a quick human confirmation instead of auto-block.",42e1a3b8
0.317,0.721,0.91,AUTO_APPROVE,Low fraud-risk (0.32) and high intent-match confidence (0.72) — auto-approved.,08ce393b
0.634,0.721,0.46,HOLD_FRAUD_REVIEW,Fraud-risk score 0.63 exceeds threshold 0.5 — held for manual fraud review.,acbc34b0
0.227,0.721,0.59,AUTO_APPROVE,Low fraud-risk (0.23) and high intent-match confidence (0.72) — auto-approved.,67635dd6
0.29,0.721,0.03,AUTO_APPROVE,Low fraud-risk (0.29) and high intent-match confidence (0.72) — auto-approved.,d17da8d4
0.475,0.721,0.92,AUTO_APPROVE,Low fraud-risk (0.47) and high intent-match confidence (0.72) — auto-approved.,b72b4d9a
0.528,0.346,0.1,HOLD_FRAUD_REVIEW,Fraud-risk score 0.53 exceeds threshold 0.5 — held for manual fraud review.,0ff8974b
0.305,0.721,0.072,AUTO_APPROVE,Low fraud-risk (0.30) and high intent-match confidence (0.72) — auto-approved.,5b14626c
0.58,0.184,0.158,HOLD_FRAUD_REVIEW,Fraud-risk score 0.58 exceeds threshold 0.5 — held for manual fraud review.,470faa88
0.886,0.721,0.16,HOLD_FRAUD_REVIEW,Fraud-risk score 0.89 exceeds threshold 0.5 — held for manual fraud review.,c3b35d13
0.192,0.721,0.14,AUTO_APPROVE,Low fraud-risk (0.19) and high intent-match confidence (0.72) — auto-approved.,dcaa37c1
0.203,0.721,0.53,AUTO_APPROVE,Low fraud-risk (0.20) and high intent-match confidence (0.72) — auto-approved.,247c90b3
0.178,0.721,0.45,AUTO_APPROVE,Low fraud-risk (0.18) and high intent-match confidence (0.72) — auto-approved.,cff251a4
0.458,0.721,0.06,AUTO_APPROVE,Low fraud-risk (0.46) and high intent-match confidence (0.72) — auto-approved.,62c40776
0.247,0.721,0.65,AUTO_APPROVE,Low fraud-risk (0.25) and high intent-match confidence (0.72) — auto-approved.,0bd52db8
0.757,0.294,0.162,HOLD_FRAUD_REVIEW,Fraud-risk score 0.76 exceeds threshold 0.5 — held for manual fraud review.,000f33ed
0.701,0.721,0.1,HOLD_FRAUD_REVIEW,Fraud-risk score 0.70 exceeds threshold 0.5 — held for manual fraud review.,d2529a64
0.251,0.721,0.81,AUTO_APPROVE,Low fraud-risk (0.25) and high intent-match confidence (0.72) — auto-approved.,7b4239a9
0.915,0.721,0.18,HOLD_FRAUD_REVIEW,Fraud-risk score 0.91 exceeds threshold 0.5 — held for manual fraud review.,dc54bfc5
0.338,0.721,0.54,AUTO_APPROVE,Low fraud-risk (0.34) and high intent-match confidence (0.72) — auto-approved.,1dc1d909
0.166,0.721,0.95,AUTO_APPROVE,Low fraud-risk (0.17) and high intent-match confidence (0.72) — auto-approved.,67644afa
0.497,0.721,0.13,AUTO_APPROVE,Low fraud-risk (0.50) and high intent-match confidence (0.72) — auto-approved.,5eed6021
0.445,0.721,0.058,AUTO_APPROVE,Low fraud-risk (0.44) and high intent-match confidence (0.72) — auto-approved.,e1efa5a4
0.407,0.721,0.33,AUTO_APPROVE,Low fraud-risk (0.41) and high intent-match confidence (0.72) — auto-approved.,e27d26b5
0.414,0.721,0.59,AUTO_APPROVE,Low fraud-risk (0.41) and high intent-match confidence (0.72) — auto-approved.,d137703b
0.295,0.721,0.21,AUTO_APPROVE,Low fraud-risk (0.29) and high intent-match confidence (0.72) — auto-approved.,7ae3455f
0.215,0.721,0.55,AUTO_APPROVE,Low fraud-risk (0.22) and high intent-match confidence (0.72) — auto-approved.,2b1e19e6
0.174,0.721,0.4,AUTO_APPROVE,Low fraud-risk (0.17) and high intent-match confidence (0.72) — auto-approved.,e316f9fb
0.45,0.3,0.23,HOLD_LIKELY_MISMATCH,"Order deviates from stated intent (intent-match confidence 0.30) and doesn't align with this customer's history (preference-fit 0.23) — likely a mistaken purchase, held to prevent a probable return.",07a2bcdd
0.392,0.721,0.85,AUTO_APPROVE,Low fraud-risk (0.39) and high intent-match confidence (0.72) — auto-approved.,cb280dcf
0.338,0.44,0.83,HOLD_CONFIRM_WITH_HUMAN,"Order deviates from stated intent (intent-match confidence 0.44), but this customer's history (preference-fit 0.83) suggests they may welcome this — routed to a quick human confirmation instead of auto-block.",3a38f5a7
0.193,0.721,0.22,AUTO_APPROVE,Low fraud-risk (0.19) and high intent-match confidence (0.72) — auto-approved.,48a868ea
0.248,0.721,0.53,AUTO_APPROVE,Low fraud-risk (0.25) and high intent-match confidence (0.72) — auto-approved.,ffabb627
0.627,0.24,0.54,HOLD_FRAUD_REVIEW,Fraud-risk score 0.63 exceeds threshold 0.5 — held for manual fraud review.,8e76d7ba
0.487,0.334,0.37,HOLD_LIKELY_MISMATCH,"Order deviates from stated intent (intent-match confidence 0.33) and doesn't align with this customer's history (preference-fit 0.37) — likely a mistaken purchase, held to prevent a probable return.",82c8bae8
0.376,0.721,0.186,AUTO_APPROVE,Low fraud-risk (0.38) and high intent-match confidence (0.72) — auto-approved.,e066ea56
0.473,0.721,0.98,AUTO_APPROVE,Low fraud-risk (0.47) and high intent-match confidence (0.72) — auto-approved.,a9e47f1f
0.284,0.238,0.132,HOLD_LIKELY_MISMATCH,"Order deviates from stated intent (intent-match confidence 0.24) and doesn't align with this customer's history (preference-fit 0.13) — likely a mistaken purchase, held to prevent a probable return.",c27b8cd1
0.213,0.721,0.27,AUTO_APPROVE,Low fraud-risk (0.21) and high intent-match confidence (0.72) — auto-approved.,deed0363
0.312,0.338,0.99,HOLD_CONFIRM_WITH_HUMAN,"Order deviates from stated intent (intent-match confidence 0.34), but this customer's history (preference-fit 0.99) suggests they may welcome this — routed to a quick human confirmation instead of auto-block.",618455b5
0.313,0.299,0.52,HOLD_CONFIRM_WITH_HUMAN,"Order deviates from stated intent (intent-match confidence 0.30), but this customer's history (preference-fit 0.52) suggests they may welcome this — routed to a quick human confirmation instead of auto-block.",9189959a
0.377,0.3,0.07,HOLD_LIKELY_MISMATCH,"Order deviates from stated intent (intent-match confidence 0.30) and doesn't align with this customer's history (preference-fit 0.07) — likely a mistaken purchase, held to prevent a probable return.",34d7c9b2
0.473,0.721,0.068,AUTO_APPROVE,Low fraud-risk (0.47) and high intent-match confidence (0.72) — auto-approved.,19f592f2
0.353,0.721,0.34,AUTO_APPROVE,Low fraud-risk (0.35) and high intent-match confidence (0.72) — auto-approved.,b3b391fd
0.354,0.721,0.75,AUTO_APPROVE,Low fraud-risk (0.35) and high intent-match confidence (0.72) — auto-approved.,7b4d3831
0.21,0.28,0.17,HOLD_LIKELY_MISMATCH,"Order deviates from stated intent (intent-match confidence 0.28) and doesn't align with this customer's history (preference-fit 0.17) — likely a mistaken purchase, held to prevent a probable return.",92df9db0
0.198,0.721,0.17,AUTO_APPROVE,Low fraud-risk (0.20) and high intent-match confidence (0.72) — auto-approved.,611b245c
0.601,0.721,0.156,HOLD_FRAUD_REVIEW,Fraud-risk score 0.60 exceeds threshold 0.5 — held for manual fraud review.,48691de2
0.197,0.721,0.1,AUTO_APPROVE,Low fraud-risk (0.20) and high intent-match confidence (0.72) — auto-approved.,0f4dbd1d
0.552,0.315,0.89,HOLD_FRAUD_REVIEW,Fraud-risk score 0.55 exceeds threshold 0.5 — held for manual fraud review.,ed0937eb
0.247,0.721,0.44,AUTO_APPROVE,Low fraud-risk (0.25) and high intent-match confidence (0.72) — auto-approved.,1391696e
0.659,0.721,0.9,HOLD_FRAUD_REVIEW,Fraud-risk score 0.66 exceeds threshold 0.5 — held for manual fraud review.,24e2b58e
0.376,0.327,0.032,HOLD_LIKELY_MISMATCH,"Order deviates from stated intent (intent-match confidence 0.33) and doesn't align with this customer's history (preference-fit 0.03) — likely a mistaken purchase, held to prevent a probable return.",e64ac371
0.375,0.721,0.46,AUTO_APPROVE,Low fraud-risk (0.38) and high intent-match confidence (0.72) — auto-approved.,1152854f
0.208,0.721,0.62,AUTO_APPROVE,Low fraud-risk (0.21) and high intent-match confidence (0.72) — auto-approved.,7f81ec9a
0.197,0.721,0.42,AUTO_APPROVE,Low fraud-risk (0.20) and high intent-match confidence (0.72) — auto-approved.,e8ec1e3a
0.357,0.721,0.63,AUTO_APPROVE,Low fraud-risk (0.36) and high intent-match confidence (0.72) — auto-approved.,6088427e
0.388,0.721,0.56,AUTO_APPROVE,Low fraud-risk (0.39) and high intent-match confidence (0.72) — auto-approved.,b4b91d8c
0.701,0.721,0.88,HOLD_FRAUD_REVIEW,Fraud-risk score 0.70 exceeds threshold 0.5 — held for manual fraud review.,2bcdb214
0.208,0.721,0.18,AUTO_APPROVE,Low fraud-risk (0.21) and high intent-match confidence (0.72) — auto-approved.,b4096ab5
0.772,0.307,0.36,HOLD_FRAUD_REVIEW,Fraud-risk score 0.77 exceeds threshold 0.5 — held for manual fraud review.,686759c8
0.526,0.721,0.07,HOLD_FRAUD_REVIEW,Fraud-risk score 0.53 exceeds threshold 0.5 — held for manual fraud review.,eff05d19
0.358,0.721,0.186,AUTO_APPROVE,Low fraud-risk (0.36) and high intent-match confidence (0.72) — auto-approved.,9eca30d8
0.574,0.307,0.15,HOLD_FRAUD_REVIEW,Fraud-risk score 0.57 exceeds threshold 0.5 — held for manual fraud review.,383fabf4
0.424,0.721,0.64,AUTO_APPROVE,Low fraud-risk (0.42) and high intent-match confidence (0.72) — auto-approved.,fbef8fed
0.869,0.721,0.54,HOLD_FRAUD_REVIEW,Fraud-risk score 0.87 exceeds threshold 0.5 — held for manual fraud review.,22496c99
0.375,0.721,0.94,AUTO_APPROVE,Low fraud-risk (0.38) and high intent-match confidence (0.72) — auto-approved.,e583b3c6
0.409,0.355,0.77,HOLD_CONFIRM_WITH_HUMAN,"Order deviates from stated intent (intent-match confidence 0.35), but this customer's history (preference-fit 0.77) suggests they may welcome this — routed to a quick human confirmation instead of auto-block.",00aa6425
0.503,0.721,0.34,HOLD_FRAUD_REVIEW,Fraud-risk score 0.50 exceeds threshold 0.5 — held for manual fraud review.,87240f24
0.937,0.342,0.17,HOLD_FRAUD_REVIEW,Fraud-risk score 0.94 exceeds threshold 0.5 — held for manual fraud review.,21dfc2ad
0.441,0.259,0.024,HOLD_LIKELY_MISMATCH,"Order deviates from stated intent (intent-match confidence 0.26) and doesn't align with this customer's history (preference-fit 0.02) — likely a mistaken purchase, held to prevent a probable return.",8f589316
0.573,0.721,0.31,HOLD_FRAUD_REVIEW,Fraud-risk score 0.57 exceeds threshold 0.5 — held for manual fraud review.,1dba3ba5
0.453,0.721,0.68,AUTO_APPROVE,Low fraud-risk (0.45) and high intent-match confidence (0.72) — auto-approved.,5082930e
0.232,0.721,0.82,AUTO_APPROVE,Low fraud-risk (0.23) and high intent-match confidence (0.72) — auto-approved.,945fb6a9
0.381,0.721,0.19,AUTO_APPROVE,Low fraud-risk (0.38) and high intent-match confidence (0.72) — auto-approved.,ae1ce790
0.524,0.45,0.43,HOLD_FRAUD_REVIEW,Fraud-risk score 0.52 exceeds threshold 0.5 — held for manual fraud review.,51958267
0.839,0.721,0.36,HOLD_FRAUD_REVIEW,Fraud-risk score 0.84 exceeds threshold 0.5 — held for manual fraud review.,322b6578
0.182,0.721,0.61,AUTO_APPROVE,Low fraud-risk (0.18) and high intent-match confidence (0.72) — auto-approved.,76af75c6
0.205,0.721,0.61,AUTO_APPROVE,Low fraud-risk (0.20) and high intent-match confidence (0.72) — auto-approved.,5079443b
0.444,0.438,0.66,HOLD_CONFIRM_WITH_HUMAN,"Order deviates from stated intent (intent-match confidence 0.44), but this customer's history (preference-fit 0.66) suggests they may welcome this — routed to a quick human confirmation instead of auto-block.",b75f4e68
0.569,0.26,0.082,HOLD_FRAUD_REVIEW,Fraud-risk score 0.57 exceeds threshold 0.5 — held for manual fraud review.,21db105e
0.456,0.721,0.9,AUTO_APPROVE,Low fraud-risk (0.46) and high intent-match confidence (0.72) — auto-approved.,6ddae710
0.178,0.242,0.162,HOLD_LIKELY_MISMATCH,"Order deviates from stated intent (intent-match confidence 0.24) and doesn't align with this customer's history (preference-fit 0.16) — likely a mistaken purchase, held to prevent a probable return.",7bfdf992
0.366,0.388,0.144,HOLD_LIKELY_MISMATCH,"Order deviates from stated intent (intent-match confidence 0.39) and doesn't align with this customer's history (preference-fit 0.14) — likely a mistaken purchase, held to prevent a probable return.",a98e4b6f
0.19,0.721,0.35,AUTO_APPROVE,Low fraud-risk (0.19) and high intent-match confidence (0.72) — auto-approved.,86d4384d
0.45,0.721,0.45,AUTO_APPROVE,Low fraud-risk (0.45) and high intent-match confidence (0.72) — auto-approved.,960e7879
0.529,0.306,0.93,HOLD_FRAUD_REVIEW,Fraud-risk score 0.53 exceeds threshold 0.5 — held for manual fraud review.,f772a453
0.397,0.721,0.76,AUTO_APPROVE,Low fraud-risk (0.40) and high intent-match confidence (0.72) — auto-approved.,aea232f0
0.273,0.721,0.5,AUTO_APPROVE,Low fraud-risk (0.27) and high intent-match confidence (0.72) — auto-approved.,c8419af9
0.217,0.721,0.27,AUTO_APPROVE,Low fraud-risk (0.22) and high intent-match confidence (0.72) — auto-approved.,e58b1cc6
0.408,0.227,0.24,HOLD_LIKELY_MISMATCH,"Order deviates from stated intent (intent-match confidence 0.23) and doesn't align with this customer's history (preference-fit 0.24) — likely a mistaken purchase, held to prevent a probable return.",46a4a834
0.363,0.721,0.132,AUTO_APPROVE,Low fraud-risk (0.36) and high intent-match confidence (0.72) — auto-approved.,dad1579f
0.213,0.721,0.81,AUTO_APPROVE,Low fraud-risk (0.21) and high intent-match confidence (0.72) — auto-approved.,a824b5fa
0.329,0.413,0.43,HOLD_LIKELY_MISMATCH,"Order deviates from stated intent (intent-match confidence 0.41) and doesn't align with this customer's history (preference-fit 0.43) — likely a mistaken purchase, held to prevent a probable return.",95e3ea9a
0.172,0.242,0.47,HOLD_LIKELY_MISMATCH,"Order deviates from stated intent (intent-match confidence 0.24) and doesn't align with this customer's history (preference-fit 0.47) — likely a mistaken purchase, held to prevent a probable return.",85808eb0
0.411,0.721,0.79,AUTO_APPROVE,Low fraud-risk (0.41) and high intent-match confidence (0.72) — auto-approved.,116ae572
0.277,0.721,0.37,AUTO_APPROVE,Low fraud-risk (0.28) and high intent-match confidence (0.72) — auto-approved.,5136cac2
0.494,0.284,0.94,HOLD_CONFIRM_WITH_HUMAN,"Order deviates from stated intent (intent-match confidence 0.28), but this customer's history (preference-fit 0.94) suggests they may welcome this — routed to a quick human confirmation instead of auto-block.",36c137aa
0.256,0.721,0.08,AUTO_APPROVE,Low fraud-risk (0.26) and high intent-match confidence (0.72) — auto-approved.,59ad39fa
0.515,0.721,0.13,HOLD_FRAUD_REVIEW,Fraud-risk score 0.52 exceeds threshold 0.5 — held for manual fraud review.,6222ea79
0.826,0.464,0.46,HOLD_FRAUD_REVIEW,Fraud-risk score 0.83 exceeds threshold 0.5 — held for manual fraud review.,34c2a8d3
0.752,0.203,0.046,HOLD_FRAUD_REVIEW,Fraud-risk score 0.75 exceeds threshold 0.5 — held for manual fraud review.,b1739653
0.415,0.721,0.5,AUTO_APPROVE,Low fraud-risk (0.41) and high intent-match confidence (0.72) — auto-approved.,9ca2ac5e
0.713,0.721,0.97,HOLD_FRAUD_REVIEW,Fraud-risk score 0.71 exceeds threshold 0.5 — held for manual fraud review.,e50dfb6c
0.394,0.721,0.4,AUTO_APPROVE,Low fraud-risk (0.39) and high intent-match confidence (0.72) — auto-approved.,119baddf
0.516,0.721,0.04,HOLD_FRAUD_REVIEW,Fraud-risk score 0.52 exceeds threshold 0.5 — held for manual fraud review.,79545d07
0.723,0.721,0.188,HOLD_FRAUD_REVIEW,Fraud-risk score 0.72 exceeds threshold 0.5 — held for manual fraud review.,4fd5285b
0.468,0.721,0.81,AUTO_APPROVE,Low fraud-risk (0.47) and high intent-match confidence (0.72) — auto-approved.,6886533e
0.307,0.721,0.75,AUTO_APPROVE,Low fraud-risk (0.31) and high intent-match confidence (0.72) — auto-approved.,76007f42
0.754,0.721,0.0,HOLD_FRAUD_REVIEW,Fraud-risk score 0.75 exceeds threshold 0.5 — held for manual fraud review.,c75eee0c
0.189,0.221,0.54,HOLD_CONFIRM_WITH_HUMAN,"Order deviates from stated intent (intent-match confidence 0.22), but this customer's history (preference-fit 0.54) suggests they may welcome this — routed to a quick human confirmation instead of auto-block.",d2d019e9
0.258,0.721,0.17,AUTO_APPROVE,Low fraud-risk (0.26) and high intent-match confidence (0.72) — auto-approved.,45277c92
0.83,0.721,0.004,HOLD_FRAUD_REVIEW,Fraud-risk score 0.83 exceeds threshold 0.5 — held for manual fraud review.,ec59a457
0.896,0.219,0.21,HOLD_FRAUD_REVIEW,Fraud-risk score 0.90 exceeds threshold 0.5 — held for manual fraud review.,5ead5964
0.219,0.721,0.79,AUTO_APPROVE,Low fraud-risk (0.22) and high intent-match confidence (0.72) — auto-approved.,02308f37
0.678,0.385,0.75,HOLD_FRAUD_REVIEW,Fraud-risk score 0.68 exceeds threshold 0.5 — held for manual fraud review.,e8ee5d0d
0.847,0.721,0.0,HOLD_FRAUD_REVIEW,Fraud-risk score 0.85 exceeds threshold 0.5 — held for manual fraud review.,8b34e68d
0.358,0.721,0.22,AUTO_APPROVE,Low fraud-risk (0.36) and high intent-match confidence (0.72) — auto-approved.,9c508784
0.712,0.721,0.37,HOLD_FRAUD_REVIEW,Fraud-risk score 0.71 exceeds threshold 0.5 — held for manual fraud review.,329c0a68
0.642,0.429,0.3,HOLD_FRAUD_REVIEW,Fraud-risk score 0.64 exceeds threshold 0.5 — held for manual fraud review.,15d68793
0.221,0.721,0.74,AUTO_APPROVE,Low fraud-risk (0.22) and high intent-match confidence (0.72) — auto-approved.,ebe61b42
0.468,0.721,0.4,AUTO_APPROVE,Low fraud-risk (0.47) and high intent-match confidence (0.72) — auto-approved.,5d05b567
0.35,0.721,0.66,AUTO_APPROVE,Low fraud-risk (0.35) and high intent-match confidence (0.72) — auto-approved.,56074738
0.386,0.229,0.93,HOLD_CONFIRM_WITH_HUMAN,"Order deviates from stated intent (intent-match confidence 0.23), but this customer's history (preference-fit 0.93) suggests they may welcome this — routed to a quick human confirmation instead of auto-block.",b0d6c889
0.469,0.721,0.15,AUTO_APPROVE,Low fraud-risk (0.47) and high intent-match confidence (0.72) — auto-approved.,6528e92f
0.543,0.256,0.35,HOLD_FRAUD_REVIEW,Fraud-risk score 0.54 exceeds threshold 0.5 — held for manual fraud review.,06091647
0.87,0.721,0.28,HOLD_FRAUD_REVIEW,Fraud-risk score 0.87 exceeds threshold 0.5 — held for manual fraud review.,27a3db12
0.219,0.721,0.55,AUTO_APPROVE,Low fraud-risk (0.22) and high intent-match confidence (0.72) — auto-approved.,cc5058cc
0.807,0.721,0.8,HOLD_FRAUD_REVIEW,Fraud-risk score 0.81 exceeds threshold 0.5 — held for manual fraud review.,7a57d0c2
0.505,0.721,0.86,HOLD_FRAUD_REVIEW,Fraud-risk score 0.51 exceeds threshold 0.5 — held for manual fraud review.,4a2b2e26
0.402,0.721,0.38,AUTO_APPROVE,Low fraud-risk (0.40) and high intent-match confidence (0.72) — auto-approved.,4aebceb7
0.797,0.721,0.1,HOLD_FRAUD_REVIEW,Fraud-risk score 0.80 exceeds threshold 0.5 — held for manual fraud review.,8669c27c
0.421,0.38,0.15,HOLD_LIKELY_MISMATCH,"Order deviates from stated intent (intent-match confidence 0.38) and doesn't align with this customer's history (preference-fit 0.15) — likely a mistaken purchase, held to prevent a probable return.",c0eff0b3
0.481,0.721,0.032,AUTO_APPROVE,Low fraud-risk (0.48) and high intent-match confidence (0.72) — auto-approved.,0439e121
0.351,0.721,0.6,AUTO_APPROVE,Low fraud-risk (0.35) and high intent-match confidence (0.72) — auto-approved.,627c9f94
0.413,0.721,0.69,AUTO_APPROVE,Low fraud-risk (0.41) and high intent-match confidence (0.72) — auto-approved.,e452098d
0.243,0.721,0.14,AUTO_APPROVE,Low fraud-risk (0.24) and high intent-match confidence (0.72) — auto-approved.,d9872f25
0.397,0.721,0.022,AUTO_APPROVE,Low fraud-risk (0.40) and high intent-match confidence (0.72) — auto-approved.,6a649007
0.275,0.235,0.61,HOLD_CONFIRM_WITH_HUMAN,"Order deviates from stated intent (intent-match confidence 0.24), but this customer's history (preference-fit 0.61) suggests they may welcome this — routed to a quick human confirmation instead of auto-block.",0563574f
0.951,0.721,0.06,HOLD_FRAUD_REVIEW,Fraud-risk score 0.95 exceeds threshold 0.5 — held for manual fraud review.,86db4d19
0.394,0.438,0.29,HOLD_LIKELY_MISMATCH,"Order deviates from stated intent (intent-match confidence 0.44) and doesn't align with this customer's history (preference-fit 0.29) — likely a mistaken purchase, held to prevent a probable return.",f689a98c
0.196,0.721,0.6,AUTO_APPROVE,Low fraud-risk (0.20) and high intent-match confidence (0.72) — auto-approved.,0d0d7d30
0.269,0.721,0.5,AUTO_APPROVE,Low fraud-risk (0.27) and high intent-match confidence (0.72) — auto-approved.,ff053483
0.442,0.461,0.9,HOLD_CONFIRM_WITH_HUMAN,"Order deviates from stated intent (intent-match confidence 0.46), but this customer's history (preference-fit 0.90) suggests they may welcome this — routed to a quick human confirmation instead of auto-block.",b5753eab
0.579,0.721,0.8,HOLD_FRAUD_REVIEW,Fraud-risk score 0.58 exceeds threshold 0.5 — held for manual fraud review.,83931362
0.256,0.429,0.93,HOLD_CONFIRM_WITH_HUMAN,"Order deviates from stated intent (intent-match confidence 0.43), but this customer's history (preference-fit 0.93) suggests they may welcome this — routed to a quick human confirmation instead of auto-block.",b2eb3eb0
0.631,0.273,0.15,HOLD_FRAUD_REVIEW,Fraud-risk score 0.63 exceeds threshold 0.5 — held for manual fraud review.,0c56b294
0.469,0.721,0.28,AUTO_APPROVE,Low fraud-risk (0.47) and high intent-match confidence (0.72) — auto-approved.,051a3ef6
0.387,0.721,0.37,AUTO_APPROVE,Low fraud-risk (0.39) and high intent-match confidence (0.72) — auto-approved.,12f03f20
0.248,0.721,0.1,AUTO_APPROVE,Low fraud-risk (0.25) and high intent-match confidence (0.72) — auto-approved.,de17e089
0.353,0.721,0.33,AUTO_APPROVE,Low fraud-risk (0.35) and high intent-match confidence (0.72) — auto-approved.,9b2791db
0.302,0.721,0.076,AUTO_APPROVE,Low fraud-risk (0.30) and high intent-match confidence (0.72) — auto-approved.,e22a95ec
0.761,0.721,0.67,HOLD_FRAUD_REVIEW,Fraud-risk score 0.76 exceeds threshold 0.5 — held for manual fraud review.,7d573448
0.508,0.187,0.12,HOLD_FRAUD_REVIEW,Fraud-risk score 0.51 exceeds threshold 0.5 — held for manual fraud review.,7a9ea3da
0.351,0.721,0.144,AUTO_APPROVE,Low fraud-risk (0.35) and high intent-match confidence (0.72) — auto-approved.,9058aa96
0.323,0.244,0.124,HOLD_LIKELY_MISMATCH,"Order deviates from stated intent (intent-match confidence 0.24) and doesn't align with this customer's history (preference-fit 0.12) — likely a mistaken purchase, held to prevent a probable return.",a0abd7dd
0.456,0.721,0.39,AUTO_APPROVE,Low fraud-risk (0.46) and high intent-match confidence (0.72) — auto-approved.,f399ddf0
0.822,0.721,0.65,HOLD_FRAUD_REVIEW,Fraud-risk score 0.82 exceeds threshold 0.5 — held for manual fraud review.,6ae8d804
0.715,0.721,0.81,HOLD_FRAUD_REVIEW,Fraud-risk score 0.71 exceeds threshold 0.5 — held for manual fraud review.,91efd79c
0.265,0.721,0.72,AUTO_APPROVE,Low fraud-risk (0.26) and high intent-match confidence (0.72) — auto-approved.,7118c57e
0.256,0.721,0.5,AUTO_APPROVE,Low fraud-risk (0.26) and high intent-match confidence (0.72) — auto-approved.,9d4a3214
0.169,0.29,0.128,HOLD_LIKELY_MISMATCH,"Order deviates from stated intent (intent-match confidence 0.29) and doesn't align with this customer's history (preference-fit 0.13) — likely a mistaken purchase, held to prevent a probable return.",d5978a7b
0.517,0.721,0.64,HOLD_FRAUD_REVIEW,Fraud-risk score 0.52 exceeds threshold 0.5 — held for manual fraud review.,746b1229
0.489,0.721,0.28,AUTO_APPROVE,Low fraud-risk (0.49) and high intent-match confidence (0.72) — auto-approved.,956f8ccb
0.401,0.721,0.39,AUTO_APPROVE,Low fraud-risk (0.40) and high intent-match confidence (0.72) — auto-approved.,9f1700f9
0.217,0.721,0.04,AUTO_APPROVE,Low fraud-risk (0.22) and high intent-match confidence (0.72) — auto-approved.,92d98771
0.19,0.721,0.176,AUTO_APPROVE,Low fraud-risk (0.19) and high intent-match confidence (0.72) — auto-approved.,c6db63a5
0.609,0.39,0.036,HOLD_FRAUD_REVIEW,Fraud-risk score 0.61 exceeds threshold 0.5 — held for manual fraud review.,be9822e7
0.231,0.375,0.31,HOLD_LIKELY_MISMATCH,"Order deviates from stated intent (intent-match confidence 0.38) and doesn't align with this customer's history (preference-fit 0.31) — likely a mistaken purchase, held to prevent a probable return.",bb719050
0.499,0.721,0.19,AUTO_APPROVE,Low fraud-risk (0.50) and high intent-match confidence (0.72) — auto-approved.,cc75877b
0.364,0.264,0.29,HOLD_LIKELY_MISMATCH,"Order deviates from stated intent (intent-match confidence 0.26) and doesn't align with this customer's history (preference-fit 0.29) — likely a mistaken purchase, held to prevent a probable return.",443607f7
0.236,0.721,1.0,AUTO_APPROVE,Low fraud-risk (0.24) and high intent-match confidence (0.72) — auto-approved.,51f2584e
0.868,0.721,0.4,HOLD_FRAUD_REVIEW,Fraud-risk score 0.87 exceeds threshold 0.5 — held for manual fraud review.,5daa79f1
0.26,0.721,0.58,AUTO_APPROVE,Low fraud-risk (0.26) and high intent-match confidence (0.72) — auto-approved.,4bcafa79
0.765,0.183,0.142,HOLD_FRAUD_REVIEW,Fraud-risk score 0.76 exceeds threshold 0.5 — held for manual fraud review.,06df21a0
0.842,0.36,0.74,HOLD_FRAUD_REVIEW,Fraud-risk score 0.84 exceeds threshold 0.5 — held for manual fraud review.,a603ae5f
0.342,0.721,0.09,AUTO_APPROVE,Low fraud-risk (0.34) and high intent-match confidence (0.72) — auto-approved.,f43be7c6
0.298,0.721,0.2,AUTO_APPROVE,Low fraud-risk (0.30) and high intent-match confidence (0.72) — auto-approved.,d93ffccd
0.758,0.401,0.028,HOLD_FRAUD_REVIEW,Fraud-risk score 0.76 exceeds threshold 0.5 — held for manual fraud review.,dfa8183b
0.25,0.721,0.72,AUTO_APPROVE,Low fraud-risk (0.25) and high intent-match confidence (0.72) — auto-approved.,d2d19d30
0.223,0.721,0.088,AUTO_APPROVE,Low fraud-risk (0.22) and high intent-match confidence (0.72) — auto-approved.,72ffb60d
0.585,0.721,0.54,HOLD_FRAUD_REVIEW,Fraud-risk score 0.58 exceeds threshold 0.5 — held for manual fraud review.,704bacc3
0.2,0.721,0.71,AUTO_APPROVE,Low fraud-risk (0.20) and high intent-match confidence (0.72) — auto-approved.,2cc02a30
0.482,0.721,0.58,AUTO_APPROVE,Low fraud-risk (0.48) and high intent-match confidence (0.72) — auto-approved.,f27e3167
0.513,0.721,0.18,HOLD_FRAUD_REVIEW,Fraud-risk score 0.51 exceeds threshold 0.5 — held for manual fraud review.,8090fb8e
0.401,0.721,0.92,AUTO_APPROVE,Low fraud-risk (0.40) and high intent-match confidence (0.72) — auto-approved.,c0876b66
0.408,0.721,0.32,AUTO_APPROVE,Low fraud-risk (0.41) and high intent-match confidence (0.72) — auto-approved.,867d7449
0.683,0.721,0.34,HOLD_FRAUD_REVIEW,Fraud-risk score 0.68 exceeds threshold 0.5 — held for manual fraud review.,ab5cbeab
0.474,0.242,0.65,HOLD_CONFIRM_WITH_HUMAN,"Order deviates from stated intent (intent-match confidence 0.24), but this customer's history (preference-fit 0.65) suggests they may welcome this — routed to a quick human confirmation instead of auto-block.",4462840d
0.423,0.721,0.01,AUTO_APPROVE,Low fraud-risk (0.42) and high intent-match confidence (0.72) — auto-approved.,be4434b1
0.363,0.317,0.85,HOLD_CONFIRM_WITH_HUMAN,"Order deviates from stated intent (intent-match confidence 0.32), but this customer's history (preference-fit 0.85) suggests they may welcome this — routed to a quick human confirmation instead of auto-block.",de626b69
0.504,0.721,0.036,HOLD_FRAUD_REVIEW,Fraud-risk score 0.50 exceeds threshold 0.5 — held for manual fraud review.,1dc4df76
0.507,0.354,0.15,HOLD_FRAUD_REVIEW,Fraud-risk score 0.51 exceeds threshold 0.5 — held for manual fraud review.,f9bca85e
0.717,0.721,0.44,HOLD_FRAUD_REVIEW,Fraud-risk score 0.72 exceeds threshold 0.5 — held for manual fraud review.,87c0f3c4
0.303,0.721,0.04,AUTO_APPROVE,Low fraud-risk (0.30) and high intent-match confidence (0.72) — auto-approved.,cf71217b
0.374,0.721,0.98,AUTO_APPROVE,Low fraud-risk (0.37) and high intent-match confidence (0.72) — auto-approved.,f679cea2
0.759,0.721,0.42,HOLD_FRAUD_REVIEW,Fraud-risk score 0.76 exceeds threshold 0.5 — held for manual fraud review.,148c3d6b
0.204,0.721,0.96,AUTO_APPROVE,Low fraud-risk (0.20) and high intent-match confidence (0.72) — auto-approved.,2b00002e
0.385,0.391,0.058,HOLD_LIKELY_MISMATCH,"Order deviates from stated intent (intent-match confidence 0.39) and doesn't align with this customer's history (preference-fit 0.06) — likely a mistaken purchase, held to prevent a probable return.",0e44ed35
0.424,0.721,0.84,AUTO_APPROVE,Low fraud-risk (0.42) and high intent-match confidence (0.72) — auto-approved.,77719241
0.476,0.372,0.124,HOLD_LIKELY_MISMATCH,"Order deviates from stated intent (intent-match confidence 0.37) and doesn't align with this customer's history (preference-fit 0.12) — likely a mistaken purchase, held to prevent a probable return.",5e209254
0.242,0.721,0.082,AUTO_APPROVE,Low fraud-risk (0.24) and high intent-match confidence (0.72) — auto-approved.,33256936
0.51,0.321,0.63,HOLD_FRAUD_REVIEW,Fraud-risk score 0.51 exceeds threshold 0.5 — held for manual fraud review.,42fc625a
0.401,0.721,0.59,AUTO_APPROVE,Low fraud-risk (0.40) and high intent-match confidence (0.72) — auto-approved.,35d76af8
0.577,0.721,0.54,HOLD_FRAUD_REVIEW,Fraud-risk score 0.58 exceeds threshold 0.5 — held for manual fraud review.,63b226e0
0.581,0.721,0.35,HOLD_FRAUD_REVIEW,Fraud-risk score 0.58 exceeds threshold 0.5 — held for manual fraud review.,6f8d4f2e
0.388,0.435,0.126,HOLD_LIKELY_MISMATCH,"Order deviates from stated intent (intent-match confidence 0.43) and doesn't align with this customer's history (preference-fit 0.13) — likely a mistaken purchase, held to prevent a probable return.",1c4737fa
0.53,0.3,0.7,HOLD_FRAUD_REVIEW,Fraud-risk score 0.53 exceeds threshold 0.5 — held for manual fraud review.,4f31024d
0.402,0.284,0.05,HOLD_LIKELY_MISMATCH,"Order deviates from stated intent (intent-match confidence 0.28) and doesn't align with this customer's history (preference-fit 0.05) — likely a mistaken purchase, held to prevent a probable return.",fd7664af
0.265,0.721,0.5,AUTO_APPROVE,Low fraud-risk (0.26) and high intent-match confidence (0.72) — auto-approved.,fdf050af
0.46,0.303,0.124,HOLD_LIKELY_MISMATCH,"Order deviates from stated intent (intent-match confidence 0.30) and doesn't align with this customer's history (preference-fit 0.12) — likely a mistaken purchase, held to prevent a probable return.",e64f4824
0.737,0.26,0.24,HOLD_FRAUD_REVIEW,Fraud-risk score 0.74 exceeds threshold 0.5 — held for manual fraud review.,d1a3d886
0.193,0.721,0.83,AUTO_APPROVE,Low fraud-risk (0.19) and high intent-match confidence (0.72) — auto-approved.,31a440e8
0.785,0.721,0.084,HOLD_FRAUD_REVIEW,Fraud-risk score 0.79 exceeds threshold 0.5 — held for manual fraud review.,9010c23d
0.291,0.287,0.1,HOLD_LIKELY_MISMATCH,"Order deviates from stated intent (intent-match confidence 0.29) and doesn't align with this customer's history (preference-fit 0.10) — likely a mistaken purchase, held to prevent a probable return.",04df5f64
0.459,0.24,0.98,HOLD_CONFIRM_WITH_HUMAN,"Order deviates from stated intent (intent-match confidence 0.24), but this customer's history (preference-fit 0.98) suggests they may welcome this — routed to a quick human confirmation instead of auto-block.",f795d8dc
0.299,0.721,0.68,AUTO_APPROVE,Low fraud-risk (0.30) and high intent-match confidence (0.72) — auto-approved.,9c4e5dd4
0.204,0.132,0.196,HOLD_LIKELY_MISMATCH,"Order deviates from stated intent (intent-match confidence 0.13) and doesn't align with this customer's history (preference-fit 0.20) — likely a mistaken purchase, held to prevent a probable return.",04eb613b
0.824,0.263,0.88,HOLD_FRAUD_REVIEW,Fraud-risk score 0.82 exceeds threshold 0.5 — held for manual fraud review.,cd605035
0.198,0.721,0.63,AUTO_APPROVE,Low fraud-risk (0.20) and high intent-match confidence (0.72) — auto-approved.,63e58c24
0.937,0.306,0.59,HOLD_FRAUD_REVIEW,Fraud-risk score 0.94 exceeds threshold 0.5 — held for manual fraud review.,256ee1fc
0.821,0.342,0.136,HOLD_FRAUD_REVIEW,Fraud-risk score 0.82 exceeds threshold 0.5 — held for manual fraud review.,cd2cb9ac
0.581,0.721,0.134,HOLD_FRAUD_REVIEW,Fraud-risk score 0.58 exceeds threshold 0.5 — held for manual fraud review.,b99c258f
0.807,0.721,0.52,HOLD_FRAUD_REVIEW,Fraud-risk score 0.81 exceeds threshold 0.5 — held for manual fraud review.,32d2c8e8
0.478,0.721,0.95,AUTO_APPROVE,Low fraud-risk (0.48) and high intent-match confidence (0.72) — auto-approved.,4f603d70
0.345,0.721,0.39,AUTO_APPROVE,Low fraud-risk (0.34) and high intent-match confidence (0.72) — auto-approved.,28e80b8a
0.615,0.415,0.05,HOLD_FRAUD_REVIEW,Fraud-risk score 0.61 exceeds threshold 0.5 — held for manual fraud review.,01b7ec0a
0.199,0.721,0.37,AUTO_APPROVE,Low fraud-risk (0.20) and high intent-match confidence (0.72) — auto-approved.,fd72eee6
0.842,0.321,0.036,HOLD_FRAUD_REVIEW,Fraud-risk score 0.84 exceeds threshold 0.5 — held for manual fraud review.,26aadd7f
0.299,0.721,0.12,AUTO_APPROVE,Low fraud-risk (0.30) and high intent-match confidence (0.72) — auto-approved.,adaf4ecf
0.536,0.721,0.032,HOLD_FRAUD_REVIEW,Fraud-risk score 0.54 exceeds threshold 0.5 — held for manual fraud review.,22735018
0.606,0.365,0.45,HOLD_FRAUD_REVIEW,Fraud-risk score 0.61 exceeds threshold 0.5 — held for manual fraud review.,7f77273d
0.212,0.721,0.138,AUTO_APPROVE,Low fraud-risk (0.21) and high intent-match confidence (0.72) — auto-approved.,a4c17e88
0.591,0.334,0.39,HOLD_FRAUD_REVIEW,Fraud-risk score 0.59 exceeds threshold 0.5 — held for manual fraud review.,4b2c4034
0.468,0.721,0.15,AUTO_APPROVE,Low fraud-risk (0.47) and high intent-match confidence (0.72) — auto-approved.,6ab61bac
0.463,0.721,0.17,AUTO_APPROVE,Low fraud-risk (0.46) and high intent-match confidence (0.72) — auto-approved.,fff9d6d5
0.507,0.251,0.2,HOLD_FRAUD_REVIEW,Fraud-risk score 0.51 exceeds threshold 0.5 — held for manual fraud review.,6606a16f
0.254,0.721,0.95,AUTO_APPROVE,Low fraud-risk (0.25) and high intent-match confidence (0.72) — auto-approved.,6834a74f
0.424,0.721,0.004,AUTO_APPROVE,Low fraud-risk (0.42) and high intent-match confidence (0.72) — auto-approved.,05b1ce57
0.354,0.721,0.39,AUTO_APPROVE,Low fraud-risk (0.35) and high intent-match confidence (0.72) — auto-approved.,4e452427
0.835,0.206,0.082,HOLD_FRAUD_REVIEW,Fraud-risk score 0.83 exceeds threshold 0.5 — held for manual fraud review.,ff152406
0.455,0.721,0.01,AUTO_APPROVE,Low fraud-risk (0.45) and high intent-match confidence (0.72) — auto-approved.,827912f0
0.436,0.721,0.61,AUTO_APPROVE,Low fraud-risk (0.44) and high intent-match confidence (0.72) — auto-approved.,be3fed44
0.268,0.354,0.112,HOLD_LIKELY_MISMATCH,"Order deviates from stated intent (intent-match confidence 0.35) and doesn't align with this customer's history (preference-fit 0.11) — likely a mistaken purchase, held to prevent a probable return.",e2255aae
0.475,0.721,0.77,AUTO_APPROVE,Low fraud-risk (0.48) and high intent-match confidence (0.72) — auto-approved.,4bafc90d
0.249,0.721,0.188,AUTO_APPROVE,Low fraud-risk (0.25) and high intent-match confidence (0.72) — auto-approved.,938942ee
0.379,0.721,0.48,AUTO_APPROVE,Low fraud-risk (0.38) and high intent-match confidence (0.72) — auto-approved.,f69f7ad6
0.335,0.721,0.87,AUTO_APPROVE,Low fraud-risk (0.33) and high intent-match confidence (0.72) — auto-approved.,dbd64775
0.288,0.298,0.79,HOLD_CONFIRM_WITH_HUMAN,"Order deviates from stated intent (intent-match confidence 0.30), but this customer's history (preference-fit 0.79) suggests they may welcome this — routed to a quick human confirmation instead of auto-block.",1754cb48
0.223,0.721,0.08,AUTO_APPROVE,Low fraud-risk (0.22) and high intent-match confidence (0.72) — auto-approved.,0b226b92
0.366,0.721,0.12,AUTO_APPROVE,Low fraud-risk (0.37) and high intent-match confidence (0.72) — auto-approved.,82414353
0.442,0.721,0.11,AUTO_APPROVE,Low fraud-risk (0.44) and high intent-match confidence (0.72) — auto-approved.,1f55a665
0.216,0.721,0.04,AUTO_APPROVE,Low fraud-risk (0.22) and high intent-match confidence (0.72) — auto-approved.,372aa5ed
0.372,0.721,0.03,AUTO_APPROVE,Low fraud-risk (0.37) and high intent-match confidence (0.72) — auto-approved.,788cd289
0.26,0.721,0.18,AUTO_APPROVE,Low fraud-risk (0.26) and high intent-match confidence (0.72) — auto-approved.,ef33bc88
0.553,0.248,0.02,HOLD_FRAUD_REVIEW,Fraud-risk score 0.55 exceeds threshold 0.5 — held for manual fraud review.,3fb85083
0.457,0.345,0.67,HOLD_CONFIRM_WITH_HUMAN,"Order deviates from stated intent (intent-match confidence 0.34), but this customer's history (preference-fit 0.67) suggests they may welcome this — routed to a quick human confirmation instead of auto-block.",a56c1925
0.467,0.313,0.45,HOLD_LIKELY_MISMATCH,"Order deviates from stated intent (intent-match confidence 0.31) and doesn't align with this customer's history (preference-fit 0.45) — likely a mistaken purchase, held to prevent a probable return.",5dbeff59
0.445,0.721,0.6,AUTO_APPROVE,Low fraud-risk (0.45) and high intent-match confidence (0.72) — auto-approved.,4f48c322
0.9,0.297,0.094,HOLD_FRAUD_REVIEW,Fraud-risk score 0.90 exceeds threshold 0.5 — held for manual fraud review.,07ba1f60
0.249,0.721,0.028,AUTO_APPROVE,Low fraud-risk (0.25) and high intent-match confidence (0.72) — auto-approved.,49bc6dbc
0.244,0.721,0.52,AUTO_APPROVE,Low fraud-risk (0.24) and high intent-match confidence (0.72) — auto-approved.,807807f8
0.389,0.721,0.156,AUTO_APPROVE,Low fraud-risk (0.39) and high intent-match confidence (0.72) — auto-approved.,ebefa63a
0.306,0.4,0.18,HOLD_LIKELY_MISMATCH,"Order deviates from stated intent (intent-match confidence 0.40) and doesn't align with this customer's history (preference-fit 0.18) — likely a mistaken purchase, held to prevent a probable return.",2cc7316a
0.475,0.721,0.89,AUTO_APPROVE,Low fraud-risk (0.48) and high intent-match confidence (0.72) — auto-approved.,5f4827ef
0.274,0.325,0.122,HOLD_LIKELY_MISMATCH,"Order deviates from stated intent (intent-match confidence 0.32) and doesn't align with this customer's history (preference-fit 0.12) — likely a mistaken purchase, held to prevent a probable return.",5aeefc84
0.834,0.351,0.39,HOLD_FRAUD_REVIEW,Fraud-risk score 0.83 exceeds threshold 0.5 — held for manual fraud review.,d9732fde
0.257,0.223,0.02,HOLD_LIKELY_MISMATCH,"Order deviates from stated intent (intent-match confidence 0.22) and doesn't align with this customer's history (preference-fit 0.02) — likely a mistaken purchase, held to prevent a probable return.",d756dfa7
0.359,0.721,0.63,AUTO_APPROVE,Low fraud-risk (0.36) and high intent-match confidence (0.72) — auto-approved.,eaed648c
0.484,0.31,0.52,HOLD_CONFIRM_WITH_HUMAN,"Order deviates from stated intent (intent-match confidence 0.31), but this customer's history (preference-fit 0.52) suggests they may welcome this — routed to a quick human confirmation instead of auto-block.",bd2dd17b
0.507,0.234,0.96,HOLD_FRAUD_REVIEW,Fraud-risk score 0.51 exceeds threshold 0.5 — held for manual fraud review.,f37fa0ff
0.175,0.308,0.65,HOLD_CONFIRM_WITH_HUMAN,"Order deviates from stated intent (intent-match confidence 0.31), but this customer's history (preference-fit 0.65) suggests they may welcome this — routed to a quick human confirmation instead of auto-block.",1ecf570d
0.371,0.721,0.2,AUTO_APPROVE,Low fraud-risk (0.37) and high intent-match confidence (0.72) — auto-approved.,db613f7d
0.176,0.721,0.1,AUTO_APPROVE,Low fraud-risk (0.18) and high intent-match confidence (0.72) — auto-approved.,880c8c5b
0.47,0.721,0.5,AUTO_APPROVE,Low fraud-risk (0.47) and high intent-match confidence (0.72) — auto-approved.,3b46b0f9
0.202,0.721,0.18,AUTO_APPROVE,Low fraud-risk (0.20) and high intent-match confidence (0.72) — auto-approved.,63412b2d
0.743,0.298,0.114,HOLD_FRAUD_REVIEW,Fraud-risk score 0.74 exceeds threshold 0.5 — held for manual fraud review.,3088730e
0.367,0.336,0.61,HOLD_CONFIRM_WITH_HUMAN,"Order deviates from stated intent (intent-match confidence 0.34), but this customer's history (preference-fit 0.61) suggests they may welcome this — routed to a quick human confirmation instead of auto-block.",a6b9b8b1
0.495,0.313,0.98,HOLD_CONFIRM_WITH_HUMAN,"Order deviates from stated intent (intent-match confidence 0.31), but this customer's history (preference-fit 0.98) suggests they may welcome this — routed to a quick human confirmation instead of auto-block.",a6e0ca51
0.642,0.721,0.162,HOLD_FRAUD_REVIEW,Fraud-risk score 0.64 exceeds threshold 0.5 — held for manual fraud review.,e1ae137b
0.376,0.721,0.68,AUTO_APPROVE,Low fraud-risk (0.38) and high intent-match confidence (0.72) — auto-approved.,594dac3d
0.509,0.322,0.144,HOLD_FRAUD_REVIEW,Fraud-risk score 0.51 exceeds threshold 0.5 — held for manual fraud review.,f78f051f
0.39,0.721,0.056,AUTO_APPROVE,Low fraud-risk (0.39) and high intent-match confidence (0.72) — auto-approved.,a4193e81
0.742,0.721,0.92,HOLD_FRAUD_REVIEW,Fraud-risk score 0.74 exceeds threshold 0.5 — held for manual fraud review.,cacc06db
0.585,0.33,0.68,HOLD_FRAUD_REVIEW,Fraud-risk score 0.58 exceeds threshold 0.5 — held for manual fraud review.,68f24a0e
0.57,0.425,0.17,HOLD_FRAUD_REVIEW,Fraud-risk score 0.57 exceeds threshold 0.5 — held for manual fraud review.,a481fc26
0.224,0.721,0.63,AUTO_APPROVE,Low fraud-risk (0.22) and high intent-match confidence (0.72) — auto-approved.,f070e641
0.728,0.353,0.9,HOLD_FRAUD_REVIEW,Fraud-risk score 0.73 exceeds threshold 0.5 — held for manual fraud review.,c8de9f14
0.632,0.376,0.87,HOLD_FRAUD_REVIEW,Fraud-risk score 0.63 exceeds threshold 0.5 — held for manual fraud review.,6e494cdb
0.362,0.214,0.12,HOLD_LIKELY_MISMATCH,"Order deviates from stated intent (intent-match confidence 0.21) and doesn't align with this customer's history (preference-fit 0.12) — likely a mistaken purchase, held to prevent a probable return.",248e8f68
0.192,0.721,0.42,AUTO_APPROVE,Low fraud-risk (0.19) and high intent-match confidence (0.72) — auto-approved.,17378970
0.799,0.721,0.82,HOLD_FRAUD_REVIEW,Fraud-risk score 0.80 exceeds threshold 0.5 — held for manual fraud review.,df214633
0.321,0.721,0.128,AUTO_APPROVE,Low fraud-risk (0.32) and high intent-match confidence (0.72) — auto-approved.,c195b7a2
0.796,0.721,0.04,HOLD_FRAUD_REVIEW,Fraud-risk score 0.80 exceeds threshold 0.5 — held for manual fraud review.,171ec7d9
0.257,0.721,0.75,AUTO_APPROVE,Low fraud-risk (0.26) and high intent-match confidence (0.72) — auto-approved.,c8014af0
0.795,0.721,0.108,HOLD_FRAUD_REVIEW,Fraud-risk score 0.80 exceeds threshold 0.5 — held for manual fraud review.,17d213ac
0.204,0.721,0.57,AUTO_APPROVE,Low fraud-risk (0.20) and high intent-match confidence (0.72) — auto-approved.,ff632ef5
0.616,0.721,0.122,HOLD_FRAUD_REVIEW,Fraud-risk score 0.62 exceeds threshold 0.5 — held for manual fraud review.,ee426765
0.504,0.721,0.38,HOLD_FRAUD_REVIEW,Fraud-risk score 0.50 exceeds threshold 0.5 — held for manual fraud review.,39ccf63b
0.368,0.333,0.03,HOLD_LIKELY_MISMATCH,"Order deviates from stated intent (intent-match confidence 0.33) and doesn't align with this customer's history (preference-fit 0.03) — likely a mistaken purchase, held to prevent a probable return.",bafdcfec
0.186,0.721,0.148,AUTO_APPROVE,Low fraud-risk (0.19) and high intent-match confidence (0.72) — auto-approved.,148e5ede
0.405,0.721,0.16,AUTO_APPROVE,Low fraud-risk (0.40) and high intent-match confidence (0.72) — auto-approved.,7c18a32a
0.797,0.721,0.35,HOLD_FRAUD_REVIEW,Fraud-risk score 0.80 exceeds threshold 0.5 — held for manual fraud review.,dc140ec5
0.371,0.721,0.09,AUTO_APPROVE,Low fraud-risk (0.37) and high intent-match confidence (0.72) — auto-approved.,de4692bc
0.461,0.329,0.35,HOLD_LIKELY_MISMATCH,"Order deviates from stated intent (intent-match confidence 0.33) and doesn't align with this customer's history (preference-fit 0.35) — likely a mistaken purchase, held to prevent a probable return.",3eee63b8
0.454,0.257,0.1,HOLD_LIKELY_MISMATCH,"Order deviates from stated intent (intent-match confidence 0.26) and doesn't align with this customer's history (preference-fit 0.10) — likely a mistaken purchase, held to prevent a probable return.",64f004f3
0.229,0.721,0.36,AUTO_APPROVE,Low fraud-risk (0.23) and high intent-match confidence (0.72) — auto-approved.,612adc4a
0.164,0.721,0.11,AUTO_APPROVE,Low fraud-risk (0.16) and high intent-match confidence (0.72) — auto-approved.,e224e1e7
0.544,0.285,0.39,HOLD_FRAUD_REVIEW,Fraud-risk score 0.54 exceeds threshold 0.5 — held for manual fraud review.,1cc29c15
0.362,0.721,0.95,AUTO_APPROVE,Low fraud-risk (0.36) and high intent-match confidence (0.72) — auto-approved.,87d0ca14
0.452,0.721,0.82,AUTO_APPROVE,Low fraud-risk (0.45) and high intent-match confidence (0.72) — auto-approved.,94377e1f
0.774,0.721,0.05,HOLD_FRAUD_REVIEW,Fraud-risk score 0.77 exceeds threshold 0.5 — held for manual fraud review.,3ae106a4
0.606,0.434,0.18,HOLD_FRAUD_REVIEW,Fraud-risk score 0.61 exceeds threshold 0.5 — held for manual fraud review.,559ad6d0
0.569,0.721,0.87,HOLD_FRAUD_REVIEW,Fraud-risk score 0.57 exceeds threshold 0.5 — held for manual fraud review.,1bbf415e
0.228,0.721,0.23,AUTO_APPROVE,Low fraud-risk (0.23) and high intent-match confidence (0.72) — auto-approved.,eb2bccc7
0.709,0.721,0.05,HOLD_FRAUD_REVIEW,Fraud-risk score 0.71 exceeds threshold 0.5 — held for manual fraud review.,88a43371
0.455,0.721,0.09,AUTO_APPROVE,Low fraud-risk (0.45) and high intent-match confidence (0.72) — auto-approved.,0e4f11c4
0.365,0.721,0.96,AUTO_APPROVE,Low fraud-risk (0.37) and high intent-match confidence (0.72) — auto-approved.,dc08d5a7
0.676,0.721,0.16,HOLD_FRAUD_REVIEW,Fraud-risk score 0.68 exceeds threshold 0.5 — held for manual fraud review.,d5a896f3
0.375,0.721,0.05,AUTO_APPROVE,Low fraud-risk (0.38) and high intent-match confidence (0.72) — auto-approved.,5217206f
0.517,0.721,0.058,HOLD_FRAUD_REVIEW,Fraud-risk score 0.52 exceeds threshold 0.5 — held for manual fraud review.,cd0a2904
0.506,0.721,0.044,HOLD_FRAUD_REVIEW,Fraud-risk score 0.51 exceeds threshold 0.5 — held for manual fraud review.,6342c992
0.169,0.721,0.63,AUTO_APPROVE,Low fraud-risk (0.17) and high intent-match confidence (0.72) — auto-approved.,0f760e13
0.435,0.721,0.076,AUTO_APPROVE,Low fraud-risk (0.43) and high intent-match confidence (0.72) — auto-approved.,0769521e
0.504,0.333,0.04,HOLD_FRAUD_REVIEW,Fraud-risk score 0.50 exceeds threshold 0.5 — held for manual fraud review.,faee9238
0.397,0.721,0.14,AUTO_APPROVE,Low fraud-risk (0.40) and high intent-match confidence (0.72) — auto-approved.,675e0e32
0.504,0.292,0.094,HOLD_FRAUD_REVIEW,Fraud-risk score 0.50 exceeds threshold 0.5 — held for manual fraud review.,7a01060a
0.568,0.721,0.95,HOLD_FRAUD_REVIEW,Fraud-risk score 0.57 exceeds threshold 0.5 — held for manual fraud review.,ad7164fe
0.761,0.721,0.48,HOLD_FRAUD_REVIEW,Fraud-risk score 0.76 exceeds threshold 0.5 — held for manual fraud review.,a284fb69
0.541,0.721,0.49,HOLD_FRAUD_REVIEW,Fraud-risk score 0.54 exceeds threshold 0.5 — held for manual fraud review.,9cb026b7
0.414,0.721,0.17,AUTO_APPROVE,Low fraud-risk (0.41) and high intent-match confidence (0.72) — auto-approved.,9c70f2b6
0.454,0.312,0.85,HOLD_CONFIRM_WITH_HUMAN,"Order deviates from stated intent (intent-match confidence 0.31), but this customer's history (preference-fit 0.85) suggests they may welcome this — routed to a quick human confirmation instead of auto-block.",0b8037fc
0.804,0.721,0.194,HOLD_FRAUD_REVIEW,Fraud-risk score 0.80 exceeds threshold 0.5 — held for manual fraud review.,afc238a0
0.839,0.721,0.28,HOLD_FRAUD_REVIEW,Fraud-risk score 0.84 exceeds threshold 0.5 — held for manual fraud review.,dde088bb
0.32,0.427,0.43,HOLD_LIKELY_MISMATCH,"Order deviates from stated intent (intent-match confidence 0.43) and doesn't align with this customer's history (preference-fit 0.43) — likely a mistaken purchase, held to prevent a probable return.",5eb8e8ca
0.38,0.721,0.5,AUTO_APPROVE,Low fraud-risk (0.38) and high intent-match confidence (0.72) — auto-approved.,53d50305
0.254,0.268,0.33,HOLD_LIKELY_MISMATCH,"Order deviates from stated intent (intent-match confidence 0.27) and doesn't align with this customer's history (preference-fit 0.33) — likely a mistaken purchase, held to prevent a probable return.",4e75fce7
0.737,0.721,0.13,HOLD_FRAUD_REVIEW,Fraud-risk score 0.74 exceeds threshold 0.5 — held for manual fraud review.,50df7648
0.847,0.306,0.59,HOLD_FRAUD_REVIEW,Fraud-risk score 0.85 exceeds threshold 0.5 — held for manual fraud review.,bf261bdb
0.361,0.721,0.116,AUTO_APPROVE,Low fraud-risk (0.36) and high intent-match confidence (0.72) — auto-approved.,d0c7616a
0.182,0.721,0.93,AUTO_APPROVE,Low fraud-risk (0.18) and high intent-match confidence (0.72) — auto-approved.,685a2531
0.495,0.721,0.056,AUTO_APPROVE,Low fraud-risk (0.49) and high intent-match confidence (0.72) — auto-approved.,6d4dfe84
0.434,0.343,0.062,HOLD_LIKELY_MISMATCH,"Order deviates from stated intent (intent-match confidence 0.34) and doesn't align with this customer's history (preference-fit 0.06) — likely a mistaken purchase, held to prevent a probable return.",b9514d5b
0.586,0.721,0.67,HOLD_FRAUD_REVIEW,Fraud-risk score 0.59 exceeds threshold 0.5 — held for manual fraud review.,aacbe05e
0.691,0.342,0.32,HOLD_FRAUD_REVIEW,Fraud-risk score 0.69 exceeds threshold 0.5 — held for manual fraud review.,9a361367
0.249,0.721,0.53,AUTO_APPROVE,Low fraud-risk (0.25) and high intent-match confidence (0.72) — auto-approved.,74b5e1b2
0.363,0.721,0.164,AUTO_APPROVE,Low fraud-risk (0.36) and high intent-match confidence (0.72) — auto-approved.,1ad805c8
0.285,0.721,0.02,AUTO_APPROVE,Low fraud-risk (0.28) and high intent-match confidence (0.72) — auto-approved.,489c0330
0.206,0.721,0.68,AUTO_APPROVE,Low fraud-risk (0.21) and high intent-match confidence (0.72) — auto-approved.,ebd0fae6
0.608,0.721,0.106,HOLD_FRAUD_REVIEW,Fraud-risk score 0.61 exceeds threshold 0.5 — held for manual fraud review.,3e1dd3cb
0.507,0.316,0.08,HOLD_FRAUD_REVIEW,Fraud-risk score 0.51 exceeds threshold 0.5 — held for manual fraud review.,41d268e5
0.829,0.721,0.98,HOLD_FRAUD_REVIEW,Fraud-risk score 0.83 exceeds threshold 0.5 — held for manual fraud review.,b87d96cc
0.578,0.348,0.45,HOLD_FRAUD_REVIEW,Fraud-risk score 0.58 exceeds threshold 0.5 — held for manual fraud review.,8c4b3449
0.442,0.266,0.11,HOLD_LIKELY_MISMATCH,"Order deviates from stated intent (intent-match confidence 0.27) and doesn't align with this customer's history (preference-fit 0.11) — likely a mistaken purchase, held to prevent a probable return.",7634fc35
0.247,0.721,0.29,AUTO_APPROVE,Low fraud-risk (0.25) and high intent-match confidence (0.72) — auto-approved.,53b66e7c
0.566,0.316,0.072,HOLD_FRAUD_REVIEW,Fraud-risk score 0.57 exceeds threshold 0.5 — held for manual fraud review.,80d83710
0.3,0.309,0.38,HOLD_LIKELY_MISMATCH,"Order deviates from stated intent (intent-match confidence 0.31) and doesn't align with this customer's history (preference-fit 0.38) — likely a mistaken purchase, held to prevent a probable return.",0d0003b8
0.799,0.216,0.164,HOLD_FRAUD_REVIEW,Fraud-risk score 0.80 exceeds threshold 0.5 — held for manual fraud review.,89a227f7
0.211,0.721,0.03,AUTO_APPROVE,Low fraud-risk (0.21) and high intent-match confidence (0.72) — auto-approved.,a8e1f8d6
0.737,0.331,0.77,HOLD_FRAUD_REVIEW,Fraud-risk score 0.74 exceeds threshold 0.5 — held for manual fraud review.,e6411e30
0.386,0.721,0.126,AUTO_APPROVE,Low fraud-risk (0.39) and high intent-match confidence (0.72) — auto-approved.,7541fb1f
0.563,0.721,0.18,HOLD_FRAUD_REVIEW,Fraud-risk score 0.56 exceeds threshold 0.5 — held for manual fraud review.,71e4bf51
0.174,0.721,0.88,AUTO_APPROVE,Low fraud-risk (0.17) and high intent-match confidence (0.72) — auto-approved.,c65c40ab
0.351,0.251,0.88,HOLD_CONFIRM_WITH_HUMAN,"Order deviates from stated intent (intent-match confidence 0.25), but this customer's history (preference-fit 0.88) suggests they may welcome this — routed to a quick human confirmation instead of auto-block.",2f067e9a
0.257,0.31,0.86,HOLD_CONFIRM_WITH_HUMAN,"Order deviates from stated intent (intent-match confidence 0.31), but this customer's history (preference-fit 0.86) suggests they may welcome this — routed to a quick human confirmation instead of auto-block.",71679c90
0.369,0.721,0.69,AUTO_APPROVE,Low fraud-risk (0.37) and high intent-match confidence (0.72) — auto-approved.,4cc70546
0.777,0.297,0.27,HOLD_FRAUD_REVIEW,Fraud-risk score 0.78 exceeds threshold 0.5 — held for manual fraud review.,08d1a580
0.36,0.721,0.56,AUTO_APPROVE,Low fraud-risk (0.36) and high intent-match confidence (0.72) — auto-approved.,d4b43cd6
0.518,0.721,0.01,HOLD_FRAUD_REVIEW,Fraud-risk score 0.52 exceeds threshold 0.5 — held for manual fraud review.,5e13fe34
0.259,0.721,0.17,AUTO_APPROVE,Low fraud-risk (0.26) and high intent-match confidence (0.72) — auto-approved.,9036111e
0.411,0.317,0.052,HOLD_LIKELY_MISMATCH,"Order deviates from stated intent (intent-match confidence 0.32) and doesn't align with this customer's history (preference-fit 0.05) — likely a mistaken purchase, held to prevent a probable return.",3ec0ae27
0.694,0.721,0.17,HOLD_FRAUD_REVIEW,Fraud-risk score 0.69 exceeds threshold 0.5 — held for manual fraud review.,a939c3ef
0.285,0.721,0.78,AUTO_APPROVE,Low fraud-risk (0.29) and high intent-match confidence (0.72) — auto-approved.,ffbe972e
0.457,0.721,0.39,AUTO_APPROVE,Low fraud-risk (0.46) and high intent-match confidence (0.72) — auto-approved.,83e06960
0.207,0.721,0.83,AUTO_APPROVE,Low fraud-risk (0.21) and high intent-match confidence (0.72) — auto-approved.,4330dd15
0.575,0.306,0.29,HOLD_FRAUD_REVIEW,Fraud-risk score 0.57 exceeds threshold 0.5 — held for manual fraud review.,29c49f1f
0.382,0.721,0.078,AUTO_APPROVE,Low fraud-risk (0.38) and high intent-match confidence (0.72) — auto-approved.,ba6127e3
0.501,0.721,0.45,HOLD_FRAUD_REVIEW,Fraud-risk score 0.50 exceeds threshold 0.5 — held for manual fraud review.,1712a7d9
0.599,0.721,0.47,HOLD_FRAUD_REVIEW,Fraud-risk score 0.60 exceeds threshold 0.5 — held for manual fraud review.,db0e0feb
0.515,0.405,0.68,HOLD_FRAUD_REVIEW,Fraud-risk score 0.52 exceeds threshold 0.5 — held for manual fraud review.,f877724b
0.352,0.721,0.4,AUTO_APPROVE,Low fraud-risk (0.35) and high intent-match confidence (0.72) — auto-approved.,78b62ad8
0.662,0.355,0.12,HOLD_FRAUD_REVIEW,Fraud-risk score 0.66 exceeds threshold 0.5 — held for manual fraud review.,60753125
0.786,0.721,0.36,HOLD_FRAUD_REVIEW,Fraud-risk score 0.79 exceeds threshold 0.5 — held for manual fraud review.,e28d0f63
0.294,0.295,0.98,HOLD_CONFIRM_WITH_HUMAN,"Order deviates from stated intent (intent-match confidence 0.29), but this customer's history (preference-fit 0.98) suggests they may welcome this — routed to a quick human confirmation instead of auto-block.",1ea8ba39
0.562,0.243,0.25,HOLD_FRAUD_REVIEW,Fraud-risk score 0.56 exceeds threshold 0.5 — held for manual fraud review.,2121a313
0.527,0.721,0.022,HOLD_FRAUD_REVIEW,Fraud-risk score 0.53 exceeds threshold 0.5 — held for manual fraud review.,0d1feae9
0.183,0.721,0.96,AUTO_APPROVE,Low fraud-risk (0.18) and high intent-match confidence (0.72) — auto-approved.,94713fba
0.249,0.301,0.3,HOLD_LIKELY_MISMATCH,"Order deviates from stated intent (intent-match confidence 0.30) and doesn't align with this customer's history (preference-fit 0.30) — likely a mistaken purchase, held to prevent a probable return.",45d817f2
0.566,0.721,0.49,HOLD_FRAUD_REVIEW,Fraud-risk score 0.57 exceeds threshold 0.5 — held for manual fraud review.,eb09a774
0.255,0.339,0.054,HOLD_LIKELY_MISMATCH,"Order deviates from stated intent (intent-match confidence 0.34) and doesn't align with this customer's history (preference-fit 0.05) — likely a mistaken purchase, held to prevent a probable return.",e6bcc98e
0.265,0.721,0.086,AUTO_APPROVE,Low fraud-risk (0.26) and high intent-match confidence (0.72) — auto-approved.,e787e451
0.317,0.721,0.79,AUTO_APPROVE,Low fraud-risk (0.32) and high intent-match confidence (0.72) — auto-approved.,0ceb64bf
0.514,0.328,0.3,HOLD_FRAUD_REVIEW,Fraud-risk score 0.51 exceeds threshold 0.5 — held for manual fraud review.,7c53bed2
0.259,0.721,0.36,AUTO_APPROVE,Low fraud-risk (0.26) and high intent-match confidence (0.72) — auto-approved.,2dfd01d5
0.711,0.124,0.032,HOLD_FRAUD_REVIEW,Fraud-risk score 0.71 exceeds threshold 0.5 — held for manual fraud review.,53e8c1a6
0.211,0.721,0.29,AUTO_APPROVE,Low fraud-risk (0.21) and high intent-match confidence (0.72) — auto-approved.,b78c97bf
0.246,0.32,0.89,HOLD_CONFIRM_WITH_HUMAN,"Order deviates from stated intent (intent-match confidence 0.32), but this customer's history (preference-fit 0.89) suggests they may welcome this — routed to a quick human confirmation instead of auto-block.",98d525f3
0.187,0.721,0.24,AUTO_APPROVE,Low fraud-risk (0.19) and high intent-match confidence (0.72) — auto-approved.,ab7f5df3
0.925,0.178,0.19,HOLD_FRAUD_REVIEW,Fraud-risk score 0.92 exceeds threshold 0.5 — held for manual fraud review.,33adb2d3
0.464,0.721,0.28,AUTO_APPROVE,Low fraud-risk (0.46) and high intent-match confidence (0.72) — auto-approved.,17fe2d2e
0.477,0.721,0.63,AUTO_APPROVE,Low fraud-risk (0.48) and high intent-match confidence (0.72) — auto-approved.,b8301908
0.252,0.245,0.28,HOLD_LIKELY_MISMATCH,"Order deviates from stated intent (intent-match confidence 0.24) and doesn't align with this customer's history (preference-fit 0.28) — likely a mistaken purchase, held to prevent a probable return.",d3c1c37c
0.707,0.322,0.13,HOLD_FRAUD_REVIEW,Fraud-risk score 0.71 exceeds threshold 0.5 — held for manual fraud review.,63e46dd3
0.265,0.721,0.3,AUTO_APPROVE,Low fraud-risk (0.26) and high intent-match confidence (0.72) — auto-approved.,ee384d67
0.329,0.721,0.36,AUTO_APPROVE,Low fraud-risk (0.33) and high intent-match confidence (0.72) — auto-approved.,f1909412
0.236,0.721,0.36,AUTO_APPROVE,Low fraud-risk (0.24) and high intent-match confidence (0.72) — auto-approved.,e2127fef
0.34,0.292,0.92,HOLD_CONFIRM_WITH_HUMAN,"Order deviates from stated intent (intent-match confidence 0.29), but this customer's history (preference-fit 0.92) suggests they may welcome this — routed to a quick human confirmation instead of auto-block.",0cbe9c31
0.205,0.721,0.108,AUTO_APPROVE,Low fraud-risk (0.21) and high intent-match confidence (0.72) — auto-approved.,dfbfb946
0.538,0.721,0.16,HOLD_FRAUD_REVIEW,Fraud-risk score 0.54 exceeds threshold 0.5 — held for manual fraud review.,32dbbfed
0.454,0.721,0.84,AUTO_APPROVE,Low fraud-risk (0.45) and high intent-match confidence (0.72) — auto-approved.,b0d28e73
0.793,0.24,0.73,HOLD_FRAUD_REVIEW,Fraud-risk score 0.79 exceeds threshold 0.5 — held for manual fraud review.,0d1d3200
0.372,0.721,0.98,AUTO_APPROVE,Low fraud-risk (0.37) and high intent-match confidence (0.72) — auto-approved.,6904d99c
0.364,0.721,0.61,AUTO_APPROVE,Low fraud-risk (0.36) and high intent-match confidence (0.72) — auto-approved.,4df9eaf6
0.374,0.721,0.39,AUTO_APPROVE,Low fraud-risk (0.37) and high intent-match confidence (0.72) — auto-approved.,5d789a6e
0.247,0.721,0.82,AUTO_APPROVE,Low fraud-risk (0.25) and high intent-match confidence (0.72) — auto-approved.,1392b0ff
0.268,0.419,0.13,HOLD_LIKELY_MISMATCH,"Order deviates from stated intent (intent-match confidence 0.42) and doesn't align with this customer's history (preference-fit 0.13) — likely a mistaken purchase, held to prevent a probable return.",1733ef21
0.38,0.721,0.71,AUTO_APPROVE,Low fraud-risk (0.38) and high intent-match confidence (0.72) — auto-approved.,073d0c26
0.566,0.721,0.13,HOLD_FRAUD_REVIEW,Fraud-risk score 0.57 exceeds threshold 0.5 — held for manual fraud review.,15425be0
0.788,0.721,0.28,HOLD_FRAUD_REVIEW,Fraud-risk score 0.79 exceeds threshold 0.5 — held for manual fraud review.,2ad84f3b
0.961,0.721,0.57,HOLD_FRAUD_REVIEW,Fraud-risk score 0.96 exceeds threshold 0.5 — held for manual fraud review.,59076243
0.303,0.721,0.7,AUTO_APPROVE,Low fraud-risk (0.30) and high intent-match confidence (0.72) — auto-approved.,8c6e922e
0.196,0.721,0.046,AUTO_APPROVE,Low fraud-risk (0.20) and high intent-match confidence (0.72) — auto-approved.,7f2a1264
0.474,0.453,0.006,HOLD_LIKELY_MISMATCH,"Order deviates from stated intent (intent-match confidence 0.45) and doesn't align with this customer's history (preference-fit 0.01) — likely a mistaken purchase, held to prevent a probable return.",13f05f0b
0.48,0.721,0.066,AUTO_APPROVE,Low fraud-risk (0.48) and high intent-match confidence (0.72) — auto-approved.,144b7dd9
0.382,0.721,0.86,AUTO_APPROVE,Low fraud-risk (0.38) and high intent-match confidence (0.72) — auto-approved.,8e19e56f
0.712,0.342,0.88,HOLD_FRAUD_REVIEW,Fraud-risk score 0.71 exceeds threshold 0.5 — held for manual fraud review.,3d5a9f30
0.371,0.721,0.63,AUTO_APPROVE,Low fraud-risk (0.37) and high intent-match confidence (0.72) — auto-approved.,806a4f52
0.578,0.244,0.27,HOLD_FRAUD_REVIEW,Fraud-risk score 0.58 exceeds threshold 0.5 — held for manual fraud review.,cd0fa335
0.814,0.159,0.098,HOLD_FRAUD_REVIEW,Fraud-risk score 0.81 exceeds threshold 0.5 — held for manual fraud review.,c0506a8b
0.215,0.721,0.024,AUTO_APPROVE,Low fraud-risk (0.22) and high intent-match confidence (0.72) — auto-approved.,c03b34e6
0.189,0.721,0.49,AUTO_APPROVE,Low fraud-risk (0.19) and high intent-match confidence (0.72) — auto-approved.,bcf193bb
0.827,0.721,0.57,HOLD_FRAUD_REVIEW,Fraud-risk score 0.83 exceeds threshold 0.5 — held for manual fraud review.,349a1ee0
0.567,0.257,0.142,HOLD_FRAUD_REVIEW,Fraud-risk score 0.57 exceeds threshold 0.5 — held for manual fraud review.,6afc2e7c
0.498,0.28,0.072,HOLD_LIKELY_MISMATCH,"Order deviates from stated intent (intent-match confidence 0.28) and doesn't align with this customer's history (preference-fit 0.07) — likely a mistaken purchase, held to prevent a probable return.",5e518a87
0.527,0.252,0.076,HOLD_FRAUD_REVIEW,Fraud-risk score 0.53 exceeds threshold 0.5 — held for manual fraud review.,1454dc3e
0.232,0.45,0.68,HOLD_CONFIRM_WITH_HUMAN,"Order deviates from stated intent (intent-match confidence 0.45), but this customer's history (preference-fit 0.68) suggests they may welcome this — routed to a quick human confirmation instead of auto-block.",1783536b
0.288,0.721,0.0,AUTO_APPROVE,Low fraud-risk (0.29) and high intent-match confidence (0.72) — auto-approved.,97486c59
0.254,0.34,0.96,HOLD_CONFIRM_WITH_HUMAN,"Order deviates from stated intent (intent-match confidence 0.34), but this customer's history (preference-fit 0.96) suggests they may welcome this — routed to a quick human confirmation instead of auto-block.",5987dbcf
0.335,0.311,0.006,HOLD_LIKELY_MISMATCH,"Order deviates from stated intent (intent-match confidence 0.31) and doesn't align with this customer's history (preference-fit 0.01) — likely a mistaken purchase, held to prevent a probable return.",fb15a668
0.583,0.335,0.122,HOLD_FRAUD_REVIEW,Fraud-risk score 0.58 exceeds threshold 0.5 — held for manual fraud review.,0b4ba311
0.434,0.721,0.156,AUTO_APPROVE,Low fraud-risk (0.43) and high intent-match confidence (0.72) — auto-approved.,401e8dd0
0.35,0.338,0.54,HOLD_CONFIRM_WITH_HUMAN,"Order deviates from stated intent (intent-match confidence 0.34), but this customer's history (preference-fit 0.54) suggests they may welcome this — routed to a quick human confirmation instead of auto-block.",55a94769
0.471,0.312,0.46,HOLD_LIKELY_MISMATCH,"Order deviates from stated intent (intent-match confidence 0.31) and doesn't align with this customer's history (preference-fit 0.46) — likely a mistaken purchase, held to prevent a probable return.",60028294
0.739,0.721,0.88,HOLD_FRAUD_REVIEW,Fraud-risk score 0.74 exceeds threshold 0.5 — held for manual fraud review.,42be5c8d
0.279,0.192,0.168,HOLD_LIKELY_MISMATCH,"Order deviates from stated intent (intent-match confidence 0.19) and doesn't align with this customer's history (preference-fit 0.17) — likely a mistaken purchase, held to prevent a probable return.",a298718e
0.72,0.257,0.34,HOLD_FRAUD_REVIEW,Fraud-risk score 0.72 exceeds threshold 0.5 — held for manual fraud review.,0c831001
0.884,0.721,0.29,HOLD_FRAUD_REVIEW,Fraud-risk score 0.88 exceeds threshold 0.5 — held for manual fraud review.,7d8b27e6
0.885,0.438,0.51,HOLD_FRAUD_REVIEW,Fraud-risk score 0.88 exceeds threshold 0.5 — held for manual fraud review.,f33cd93c
0.362,0.423,0.46,HOLD_LIKELY_MISMATCH,"Order deviates from stated intent (intent-match confidence 0.42) and doesn't align with this customer's history (preference-fit 0.46) — likely a mistaken purchase, held to prevent a probable return.",03a96abe
0.188,0.721,0.78,AUTO_APPROVE,Low fraud-risk (0.19) and high intent-match confidence (0.72) — auto-approved.,c6041751
0.705,0.327,0.02,HOLD_FRAUD_REVIEW,Fraud-risk score 0.71 exceeds threshold 0.5 — held for manual fraud review.,41f7ad00
0.452,0.721,0.38,AUTO_APPROVE,Low fraud-risk (0.45) and high intent-match confidence (0.72) — auto-approved.,fb255c78
0.379,0.721,0.03,AUTO_APPROVE,Low fraud-risk (0.38) and high intent-match confidence (0.72) — auto-approved.,8c29a8fe
0.395,0.721,0.58,AUTO_APPROVE,Low fraud-risk (0.40) and high intent-match confidence (0.72) — auto-approved.,1fd97ba7
0.889,0.276,0.45,HOLD_FRAUD_REVIEW,Fraud-risk score 0.89 exceeds threshold 0.5 — held for manual fraud review.,0e750ad4
0.634,0.721,0.36,HOLD_FRAUD_REVIEW,Fraud-risk score 0.63 exceeds threshold 0.5 — held for manual fraud review.,c3109828
0.244,0.721,0.006,AUTO_APPROVE,Low fraud-risk (0.24) and high intent-match confidence (0.72) — auto-approved.,63fbe051
0.235,0.721,0.18,AUTO_APPROVE,Low fraud-risk (0.23) and high intent-match confidence (0.72) — auto-approved.,3f76976d
0.517,0.721,0.064,HOLD_FRAUD_REVIEW,Fraud-risk score 0.52 exceeds threshold 0.5 — held for manual fraud review.,99c16c27
0.593,0.431,0.5,HOLD_FRAUD_REVIEW,Fraud-risk score 0.59 exceeds threshold 0.5 — held for manual fraud review.,02da2309
0.677,0.721,0.084,HOLD_FRAUD_REVIEW,Fraud-risk score 0.68 exceeds threshold 0.5 — held for manual fraud review.,f5f2aca5
0.535,0.721,0.07,HOLD_FRAUD_REVIEW,Fraud-risk score 0.54 exceeds threshold 0.5 — held for manual fraud review.,aff7c96d
0.584,0.721,0.052,HOLD_FRAUD_REVIEW,Fraud-risk score 0.58 exceeds threshold 0.5 — held for manual fraud review.,f8b3f12f
0.763,0.721,0.41,HOLD_FRAUD_REVIEW,Fraud-risk score 0.76 exceeds threshold 0.5 — held for manual fraud review.,ffe93d0a
0.313,0.721,0.98,AUTO_APPROVE,Low fraud-risk (0.31) and high intent-match confidence (0.72) — auto-approved.,c110dd8e
0.516,0.721,0.164,HOLD_FRAUD_REVIEW,Fraud-risk score 0.52 exceeds threshold 0.5 — held for manual fraud review.,fe2fe5cf
0.631,0.136,0.136,HOLD_FRAUD_REVIEW,Fraud-risk score 0.63 exceeds threshold 0.5 — held for manual fraud review.,d94554fc
0.843,0.308,0.142,HOLD_FRAUD_REVIEW,Fraud-risk score 0.84 exceeds threshold 0.5 — held for manual fraud review.,46fc7208
0.439,0.721,0.86,AUTO_APPROVE,Low fraud-risk (0.44) and high intent-match confidence (0.72) — auto-approved.,0f2fdc00
0.374,0.721,0.012,AUTO_APPROVE,Low fraud-risk (0.37) and high intent-match confidence (0.72) — auto-approved.,82822d7b
0.812,0.436,0.34,HOLD_FRAUD_REVIEW,Fraud-risk score 0.81 exceeds threshold 0.5 — held for manual fraud review.,7db7e7d3
0.517,0.721,0.12,HOLD_FRAUD_REVIEW,Fraud-risk score 0.52 exceeds threshold 0.5 — held for manual fraud review.,6ea28865
0.868,0.721,0.45,HOLD_FRAUD_REVIEW,Fraud-risk score 0.87 exceeds threshold 0.5 — held for manual fraud review.,29f99e9c
0.33,0.721,0.82,AUTO_APPROVE,Low fraud-risk (0.33) and high intent-match confidence (0.72) — auto-approved.,481eb0c8
0.308,0.147,0.06,HOLD_LIKELY_MISMATCH,"Order deviates from stated intent (intent-match confidence 0.15) and doesn't align with this customer's history (preference-fit 0.06) — likely a mistaken purchase, held to prevent a probable return.",7ac50354
0.44,0.301,0.058,HOLD_LIKELY_MISMATCH,"Order deviates from stated intent (intent-match confidence 0.30) and doesn't align with this customer's history (preference-fit 0.06) — likely a mistaken purchase, held to prevent a probable return.",375a8c38
0.381,0.721,0.136,AUTO_APPROVE,Low fraud-risk (0.38) and high intent-match confidence (0.72) — auto-approved.,668908e2
0.496,0.118,0.164,HOLD_LIKELY_MISMATCH,"Order deviates from stated intent (intent-match confidence 0.12) and doesn't align with this customer's history (preference-fit 0.16) — likely a mistaken purchase, held to prevent a probable return.",c53674b9
0.344,0.721,0.78,AUTO_APPROVE,Low fraud-risk (0.34) and high intent-match confidence (0.72) — auto-approved.,8d5c5893
0.497,0.721,0.108,AUTO_APPROVE,Low fraud-risk (0.50) and high intent-match confidence (0.72) — auto-approved.,2476f623
0.231,0.295,0.75,HOLD_CONFIRM_WITH_HUMAN,"Order deviates from stated intent (intent-match confidence 0.29), but this customer's history (preference-fit 0.75) suggests they may welcome this — routed to a quick human confirmation instead of auto-block.",ea650b89
0.562,0.444,0.126,HOLD_FRAUD_REVIEW,Fraud-risk score 0.56 exceeds threshold 0.5 — held for manual fraud review.,a4262be3
0.213,0.721,0.18,AUTO_APPROVE,Low fraud-risk (0.21) and high intent-match confidence (0.72) — auto-approved.,375f35f7
0.809,0.721,0.89,HOLD_FRAUD_REVIEW,Fraud-risk score 0.81 exceeds threshold 0.5 — held for manual fraud review.,44fc9823
0.964,0.324,0.4,HOLD_FRAUD_REVIEW,Fraud-risk score 0.96 exceeds threshold 0.5 — held for manual fraud review.,0acb8ccc
0.498,0.721,0.104,AUTO_APPROVE,Low fraud-risk (0.50) and high intent-match confidence (0.72) — auto-approved.,feb1f259
0.563,0.721,0.81,HOLD_FRAUD_REVIEW,Fraud-risk score 0.56 exceeds threshold 0.5 — held for manual fraud review.,b728a196
0.416,0.42,0.3,HOLD_LIKELY_MISMATCH,"Order deviates from stated intent (intent-match confidence 0.42) and doesn't align with this customer's history (preference-fit 0.30) — likely a mistaken purchase, held to prevent a probable return.",9c58e87d
0.527,0.455,0.5,HOLD_FRAUD_REVIEW,Fraud-risk score 0.53 exceeds threshold 0.5 — held for manual fraud review.,045f2b2e
0.531,0.721,0.03,HOLD_FRAUD_REVIEW,Fraud-risk score 0.53 exceeds threshold 0.5 — held for manual fraud review.,240ab61d
0.676,0.721,0.93,HOLD_FRAUD_REVIEW,Fraud-risk score 0.68 exceeds threshold 0.5 — held for manual fraud review.,c5f23aee
0.613,0.721,0.56,HOLD_FRAUD_REVIEW,Fraud-risk score 0.61 exceeds threshold 0.5 — held for manual fraud review.,76bbb8e5
0.515,0.721,0.85,HOLD_FRAUD_REVIEW,Fraud-risk score 0.51 exceeds threshold 0.5 — held for manual fraud review.,a8461672
0.749,0.721,0.48,HOLD_FRAUD_REVIEW,Fraud-risk score 0.75 exceeds threshold 0.5 — held for manual fraud review.,da9d68dc
0.45,0.721,0.52,AUTO_APPROVE,Low fraud-risk (0.45) and high intent-match confidence (0.72) — auto-approved.,fbcd8231
0.28,0.721,0.65,AUTO_APPROVE,Low fraud-risk (0.28) and high intent-match confidence (0.72) — auto-approved.,1bcbaaa5
0.882,0.721,0.168,HOLD_FRAUD_REVIEW,Fraud-risk score 0.88 exceeds threshold 0.5 — held for manual fraud review.,1f0ffd9d
0.728,0.721,0.52,HOLD_FRAUD_REVIEW,Fraud-risk score 0.73 exceeds threshold 0.5 — held for manual fraud review.,831a540f
0.286,0.316,0.11,HOLD_LIKELY_MISMATCH,"Order deviates from stated intent (intent-match confidence 0.32) and doesn't align with this customer's history (preference-fit 0.11) — likely a mistaken purchase, held to prevent a probable return.",b196473d
0.674,0.721,0.49,HOLD_FRAUD_REVIEW,Fraud-risk score 0.67 exceeds threshold 0.5 — held for manual fraud review.,8316e171
0.762,0.721,0.048,HOLD_FRAUD_REVIEW,Fraud-risk score 0.76 exceeds threshold 0.5 — held for manual fraud review.,97a31187
0.76,0.721,0.65,HOLD_FRAUD_REVIEW,Fraud-risk score 0.76 exceeds threshold 0.5 — held for manual fraud review.,641bcd68
0.362,0.721,0.4,AUTO_APPROVE,Low fraud-risk (0.36) and high intent-match confidence (0.72) — auto-approved.,99ae8b3e
0.65,0.277,0.2,HOLD_FRAUD_REVIEW,Fraud-risk score 0.65 exceeds threshold 0.5 — held for manual fraud review.,741d94f5
0.341,0.464,0.17,HOLD_LIKELY_MISMATCH,"Order deviates from stated intent (intent-match confidence 0.46) and doesn't align with this customer's history (preference-fit 0.17) — likely a mistaken purchase, held to prevent a probable return.",c76eeed3
0.588,0.721,0.75,HOLD_FRAUD_REVIEW,Fraud-risk score 0.59 exceeds threshold 0.5 — held for manual fraud review.,737105b8
0.53,0.721,0.07,HOLD_FRAUD_REVIEW,Fraud-risk score 0.53 exceeds threshold 0.5 — held for manual fraud review.,bca43dad
0.63,0.721,0.67,HOLD_FRAUD_REVIEW,Fraud-risk score 0.63 exceeds threshold 0.5 — held for manual fraud review.,5205f3c7
0.415,0.448,0.004,HOLD_LIKELY_MISMATCH,"Order deviates from stated intent (intent-match confidence 0.45) and doesn't align with this customer's history (preference-fit 0.00) — likely a mistaken purchase, held to prevent a probable return.",8c279c8e
0.629,0.721,0.63,HOLD_FRAUD_REVIEW,Fraud-risk score 0.63 exceeds threshold 0.5 — held for manual fraud review.,0aad70a6
0.506,0.334,0.74,HOLD_FRAUD_REVIEW,Fraud-risk score 0.51 exceeds threshold 0.5 — held for manual fraud review.,ddfeeb8b
0.572,0.229,0.2,HOLD_FRAUD_REVIEW,Fraud-risk score 0.57 exceeds threshold 0.5 — held for manual fraud review.,0e542e11
0.678,0.324,0.058,HOLD_FRAUD_REVIEW,Fraud-risk score 0.68 exceeds threshold 0.5 — held for manual fraud review.,961b40a9
0.454,0.721,0.73,AUTO_APPROVE,Low fraud-risk (0.45) and high intent-match confidence (0.72) — auto-approved.,a746c989
0.203,0.721,0.062,AUTO_APPROVE,Low fraud-risk (0.20) and high intent-match confidence (0.72) — auto-approved.,d7644d8c
0.196,0.721,0.19,AUTO_APPROVE,Low fraud-risk (0.20) and high intent-match confidence (0.72) — auto-approved.,2e625d56
0.962,0.721,0.65,HOLD_FRAUD_REVIEW,Fraud-risk score 0.96 exceeds threshold 0.5 — held for manual fraud review.,53684136
0.713,0.376,0.67,HOLD_FRAUD_REVIEW,Fraud-risk score 0.71 exceeds threshold 0.5 — held for manual fraud review.,b81e554d
0.323,0.39,0.58,HOLD_CONFIRM_WITH_HUMAN,"Order deviates from stated intent (intent-match confidence 0.39), but this customer's history (preference-fit 0.58) suggests they may welcome this — routed to a quick human confirmation instead of auto-block.",a113f6a1
0.272,0.721,0.142,AUTO_APPROVE,Low fraud-risk (0.27) and high intent-match confidence (0.72) — auto-approved.,7c05d2a1
0.958,0.27,0.022,HOLD_FRAUD_REVIEW,Fraud-risk score 0.96 exceeds threshold 0.5 — held for manual fraud review.,ef19caf2
0.832,0.35,0.016,HOLD_FRAUD_REVIEW,Fraud-risk score 0.83 exceeds threshold 0.5 — held for manual fraud review.,16e9f853
0.556,0.721,0.42,HOLD_FRAUD_REVIEW,Fraud-risk score 0.56 exceeds threshold 0.5 — held for manual fraud review.,40b46526
0.407,0.721,0.144,AUTO_APPROVE,Low fraud-risk (0.41) and high intent-match confidence (0.72) — auto-approved.,15830b19
0.793,0.304,0.83,HOLD_FRAUD_REVIEW,Fraud-risk score 0.79 exceeds threshold 0.5 — held for manual fraud review.,938ddbbd
0.55,0.721,0.058,HOLD_FRAUD_REVIEW,Fraud-risk score 0.55 exceeds threshold 0.5 — held for manual fraud review.,eb6160d1
0.314,0.721,0.44,AUTO_APPROVE,Low fraud-risk (0.31) and high intent-match confidence (0.72) — auto-approved.,062883cc
0.605,0.444,0.18,HOLD_FRAUD_REVIEW,Fraud-risk score 0.60 exceeds threshold 0.5 — held for manual fraud review.,62c5d622
0.7,0.252,0.17,HOLD_FRAUD_REVIEW,Fraud-risk score 0.70 exceeds threshold 0.5 — held for manual fraud review.,ce393e66
0.513,0.721,0.096,HOLD_FRAUD_REVIEW,Fraud-risk score 0.51 exceeds threshold 0.5 — held for manual fraud review.,3f20c811
0.83,0.721,0.3,HOLD_FRAUD_REVIEW,Fraud-risk score 0.83 exceeds threshold 0.5 — held for manual fraud review.,5c345d87
0.239,0.721,0.5,AUTO_APPROVE,Low fraud-risk (0.24) and high intent-match confidence (0.72) — auto-approved.,f86d4735
0.519,0.721,0.56,HOLD_FRAUD_REVIEW,Fraud-risk score 0.52 exceeds threshold 0.5 — held for manual fraud review.,862be52e
0.284,0.721,1.0,AUTO_APPROVE,Low fraud-risk (0.28) and high intent-match confidence (0.72) — auto-approved.,d50d821f
0.839,0.721,0.168,HOLD_FRAUD_REVIEW,Fraud-risk score 0.84 exceeds threshold 0.5 — held for manual fraud review.,ead6cb52
0.369,0.721,0.63,AUTO_APPROVE,Low fraud-risk (0.37) and high intent-match confidence (0.72) — auto-approved.,e0ac6a0a
0.173,0.721,0.86,AUTO_APPROVE,Low fraud-risk (0.17) and high intent-match confidence (0.72) — auto-approved.,ac5033da
0.367,0.721,0.13,AUTO_APPROVE,Low fraud-risk (0.37) and high intent-match confidence (0.72) — auto-approved.,28ea2164
0.201,0.721,0.75,AUTO_APPROVE,Low fraud-risk (0.20) and high intent-match confidence (0.72) — auto-approved.,a864de86
0.499,0.238,0.92,HOLD_CONFIRM_WITH_HUMAN,"Order deviates from stated intent (intent-match confidence 0.24), but this customer's history (preference-fit 0.92) suggests they may welcome this — routed to a quick human confirmation instead of auto-block.",9f1f73b7
0.502,0.721,0.51,HOLD_FRAUD_REVIEW,Fraud-risk score 0.50 exceeds threshold 0.5 — held for manual fraud review.,be75f4ab
0.305,0.721,0.69,AUTO_APPROVE,Low fraud-risk (0.30) and high intent-match confidence (0.72) — auto-approved.,4f33ca64
0.229,0.721,0.012,AUTO_APPROVE,Low fraud-risk (0.23) and high intent-match confidence (0.72) — auto-approved.,91aa5dd1
0.341,0.174,0.028,HOLD_LIKELY_MISMATCH,"Order deviates from stated intent (intent-match confidence 0.17) and doesn't align with this customer's history (preference-fit 0.03) — likely a mistaken purchase, held to prevent a probable return.",76cb79c2
0.375,0.721,0.156,AUTO_APPROVE,Low fraud-risk (0.38) and high intent-match confidence (0.72) — auto-approved.,9e22c2da
0.408,0.464,0.99,HOLD_CONFIRM_WITH_HUMAN,"Order deviates from stated intent (intent-match confidence 0.46), but this customer's history (preference-fit 0.99) suggests they may welcome this — routed to a quick human confirmation instead of auto-block.",c827d08c
0.504,0.721,0.43,HOLD_FRAUD_REVIEW,Fraud-risk score 0.50 exceeds threshold 0.5 — held for manual fraud review.,db3b0dfd
0.471,0.182,0.094,HOLD_LIKELY_MISMATCH,"Order deviates from stated intent (intent-match confidence 0.18) and doesn't align with this customer's history (preference-fit 0.09) — likely a mistaken purchase, held to prevent a probable return.",4332d848
0.75,0.329,0.27,HOLD_FRAUD_REVIEW,Fraud-risk score 0.75 exceeds threshold 0.5 — held for manual fraud review.,a52ea468
0.394,0.342,0.054,HOLD_LIKELY_MISMATCH,"Order deviates from stated intent (intent-match confidence 0.34) and doesn't align with this customer's history (preference-fit 0.05) — likely a mistaken purchase, held to prevent a probable return.",787fa127
0.384,0.721,0.69,AUTO_APPROVE,Low fraud-risk (0.38) and high intent-match confidence (0.72) — auto-approved.,f870d11c
0.583,0.721,0.04,HOLD_FRAUD_REVIEW,Fraud-risk score 0.58 exceeds threshold 0.5 — held for manual fraud review.,301b19df
0.331,0.721,0.02,AUTO_APPROVE,Low fraud-risk (0.33) and high intent-match confidence (0.72) — auto-approved.,659295f8
0.262,0.23,0.098,HOLD_LIKELY_MISMATCH,"Order deviates from stated intent (intent-match confidence 0.23) and doesn't align with this customer's history (preference-fit 0.10) — likely a mistaken purchase, held to prevent a probable return.",6c397359
0.223,0.721,0.44,AUTO_APPROVE,Low fraud-risk (0.22) and high intent-match confidence (0.72) — auto-approved.,71663a5e
0.313,0.721,0.93,AUTO_APPROVE,Low fraud-risk (0.31) and high intent-match confidence (0.72) — auto-approved.,9ea4a0a3
0.2,0.353,0.86,HOLD_CONFIRM_WITH_HUMAN,"Order deviates from stated intent (intent-match confidence 0.35), but this customer's history (preference-fit 0.86) suggests they may welcome this — routed to a quick human confirmation instead of auto-block.",e11eb3e4
0.834,0.231,0.93,HOLD_FRAUD_REVIEW,Fraud-risk score 0.83 exceeds threshold 0.5 — held for manual fraud review.,0fc972f9
0.213,0.721,0.05,AUTO_APPROVE,Low fraud-risk (0.21) and high intent-match confidence (0.72) — auto-approved.,84a88864
0.401,0.721,0.31,AUTO_APPROVE,Low fraud-risk (0.40) and high intent-match confidence (0.72) — auto-approved.,13f12c7b
0.519,0.721,0.126,HOLD_FRAUD_REVIEW,Fraud-risk score 0.52 exceeds threshold 0.5 — held for manual fraud review.,c9e1b0db
0.442,0.721,0.23,AUTO_APPROVE,Low fraud-risk (0.44) and high intent-match confidence (0.72) — auto-approved.,31be6153
0.363,0.721,0.34,AUTO_APPROVE,Low fraud-risk (0.36) and high intent-match confidence (0.72) — auto-approved.,50a17324
0.758,0.721,0.7,HOLD_FRAUD_REVIEW,Fraud-risk score 0.76 exceeds threshold 0.5 — held for manual fraud review.,fac663ea
0.189,0.417,0.89,HOLD_CONFIRM_WITH_HUMAN,"Order deviates from stated intent (intent-match confidence 0.42), but this customer's history (preference-fit 0.89) suggests they may welcome this — routed to a quick human confirmation instead of auto-block.",999a199b
0.742,0.262,0.116,HOLD_FRAUD_REVIEW,Fraud-risk score 0.74 exceeds threshold 0.5 — held for manual fraud review.,b8320cf6
0.518,0.721,0.4,HOLD_FRAUD_REVIEW,Fraud-risk score 0.52 exceeds threshold 0.5 — held for manual fraud review.,272bbe40
0.432,0.721,0.61,AUTO_APPROVE,Low fraud-risk (0.43) and high intent-match confidence (0.72) — auto-approved.,af9ee650
0.518,0.346,0.9,HOLD_FRAUD_REVIEW,Fraud-risk score 0.52 exceeds threshold 0.5 — held for manual fraud review.,9c527ced
0.465,0.721,0.49,AUTO_APPROVE,Low fraud-risk (0.46) and high intent-match confidence (0.72) — auto-approved.,ca7b7b74
0.371,0.721,0.32,AUTO_APPROVE,Low fraud-risk (0.37) and high intent-match confidence (0.72) — auto-approved.,049b9a21
0.687,0.242,0.106,HOLD_FRAUD_REVIEW,Fraud-risk score 0.69 exceeds threshold 0.5 — held for manual fraud review.,aa7fed40
0.466,0.721,0.3,AUTO_APPROVE,Low fraud-risk (0.47) and high intent-match confidence (0.72) — auto-approved.,efba26e8
0.387,0.721,0.5,AUTO_APPROVE,Low fraud-risk (0.39) and high intent-match confidence (0.72) — auto-approved.,d71e4993
0.35,0.721,0.18,AUTO_APPROVE,Low fraud-risk (0.35) and high intent-match confidence (0.72) — auto-approved.,8feca41a
0.269,0.721,0.24,AUTO_APPROVE,Low fraud-risk (0.27) and high intent-match confidence (0.72) — auto-approved.,9f066183
0.549,0.721,0.26,HOLD_FRAUD_REVIEW,Fraud-risk score 0.55 exceeds threshold 0.5 — held for manual fraud review.,e9b322ca
0.228,0.307,0.44,HOLD_LIKELY_MISMATCH,"Order deviates from stated intent (intent-match confidence 0.31) and doesn't align with this customer's history (preference-fit 0.44) — likely a mistaken purchase, held to prevent a probable return.",38a5cce1
0.563,0.33,0.006,HOLD_FRAUD_REVIEW,Fraud-risk score 0.56 exceeds threshold 0.5 — held for manual fraud review.,8171e354
0.239,0.721,0.004,AUTO_APPROVE,Low fraud-risk (0.24) and high intent-match confidence (0.72) — auto-approved.,c682c7dc
0.604,0.721,0.052,HOLD_FRAUD_REVIEW,Fraud-risk score 0.60 exceeds threshold 0.5 — held for manual fraud review.,5e92d2e7
0.415,0.721,0.29,AUTO_APPROVE,Low fraud-risk (0.41) and high intent-match confidence (0.72) — auto-approved.,2de3db4a
0.404,0.333,0.71,HOLD_CONFIRM_WITH_HUMAN,"Order deviates from stated intent (intent-match confidence 0.33), but this customer's history (preference-fit 0.71) suggests they may welcome this — routed to a quick human confirmation instead of auto-block.",2be670c6
0.637,0.721,0.45,HOLD_FRAUD_REVIEW,Fraud-risk score 0.64 exceeds threshold 0.5 — held for manual fraud review.,538ff7a2
0.406,0.721,0.54,AUTO_APPROVE,Low fraud-risk (0.41) and high intent-match confidence (0.72) — auto-approved.,0e6ec7b1
0.496,0.721,0.104,AUTO_APPROVE,Low fraud-risk (0.50) and high intent-match confidence (0.72) — auto-approved.,d154fcbf
0.73,0.721,0.26,HOLD_FRAUD_REVIEW,Fraud-risk score 0.73 exceeds threshold 0.5 — held for manual fraud review.,7c1aafa5
0.815,0.721,0.36,HOLD_FRAUD_REVIEW,Fraud-risk score 0.81 exceeds threshold 0.5 — held for manual fraud review.,6db4151c
0.533,0.247,0.5,HOLD_FRAUD_REVIEW,Fraud-risk score 0.53 exceeds threshold 0.5 — held for manual fraud review.,061009b5
0.768,0.362,0.094,HOLD_FRAUD_REVIEW,Fraud-risk score 0.77 exceeds threshold 0.5 — held for manual fraud review.,69d8e9be
0.532,0.721,0.13,HOLD_FRAUD_REVIEW,Fraud-risk score 0.53 exceeds threshold 0.5 — held for manual fraud review.,a8514485
0.936,0.721,0.84,HOLD_FRAUD_REVIEW,Fraud-risk score 0.94 exceeds threshold 0.5 — held for manual fraud review.,a9742bc5
0.452,0.721,0.04,AUTO_APPROVE,Low fraud-risk (0.45) and high intent-match confidence (0.72) — auto-approved.,8758e5b7
0.763,0.721,0.91,HOLD_FRAUD_REVIEW,Fraud-risk score 0.76 exceeds threshold 0.5 — held for manual fraud review.,f7d1bea0
0.727,0.312,0.156,HOLD_FRAUD_REVIEW,Fraud-risk score 0.73 exceeds threshold 0.5 — held for manual fraud review.,5a4714df
0.755,0.444,0.078,HOLD_FRAUD_REVIEW,Fraud-risk score 0.76 exceeds threshold 0.5 — held for manual fraud review.,94040aad
0.457,0.721,0.12,AUTO_APPROVE,Low fraud-risk (0.46) and high intent-match confidence (0.72) — auto-approved.,17a9939e
0.359,0.721,0.67,AUTO_APPROVE,Low fraud-risk (0.36) and high intent-match confidence (0.72) — auto-approved.,629cf8e2
0.426,0.721,0.44,AUTO_APPROVE,Low fraud-risk (0.43) and high intent-match confidence (0.72) — auto-approved.,7cb3844d
0.509,0.295,0.196,HOLD_FRAUD_REVIEW,Fraud-risk score 0.51 exceeds threshold 0.5 — held for manual fraud review.,ecebe103
0.486,0.234,0.14,HOLD_LIKELY_MISMATCH,"Order deviates from stated intent (intent-match confidence 0.23) and doesn't align with this customer's history (preference-fit 0.14) — likely a mistaken purchase, held to prevent a probable return.",abd6973b
0.761,0.721,0.14,HOLD_FRAUD_REVIEW,Fraud-risk score 0.76 exceeds threshold 0.5 — held for manual fraud review.,4a3f956c
0.517,0.721,0.082,HOLD_FRAUD_REVIEW,Fraud-risk score 0.52 exceeds threshold 0.5 — held for manual fraud review.,486756c3
0.882,0.721,0.83,HOLD_FRAUD_REVIEW,Fraud-risk score 0.88 exceeds threshold 0.5 — held for manual fraud review.,dfe379dd
0.442,0.721,0.07,AUTO_APPROVE,Low fraud-risk (0.44) and high intent-match confidence (0.72) — auto-approved.,e5a8cd06
0.454,0.403,0.27,HOLD_LIKELY_MISMATCH,"Order deviates from stated intent (intent-match confidence 0.40) and doesn't align with this customer's history (preference-fit 0.27) — likely a mistaken purchase, held to prevent a probable return.",799054b7
0.387,0.721,0.018,AUTO_APPROVE,Low fraud-risk (0.39) and high intent-match confidence (0.72) — auto-approved.,df436a7a
0.464,0.721,0.54,AUTO_APPROVE,Low fraud-risk (0.46) and high intent-match confidence (0.72) — auto-approved.,b57fa770
0.213,0.721,0.58,AUTO_APPROVE,Low fraud-risk (0.21) and high intent-match confidence (0.72) — auto-approved.,867c84bd
0.174,0.362,0.43,HOLD_LIKELY_MISMATCH,"Order deviates from stated intent (intent-match confidence 0.36) and doesn't align with this customer's history (preference-fit 0.43) — likely a mistaken purchase, held to prevent a probable return.",9931255e
0.524,0.721,0.75,HOLD_FRAUD_REVIEW,Fraud-risk score 0.52 exceeds threshold 0.5 — held for manual fraud review.,eb9fb2c7
0.889,0.721,0.04,HOLD_FRAUD_REVIEW,Fraud-risk score 0.89 exceeds threshold 0.5 — held for manual fraud review.,ebd5ded3
0.502,0.721,0.91,HOLD_FRAUD_REVIEW,Fraud-risk score 0.50 exceeds threshold 0.5 — held for manual fraud review.,fcbf51e7
0.631,0.183,0.058,HOLD_FRAUD_REVIEW,Fraud-risk score 0.63 exceeds threshold 0.5 — held for manual fraud review.,7c577bbe
0.475,0.721,0.172,AUTO_APPROVE,Low fraud-risk (0.48) and high intent-match confidence (0.72) — auto-approved.,df7634f2
0.212,0.721,0.05,AUTO_APPROVE,Low fraud-risk (0.21) and high intent-match confidence (0.72) — auto-approved.,dd4b3e42
0.634,0.397,0.15,HOLD_FRAUD_REVIEW,Fraud-risk score 0.63 exceeds threshold 0.5 — held for manual fraud review.,33f6f5e0
0.608,0.721,0.52,HOLD_FRAUD_REVIEW,Fraud-risk score 0.61 exceeds threshold 0.5 — held for manual fraud review.,54dd074f
0.35,0.308,0.134,HOLD_LIKELY_MISMATCH,"Order deviates from stated intent (intent-match confidence 0.31) and doesn't align with this customer's history (preference-fit 0.13) — likely a mistaken purchase, held to prevent a probable return.",f2c9c4fe
0.313,0.721,0.23,AUTO_APPROVE,Low fraud-risk (0.31) and high intent-match confidence (0.72) — auto-approved.,dbf3476f
0.297,0.721,0.3,AUTO_APPROVE,Low fraud-risk (0.30) and high intent-match confidence (0.72) — auto-approved.,b317ccfd
0.248,0.721,0.16,AUTO_APPROVE,Low fraud-risk (0.25) and high intent-match confidence (0.72) — auto-approved.,8cab9364
0.767,0.721,0.138,HOLD_FRAUD_REVIEW,Fraud-risk score 0.77 exceeds threshold 0.5 — held for manual fraud review.,784ec826
0.504,0.312,0.44,HOLD_FRAUD_REVIEW,Fraud-risk score 0.50 exceeds threshold 0.5 — held for manual fraud review.,29b616a0
0.451,0.275,0.75,HOLD_CONFIRM_WITH_HUMAN,"Order deviates from stated intent (intent-match confidence 0.28), but this customer's history (preference-fit 0.75) suggests they may welcome this — routed to a quick human confirmation instead of auto-block.",6f7781d2
0.288,0.721,0.48,AUTO_APPROVE,Low fraud-risk (0.29) and high intent-match confidence (0.72) — auto-approved.,3918adf3
0.382,0.721,0.46,AUTO_APPROVE,Low fraud-risk (0.38) and high intent-match confidence (0.72) — auto-approved.,c6f3128b
0.466,0.212,0.63,HOLD_CONFIRM_WITH_HUMAN,"Order deviates from stated intent (intent-match confidence 0.21), but this customer's history (preference-fit 0.63) suggests they may welcome this — routed to a quick human confirmation instead of auto-block.",8b94c265
0.596,0.721,0.59,HOLD_FRAUD_REVIEW,Fraud-risk score 0.60 exceeds threshold 0.5 — held for manual fraud review.,dba3110b
0.431,0.721,0.09,AUTO_APPROVE,Low fraud-risk (0.43) and high intent-match confidence (0.72) — auto-approved.,f6225ba7
0.293,0.721,0.8,AUTO_APPROVE,Low fraud-risk (0.29) and high intent-match confidence (0.72) — auto-approved.,3e1a17db
0.336,0.721,0.42,AUTO_APPROVE,Low fraud-risk (0.34) and high intent-match confidence (0.72) — auto-approved.,baa94c88
0.31,0.721,0.142,AUTO_APPROVE,Low fraud-risk (0.31) and high intent-match confidence (0.72) — auto-approved.,2beb6f81
0.197,0.721,0.24,AUTO_APPROVE,Low fraud-risk (0.20) and high intent-match confidence (0.72) — auto-approved.,5bde914d
0.469,0.384,0.88,HOLD_CONFIRM_WITH_HUMAN,"Order deviates from stated intent (intent-match confidence 0.38), but this customer's history (preference-fit 0.88) suggests they may welcome this — routed to a quick human confirmation instead of auto-block.",c23f778a
0.377,0.721,0.04,AUTO_APPROVE,Low fraud-risk (0.38) and high intent-match confidence (0.72) — auto-approved.,4708193f
0.68,0.46,0.41,HOLD_FRAUD_REVIEW,Fraud-risk score 0.68 exceeds threshold 0.5 — held for manual fraud review.,5af1971d
0.216,0.721,0.068,AUTO_APPROVE,Low fraud-risk (0.22) and high intent-match confidence (0.72) — auto-approved.,a01fca57
0.892,0.721,0.91,HOLD_FRAUD_REVIEW,Fraud-risk score 0.89 exceeds threshold 0.5 — held for manual fraud review.,dd0ca192
0.404,0.721,0.08,AUTO_APPROVE,Low fraud-risk (0.40) and high intent-match confidence (0.72) — auto-approved.,45ccaa47
0.57,0.721,0.83,HOLD_FRAUD_REVIEW,Fraud-risk score 0.57 exceeds threshold 0.5 — held for manual fraud review.,09aa7b20
0.497,0.721,0.188,AUTO_APPROVE,Low fraud-risk (0.50) and high intent-match confidence (0.72) — auto-approved.,a7aababe
0.605,0.721,0.38,HOLD_FRAUD_REVIEW,Fraud-risk score 0.60 exceeds threshold 0.5 — held for manual fraud review.,ea6811b8
0.537,0.286,0.09,HOLD_FRAUD_REVIEW,Fraud-risk score 0.54 exceeds threshold 0.5 — held for manual fraud review.,1cf4c27c
0.716,0.721,0.164,HOLD_FRAUD_REVIEW,Fraud-risk score 0.72 exceeds threshold 0.5 — held for manual fraud review.,8e089028
0.335,0.721,0.51,AUTO_APPROVE,Low fraud-risk (0.33) and high intent-match confidence (0.72) — auto-approved.,58149fca
0.311,0.721,0.04,AUTO_APPROVE,Low fraud-risk (0.31) and high intent-match confidence (0.72) — auto-approved.,fc77a74c
0.28,0.409,0.46,HOLD_LIKELY_MISMATCH,"Order deviates from stated intent (intent-match confidence 0.41) and doesn't align with this customer's history (preference-fit 0.46) — likely a mistaken purchase, held to prevent a probable return.",1a7db0d5
0.619,0.721,0.29,HOLD_FRAUD_REVIEW,Fraud-risk score 0.62 exceeds threshold 0.5 — held for manual fraud review.,97bd1ebd
0.165,0.721,0.05,AUTO_APPROVE,Low fraud-risk (0.17) and high intent-match confidence (0.72) — auto-approved.,dc1eb200
0.599,0.721,0.06,HOLD_FRAUD_REVIEW,Fraud-risk score 0.60 exceeds threshold 0.5 — held for manual fraud review.,e021db04
0.891,0.347,0.194,HOLD_FRAUD_REVIEW,Fraud-risk score 0.89 exceeds threshold 0.5 — held for manual fraud review.,d9dfcccc
0.329,0.721,0.85,AUTO_APPROVE,Low fraud-risk (0.33) and high intent-match confidence (0.72) — auto-approved.,13bb971e
0.357,0.401,0.9,HOLD_CONFIRM_WITH_HUMAN,"Order deviates from stated intent (intent-match confidence 0.40), but this customer's history (preference-fit 0.90) suggests they may welcome this — routed to a quick human confirmation instead of auto-block.",e30e26a5
0.405,0.721,0.152,AUTO_APPROVE,Low fraud-risk (0.40) and high intent-match confidence (0.72) — auto-approved.,1b4b232a
0.487,0.721,0.03,AUTO_APPROVE,Low fraud-risk (0.49) and high intent-match confidence (0.72) — auto-approved.,b0009e85
0.851,0.721,0.74,HOLD_FRAUD_REVIEW,Fraud-risk score 0.85 exceeds threshold 0.5 — held for manual fraud review.,d74b7979
0.751,0.721,0.18,HOLD_FRAUD_REVIEW,Fraud-risk score 0.75 exceeds threshold 0.5 — held for manual fraud review.,e6c5b484
0.531,0.438,0.51,HOLD_FRAUD_REVIEW,Fraud-risk score 0.53 exceeds threshold 0.5 — held for manual fraud review.,d354d532
0.33,0.721,0.35,AUTO_APPROVE,Low fraud-risk (0.33) and high intent-match confidence (0.72) — auto-approved.,918d1200
0.171,0.721,0.46,AUTO_APPROVE,Low fraud-risk (0.17) and high intent-match confidence (0.72) — auto-approved.,34501385
0.363,0.721,0.85,AUTO_APPROVE,Low fraud-risk (0.36) and high intent-match confidence (0.72) — auto-approved.,00222791
0.504,0.721,0.16,HOLD_FRAUD_REVIEW,Fraud-risk score 0.50 exceeds threshold 0.5 — held for manual fraud review.,462c5a26
0.479,0.721,0.48,AUTO_APPROVE,Low fraud-risk (0.48) and high intent-match confidence (0.72) — auto-approved.,c83c145a
0.462,0.27,0.144,HOLD_LIKELY_MISMATCH,"Order deviates from stated intent (intent-match confidence 0.27) and doesn't align with this customer's history (preference-fit 0.14) — likely a mistaken purchase, held to prevent a probable return.",912308d4
0.887,0.721,0.06,HOLD_FRAUD_REVIEW,Fraud-risk score 0.89 exceeds threshold 0.5 — held for manual fraud review.,6960487c
0.374,0.721,0.01,AUTO_APPROVE,Low fraud-risk (0.37) and high intent-match confidence (0.72) — auto-approved.,b0dd823d
0.783,0.721,0.98,HOLD_FRAUD_REVIEW,Fraud-risk score 0.78 exceeds threshold 0.5 — held for manual fraud review.,4ffe7f17
0.676,0.721,0.49,HOLD_FRAUD_REVIEW,Fraud-risk score 0.68 exceeds threshold 0.5 — held for manual fraud review.,3b315d07
0.212,0.721,0.144,AUTO_APPROVE,Low fraud-risk (0.21) and high intent-match confidence (0.72) — auto-approved.,5d36e06d
0.808,0.324,0.6,HOLD_FRAUD_REVIEW,Fraud-risk score 0.81 exceeds threshold 0.5 — held for manual fraud review.,10f0ca7a
0.202,0.339,0.61,HOLD_CONFIRM_WITH_HUMAN,"Order deviates from stated intent (intent-match confidence 0.34), but this customer's history (preference-fit 0.61) suggests they may welcome this — routed to a quick human confirmation instead of auto-block.",7f9685ed
0.58,0.415,0.092,HOLD_FRAUD_REVIEW,Fraud-risk score 0.58 exceeds threshold 0.5 — held for manual fraud review.,05c0c3b3
0.216,0.721,0.046,AUTO_APPROVE,Low fraud-risk (0.22) and high intent-match confidence (0.72) — auto-approved.,eff63c57
0.338,0.721,0.73,AUTO_APPROVE,Low fraud-risk (0.34) and high intent-match confidence (0.72) — auto-approved.,daf8c058
0.499,0.422,0.16,HOLD_LIKELY_MISMATCH,"Order deviates from stated intent (intent-match confidence 0.42) and doesn't align with this customer's history (preference-fit 0.16) — likely a mistaken purchase, held to prevent a probable return.",d14067a1
0.201,0.721,0.126,AUTO_APPROVE,Low fraud-risk (0.20) and high intent-match confidence (0.72) — auto-approved.,f33a08e9
0.606,0.721,0.95,HOLD_FRAUD_REVIEW,Fraud-risk score 0.61 exceeds threshold 0.5 — held for manual fraud review.,1e06a591
0.447,0.721,0.65,AUTO_APPROVE,Low fraud-risk (0.45) and high intent-match confidence (0.72) — auto-approved.,d3cb89c9
0.381,0.721,0.96,AUTO_APPROVE,Low fraud-risk (0.38) and high intent-match confidence (0.72) — auto-approved.,8160c411
0.511,0.721,0.89,HOLD_FRAUD_REVIEW,Fraud-risk score 0.51 exceeds threshold 0.5 — held for manual fraud review.,c7452f45
0.384,0.721,0.29,AUTO_APPROVE,Low fraud-risk (0.38) and high intent-match confidence (0.72) — auto-approved.,c07bec89
0.365,0.721,0.98,AUTO_APPROVE,Low fraud-risk (0.36) and high intent-match confidence (0.72) — auto-approved.,d0eeb475
0.592,0.721,0.06,HOLD_FRAUD_REVIEW,Fraud-risk score 0.59 exceeds threshold 0.5 — held for manual fraud review.,4128a447
0.221,0.721,0.46,AUTO_APPROVE,Low fraud-risk (0.22) and high intent-match confidence (0.72) — auto-approved.,7ada30a7
0.563,0.215,0.192,HOLD_FRAUD_REVIEW,Fraud-risk score 0.56 exceeds threshold 0.5 — held for manual fraud review.,c9e55e98
0.289,0.721,0.41,AUTO_APPROVE,Low fraud-risk (0.29) and high intent-match confidence (0.72) — auto-approved.,d2f41025
0.438,0.721,0.26,AUTO_APPROVE,Low fraud-risk (0.44) and high intent-match confidence (0.72) — auto-approved.,8c6356ab
0.829,0.721,0.19,HOLD_FRAUD_REVIEW,Fraud-risk score 0.83 exceeds threshold 0.5 — held for manual fraud review.,8a92ece7
0.201,0.721,0.172,AUTO_APPROVE,Low fraud-risk (0.20) and high intent-match confidence (0.72) — auto-approved.,4992126d
0.196,0.721,0.24,AUTO_APPROVE,Low fraud-risk (0.20) and high intent-match confidence (0.72) — auto-approved.,a0c34d0c
0.302,0.721,0.51,AUTO_APPROVE,Low fraud-risk (0.30) and high intent-match confidence (0.72) — auto-approved.,9b1b210f
0.545,0.441,0.75,HOLD_FRAUD_REVIEW,Fraud-risk score 0.54 exceeds threshold 0.5 — held for manual fraud review.,21a34325
0.368,0.441,0.19,HOLD_LIKELY_MISMATCH,"Order deviates from stated intent (intent-match confidence 0.44) and doesn't align with this customer's history (preference-fit 0.19) — likely a mistaken purchase, held to prevent a probable return.",e780b141
0.247,0.411,0.05,HOLD_LIKELY_MISMATCH,"Order deviates from stated intent (intent-match confidence 0.41) and doesn't align with this customer's history (preference-fit 0.05) — likely a mistaken purchase, held to prevent a probable return.",1e3ff08e
0.646,0.308,0.61,HOLD_FRAUD_REVIEW,Fraud-risk score 0.65 exceeds threshold 0.5 — held for manual fraud review.,9b018952
0.427,0.721,0.5,AUTO_APPROVE,Low fraud-risk (0.43) and high intent-match confidence (0.72) — auto-approved.,6a690df0
0.249,0.721,0.108,AUTO_APPROVE,Low fraud-risk (0.25) and high intent-match confidence (0.72) — auto-approved.,891b5b05
0.819,0.457,0.132,HOLD_FRAUD_REVIEW,Fraud-risk score 0.82 exceeds threshold 0.5 — held for manual fraud review.,f0d9fc19
0.432,0.721,0.078,AUTO_APPROVE,Low fraud-risk (0.43) and high intent-match confidence (0.72) — auto-approved.,6aac41c0
0.195,0.721,0.84,AUTO_APPROVE,Low fraud-risk (0.19) and high intent-match confidence (0.72) — auto-approved.,221bc702
0.491,0.253,0.022,HOLD_LIKELY_MISMATCH,"Order deviates from stated intent (intent-match confidence 0.25) and doesn't align with this customer's history (preference-fit 0.02) — likely a mistaken purchase, held to prevent a probable return.",1c50c813
0.52,0.721,0.03,HOLD_FRAUD_REVIEW,Fraud-risk score 0.52 exceeds threshold 0.5 — held for manual fraud review.,3b25ba47
0.399,0.721,0.47,AUTO_APPROVE,Low fraud-risk (0.40) and high intent-match confidence (0.72) — auto-approved.,e8af3a6d
0.283,0.721,0.08,AUTO_APPROVE,Low fraud-risk (0.28) and high intent-match confidence (0.72) — auto-approved.,7d1c0676
0.335,0.721,0.66,AUTO_APPROVE,Low fraud-risk (0.34) and high intent-match confidence (0.72) — auto-approved.,4d414cc4
0.256,0.721,0.82,AUTO_APPROVE,Low fraud-risk (0.26) and high intent-match confidence (0.72) — auto-approved.,ebc59cde
0.489,0.42,0.62,HOLD_CONFIRM_WITH_HUMAN,"Order deviates from stated intent (intent-match confidence 0.42), but this customer's history (preference-fit 0.62) suggests they may welcome this — routed to a quick human confirmation instead of auto-block.",6a857b04
0.356,0.362,0.84,HOLD_CONFIRM_WITH_HUMAN,"Order deviates from stated intent (intent-match confidence 0.36), but this customer's history (preference-fit 0.84) suggests they may welcome this — routed to a quick human confirmation instead of auto-block.",cec3e2fd
0.367,0.338,0.072,HOLD_LIKELY_MISMATCH,"Order deviates from stated intent (intent-match confidence 0.34) and doesn't align with this customer's history (preference-fit 0.07) — likely a mistaken purchase, held to prevent a probable return.",b1077309
0.464,0.721,0.174,AUTO_APPROVE,Low fraud-risk (0.46) and high intent-match confidence (0.72) — auto-approved.,b0330814
0.707,0.466,0.19,HOLD_FRAUD_REVIEW,Fraud-risk score 0.71 exceeds threshold 0.5 — held for manual fraud review.,d7d415cb
0.672,0.721,0.59,HOLD_FRAUD_REVIEW,Fraud-risk score 0.67 exceeds threshold 0.5 — held for manual fraud review.,7a2158b5
0.657,0.356,0.36,HOLD_FRAUD_REVIEW,Fraud-risk score 0.66 exceeds threshold 0.5 — held for manual fraud review.,93e8c952
0.477,0.457,0.11,HOLD_LIKELY_MISMATCH,"Order deviates from stated intent (intent-match confidence 0.46) and doesn't align with this customer's history (preference-fit 0.11) — likely a mistaken purchase, held to prevent a probable return.",8b1a3f63
0.359,0.302,0.14,HOLD_LIKELY_MISMATCH,"Order deviates from stated intent (intent-match confidence 0.30) and doesn't align with this customer's history (preference-fit 0.14) — likely a mistaken purchase, held to prevent a probable return.",8a575055
0.37,0.721,0.52,AUTO_APPROVE,Low fraud-risk (0.37) and high intent-match confidence (0.72) — auto-approved.,f3b683a2
0.459,0.721,0.92,AUTO_APPROVE,Low fraud-risk (0.46) and high intent-match confidence (0.72) — auto-approved.,7028d28c
0.682,0.386,0.184,HOLD_FRAUD_REVIEW,Fraud-risk score 0.68 exceeds threshold 0.5 — held for manual fraud review.,7d2eafd4
0.257,0.47,0.63,HOLD_CONFIRM_WITH_HUMAN,"Order deviates from stated intent (intent-match confidence 0.47), but this customer's history (preference-fit 0.63) suggests they may welcome this — routed to a quick human confirmation instead of auto-block.",ae4226fd
0.258,0.721,0.172,AUTO_APPROVE,Low fraud-risk (0.26) and high intent-match confidence (0.72) — auto-approved.,7b8b3709
0.523,0.721,0.73,HOLD_FRAUD_REVIEW,Fraud-risk score 0.52 exceeds threshold 0.5 — held for manual fraud review.,a52b3b8e
0.866,0.118,0.152,HOLD_FRAUD_REVIEW,Fraud-risk score 0.87 exceeds threshold 0.5 — held for manual fraud review.,2b533544
0.404,0.721,0.198,AUTO_APPROVE,Low fraud-risk (0.40) and high intent-match confidence (0.72) — auto-approved.,43af48f4
0.389,0.721,0.15,AUTO_APPROVE,Low fraud-risk (0.39) and high intent-match confidence (0.72) — auto-approved.,dc4fac55
0.682,0.721,0.41,HOLD_FRAUD_REVIEW,Fraud-risk score 0.68 exceeds threshold 0.5 — held for manual fraud review.,fb865ac0
0.538,0.721,0.44,HOLD_FRAUD_REVIEW,Fraud-risk score 0.54 exceeds threshold 0.5 — held for manual fraud review.,44786ca9
0.432,0.721,0.194,AUTO_APPROVE,Low fraud-risk (0.43) and high intent-match confidence (0.72) — auto-approved.,6e912b0f
0.313,0.721,0.106,AUTO_APPROVE,Low fraud-risk (0.31) and high intent-match confidence (0.72) — auto-approved.,de4fbdbf
0.557,0.721,0.58,HOLD_FRAUD_REVIEW,Fraud-risk score 0.56 exceeds threshold 0.5 — held for manual fraud review.,63d68753
0.503,0.721,0.89,HOLD_FRAUD_REVIEW,Fraud-risk score 0.50 exceeds threshold 0.5 — held for manual fraud review.,1ad63fbf
0.186,0.721,0.28,AUTO_APPROVE,Low fraud-risk (0.19) and high intent-match confidence (0.72) — auto-approved.,26bd19a4
0.354,0.232,0.11,HOLD_LIKELY_MISMATCH,"Order deviates from stated intent (intent-match confidence 0.23) and doesn't align with this customer's history (preference-fit 0.11) — likely a mistaken purchase, held to prevent a probable return.",c9d7fd03
0.207,0.721,0.16,AUTO_APPROVE,Low fraud-risk (0.21) and high intent-match confidence (0.72) — auto-approved.,06ad0ed2
0.684,0.721,0.59,HOLD_FRAUD_REVIEW,Fraud-risk score 0.68 exceeds threshold 0.5 — held for manual fraud review.,f3e5937a
0.249,0.375,0.42,HOLD_LIKELY_MISMATCH,"Order deviates from stated intent (intent-match confidence 0.38) and doesn't align with this customer's history (preference-fit 0.42) — likely a mistaken purchase, held to prevent a probable return.",c516a5e6
0.387,0.721,0.97,AUTO_APPROVE,Low fraud-risk (0.39) and high intent-match confidence (0.72) — auto-approved.,881698a0
0.386,0.721,0.3,AUTO_APPROVE,Low fraud-risk (0.39) and high intent-match confidence (0.72) — auto-approved.,21866f3b
0.306,0.721,0.21,AUTO_APPROVE,Low fraud-risk (0.31) and high intent-match confidence (0.72) — auto-approved.,48c603ff
0.268,0.383,0.39,HOLD_LIKELY_MISMATCH,"Order deviates from stated intent (intent-match confidence 0.38) and doesn't align with this customer's history (preference-fit 0.39) — likely a mistaken purchase, held to prevent a probable return.",517682dd
0.366,0.721,0.95,AUTO_APPROVE,Low fraud-risk (0.37) and high intent-match confidence (0.72) — auto-approved.,698511d5
0.838,0.721,0.41,HOLD_FRAUD_REVIEW,Fraud-risk score 0.84 exceeds threshold 0.5 — held for manual fraud review.,92bd569d
0.383,0.721,0.18,AUTO_APPROVE,Low fraud-risk (0.38) and high intent-match confidence (0.72) — auto-approved.,37537dcc
0.299,0.434,0.39,HOLD_LIKELY_MISMATCH,"Order deviates from stated intent (intent-match confidence 0.43) and doesn't align with this customer's history (preference-fit 0.39) — likely a mistaken purchase, held to prevent a probable return.",7d13a9c0
0.573,0.721,0.83,HOLD_FRAUD_REVIEW,Fraud-risk score 0.57 exceeds threshold 0.5 — held for manual fraud review.,152a73ec
0.454,0.721,0.41,AUTO_APPROVE,Low fraud-risk (0.45) and high intent-match confidence (0.72) — auto-approved.,4abd6d5e
0.49,0.721,0.008,AUTO_APPROVE,Low fraud-risk (0.49) and high intent-match confidence (0.72) — auto-approved.,a30a5365
0.553,0.302,0.11,HOLD_FRAUD_REVIEW,Fraud-risk score 0.55 exceeds threshold 0.5 — held for manual fraud review.,ac3e1c7a
0.258,0.721,0.92,AUTO_APPROVE,Low fraud-risk (0.26) and high intent-match confidence (0.72) — auto-approved.,6772a7ad
0.452,0.721,0.088,AUTO_APPROVE,Low fraud-risk (0.45) and high intent-match confidence (0.72) — auto-approved.,a6dabdcc
0.275,0.378,0.83,HOLD_CONFIRM_WITH_HUMAN,"Order deviates from stated intent (intent-match confidence 0.38), but this customer's history (preference-fit 0.83) suggests they may welcome this — routed to a quick human confirmation instead of auto-block.",f0e23974
0.728,0.721,0.02,HOLD_FRAUD_REVIEW,Fraud-risk score 0.73 exceeds threshold 0.5 — held for manual fraud review.,6776312a
0.243,0.721,0.102,AUTO_APPROVE,Low fraud-risk (0.24) and high intent-match confidence (0.72) — auto-approved.,a53e3499
0.412,0.319,0.67,HOLD_CONFIRM_WITH_HUMAN,"Order deviates from stated intent (intent-match confidence 0.32), but this customer's history (preference-fit 0.67) suggests they may welcome this — routed to a quick human confirmation instead of auto-block.",871e7c89
0.507,0.721,0.094,HOLD_FRAUD_REVIEW,Fraud-risk score 0.51 exceeds threshold 0.5 — held for manual fraud review.,7debd419
0.196,0.293,0.074,HOLD_LIKELY_MISMATCH,"Order deviates from stated intent (intent-match confidence 0.29) and doesn't align with this customer's history (preference-fit 0.07) — likely a mistaken purchase, held to prevent a probable return.",a44a1da8
0.363,0.721,0.25,AUTO_APPROVE,Low fraud-risk (0.36) and high intent-match confidence (0.72) — auto-approved.,ff4d0986
0.815,0.721,0.25,HOLD_FRAUD_REVIEW,Fraud-risk score 0.81 exceeds threshold 0.5 — held for manual fraud review.,4651d012
0.453,0.387,0.8,HOLD_CONFIRM_WITH_HUMAN,"Order deviates from stated intent (intent-match confidence 0.39), but this customer's history (preference-fit 0.80) suggests they may welcome this — routed to a quick human confirmation instead of auto-block.",123fa056
0.359,0.721,0.46,AUTO_APPROVE,Low fraud-risk (0.36) and high intent-match confidence (0.72) — auto-approved.,0323b9e8
0.362,0.721,0.72,AUTO_APPROVE,Low fraud-risk (0.36) and high intent-match confidence (0.72) — auto-approved.,b94fe903
0.279,0.407,0.11,HOLD_LIKELY_MISMATCH,"Order deviates from stated intent (intent-match confidence 0.41) and doesn't align with this customer's history (preference-fit 0.11) — likely a mistaken purchase, held to prevent a probable return.",c171010a
0.246,0.721,0.89,AUTO_APPROVE,Low fraud-risk (0.25) and high intent-match confidence (0.72) — auto-approved.,2486f02b
0.44,0.721,0.176,AUTO_APPROVE,Low fraud-risk (0.44) and high intent-match confidence (0.72) — auto-approved.,ad34fa87
0.25,0.721,0.19,AUTO_APPROVE,Low fraud-risk (0.25) and high intent-match confidence (0.72) — auto-approved.,bc5d4fc1
0.71,0.344,0.46,HOLD_FRAUD_REVIEW,Fraud-risk score 0.71 exceeds threshold 0.5 — held for manual fraud review.,c695f77b
0.248,0.721,0.164,AUTO_APPROVE,Low fraud-risk (0.25) and high intent-match confidence (0.72) — auto-approved.,d7cc624f
0.37,0.721,0.8,AUTO_APPROVE,Low fraud-risk (0.37) and high intent-match confidence (0.72) — auto-approved.,e467a6fe
0.351,0.721,0.1,AUTO_APPROVE,Low fraud-risk (0.35) and high intent-match confidence (0.72) — auto-approved.,2a7c9ad7
0.488,0.442,0.06,HOLD_LIKELY_MISMATCH,"Order deviates from stated intent (intent-match confidence 0.44) and doesn't align with this customer's history (preference-fit 0.06) — likely a mistaken purchase, held to prevent a probable return.",1d6ca514
0.572,0.721,0.46,HOLD_FRAUD_REVIEW,Fraud-risk score 0.57 exceeds threshold 0.5 — held for manual fraud review.,6446e4a2
0.553,0.721,0.19,HOLD_FRAUD_REVIEW,Fraud-risk score 0.55 exceeds threshold 0.5 — held for manual fraud review.,a72758f7
0.321,0.721,0.61,AUTO_APPROVE,Low fraud-risk (0.32) and high intent-match confidence (0.72) — auto-approved.,1260c9b4
0.383,0.46,0.046,HOLD_LIKELY_MISMATCH,"Order deviates from stated intent (intent-match confidence 0.46) and doesn't align with this customer's history (preference-fit 0.05) — likely a mistaken purchase, held to prevent a probable return.",73106b0a
0.25,0.339,0.78,HOLD_CONFIRM_WITH_HUMAN,"Order deviates from stated intent (intent-match confidence 0.34), but this customer's history (preference-fit 0.78) suggests they may welcome this — routed to a quick human confirmation instead of auto-block.",bcf00902
0.501,0.721,0.3,HOLD_FRAUD_REVIEW,Fraud-risk score 0.50 exceeds threshold 0.5 — held for manual fraud review.,59293086
0.211,0.721,0.33,AUTO_APPROVE,Low fraud-risk (0.21) and high intent-match confidence (0.72) — auto-approved.,801f446b
0.537,0.721,0.124,HOLD_FRAUD_REVIEW,Fraud-risk score 0.54 exceeds threshold 0.5 — held for manual fraud review.,7d3ae7f5
0.241,0.721,0.78,AUTO_APPROVE,Low fraud-risk (0.24) and high intent-match confidence (0.72) — auto-approved.,202f8e25
0.265,0.238,0.5,HOLD_CONFIRM_WITH_HUMAN,"Order deviates from stated intent (intent-match confidence 0.24), but this customer's history (preference-fit 0.50) suggests they may welcome this — routed to a quick human confirmation instead of auto-block.",6a7b347f
0.297,0.323,0.5,HOLD_CONFIRM_WITH_HUMAN,"Order deviates from stated intent (intent-match confidence 0.32), but this customer's history (preference-fit 0.50) suggests they may welcome this — routed to a quick human confirmation instead of auto-block.",9c429a8f
0.353,0.721,0.03,AUTO_APPROVE,Low fraud-risk (0.35) and high intent-match confidence (0.72) — auto-approved.,456f79ee
0.794,0.721,0.36,HOLD_FRAUD_REVIEW,Fraud-risk score 0.79 exceeds threshold 0.5 — held for manual fraud review.,71f6abef
0.584,0.356,0.32,HOLD_FRAUD_REVIEW,Fraud-risk score 0.58 exceeds threshold 0.5 — held for manual fraud review.,25551fc8
0.582,0.248,0.13,HOLD_FRAUD_REVIEW,Fraud-risk score 0.58 exceeds threshold 0.5 — held for manual fraud review.,f8fe4436
0.386,0.721,0.12,AUTO_APPROVE,Low fraud-risk (0.39) and high intent-match confidence (0.72) — auto-approved.,1abc1f7d
0.232,0.721,0.42,AUTO_APPROVE,Low fraud-risk (0.23) and high intent-match confidence (0.72) — auto-approved.,9c80e759
0.434,0.721,0.156,AUTO_APPROVE,Low fraud-risk (0.43) and high intent-match confidence (0.72) — auto-approved.,9a2c8c26
0.848,0.721,0.81,HOLD_FRAUD_REVIEW,Fraud-risk score 0.85 exceeds threshold 0.5 — held for manual fraud review.,b41fb7fb
0.459,0.721,0.68,AUTO_APPROVE,Low fraud-risk (0.46) and high intent-match confidence (0.72) — auto-approved.,b78638d9
0.553,0.721,0.33,HOLD_FRAUD_REVIEW,Fraud-risk score 0.55 exceeds threshold 0.5 — held for manual fraud review.,fa11e196
0.763,0.721,0.58,HOLD_FRAUD_REVIEW,Fraud-risk score 0.76 exceeds threshold 0.5 — held for manual fraud review.,4deaa842
0.847,0.721,0.32,HOLD_FRAUD_REVIEW,Fraud-risk score 0.85 exceeds threshold 0.5 — held for manual fraud review.,c586d769
0.68,0.721,0.08,HOLD_FRAUD_REVIEW,Fraud-risk score 0.68 exceeds threshold 0.5 — held for manual fraud review.,458a0fb5
0.582,0.721,0.89,HOLD_FRAUD_REVIEW,Fraud-risk score 0.58 exceeds threshold 0.5 — held for manual fraud review.,dcf7e8fd
0.382,0.185,0.088,HOLD_LIKELY_MISMATCH,"Order deviates from stated intent (intent-match confidence 0.19) and doesn't align with this customer's history (preference-fit 0.09) — likely a mistaken purchase, held to prevent a probable return.",67b010df
0.22,0.275,0.04,HOLD_LIKELY_MISMATCH,"Order deviates from stated intent (intent-match confidence 0.27) and doesn't align with this customer's history (preference-fit 0.04) — likely a mistaken purchase, held to prevent a probable return.",178eeb18
0.309,0.212,0.33,HOLD_LIKELY_MISMATCH,"Order deviates from stated intent (intent-match confidence 0.21) and doesn't align with this customer's history (preference-fit 0.33) — likely a mistaken purchase, held to prevent a probable return.",6b9a0fee
0.239,0.721,0.42,AUTO_APPROVE,Low fraud-risk (0.24) and high intent-match confidence (0.72) — auto-approved.,b9f7b33f
0.205,0.323,0.55,HOLD_CONFIRM_WITH_HUMAN,"Order deviates from stated intent (intent-match confidence 0.32), but this customer's history (preference-fit 0.55) suggests they may welcome this — routed to a quick human confirmation instead of auto-block.",2c63262d
0.719,0.721,0.04,HOLD_FRAUD_REVIEW,Fraud-risk score 0.72 exceeds threshold 0.5 — held for manual fraud review.,3ac298fa
0.887,0.468,0.37,HOLD_FRAUD_REVIEW,Fraud-risk score 0.89 exceeds threshold 0.5 — held for manual fraud review.,0355f427
0.252,0.721,0.92,AUTO_APPROVE,Low fraud-risk (0.25) and high intent-match confidence (0.72) — auto-approved.,faf8c1d2
0.818,0.352,0.38,HOLD_FRAUD_REVIEW,Fraud-risk score 0.82 exceeds threshold 0.5 — held for manual fraud review.,9e61e28c
0.431,0.386,0.61,HOLD_CONFIRM_WITH_HUMAN,"Order deviates from stated intent (intent-match confidence 0.39), but this customer's history (preference-fit 0.61) suggests they may welcome this — routed to a quick human confirmation instead of auto-block.",cc81af1a
0.505,0.721,0.082,HOLD_FRAUD_REVIEW,Fraud-risk score 0.51 exceeds threshold 0.5 — held for manual fraud review.,63f9680c
0.767,0.721,0.12,HOLD_FRAUD_REVIEW,Fraud-risk score 0.77 exceeds threshold 0.5 — held for manual fraud review.,7f66a083
0.603,0.721,0.9,HOLD_FRAUD_REVIEW,Fraud-risk score 0.60 exceeds threshold 0.5 — held for manual fraud review.,a0fe13ae
0.245,0.721,0.06,AUTO_APPROVE,Low fraud-risk (0.25) and high intent-match confidence (0.72) — auto-approved.,b5caf6f7
0.384,0.721,0.21,AUTO_APPROVE,Low fraud-risk (0.38) and high intent-match confidence (0.72) — auto-approved.,923406aa
0.5,0.41,0.2,HOLD_LIKELY_MISMATCH,"Order deviates from stated intent (intent-match confidence 0.41) and doesn't align with this customer's history (preference-fit 0.20) — likely a mistaken purchase, held to prevent a probable return.",9d6d0c65
0.508,0.721,0.35,HOLD_FRAUD_REVIEW,Fraud-risk score 0.51 exceeds threshold 0.5 — held for manual fraud review.,f00ae619
0.334,0.721,0.138,AUTO_APPROVE,Low fraud-risk (0.33) and high intent-match confidence (0.72) — auto-approved.,c1d6907c
0.574,0.721,0.57,HOLD_FRAUD_REVIEW,Fraud-risk score 0.57 exceeds threshold 0.5 — held for manual fraud review.,c39df0cc
0.247,0.721,0.52,AUTO_APPROVE,Low fraud-risk (0.25) and high intent-match confidence (0.72) — auto-approved.,eec9ae72
0.287,0.408,0.33,HOLD_LIKELY_MISMATCH,"Order deviates from stated intent (intent-match confidence 0.41) and doesn't align with this customer's history (preference-fit 0.33) — likely a mistaken purchase, held to prevent a probable return.",caecde58
0.227,0.352,0.51,HOLD_CONFIRM_WITH_HUMAN,"Order deviates from stated intent (intent-match confidence 0.35), but this customer's history (preference-fit 0.51) suggests they may welcome this — routed to a quick human confirmation instead of auto-block.",54cdca69
0.459,0.721,0.05,AUTO_APPROVE,Low fraud-risk (0.46) and high intent-match confidence (0.72) — auto-approved.,6ee96ecf
0.754,0.721,0.074,HOLD_FRAUD_REVIEW,Fraud-risk score 0.75 exceeds threshold 0.5 — held for manual fraud review.,3d79ced0
0.815,0.391,0.21,HOLD_FRAUD_REVIEW,Fraud-risk score 0.82 exceeds threshold 0.5 — held for manual fraud review.,4ab34dbb
0.798,0.721,0.16,HOLD_FRAUD_REVIEW,Fraud-risk score 0.80 exceeds threshold 0.5 — held for manual fraud review.,db932840
0.196,0.721,0.09,AUTO_APPROVE,Low fraud-risk (0.20) and high intent-match confidence (0.72) — auto-approved.,333b6f80
0.413,0.721,0.156,AUTO_APPROVE,Low fraud-risk (0.41) and high intent-match confidence (0.72) — auto-approved.,beeb45be
0.585,0.329,0.71,HOLD_FRAUD_REVIEW,Fraud-risk score 0.58 exceeds threshold 0.5 — held for manual fraud review.,96eb027a
0.851,0.363,0.036,HOLD_FRAUD_REVIEW,Fraud-risk score 0.85 exceeds threshold 0.5 — held for manual fraud review.,e2ccd76d
0.347,0.721,0.076,AUTO_APPROVE,Low fraud-risk (0.35) and high intent-match confidence (0.72) — auto-approved.,5faf16a9
0.355,0.721,0.19,AUTO_APPROVE,Low fraud-risk (0.35) and high intent-match confidence (0.72) — auto-approved.,52d58666
0.722,0.382,0.16,HOLD_FRAUD_REVIEW,Fraud-risk score 0.72 exceeds threshold 0.5 — held for manual fraud review.,80f4ebc0
0.374,0.721,0.036,AUTO_APPROVE,Low fraud-risk (0.37) and high intent-match confidence (0.72) — auto-approved.,87b06462
0.213,0.721,0.5,AUTO_APPROVE,Low fraud-risk (0.21) and high intent-match confidence (0.72) — auto-approved.,9f8692e9
0.406,0.265,0.2,HOLD_LIKELY_MISMATCH,"Order deviates from stated intent (intent-match confidence 0.27) and doesn't align with this customer's history (preference-fit 0.20) — likely a mistaken purchase, held to prevent a probable return.",37acccdf
0.382,0.721,0.84,AUTO_APPROVE,Low fraud-risk (0.38) and high intent-match confidence (0.72) — auto-approved.,306a7f19
0.86,0.721,0.91,HOLD_FRAUD_REVIEW,Fraud-risk score 0.86 exceeds threshold 0.5 — held for manual fraud review.,50a4b552
0.769,0.721,0.97,HOLD_FRAUD_REVIEW,Fraud-risk score 0.77 exceeds threshold 0.5 — held for manual fraud review.,16035a99
0.637,0.721,0.026,HOLD_FRAUD_REVIEW,Fraud-risk score 0.64 exceeds threshold 0.5 — held for manual fraud review.,fb61aa32
0.265,0.721,0.48,AUTO_APPROVE,Low fraud-risk (0.27) and high intent-match confidence (0.72) — auto-approved.,fb379834
0.226,0.721,0.92,AUTO_APPROVE,Low fraud-risk (0.23) and high intent-match confidence (0.72) — auto-approved.,ab7293f0
0.895,0.721,0.83,HOLD_FRAUD_REVIEW,Fraud-risk score 0.89 exceeds threshold 0.5 — held for manual fraud review.,0a65b606
0.197,0.721,0.43,AUTO_APPROVE,Low fraud-risk (0.20) and high intent-match confidence (0.72) — auto-approved.,eacc9f37
0.37,0.344,0.092,HOLD_LIKELY_MISMATCH,"Order deviates from stated intent (intent-match confidence 0.34) and doesn't align with this customer's history (preference-fit 0.09) — likely a mistaken purchase, held to prevent a probable return.",035883fc
0.233,0.721,0.07,AUTO_APPROVE,Low fraud-risk (0.23) and high intent-match confidence (0.72) — auto-approved.,7143acf0
0.639,0.237,0.34,HOLD_FRAUD_REVIEW,Fraud-risk score 0.64 exceeds threshold 0.5 — held for manual fraud review.,736e15c1
0.501,0.721,0.09,HOLD_FRAUD_REVIEW,Fraud-risk score 0.50 exceeds threshold 0.5 — held for manual fraud review.,fa72005c
0.5,0.721,0.114,HOLD_FRAUD_REVIEW,Fraud-risk score 0.50 exceeds threshold 0.5 — held for manual fraud review.,78645663
0.229,0.721,0.44,AUTO_APPROVE,Low fraud-risk (0.23) and high intent-match confidence (0.72) — auto-approved.,a13447a7
0.302,0.447,0.114,HOLD_LIKELY_MISMATCH,"Order deviates from stated intent (intent-match confidence 0.45) and doesn't align with this customer's history (preference-fit 0.11) — likely a mistaken purchase, held to prevent a probable return.",abbfbde7
0.289,0.721,0.074,AUTO_APPROVE,Low fraud-risk (0.29) and high intent-match confidence (0.72) — auto-approved.,86c0d42d
0.313,0.721,0.34,AUTO_APPROVE,Low fraud-risk (0.31) and high intent-match confidence (0.72) — auto-approved.,0cb2c53a
0.523,0.721,0.14,HOLD_FRAUD_REVIEW,Fraud-risk score 0.52 exceeds threshold 0.5 — held for manual fraud review.,580fa021
0.246,0.721,0.22,AUTO_APPROVE,Low fraud-risk (0.25) and high intent-match confidence (0.72) — auto-approved.,b1ca8032
0.522,0.721,0.024,HOLD_FRAUD_REVIEW,Fraud-risk score 0.52 exceeds threshold 0.5 — held for manual fraud review.,6858dacf
0.376,0.721,0.41,AUTO_APPROVE,Low fraud-risk (0.38) and high intent-match confidence (0.72) — auto-approved.,776ba447
0.388,0.721,0.196,AUTO_APPROVE,Low fraud-risk (0.39) and high intent-match confidence (0.72) — auto-approved.,9f1e58dd
0.208,0.721,0.118,AUTO_APPROVE,Low fraud-risk (0.21) and high intent-match confidence (0.72) — auto-approved.,e57ec4c0
0.334,0.721,0.19,AUTO_APPROVE,Low fraud-risk (0.33) and high intent-match confidence (0.72) — auto-approved.,34a10e03
