order_id,order_value,category,payment_mode,pincode,timestamp,agent_id,agent_age_days,intent_category,intent_max_price,intent_key_attribute,order_category,order_price,order_key_attribute,user_id,user_historical_avg_order_value,user_historical_category,user_account_age_days,device_ip_consistency,user_past_over_budget_kept_rate,category_match,price_within_budget,attribute_match,preference_fit_signal,is_fraud,is_return_or_mismatch
txn_000000,7104.86,footwear,COD,500016,2026-03-07T05:11:00,agent_46,220,footwear,7198.41,attr_4,footwear,7104.86,attr_4,user_398,1570.51,footwear,75,1,0.68,1,1,1,0.476,0,0
txn_000001,3951.2,electronics,COD,500010,2026-01-28T18:21:00,agent_42,105,electronics,5523.6,attr_1,electronics,3951.2,attr_1,user_402,2904.34,flights,475,1,0.8,1,1,1,0.24,0,0
txn_000002,5250.22,footwear,prepaid,500016,2026-03-18T21:15:00,agent_6,479,footwear,6355.47,attr_4,footwear,5250.22,attr_4,user_280,3024.04,footwear,218,1,0.67,1,1,1,0.469,0,0
txn_000003,1735.63,fashion,COD,50007,2026-02-26T10:37:00,agent_25,114,fashion,2109.39,attr_2,fashion,1735.63,attr_2,user_209,5193.72,fashion,96,1,0.29,1,1,1,0.203,0,0
txn_000004,4452.53,fashion,COD,50007,2026-03-29T12:56:00,agent_36,6,fashion,5917.7,attr_1,fashion,4452.53,attr_1,user_181,3040.32,fashion,756,1,0.7,1,1,1,0.49,1,0
txn_000005,11311.16,home,COD,50002,2026-02-12T11:51:00,agent_48,270,home,7314.36,attr_3,home,11311.16,attr_3,user_290,1962.28,fashion,1170,1,0.45,1,0,1,0.135,1,0
txn_000006,7260.44,flights,prepaid,50004,2026-03-23T14:48:00,agent_26,259,flights,5895.97,attr_4,flights,7260.44,attr_4,user_396,3950.2,flights,978,1,0.42,1,0,1,0.294,1,0
txn_000007,4809.22,electronics,prepaid,50006,2026-02-07T01:55:00,agent_29,201,electronics,4931.87,attr_5,electronics,4809.22,attr_5,user_476,625.42,groceries,1176,1,0.49,1,1,1,0.147,0,0
txn_000008,9709.9,electronics,COD,500011,2026-01-06T04:42:00,agent_7,3,electronics,6697.19,attr_3,electronics,9709.9,attr_2,user_71,5428.88,electronics,835,1,0.67,1,0,0,0.469,0,0
txn_000009,3711.31,flights,prepaid,500011,2026-05-05T02:09:00,agent_53,42,flights,2878.54,attr_2,flights,3711.31,attr_1,user_58,5740.95,flights,777,1,0.94,1,0,0,0.658,0,0
txn_000010,2183.94,flights,prepaid,500010,2026-05-02T11:12:00,agent_16,338,flights,3302.43,attr_2,flights,2183.94,attr_2,user_23,1019.57,groceries,1405,1,0.12,1,1,1,0.036,0,0
txn_000011,6093.3,electronics,prepaid,50006,2026-04-13T15:16:00,agent_12,248,electronics,4255.56,attr_2,electronics,6093.3,attr_3,user_413,1291.44,electronics,352,1,0.68,1,0,0,0.476,0,0
txn_000012,3856.35,footwear,prepaid,50009,2026-05-15T04:46:00,agent_10,125,footwear,2757.12,attr_1,footwear,3856.35,attr_1,user_298,3187.21,footwear,1433,1,0.92,1,0,1,0.644,0,0
txn_000013,6047.9,electronics,prepaid,500019,2026-02-21T23:16:00,agent_55,47,electronics,6385.73,attr_5,electronics,6047.9,attr_5,user_213,1100.29,footwear,1197,1,0.53,1,1,1,0.159,0,0
txn_000014,2879.35,footwear,prepaid,500014,2026-02-09T13:04:00,agent_35,320,footwear,2358.8,attr_2,footwear,2879.35,attr_2,user_77,4603.08,electronics,166,1,0.59,1,0,1,0.177,0,1
txn_000015,1702.04,groceries,COD,50003,2026-01-26T04:59:00,agent_4,14,groceries,1809.81,attr_5,groceries,1702.04,attr_5,user_444,3751.29,groceries,596,1,0.5,1,1,1,0.35,1,0
txn_000016,556.11,electronics,prepaid,50005,2026-05-17T01:14:00,agent_19,89,electronics,869.41,attr_2,electronics,556.11,attr_2,user_401,2554.88,electronics,161,1,0.05,1,1,1,0.035,0,0
txn_000017,1981.25,flights,prepaid,500016,2026-02-20T21:18:00,agent_44,131,flights,1509.14,attr_5,flights,1981.25,attr_5,user_164,3328.23,flights,699,1,0.64,1,0,1,0.448,0,0
txn_000018,6192.83,groceries,prepaid,50008,2026-04-13T01:38:00,agent_55,47,groceries,7616.43,attr_4,groceries,6192.83,attr_4,user_18,3145.01,groceries,807,1,0.65,1,1,1,0.455,0,0
txn_000019,4277.69,electronics,prepaid,500012,2026-05-12T09:25:00,agent_5,4,electronics,5107.85,attr_4,electronics,4277.69,attr_4,user_45,1023.03,flights,1404,1,0.96,1,1,1,0.288,0,0
txn_000020,1422.14,electronics,COD,500015,2026-01-17T15:06:00,agent_47,643,electronics,1784.68,attr_3,electronics,1422.14,attr_3,user_59,3607.23,electronics,704,1,0.76,1,1,1,0.532,0,0
txn_000021,7135.45,fashion,prepaid,50002,2026-03-18T19:18:00,agent_26,27,fashion,6307.41,attr_2,fashion,7135.45,attr_3,user_474,2335.01,fashion,1146,1,0.36,1,0,0,0.252,0,0
txn_000022,6907.84,home,COD,50008,2026-03-05T02:23:00,agent_7,79,home,7899.74,attr_4,home,6907.84,attr_4,user_361,4447.68,groceries,1277,1,0.12,1,1,1,0.036,1,0
txn_000023,1776.35,fashion,COD,50009,2026-04-01T07:05:00,agent_7,40,fashion,2764.46,attr_2,fashion,1776.35,attr_2,user_312,5551.43,flights,1495,1,0.28,1,1,1,0.084,0,0
txn_000024,2175.4,footwear,COD,500014,2026-04-22T05:52:00,agent_15,38,footwear,1572.66,attr_5,footwear,2175.4,attr_5,user_484,4772.22,footwear,1366,1,0.04,1,0,1,0.028,0,1
txn_000025,530.42,home,prepaid,50003,2026-02-07T14:31:00,agent_6,197,home,801.13,attr_4,home,530.42,attr_4,user_355,1609.8,home,761,1,0.63,1,1,1,0.441,0,0
txn_000026,4012.95,flights,prepaid,500020,2026-03-21T12:02:00,agent_27,11,flights,5122.32,attr_1,flights,4012.95,attr_1,user_73,5362.8,footwear,267,1,0.18,1,1,1,0.054,0,0
txn_000027,6914.89,electronics,COD,500019,2026-03-30T03:25:00,agent_39,407,electronics,5748.32,attr_2,electronics,6914.89,attr_2,user_485,5673.27,electronics,767,1,0.47,1,0,1,0.329,0,0
txn_000028,2534.78,groceries,COD,50004,2026-02-13T22:02:00,agent_15,116,groceries,2877.81,attr_3,groceries,2534.78,attr_3,user_393,698.33,groceries,716,1,0.57,1,1,1,0.399,0,0
txn_000029,2326.07,groceries,COD,500011,2026-01-17T02:11:00,agent_4,73,groceries,3204.93,attr_5,groceries,2326.07,attr_5,user_36,4551.88,flights,1382,1,0.52,1,1,1,0.156,0,0
txn_000030,1988.29,home,COD,500017,2026-02-20T16:23:00,agent_30,23,home,3005.98,attr_3,home,1988.29,attr_3,user_479,2226.41,electronics,31,1,0.86,1,1,1,0.258,0,0
txn_000031,8542.63,footwear,prepaid,500020,2026-05-18T13:04:00,agent_39,51,footwear,5657.49,attr_1,footwear,8542.63,attr_4,user_71,2633.13,footwear,25,1,0.53,1,0,0,0.371,0,0
txn_000032,8135.36,flights,COD,50009,2026-01-12T16:23:00,agent_16,32,flights,6164.98,attr_1,flights,8135.36,attr_3,user_122,3081.3,flights,279,0,0.04,1,0,0,0.028,1,0
txn_000033,5015.05,home,prepaid,500017,2026-05-07T07:50:00,agent_46,170,home,5526.52,attr_4,home,5015.05,attr_4,user_153,819.6,home,813,1,0.84,1,1,1,0.588,0,0
txn_000034,4253.77,fashion,COD,50003,2026-02-08T14:44:00,agent_11,17,flights,3489.14,attr_5,fashion,4253.77,attr_3,user_351,5545.36,flights,274,1,0.19,0,0,0,0.057,1,0
txn_000035,5273.23,flights,prepaid,500013,2026-02-10T00:45:00,agent_39,81,flights,4081.29,attr_5,flights,5273.23,attr_5,user_410,5468.3,fashion,1445,1,0.87,1,0,1,0.261,0,0
txn_000036,740.49,fashion,COD,500020,2026-03-19T03:32:00,agent_32,69,fashion,807.1,attr_4,fashion,740.49,attr_4,user_401,4775.39,fashion,1478,1,0.98,1,1,1,0.686,1,0
txn_000037,3032.8,electronics,prepaid,500019,2026-02-02T13:47:00,agent_3,4,electronics,3295.27,attr_5,electronics,3032.8,attr_5,user_51,1101.05,electronics,1072,1,0.87,1,1,1,0.609,1,0
txn_000038,4124.55,flights,COD,50005,2026-03-23T23:44:00,agent_27,125,flights,5579.66,attr_5,flights,4124.55,attr_5,user_199,662.84,flights,1344,1,0.24,1,1,1,0.168,0,0
txn_000039,1816.23,footwear,prepaid,50006,2026-03-11T00:23:00,agent_36,127,footwear,1136.09,attr_4,footwear,1816.23,attr_4,user_172,4447.02,groceries,1498,1,0.41,1,0,1,0.123,0,0
txn_000040,516.35,footwear,COD,50003,2026-05-05T13:59:00,agent_23,24,footwear,632.52,attr_2,footwear,516.35,attr_2,user_118,2993.04,footwear,521,1,0.96,1,1,1,0.672,1,0
txn_000041,4327.85,flights,prepaid,50007,2026-04-19T20:44:00,agent_35,162,flights,6067.38,attr_2,flights,4327.85,attr_2,user_317,4093.92,flights,369,1,0.16,1,1,1,0.112,0,0
txn_000042,5321.49,groceries,prepaid,500018,2026-05-14T07:14:00,agent_11,58,groceries,6609.79,attr_3,groceries,5321.49,attr_3,user_369,5464.05,groceries,847,1,0.65,1,1,1,0.455,0,1
txn_000043,4554.63,footwear,COD,50006,2026-02-27T20:41:00,agent_9,6,footwear,3913.38,attr_1,footwear,4554.63,attr_1,user_1,3338.48,footwear,85,1,0.38,1,0,1,0.266,1,0
txn_000044,5664.67,electronics,prepaid,50003,2026-02-15T22:27:00,agent_15,0,electronics,4311.26,attr_2,electronics,5664.67,attr_3,user_465,2332.02,electronics,1173,1,0.26,1,0,0,0.182,1,0
txn_000045,1926.25,groceries,COD,50001,2026-04-29T12:33:00,agent_35,82,groceries,1628.41,attr_4,groceries,1926.25,attr_2,user_267,1260.13,footwear,23,1,0.03,1,0,0,0.009,0,1
txn_000046,1750.74,flights,prepaid,500010,2026-01-31T01:11:00,agent_31,402,flights,2406.98,attr_1,flights,1750.74,attr_1,user_207,5553.37,flights,909,0,0.36,1,1,1,0.252,0,0
txn_000047,2595.17,flights,COD,50007,2026-01-20T23:03:00,agent_40,1,flights,3098.59,attr_2,flights,2595.17,attr_2,user_346,1410.18,footwear,1065,1,0.32,1,1,1,0.096,1,0
txn_000048,449.87,footwear,COD,50004,2026-03-24T13:53:00,agent_1,171,footwear,530.06,attr_5,footwear,449.87,attr_5,user_66,5961.97,footwear,199,1,0.88,1,1,1,0.616,0,0
txn_000049,4422.92,electronics,prepaid,50007,2026-05-17T14:03:00,agent_15,4,electronics,4967.85,attr_4,electronics,4422.92,attr_4,user_75,1772.04,home,920,1,0.4,1,1,1,0.12,0,0
txn_000050,5104.9,electronics,COD,500019,2026-03-07T06:00:00,agent_52,141,groceries,4401.73,attr_3,electronics,5104.9,attr_1,user_367,2743.79,groceries,1335,1,0.68,0,0,0,0.204,0,1
txn_000051,3879.9,flights,COD,500018,2026-04-14T06:40:00,agent_44,134,flights,6062.87,attr_4,flights,3879.9,attr_4,user_228,4806.28,flights,165,0,0.87,1,1,1,0.609,1,0
txn_000052,6971.8,footwear,COD,50005,2026-02-22T09:21:00,agent_22,46,footwear,7156.78,attr_5,footwear,6971.8,attr_5,user_197,2670.46,footwear,917,1,0.41,1,1,1,0.287,0,0
txn_000053,4072.93,fashion,COD,50003,2026-01-07T06:34:00,agent_57,13,fashion,3046.08,attr_1,fashion,4072.93,attr_1,user_5,1839.78,fashion,1132,1,0.28,1,0,1,0.196,1,0
txn_000054,1320.81,groceries,prepaid,50002,2026-01-20T03:18:00,agent_56,50,groceries,1330.19,attr_5,groceries,1320.81,attr_5,user_152,1888.4,groceries,1149,1,0.9,1,1,1,0.63,0,0
txn_000055,3682.35,electronics,COD,500012,2026-04-16T13:22:00,agent_32,89,electronics,5125.67,attr_3,electronics,3682.35,attr_3,user_16,1409.21,electronics,248,1,0.58,1,1,1,0.406,0,0
txn_000056,5040.95,fashion,prepaid,50001,2026-05-02T11:15:00,agent_45,48,fashion,7220.92,attr_2,fashion,5040.95,attr_2,user_170,1052.18,fashion,1271,1,0.41,1,1,1,0.287,0,0
txn_000057,1322.78,flights,COD,500011,2026-01-18T10:52:00,agent_11,152,flights,1709.41,attr_1,flights,1322.78,attr_1,user_476,5383.94,home,781,1,0.53,1,1,1,0.159,1,0
txn_000058,3661.31,footwear,prepaid,500010,2026-03-15T20:57:00,agent_13,19,footwear,4658.12,attr_5,footwear,3661.31,attr_5,user_330,1892.52,footwear,187,0,0.32,1,1,1,0.224,1,0
txn_000059,3615.47,electronics,prepaid,500017,2026-05-09T07:16:00,agent_21,187,electronics,4015.69,attr_5,electronics,3615.47,attr_5,user_265,1340.82,fashion,84,1,0.79,1,1,1,0.237,0,0
txn_000060,702.54,groceries,COD,50006,2026-04-02T15:50:00,agent_39,516,groceries,965.47,attr_4,groceries,702.54,attr_4,user_300,3020.44,groceries,236,1,0.39,1,1,1,0.273,0,0
txn_000061,1486.4,footwear,prepaid,500010,2026-05-12T14:27:00,agent_41,103,footwear,1829.27,attr_1,footwear,1486.4,attr_1,user_357,5153.04,footwear,679,1,0.75,1,1,1,0.525,0,0
txn_000062,3835.84,groceries,COD,500015,2026-04-03T16:57:00,agent_25,184,groceries,5898.37,attr_4,groceries,3835.84,attr_4,user_66,3299.14,electronics,974,1,0.41,1,1,1,0.123,1,0
txn_000063,2818.86,flights,COD,500015,2026-03-17T06:55:00,agent_33,61,flights,1983.57,attr_4,flights,2818.86,attr_2,user_350,4779.83,fashion,1005,1,0.28,1,0,0,0.084,1,0
txn_000064,4381.75,fashion,prepaid,500020,2026-04-29T14:36:00,agent_19,30,fashion,5191.09,attr_1,fashion,4381.75,attr_1,user_164,5868.71,fashion,1031,1,0.4,1,1,1,0.28,0,0
txn_000065,2720.38,electronics,COD,500018,2026-03-05T09:30:00,agent_55,88,electronics,3005.83,attr_3,electronics,2720.38,attr_3,user_350,1843.13,home,1266,0,0.74,1,1,1,0.222,1,0
txn_000066,7286.42,electronics,COD,500013,2026-02-24T04:12:00,agent_9,100,electronics,4894.71,attr_4,electronics,7286.42,attr_2,user_225,2754.9,electronics,1225,1,0.17,1,0,0,0.119,0,1
txn_000067,4454.56,home,COD,50006,2026-04-26T15:05:00,agent_5,29,home,5147.51,attr_1,home,4454.56,attr_1,user_288,5630.95,flights,215,1,0.27,1,1,1,0.081,1,0
txn_000068,4106.67,electronics,prepaid,50004,2026-01-08T03:23:00,agent_59,110,electronics,5646.22,attr_3,electronics,4106.67,attr_3,user_184,4089.78,footwear,779,1,0.73,1,1,1,0.219,0,0
txn_000069,4378.87,fashion,prepaid,500016,2026-01-22T07:45:00,agent_19,156,fashion,6659.23,attr_2,fashion,4378.87,attr_2,user_267,2791.66,fashion,1125,1,0.49,1,1,1,0.343,0,0
txn_000070,3505.47,electronics,COD,50002,2026-01-13T21:11:00,agent_46,0,electronics,3772.37,attr_5,electronics,3505.47,attr_5,user_212,691.61,electronics,1236,1,0.15,1,1,1,0.105,0,0
txn_000071,2772.44,groceries,COD,500011,2026-01-25T11:38:00,agent_10,43,groceries,4281.34,attr_4,groceries,2772.44,attr_4,user_88,4626.46,groceries,558,1,0.21,1,1,1,0.147,1,0
txn_000072,6530.45,footwear,COD,500017,2026-04-09T16:26:00,agent_34,121,footwear,5401.55,attr_1,footwear,6530.45,attr_1,user_232,2661.05,groceries,1463,1,0.19,1,0,1,0.057,0,0
txn_000073,1779.46,footwear,prepaid,500011,2026-01-10T04:15:00,agent_49,51,footwear,2451.38,attr_1,footwear,1779.46,attr_1,user_181,2802.61,footwear,846,1,0.27,1,1,1,0.189,0,0
txn_000074,2071.61,footwear,prepaid,50001,2026-01-29T17:57:00,agent_13,155,footwear,1789.7,attr_2,footwear,2071.61,attr_1,user_53,5396.45,footwear,719,0,0.06,1,0,0,0.042,1,0
txn_000075,3207.52,footwear,COD,500011,2026-03-28T01:13:00,agent_55,137,groceries,2902.98,attr_1,footwear,3207.52,attr_1,user_204,2484.17,groceries,542,1,0.61,0,0,1,0.183,1,0
txn_000076,4100.82,footwear,prepaid,50004,2026-03-11T06:07:00,agent_32,200,footwear,4445.45,attr_5,footwear,4100.82,attr_5,user_247,5981.72,footwear,607,1,0.95,1,1,1,0.665,0,0
txn_000077,3730.04,electronics,COD,500020,2026-05-09T17:13:00,agent_8,152,electronics,4885.65,attr_3,electronics,3730.04,attr_3,user_401,2265.97,electronics,163,1,0.59,1,1,1,0.413,0,0
txn_000078,3035.88,home,COD,500015,2026-04-11T10:22:00,agent_58,168,home,4759.51,attr_2,home,3035.88,attr_2,user_195,3040.0,home,836,1,0.35,1,1,1,0.245,1,0
txn_000079,2356.68,home,prepaid,50005,2026-01-06T08:28:00,agent_49,203,home,2430.67,attr_3,home,2356.68,attr_3,user_467,5601.28,home,1006,1,0.95,1,1,1,0.665,0,1
txn_000080,5162.97,fashion,COD,500019,2026-01-23T07:17:00,agent_26,160,fashion,6891.09,attr_3,fashion,5162.97,attr_3,user_387,3230.3,fashion,18,1,0.33,1,1,1,0.231,0,0
txn_000081,6125.12,footwear,COD,500010,2026-03-26T08:02:00,agent_51,206,footwear,7726.85,attr_4,footwear,6125.12,attr_4,user_455,1531.85,footwear,1318,1,0.1,1,1,1,0.07,0,0
txn_000082,5074.63,groceries,COD,500019,2026-04-03T19:46:00,agent_7,32,groceries,6460.63,attr_2,groceries,5074.63,attr_2,user_188,5107.44,groceries,462,1,0.02,1,1,1,0.014,0,0
txn_000083,4079.38,fashion,COD,500013,2026-04-01T12:13:00,agent_13,18,fashion,4416.88,attr_5,fashion,4079.38,attr_5,user_495,1267.93,fashion,522,1,0.95,1,1,1,0.665,0,0
txn_000084,475.43,home,COD,500018,2026-01-17T07:40:00,agent_57,51,home,769.24,attr_4,home,475.43,attr_4,user_142,3440.3,groceries,70,1,0.3,1,1,1,0.09,0,0
txn_000085,8895.69,footwear,COD,50001,2026-04-26T06:43:00,agent_6,47,footwear,7368.09,attr_5,footwear,8895.69,attr_1,user_64,3620.96,footwear,673,1,0.97,1,0,0,0.679,0,0
txn_000086,5061.93,home,prepaid,500013,2026-02-20T05:19:00,agent_12,68,home,6468.41,attr_5,home,5061.93,attr_5,user_196,3501.22,home,1349,0,0.7,1,1,1,0.49,1,0
txn_000087,6017.89,footwear,COD,50002,2026-01-07T19:43:00,agent_21,172,footwear,3845.55,attr_1,footwear,6017.89,attr_5,user_77,3867.22,footwear,244,1,0.98,1,0,0,0.686,1,0
txn_000088,5427.93,home,COD,50002,2026-02-01T09:05:00,agent_32,72,home,7343.37,attr_2,home,5427.93,attr_2,user_204,3942.94,home,1202,1,0.86,1,1,1,0.602,1,0
txn_000089,5204.2,groceries,COD,500013,2026-03-11T02:49:00,agent_12,383,groceries,4553.58,attr_5,groceries,5204.2,attr_4,user_266,1505.45,groceries,983,1,0.43,1,0,0,0.301,1,0
txn_000090,6303.42,footwear,COD,50001,2026-04-25T04:42:00,agent_28,318,flights,4084.6,attr_3,footwear,6303.42,attr_3,user_360,2819.71,flights,893,1,0.64,0,0,1,0.192,1,0
txn_000091,5329.95,flights,COD,500015,2026-04-13T07:14:00,agent_29,106,flights,6921.72,attr_4,flights,5329.95,attr_4,user_230,3970.86,flights,997,1,0.96,1,1,1,0.672,0,0
txn_000092,2407.61,flights,prepaid,50005,2026-01-25T07:56:00,agent_53,8,flights,1989.38,attr_2,flights,2407.61,attr_1,user_375,4609.98,flights,416,1,0.96,1,0,0,0.672,0,0
txn_000093,2528.99,groceries,COD,500016,2026-04-24T23:11:00,agent_17,6,groceries,2812.5,attr_3,groceries,2528.99,attr_3,user_121,1200.02,groceries,1060,1,0.48,1,1,1,0.336,0,0
txn_000094,4059.04,groceries,COD,50008,2026-03-31T07:19:00,agent_2,33,groceries,3440.45,attr_4,groceries,4059.04,attr_2,user_433,4634.79,groceries,416,1,0.44,1,0,0,0.308,0,0
txn_000095,6051.09,flights,prepaid,500020,2026-01-16T02:11:00,agent_47,267,flights,7314.56,attr_3,flights,6051.09,attr_3,user_356,3035.12,flights,33,1,0.49,1,1,1,0.343,0,0
txn_000096,2053.25,electronics,prepaid,50004,2026-01-28T02:37:00,agent_45,170,electronics,2857.61,attr_4,electronics,2053.25,attr_4,user_29,2709.14,electronics,913,0,0.34,1,1,1,0.238,1,0
txn_000097,5193.65,flights,COD,500019,2026-02-08T08:41:00,agent_21,86,flights,5609.97,attr_4,flights,5193.65,attr_4,user_482,1465.04,electronics,404,0,0.14,1,1,1,0.042,1,0
txn_000098,2392.08,flights,COD,50006,2026-01-29T21:19:00,agent_46,399,flights,2397.76,attr_4,flights,2392.08,attr_4,user_448,4745.17,flights,1254,1,0.0,1,1,1,0.0,1,0
txn_000099,5229.73,flights,COD,500015,2026-02-27T04:48:00,agent_39,102,flights,6103.07,attr_5,flights,5229.73,attr_5,user_202,2543.49,flights,301,1,0.48,1,1,1,0.336,0,0
txn_000100,5931.66,electronics,COD,500019,2026-02-08T01:46:00,agent_6,124,electronics,6159.3,attr_5,electronics,5931.66,attr_5,user_60,3075.27,electronics,286,1,0.29,1,1,1,0.203,0,0
txn_000101,1495.47,electronics,prepaid,50006,2026-04-28T19:56:00,agent_5,26,electronics,2185.17,attr_1,electronics,1495.47,attr_1,user_114,5156.69,electronics,62,1,0.64,1,1,1,0.448,0,0
txn_000102,4169.97,flights,prepaid,50002,2026-04-15T01:50:00,agent_37,254,flights,5141.87,attr_3,flights,4169.97,attr_3,user_144,1205.61,fashion,1408,1,0.44,1,1,1,0.132,0,0
txn_000103,3471.28,groceries,COD,50003,2026-04-21T10:46:00,agent_27,74,groceries,4289.58,attr_3,groceries,3471.28,attr_3,user_480,2673.06,flights,1370,1,0.74,1,1,1,0.222,1,0
txn_000104,3958.55,footwear,prepaid,500015,2026-02-16T18:51:00,agent_53,245,footwear,3140.38,attr_2,footwear,3958.55,attr_3,user_118,3106.63,flights,149,1,0.88,1,0,0,0.264,0,0
txn_000105,1317.29,flights,prepaid,50006,2026-05-12T06:29:00,agent_52,4,flights,2151.18,attr_4,flights,1317.29,attr_4,user_26,4415.55,flights,748,1,0.35,1,1,1,0.245,1,0
txn_000106,8780.64,home,COD,500015,2026-03-04T10:26:00,agent_44,79,groceries,6095.51,attr_4,home,8780.64,attr_2,user_31,1687.59,groceries,1171,1,0.23,0,0,0,0.069,0,1
txn_000107,3641.42,flights,prepaid,50007,2026-01-10T21:40:00,agent_4,392,flights,3121.73,attr_2,flights,3641.42,attr_2,user_494,3682.35,flights,1458,0,0.92,1,0,1,0.644,1,0
txn_000108,3582.69,footwear,COD,50002,2026-04-21T15:14:00,agent_47,234,footwear,4851.8,attr_1,footwear,3582.69,attr_1,user_131,3970.02,fashion,961,1,0.71,1,1,1,0.213,0,0
txn_000109,2869.11,groceries,COD,50004,2026-02-10T06:06:00,agent_41,98,groceries,2976.51,attr_5,groceries,2869.11,attr_5,user_170,5210.25,groceries,1149,1,0.22,1,1,1,0.154,0,0
txn_000110,960.34,flights,prepaid,50006,2026-04-14T04:21:00,agent_46,166,flights,1513.1,attr_4,flights,960.34,attr_4,user_119,4314.47,flights,1027,1,0.45,1,1,1,0.315,0,0
txn_000111,2542.73,home,COD,500017,2026-05-09T00:16:00,agent_20,90,home,4044.17,attr_3,home,2542.73,attr_3,user_247,3908.46,groceries,742,1,0.6,1,1,1,0.18,0,0
txn_000112,2107.01,flights,prepaid,500010,2026-02-15T07:27:00,agent_24,141,flights,1856.63,attr_3,flights,2107.01,attr_2,user_321,1023.53,flights,653,1,0.73,1,0,0,0.511,0,0
txn_000113,9994.53,electronics,prepaid,50009,2026-04-30T10:34:00,agent_59,44,electronics,7293.44,attr_5,electronics,9994.53,attr_1,user_201,4658.51,flights,1498,1,0.29,1,0,0,0.087,0,0
txn_000114,3768.31,home,COD,50007,2026-04-15T01:14:00,agent_48,230,home,2774.02,attr_2,home,3768.31,attr_5,user_167,2918.95,groceries,1360,1,0.27,1,0,0,0.081,0,0
txn_000115,8263.41,groceries,COD,50007,2026-03-22T19:05:00,agent_48,9,groceries,6878.91,attr_5,groceries,8263.41,attr_5,user_11,1753.27,groceries,835,1,0.32,1,0,1,0.224,1,0
txn_000116,3144.05,footwear,COD,500017,2026-01-29T03:58:00,agent_48,174,footwear,3835.16,attr_4,footwear,3144.05,attr_4,user_330,894.88,groceries,1340,1,0.18,1,1,1,0.054,1,0
txn_000117,2554.3,footwear,prepaid,500015,2026-03-26T18:40:00,agent_18,172,footwear,4205.48,attr_3,footwear,2554.3,attr_3,user_316,3124.78,footwear,344,1,0.35,1,1,1,0.245,0,0
txn_000118,2724.7,fashion,prepaid,500011,2026-01-28T23:09:00,agent_36,36,fashion,4062.67,attr_5,fashion,2724.7,attr_5,user_464,3818.73,fashion,73,1,0.45,1,1,1,0.315,0,0
txn_000119,499.19,flights,prepaid,50001,2026-03-21T10:08:00,agent_30,577,flights,590.39,attr_5,flights,499.19,attr_5,user_77,5836.11,fashion,1456,1,0.08,1,1,1,0.024,0,0
txn_000120,8962.96,flights,COD,500015,2026-04-30T09:12:00,agent_39,157,flights,6867.34,attr_3,flights,8962.96,attr_3,user_189,3304.07,flights,1454,1,0.37,1,0,1,0.259,0,0
txn_000121,9770.1,electronics,COD,500018,2026-03-14T05:34:00,agent_17,280,electronics,7450.03,attr_1,electronics,9770.1,attr_1,user_159,4311.1,electronics,234,1,0.67,1,0,1,0.469,0,0
txn_000122,1542.97,home,prepaid,50001,2026-02-08T20:07:00,agent_26,333,home,1369.24,attr_3,home,1542.97,attr_3,user_16,5368.01,home,221,1,0.69,1,0,1,0.483,0,0
txn_000123,1101.19,fashion,COD,500013,2026-03-13T13:06:00,agent_1,163,fashion,1315.0,attr_3,fashion,1101.19,attr_3,user_378,1865.62,fashion,597,1,0.38,1,1,1,0.266,1,0
txn_000124,7353.59,groceries,COD,500018,2026-03-03T19:07:00,agent_57,34,groceries,7568.03,attr_3,groceries,7353.59,attr_3,user_273,622.48,groceries,1148,1,0.79,1,1,1,0.553,0,0
txn_000125,976.1,flights,COD,50003,2026-01-13T14:20:00,agent_27,213,flights,621.73,attr_1,flights,976.1,attr_1,user_274,5134.6,flights,724,0,0.47,1,0,1,0.329,1,0
txn_000126,2418.35,groceries,COD,50001,2026-02-11T20:40:00,agent_27,158,groceries,2441.27,attr_5,groceries,2418.35,attr_5,user_100,3275.0,footwear,426,1,0.39,1,1,1,0.117,1,0
txn_000127,1384.74,footwear,COD,50009,2026-01-30T16:46:00,agent_3,55,footwear,1859.91,attr_2,footwear,1384.74,attr_2,user_450,4211.47,footwear,539,1,0.72,1,1,1,0.504,0,0
txn_000128,1265.76,groceries,COD,50007,2026-01-23T14:51:00,agent_15,135,groceries,1429.54,attr_5,groceries,1265.76,attr_5,user_56,4609.11,groceries,1212,0,0.61,1,1,1,0.427,0,0
txn_000129,729.34,flights,COD,500017,2026-02-17T02:01:00,agent_21,209,flights,605.94,attr_3,flights,729.34,attr_3,user_164,5602.18,flights,68,1,0.24,1,0,1,0.168,0,0
txn_000130,5790.23,electronics,COD,50002,2026-04-17T12:15:00,agent_59,59,electronics,6174.87,attr_3,electronics,5790.23,attr_3,user_357,5606.89,electronics,802,1,0.77,1,1,1,0.539,0,0
txn_000131,6691.57,fashion,prepaid,500016,2026-02-08T07:44:00,agent_58,29,fashion,7957.02,attr_2,fashion,6691.57,attr_2,user_207,4735.5,fashion,987,1,0.77,1,1,1,0.539,0,0
txn_000132,2643.04,home,COD,50001,2026-03-11T19:35:00,agent_26,12,home,3445.51,attr_5,home,2643.04,attr_5,user_25,5336.76,home,1341,1,0.33,1,1,1,0.231,1,0
txn_000133,4461.74,footwear,prepaid,500016,2026-02-06T14:09:00,agent_47,91,footwear,6679.34,attr_2,footwear,4461.74,attr_2,user_83,1911.97,footwear,1451,1,0.14,1,1,1,0.098,0,0
txn_000134,1451.67,footwear,prepaid,500019,2026-04-10T17:32:00,agent_29,116,home,941.36,attr_1,footwear,1451.67,attr_1,user_221,3788.21,footwear,773,1,0.66,0,0,1,0.462,0,0
txn_000135,3215.94,groceries,COD,50004,2026-01-27T09:29:00,agent_55,112,groceries,4117.82,attr_4,groceries,3215.94,attr_4,user_275,982.68,groceries,1395,0,0.31,1,1,1,0.217,1,0
txn_000136,751.5,home,prepaid,500018,2026-02-14T11:12:00,agent_56,13,home,790.63,attr_2,home,751.5,attr_2,user_184,4095.52,home,986,1,0.95,1,1,1,0.665,1,0
txn_000137,4816.66,home,COD,500011,2026-03-14T11:56:00,agent_16,36,home,3266.59,attr_3,home,4816.66,attr_3,user_62,2622.57,home,400,1,0.39,1,0,1,0.273,0,0
txn_000138,4607.53,home,COD,500019,2026-03-29T08:29:00,agent_55,113,home,5737.39,attr_4,home,4607.53,attr_4,user_306,5926.92,home,148,1,0.13,1,1,1,0.091,0,0
txn_000139,898.8,groceries,prepaid,500016,2026-01-28T17:58:00,agent_17,420,groceries,773.23,attr_1,groceries,898.8,attr_1,user_146,1689.48,flights,976,1,0.19,1,0,1,0.057,0,0
txn_000140,2533.79,electronics,prepaid,500020,2026-03-02T13:47:00,agent_6,56,electronics,2807.21,attr_4,electronics,2533.79,attr_4,user_162,717.38,electronics,74,1,0.73,1,1,1,0.511,0,0
txn_000141,9572.8,fashion,COD,500011,2026-01-10T07:15:00,agent_2,215,fashion,7235.9,attr_4,fashion,9572.8,attr_5,user_202,933.09,fashion,279,1,0.29,1,0,0,0.203,1,0
txn_000142,4549.2,fashion,COD,50002,2026-01-10T14:27:00,agent_30,30,fashion,4802.31,attr_3,fashion,4549.2,attr_3,user_163,3692.41,fashion,1241,1,0.43,1,1,1,0.301,0,0
txn_000143,4113.39,electronics,prepaid,500014,2026-04-21T11:45:00,agent_50,80,electronics,5928.09,attr_1,electronics,4113.39,attr_1,user_443,865.19,fashion,142,1,0.06,1,1,1,0.018,0,0
txn_000144,8423.75,groceries,prepaid,50001,2026-02-12T10:16:00,agent_28,5,groceries,6730.28,attr_3,groceries,8423.75,attr_2,user_383,784.62,groceries,1330,1,0.69,1,0,0,0.483,1,0
txn_000145,7369.55,electronics,COD,500018,2026-03-24T05:46:00,agent_3,593,electronics,5015.9,attr_2,electronics,7369.55,attr_2,user_172,1235.83,electronics,1273,1,0.15,1,0,1,0.105,0,1
txn_000146,7150.65,fashion,COD,500017,2026-02-04T08:13:00,agent_32,73,fashion,7934.33,attr_2,fashion,7150.65,attr_2,user_278,1916.9,fashion,194,1,0.6,1,1,1,0.42,0,0
txn_000147,3519.83,fashion,COD,50006,2026-01-28T11:56:00,agent_58,234,fashion,5614.22,attr_5,fashion,3519.83,attr_5,user_375,2793.02,fashion,735,1,0.24,1,1,1,0.168,0,0
txn_000148,739.67,fashion,prepaid,500017,2026-03-23T14:24:00,agent_12,670,fashion,1014.66,attr_1,fashion,739.67,attr_1,user_332,4305.16,fashion,1138,1,0.72,1,1,1,0.504,0,0
txn_000149,4037.05,groceries,prepaid,50009,2026-03-28T18:32:00,agent_29,157,groceries,4545.78,attr_2,groceries,4037.05,attr_2,user_473,3643.63,groceries,612,1,0.59,1,1,1,0.413,0,0
txn_000150,4147.97,flights,COD,50001,2026-02-17T00:38:00,agent_43,36,flights,4455.5,attr_4,flights,4147.97,attr_4,user_223,5301.43,flights,144,1,0.22,1,1,1,0.154,0,0
txn_000151,4031.73,home,prepaid,500018,2026-04-18T07:01:00,agent_48,51,home,3261.74,attr_2,home,4031.73,attr_1,user_401,1286.54,home,566,0,0.51,1,0,0,0.357,1,0
txn_000152,2810.86,flights,prepaid,50003,2026-04-05T20:42:00,agent_46,86,flights,3516.04,attr_1,flights,2810.86,attr_1,user_475,5578.16,footwear,787,1,0.21,1,1,1,0.063,1,0
txn_000153,11405.64,groceries,COD,500017,2026-03-18T04:42:00,agent_56,8,groceries,7552.64,attr_4,groceries,11405.64,attr_4,user_497,3428.28,groceries,699,1,0.12,1,0,1,0.084,1,0
txn_000154,4406.67,electronics,prepaid,50008,2026-01-03T06:56:00,agent_3,42,electronics,5196.19,attr_1,electronics,4406.67,attr_1,user_479,5517.13,electronics,1371,0,0.83,1,1,1,0.581,0,0
txn_000155,585.85,home,prepaid,500012,2026-02-10T19:52:00,agent_31,113,home,592.98,attr_5,home,585.85,attr_5,user_275,3289.55,home,516,1,0.53,1,1,1,0.371,0,0
txn_000156,2299.56,flights,prepaid,50005,2026-03-25T21:08:00,agent_20,107,flights,2639.16,attr_3,flights,2299.56,attr_3,user_198,4310.24,flights,400,1,0.03,1,1,1,0.021,0,0
txn_000157,7517.23,groceries,COD,50001,2026-05-09T15:16:00,agent_23,220,groceries,7966.66,attr_2,groceries,7517.23,attr_2,user_13,3566.71,footwear,1241,1,0.62,1,1,1,0.186,1,0
txn_000158,455.66,electronics,COD,500017,2026-02-11T00:38:00,agent_27,68,electronics,529.21,attr_4,electronics,455.66,attr_4,user_366,2338.98,electronics,682,1,0.77,1,1,1,0.539,1,0
txn_000159,8987.39,home,COD,500010,2026-03-10T10:47:00,agent_21,201,home,7629.99,attr_1,home,8987.39,attr_1,user_156,2761.62,home,690,1,0.03,1,0,1,0.021,0,0
txn_000160,5349.65,fashion,COD,50002,2026-02-10T01:50:00,agent_52,71,fashion,6956.65,attr_2,fashion,5349.65,attr_2,user_335,5026.87,groceries,1439,1,0.93,1,1,1,0.279,0,0
txn_000161,7671.93,electronics,COD,500020,2026-05-03T10:43:00,agent_51,206,electronics,5226.14,attr_1,electronics,7671.93,attr_2,user_170,3365.37,electronics,701,1,0.82,1,0,0,0.574,1,0
txn_000162,5105.77,fashion,prepaid,500019,2026-04-27T18:19:00,agent_44,398,fashion,7948.24,attr_4,fashion,5105.77,attr_4,user_345,2810.9,groceries,684,0,0.39,1,1,1,0.117,1,0
txn_000163,4969.61,groceries,COD,500019,2026-03-11T13:56:00,agent_8,129,groceries,6543.63,attr_2,groceries,4969.61,attr_2,user_236,5423.4,groceries,866,1,0.61,1,1,1,0.427,0,0
txn_000164,4566.36,fashion,prepaid,500017,2026-02-22T23:01:00,agent_51,156,fashion,6504.33,attr_3,fashion,4566.36,attr_3,user_31,1344.21,fashion,435,1,0.24,1,1,1,0.168,0,0
txn_000165,6148.34,home,prepaid,50005,2026-05-04T22:56:00,agent_19,66,home,6647.44,attr_5,home,6148.34,attr_5,user_115,676.82,home,1307,1,0.53,1,1,1,0.371,0,0
txn_000166,3135.52,groceries,prepaid,50004,2026-04-13T21:23:00,agent_21,68,groceries,2354.42,attr_2,groceries,3135.52,attr_2,user_421,1267.24,electronics,347,1,0.99,1,0,1,0.297,0,0
txn_000167,748.55,fashion,COD,50007,2026-04-17T05:22:00,agent_6,266,fashion,520.3,attr_1,fashion,748.55,attr_5,user_430,2143.17,fashion,507,1,0.46,1,0,0,0.322,0,1
txn_000168,3885.28,groceries,COD,500010,2026-04-04T15:10:00,agent_34,37,groceries,4227.69,attr_4,groceries,3885.28,attr_4,user_263,681.15,groceries,1088,1,0.08,1,1,1,0.056,0,0
txn_000169,4411.57,groceries,prepaid,500014,2026-04-01T01:59:00,agent_5,21,groceries,2868.23,attr_1,groceries,4411.57,attr_1,user_277,5696.43,groceries,1016,1,0.99,1,0,1,0.693,0,0
txn_000170,1241.75,flights,COD,50003,2026-04-27T02:12:00,agent_42,3,flights,1274.92,attr_2,flights,1241.75,attr_2,user_38,4007.85,flights,332,1,0.69,1,1,1,0.483,1,0
txn_000171,5407.2,groceries,prepaid,500015,2026-04-12T12:45:00,agent_37,205,groceries,4847.49,attr_3,groceries,5407.2,attr_3,user_398,2443.09,groceries,1157,0,0.49,1,0,1,0.343,1,0
txn_000172,768.97,electronics,COD,500019,2026-01-31T13:18:00,agent_58,5,electronics,712.19,attr_1,electronics,768.97,attr_5,user_415,3572.71,electronics,899,1,0.92,1,0,0,0.644,0,0
txn_000173,2455.12,fashion,COD,500011,2026-03-02T20:47:00,agent_45,98,fashion,3970.99,attr_4,fashion,2455.12,attr_4,user_123,5045.26,fashion,968,1,0.27,1,1,1,0.189,0,0
txn_000174,957.83,fashion,prepaid,50005,2026-04-14T20:37:00,agent_46,29,fashion,981.57,attr_1,fashion,957.83,attr_1,user_4,2570.58,fashion,652,1,0.32,1,1,1,0.224,0,0
txn_000175,1668.69,groceries,COD,500020,2026-01-17T10:57:00,agent_52,8,groceries,1281.88,attr_3,groceries,1668.69,attr_3,user_109,2781.69,groceries,621,1,0.93,1,0,1,0.651,1,0
txn_000176,563.02,footwear,COD,50006,2026-05-17T06:55:00,agent_34,102,footwear,507.42,attr_1,footwear,563.02,attr_1,user_309,1014.62,footwear,500,1,0.22,1,0,1,0.154,1,0
txn_000177,5869.45,flights,prepaid,500013,2026-01-09T00:00:00,agent_13,24,flights,7808.76,attr_3,flights,5869.45,attr_3,user_204,3926.89,flights,582,0,0.15,1,1,1,0.105,0,0
txn_000178,7199.15,home,prepaid,50008,2026-04-04T15:08:00,agent_36,16,home,4500.41,attr_3,home,7199.15,attr_3,user_30,4204.33,home,240,1,0.85,1,0,1,0.595,1,0
txn_000179,2359.96,electronics,prepaid,500012,2026-02-03T23:25:00,agent_42,158,electronics,3238.89,attr_2,electronics,2359.96,attr_2,user_328,3768.62,electronics,849,1,0.67,1,1,1,0.469,1,0
txn_000180,1167.32,footwear,COD,50004,2026-05-07T20:36:00,agent_47,383,footwear,1764.84,attr_5,footwear,1167.32,attr_5,user_259,2059.81,footwear,493,1,0.96,1,1,1,0.672,0,0
txn_000181,1718.22,electronics,COD,50007,2026-03-21T16:49:00,agent_59,0,electronics,2359.6,attr_4,electronics,1718.22,attr_4,user_92,4884.94,home,160,1,0.26,1,1,1,0.078,1,0
txn_000182,5320.04,electronics,prepaid,500010,2026-03-26T04:50:00,agent_30,47,electronics,7479.46,attr_5,electronics,5320.04,attr_5,user_97,5007.4,electronics,1067,1,0.88,1,1,1,0.616,1,0
txn_000183,1467.67,footwear,COD,500015,2026-05-17T00:08:00,agent_49,101,footwear,1702.54,attr_2,footwear,1467.67,attr_2,user_376,3857.24,home,471,1,0.56,1,1,1,0.168,1,0
txn_000184,8950.82,flights,prepaid,500013,2026-01-13T17:11:00,agent_17,77,footwear,6092.56,attr_5,flights,8950.82,attr_3,user_291,964.64,flights,175,1,0.75,0,0,0,0.525,0,0
txn_000185,3047.46,electronics,COD,50009,2026-02-05T06:18:00,agent_23,577,electronics,4056.82,attr_2,electronics,3047.46,attr_2,user_115,3639.02,electronics,220,1,0.86,1,1,1,0.602,0,0
txn_000186,532.1,footwear,prepaid,500020,2026-05-08T14:12:00,agent_11,90,footwear,537.39,attr_2,footwear,532.1,attr_2,user_394,3995.48,footwear,1387,1,0.45,1,1,1,0.315,0,0
txn_000187,8238.37,electronics,COD,50005,2026-03-03T22:46:00,agent_54,106,electronics,6371.29,attr_5,electronics,8238.37,attr_5,user_205,3880.33,electronics,929,1,0.22,1,0,1,0.154,0,0
txn_000188,524.61,flights,prepaid,50004,2026-01-31T19:50:00,agent_14,18,flights,621.93,attr_3,flights,524.61,attr_3,user_57,4986.7,home,1304,0,0.34,1,1,1,0.102,1,0
txn_000189,2831.38,electronics,prepaid,500014,2026-01-12T14:32:00,agent_13,98,electronics,2872.07,attr_5,electronics,2831.38,attr_5,user_161,2994.88,electronics,1379,1,0.92,1,1,1,0.644,0,0
txn_000190,9160.17,electronics,COD,500013,2026-03-29T20:09:00,agent_9,31,groceries,7695.34,attr_2,electronics,9160.17,attr_2,user_80,4684.61,groceries,1017,1,0.65,0,0,1,0.195,0,0
txn_000191,2693.25,fashion,COD,500014,2026-01-06T23:11:00,agent_20,51,fashion,1716.35,attr_5,fashion,2693.25,attr_5,user_137,2321.88,fashion,293,1,0.54,1,0,1,0.378,0,1
txn_000192,5414.46,fashion,prepaid,500011,2026-04-09T20:23:00,agent_9,6,fashion,6326.8,attr_4,fashion,5414.46,attr_4,user_429,2570.96,fashion,267,0,0.06,1,1,1,0.042,1,0
txn_000193,4984.49,footwear,COD,50004,2026-04-06T22:09:00,agent_14,406,electronics,3153.94,attr_5,footwear,4984.49,attr_5,user_48,1523.76,electronics,114,1,0.92,0,0,1,0.276,0,0
txn_000194,4753.45,footwear,COD,50004,2026-02-05T17:46:00,agent_49,53,footwear,7899.43,attr_4,footwear,4753.45,attr_4,user_246,4409.19,fashion,1020,1,0.87,1,1,1,0.261,0,0
txn_000195,5114.17,fashion,COD,50004,2026-03-19T02:02:00,agent_51,4,fashion,5952.58,attr_1,fashion,5114.17,attr_1,user_289,1288.14,fashion,300,1,0.55,1,1,1,0.385,1,0
txn_000196,8180.73,footwear,prepaid,500012,2026-03-23T23:22:00,agent_40,54,footwear,7420.54,attr_1,footwear,8180.73,attr_1,user_74,5541.74,footwear,1393,1,0.0,1,0,1,0.0,0,0
txn_000197,2268.1,home,COD,500015,2026-04-01T00:18:00,agent_21,2,home,2604.41,attr_1,home,2268.1,attr_1,user_242,2008.35,electronics,1142,1,0.14,1,1,1,0.042,1,0
txn_000198,1031.06,electronics,COD,50009,2026-01-16T22:46:00,agent_53,94,electronics,1249.49,attr_3,electronics,1031.06,attr_3,user_278,1229.0,footwear,434,1,0.32,1,1,1,0.096,0,0
txn_000199,5503.99,electronics,prepaid,50007,2026-04-07T16:23:00,agent_58,26,electronics,4044.3,attr_1,electronics,5503.99,attr_1,user_149,3541.57,electronics,738,1,0.8,1,0,1,0.56,1,0
txn_000200,1689.1,footwear,COD,50001,2026-03-16T01:51:00,agent_9,22,footwear,1915.84,attr_3,footwear,1689.1,attr_3,user_71,4698.76,electronics,1439,1,0.64,1,1,1,0.192,0,0
txn_000201,3193.7,electronics,prepaid,500020,2026-05-15T04:59:00,agent_35,7,electronics,2567.26,attr_1,electronics,3193.7,attr_4,user_185,1018.26,electronics,961,1,0.42,1,0,0,0.294,0,0
txn_000202,10443.39,fashion,COD,500020,2026-03-17T20:10:00,agent_47,3,fashion,7568.82,attr_3,fashion,10443.39,attr_3,user_308,2255.46,fashion,1499,1,0.05,1,0,1,0.035,0,0
txn_000203,1186.01,groceries,COD,50006,2026-03-12T08:14:00,agent_6,125,groceries,1263.39,attr_1,groceries,1186.01,attr_1,user_289,2211.73,groceries,656,1,0.8,1,1,1,0.56,0,0
txn_000204,1707.69,electronics,COD,50002,2026-01-15T09:02:00,agent_42,1,electronics,2320.06,attr_5,electronics,1707.69,attr_5,user_251,2516.78,electronics,791,1,0.29,1,1,1,0.203,0,0
txn_000205,5195.9,groceries,prepaid,500014,2026-04-03T15:12:00,agent_24,78,groceries,6303.87,attr_2,groceries,5195.9,attr_2,user_431,680.77,groceries,67,1,0.5,1,1,1,0.35,0,0
txn_000206,1757.69,electronics,prepaid,50004,2026-03-12T10:49:00,agent_43,109,electronics,2860.25,attr_2,electronics,1757.69,attr_2,user_212,2316.75,electronics,974,1,0.44,1,1,1,0.308,0,0
txn_000207,7487.12,flights,prepaid,50001,2026-01-20T04:57:00,agent_24,70,flights,7657.01,attr_1,flights,7487.12,attr_1,user_349,5264.52,electronics,839,1,0.69,1,1,1,0.207,0,0
txn_000208,7175.35,electronics,COD,500020,2026-03-13T15:39:00,agent_5,190,electronics,7451.98,attr_5,electronics,7175.35,attr_5,user_185,1105.94,electronics,975,1,0.83,1,1,1,0.581,0,0
txn_000209,937.39,electronics,COD,500018,2026-02-17T12:53:00,agent_17,342,electronics,1504.83,attr_3,electronics,937.39,attr_3,user_329,3311.45,electronics,456,1,0.62,1,1,1,0.434,0,0
txn_000210,1559.8,footwear,COD,50009,2026-03-24T19:27:00,agent_19,78,footwear,1147.7,attr_5,footwear,1559.8,attr_5,user_132,5583.59,home,848,1,0.98,1,0,1,0.294,0,1
txn_000211,4258.18,fashion,COD,50004,2026-05-18T14:53:00,agent_38,63,fashion,7092.27,attr_1,fashion,4258.18,attr_1,user_391,4234.91,groceries,498,1,0.69,1,1,1,0.207,1,0
txn_000212,4639.21,electronics,prepaid,500019,2026-05-15T06:32:00,agent_27,0,electronics,6438.85,attr_2,electronics,4639.21,attr_2,user_408,4842.57,electronics,439,1,0.79,1,1,1,0.553,1,0
txn_000213,4344.64,groceries,prepaid,500011,2026-04-15T03:05:00,agent_54,59,groceries,4645.04,attr_3,groceries,4344.64,attr_3,user_110,2877.84,groceries,1398,1,0.44,1,1,1,0.308,0,0
txn_000214,3717.49,fashion,COD,50007,2026-03-21T05:41:00,agent_36,76,fashion,4912.01,attr_4,fashion,3717.49,attr_4,user_193,513.63,flights,202,1,0.72,1,1,1,0.216,0,0
txn_000215,4175.63,footwear,prepaid,500013,2026-03-26T15:25:00,agent_51,104,footwear,4224.19,attr_4,footwear,4175.63,attr_4,user_86,4954.65,footwear,424,0,0.71,1,1,1,0.497,0,0
txn_000216,5565.63,footwear,prepaid,500011,2026-01-03T06:58:00,agent_7,50,footwear,7011.79,attr_5,footwear,5565.63,attr_5,user_14,2595.17,footwear,654,1,0.15,1,1,1,0.105,1,0
txn_000217,1526.66,groceries,prepaid,50001,2026-03-08T16:16:00,agent_58,46,groceries,2212.23,attr_1,groceries,1526.66,attr_1,user_498,3756.97,groceries,462,1,0.54,1,1,1,0.378,0,0
txn_000218,3745.82,footwear,prepaid,50003,2026-05-06T15:01:00,agent_21,116,footwear,4648.99,attr_2,footwear,3745.82,attr_2,user_444,3355.74,footwear,1200,1,0.93,1,1,1,0.651,0,0
txn_000219,3004.5,electronics,prepaid,50006,2026-02-05T15:35:00,agent_43,21,electronics,4121.81,attr_5,electronics,3004.5,attr_5,user_372,5104.61,electronics,1145,1,0.31,1,1,1,0.217,0,0
txn_000220,4322.21,footwear,prepaid,50002,2026-05-19T13:35:00,agent_6,42,footwear,3512.74,attr_3,footwear,4322.21,attr_3,user_284,5533.26,fashion,591,1,0.78,1,0,1,0.234,1,0
txn_000221,3073.95,home,prepaid,500015,2026-03-27T10:04:00,agent_1,111,home,2651.27,attr_5,home,3073.95,attr_5,user_445,1215.14,home,337,0,0.0,1,0,1,0.0,0,0
txn_000222,1399.63,home,prepaid,500013,2026-03-31T06:25:00,agent_19,131,home,1698.04,attr_5,home,1399.63,attr_5,user_72,5803.55,home,423,1,0.84,1,1,1,0.588,0,0
txn_000223,2570.79,electronics,prepaid,50005,2026-04-24T07:26:00,agent_39,274,electronics,3617.63,attr_1,electronics,2570.79,attr_1,user_89,3739.61,electronics,1234,1,0.8,1,1,1,0.56,1,0
txn_000224,3889.21,groceries,prepaid,50002,2026-01-30T12:54:00,agent_15,62,groceries,3420.01,attr_2,groceries,3889.21,attr_2,user_457,5225.48,groceries,323,1,0.2,1,0,1,0.14,0,1
txn_000225,2621.51,home,prepaid,500010,2026-05-02T23:42:00,agent_23,41,home,3648.58,attr_5,home,2621.51,attr_5,user_161,1661.72,home,576,1,0.36,1,1,1,0.252,0,0
txn_000226,5105.03,home,COD,500012,2026-01-06T09:42:00,agent_11,13,home,6033.93,attr_1,home,5105.03,attr_1,user_119,2841.42,home,284,1,0.35,1,1,1,0.245,1,0
txn_000227,5244.6,flights,COD,500013,2026-02-16T00:15:00,agent_15,235,flights,3676.89,attr_1,flights,5244.6,attr_1,user_335,2146.76,flights,46,1,0.88,1,0,1,0.616,1,0
txn_000228,4888.87,fashion,prepaid,50009,2026-04-29T04:47:00,agent_9,298,fashion,6187.79,attr_5,fashion,4888.87,attr_5,user_216,4648.99,home,1250,1,0.8,1,1,1,0.24,0,0
txn_000229,3428.72,electronics,prepaid,500017,2026-01-27T05:52:00,agent_2,178,fashion,2366.91,attr_3,electronics,3428.72,attr_2,user_428,4663.06,fashion,1361,1,0.58,0,0,0,0.174,0,1
txn_000230,1867.38,fashion,COD,500011,2026-02-08T15:09:00,agent_52,61,fashion,2376.28,attr_5,fashion,1867.38,attr_5,user_7,2202.64,fashion,136,1,0.45,1,1,1,0.315,0,0
txn_000231,991.12,home,prepaid,50005,2026-04-05T12:56:00,agent_40,62,home,1162.93,attr_1,home,991.12,attr_1,user_409,1867.8,home,1187,1,0.34,1,1,1,0.238,0,0
txn_000232,1055.57,groceries,COD,500016,2026-02-18T11:20:00,agent_45,283,groceries,1086.94,attr_5,groceries,1055.57,attr_5,user_310,5790.08,groceries,1255,0,0.23,1,1,1,0.161,0,0
txn_000233,1921.66,fashion,COD,50001,2026-01-03T19:08:00,agent_3,3,fashion,1651.41,attr_2,fashion,1921.66,attr_2,user_79,3592.81,fashion,976,1,0.42,1,0,1,0.294,1,0
txn_000234,4617.77,groceries,prepaid,500014,2026-04-17T17:43:00,agent_34,207,groceries,6486.26,attr_5,groceries,4617.77,attr_5,user_209,1256.56,groceries,101,1,0.39,1,1,1,0.273,0,0
txn_000235,3511.62,flights,COD,50003,2026-03-03T02:10:00,agent_43,103,flights,4587.37,attr_3,flights,3511.62,attr_3,user_343,1989.08,flights,1404,1,0.48,1,1,1,0.336,0,0
txn_000236,3902.57,home,prepaid,50001,2026-02-08T13:39:00,agent_38,72,home,5619.2,attr_5,home,3902.57,attr_5,user_468,4089.45,home,1439,1,0.73,1,1,1,0.511,0,0
txn_000237,8023.28,footwear,prepaid,500017,2026-02-21T11:25:00,agent_16,77,groceries,6532.19,attr_2,footwear,8023.28,attr_1,user_421,2906.45,groceries,710,1,0.68,0,0,0,0.204,0,0
txn_000238,7568.79,electronics,COD,50004,2026-05-18T01:38:00,agent_6,0,electronics,7646.97,attr_1,electronics,7568.79,attr_1,user_424,609.89,electronics,1079,0,0.71,1,1,1,0.497,1,0
txn_000239,6180.25,fashion,COD,500019,2026-04-03T20:18:00,agent_42,27,fashion,5474.86,attr_3,fashion,6180.25,attr_4,user_49,3377.42,flights,933,1,0.4,1,0,0,0.12,0,0
txn_000240,3746.06,fashion,COD,500010,2026-05-01T09:28:00,agent_23,56,fashion,4334.79,attr_5,fashion,3746.06,attr_5,user_88,3109.92,electronics,599,1,0.52,1,1,1,0.156,0,0
txn_000241,2779.97,groceries,COD,50006,2026-02-17T14:17:00,agent_18,140,groceries,4524.61,attr_5,groceries,2779.97,attr_5,user_324,5057.56,groceries,1365,1,0.59,1,1,1,0.413,0,0
txn_000242,1359.01,groceries,COD,500010,2026-05-12T03:53:00,agent_12,20,groceries,1892.43,attr_5,groceries,1359.01,attr_5,user_375,3845.65,groceries,1323,1,0.09,1,1,1,0.063,0,0
txn_000243,8359.76,fashion,prepaid,50003,2026-03-02T00:18:00,agent_5,165,fashion,7601.87,attr_1,fashion,8359.76,attr_1,user_72,1083.01,fashion,480,1,0.69,1,0,1,0.483,1,0
txn_000244,2708.35,flights,COD,500020,2026-01-31T13:46:00,agent_5,434,flights,1977.35,attr_3,flights,2708.35,attr_3,user_67,1612.7,flights,217,1,0.65,1,0,1,0.455,0,1
txn_000245,2702.94,groceries,prepaid,50002,2026-02-19T14:23:00,agent_56,253,groceries,3673.15,attr_5,groceries,2702.94,attr_5,user_426,943.74,groceries,364,1,0.1,1,1,1,0.07,0,0
txn_000246,5696.42,groceries,COD,50005,2026-04-11T04:14:00,agent_9,20,groceries,4214.75,attr_4,groceries,5696.42,attr_4,user_447,1388.68,groceries,403,1,0.93,1,0,1,0.651,0,0
txn_000247,4803.49,electronics,COD,500020,2026-01-18T05:23:00,agent_4,139,electronics,6473.5,attr_1,electronics,4803.49,attr_1,user_196,5707.91,electronics,997,1,0.91,1,1,1,0.637,0,0
txn_000248,8338.39,flights,prepaid,50007,2026-03-17T23:53:00,agent_29,211,flights,6661.66,attr_5,flights,8338.39,attr_3,user_224,4644.25,flights,1387,1,0.26,1,0,0,0.182,0,0
txn_000249,9216.92,flights,prepaid,500017,2026-02-24T13:31:00,agent_54,65,flights,7650.65,attr_1,flights,9216.92,attr_5,user_202,4900.43,groceries,1058,1,0.59,1,0,0,0.177,1,0
txn_000250,4331.47,flights,COD,500013,2026-03-27T16:44:00,agent_55,10,flights,3549.49,attr_3,flights,4331.47,attr_5,user_77,4070.65,flights,242,1,0.37,1,0,0,0.259,1,0
txn_000251,6512.69,footwear,COD,500014,2026-04-02T11:51:00,agent_26,488,footwear,6769.41,attr_1,footwear,6512.69,attr_1,user_280,1525.5,footwear,491,1,0.62,1,1,1,0.434,1,0
txn_000252,5297.72,groceries,prepaid,50007,2026-05-01T03:56:00,agent_43,19,groceries,5840.01,attr_1,groceries,5297.72,attr_1,user_481,5534.3,groceries,489,1,0.77,1,1,1,0.539,0,0
txn_000253,6383.55,electronics,prepaid,500011,2026-03-12T21:05:00,agent_10,39,electronics,7152.79,attr_3,electronics,6383.55,attr_3,user_72,2618.86,flights,782,1,0.8,1,1,1,0.24,0,0
txn_000254,4085.82,flights,COD,50007,2026-04-06T21:21:00,agent_47,486,flights,5819.56,attr_1,flights,4085.82,attr_1,user_218,4876.4,flights,798,1,0.38,1,1,1,0.266,1,0
txn_000255,4557.86,footwear,COD,50009,2026-02-04T13:35:00,agent_43,267,footwear,3785.2,attr_3,footwear,4557.86,attr_3,user_10,3694.79,footwear,1362,1,0.45,1,0,1,0.315,0,0
txn_000256,6647.3,home,COD,50009,2026-01-18T16:37:00,agent_42,109,home,7715.11,attr_2,home,6647.3,attr_2,user_440,5976.18,home,1185,1,0.61,1,1,1,0.427,0,0
txn_000257,1196.92,fashion,prepaid,50007,2026-01-17T07:35:00,agent_6,303,fashion,1281.01,attr_3,fashion,1196.92,attr_3,user_442,1236.54,fashion,744,1,0.72,1,1,1,0.504,0,0
txn_000258,4458.29,fashion,COD,50004,2026-03-04T09:50:00,agent_16,52,fashion,6546.74,attr_5,fashion,4458.29,attr_5,user_57,3879.35,footwear,1129,1,0.06,1,1,1,0.018,0,0
txn_000259,1428.42,home,COD,500012,2026-05-16T14:00:00,agent_41,192,flights,1033.77,attr_1,home,1428.42,attr_1,user_17,4264.9,flights,31,1,0.15,0,0,1,0.045,0,1
txn_000260,1437.51,groceries,prepaid,500015,2026-04-29T16:17:00,agent_23,6,groceries,1789.02,attr_3,groceries,1437.51,attr_3,user_156,5274.85,groceries,986,1,0.83,1,1,1,0.581,0,0
txn_000261,1595.29,footwear,prepaid,500020,2026-05-04T06:56:00,agent_26,57,footwear,1623.75,attr_1,footwear,1595.29,attr_1,user_142,1527.15,footwear,1270,1,0.03,1,1,1,0.021,0,0
txn_000262,2513.91,flights,prepaid,500017,2026-02-26T05:09:00,agent_56,40,flights,3671.87,attr_3,flights,2513.91,attr_3,user_428,4861.94,fashion,1497,1,0.81,1,1,1,0.243,1,0
txn_000263,2664.81,home,prepaid,50006,2026-01-10T01:35:00,agent_12,2,home,3165.23,attr_1,home,2664.81,attr_1,user_38,1213.66,flights,242,0,0.22,1,1,1,0.066,1,0
txn_000264,2320.51,fashion,prepaid,500012,2026-03-18T21:02:00,agent_35,14,fashion,3836.27,attr_1,fashion,2320.51,attr_1,user_90,3431.72,fashion,712,1,1.0,1,1,1,0.7,1,0
txn_000265,4920.93,groceries,prepaid,500016,2026-03-27T21:48:00,agent_1,201,groceries,6485.3,attr_5,groceries,4920.93,attr_5,user_340,1922.24,electronics,933,0,0.79,1,1,1,0.237,0,0
txn_000266,3806.97,footwear,prepaid,500017,2026-01-04T11:09:00,agent_7,1,footwear,6060.85,attr_2,footwear,3806.97,attr_2,user_398,5120.31,home,1410,1,0.47,1,1,1,0.141,1,0
txn_000267,3207.01,flights,COD,500012,2026-04-02T02:30:00,agent_57,8,flights,4764.1,attr_5,flights,3207.01,attr_5,user_293,1788.63,groceries,1151,1,0.52,1,1,1,0.156,1,0
txn_000268,1847.36,footwear,prepaid,500010,2026-01-21T08:44:00,agent_15,473,footwear,2854.15,attr_5,footwear,1847.36,attr_5,user_358,3173.87,fashion,817,1,0.98,1,1,1,0.294,0,0
txn_000269,2136.1,groceries,COD,50001,2026-05-08T02:55:00,agent_30,95,groceries,1742.25,attr_2,groceries,2136.1,attr_2,user_152,3747.96,groceries,1088,1,0.9,1,0,1,0.63,0,0
txn_000270,1330.66,flights,prepaid,50004,2026-04-14T16:40:00,agent_45,95,flights,2007.62,attr_1,flights,1330.66,attr_1,user_255,3354.12,flights,545,1,0.18,1,1,1,0.126,0,0
txn_000271,10916.59,footwear,COD,500012,2026-01-01T07:27:00,agent_40,46,footwear,7394.17,attr_2,footwear,10916.59,attr_1,user_255,2565.83,fashion,563,1,0.74,1,0,0,0.222,1,0
txn_000272,3335.95,flights,COD,50007,2026-04-26T02:27:00,agent_23,288,electronics,2213.27,attr_2,flights,3335.95,attr_2,user_118,2585.96,electronics,215,1,0.03,0,0,1,0.009,0,0
txn_000273,1739.27,electronics,COD,50006,2026-04-01T18:00:00,agent_52,8,electronics,2860.16,attr_1,electronics,1739.27,attr_1,user_449,5515.93,electronics,692,1,0.49,1,1,1,0.343,0,0
txn_000274,5568.83,flights,COD,50007,2026-05-06T18:43:00,agent_55,48,flights,4880.48,attr_3,flights,5568.83,attr_3,user_140,747.18,fashion,627,1,0.97,1,0,1,0.291,0,0
txn_000275,3768.07,footwear,COD,500013,2026-04-18T18:06:00,agent_11,142,footwear,5409.27,attr_2,footwear,3768.07,attr_2,user_56,1808.09,flights,1455,1,0.64,1,1,1,0.192,0,0
txn_000276,6246.97,fashion,COD,50006,2026-03-05T04:44:00,agent_59,46,fashion,6878.23,attr_2,fashion,6246.97,attr_2,user_386,1089.66,fashion,542,1,0.49,1,1,1,0.343,1,0
txn_000277,4359.35,flights,COD,500016,2026-02-04T01:33:00,agent_19,125,flights,3587.42,attr_3,flights,4359.35,attr_3,user_367,1532.44,footwear,887,1,0.88,1,0,1,0.264,0,0
txn_000278,7889.0,footwear,prepaid,500011,2026-04-03T12:43:00,agent_25,116,footwear,6000.09,attr_3,footwear,7889.0,attr_4,user_432,3568.38,home,359,1,0.77,1,0,0,0.231,1,0
txn_000279,515.32,fashion,COD,50003,2026-04-05T21:35:00,agent_59,19,fashion,722.24,attr_3,fashion,515.32,attr_3,user_118,3214.09,fashion,419,0,0.25,1,1,1,0.175,1,0
txn_000280,7140.19,footwear,COD,500010,2026-03-18T21:52:00,agent_45,118,footwear,6273.13,attr_4,footwear,7140.19,attr_5,user_460,4482.59,footwear,1058,0,0.24,1,0,0,0.168,1,0
txn_000281,4798.17,flights,prepaid,500011,2026-03-12T05:51:00,agent_58,43,flights,3231.46,attr_2,flights,4798.17,attr_4,user_213,5167.68,flights,1233,1,0.49,1,0,0,0.343,0,0
txn_000282,5360.33,home,prepaid,50002,2026-04-08T05:04:00,agent_55,60,home,4225.53,attr_4,home,5360.33,attr_2,user_373,4514.0,home,324,0,0.43,1,0,0,0.301,0,0
txn_000283,10545.79,electronics,COD,500019,2026-05-11T08:42:00,agent_45,35,electronics,7799.42,attr_5,electronics,10545.79,attr_5,user_319,5252.76,electronics,1016,1,0.32,1,0,1,0.224,0,0
txn_000284,7414.92,home,COD,500018,2026-01-31T16:25:00,agent_20,158,home,6870.96,attr_5,home,7414.92,attr_5,user_274,1573.29,home,416,1,0.33,1,0,1,0.231,0,0
txn_000285,1656.85,electronics,COD,50003,2026-02-27T21:06:00,agent_13,7,electronics,2547.05,attr_1,electronics,1656.85,attr_1,user_395,5971.42,electronics,471,1,0.84,1,1,1,0.588,1,0
txn_000286,1227.55,home,COD,50009,2026-01-22T21:03:00,agent_27,216,home,1667.56,attr_5,home,1227.55,attr_5,user_225,4273.71,groceries,133,1,0.41,1,1,1,0.123,0,0
txn_000287,2280.84,electronics,COD,500020,2026-04-29T23:15:00,agent_21,153,electronics,1567.12,attr_1,electronics,2280.84,attr_2,user_387,1112.51,electronics,125,1,0.94,1,0,0,0.658,0,0
txn_000288,6846.79,fashion,COD,50001,2026-02-21T21:18:00,agent_16,113,fashion,6908.95,attr_3,fashion,6846.79,attr_3,user_67,2699.73,fashion,606,1,0.52,1,1,1,0.364,0,0
txn_000289,4116.18,home,COD,50006,2026-03-17T10:13:00,agent_47,3,home,3098.05,attr_3,home,4116.18,attr_3,user_373,1852.6,home,1352,1,0.19,1,0,1,0.133,1,0
txn_000290,10125.48,electronics,COD,500020,2026-01-19T05:20:00,agent_41,187,electronics,6532.08,attr_4,electronics,10125.48,attr_4,user_146,1926.07,electronics,620,1,0.92,1,0,1,0.644,1,0
txn_000291,3547.23,flights,COD,500012,2026-03-17T16:18:00,agent_28,293,flights,2644.44,attr_2,flights,3547.23,attr_2,user_208,893.73,flights,670,1,0.87,1,0,1,0.609,0,0
txn_000292,2922.93,flights,COD,500020,2026-02-25T04:26:00,agent_30,219,flights,4262.46,attr_5,flights,2922.93,attr_5,user_324,5570.8,flights,663,1,0.66,1,1,1,0.462,0,0
txn_000293,3110.92,footwear,COD,50001,2026-02-14T06:59:00,agent_42,20,footwear,3729.57,attr_3,footwear,3110.92,attr_3,user_375,950.56,footwear,986,1,1.0,1,1,1,0.7,0,0
txn_000294,565.58,groceries,prepaid,50003,2026-01-07T09:32:00,agent_17,99,groceries,626.19,attr_4,groceries,565.58,attr_4,user_158,5754.6,groceries,280,1,0.48,1,1,1,0.336,0,0
txn_000295,3825.42,groceries,prepaid,500010,2026-02-02T19:54:00,agent_43,180,groceries,4960.27,attr_5,groceries,3825.42,attr_5,user_250,2899.36,groceries,781,1,0.51,1,1,1,0.357,1,0
txn_000296,2466.65,home,prepaid,500011,2026-04-05T18:17:00,agent_40,140,home,2559.86,attr_3,home,2466.65,attr_3,user_304,4372.18,home,609,1,0.41,1,1,1,0.287,0,0
txn_000297,2006.49,fashion,prepaid,50004,2026-04-12T13:54:00,agent_26,0,fashion,1422.28,attr_2,fashion,2006.49,attr_2,user_37,1358.05,groceries,419,1,0.39,1,0,1,0.117,0,0
txn_000298,5618.47,fashion,COD,50007,2026-02-03T00:52:00,agent_13,212,fashion,3972.85,attr_1,fashion,5618.47,attr_1,user_221,3966.3,fashion,425,1,0.89,1,0,1,0.623,1,0
txn_000299,3773.99,home,COD,500013,2026-02-17T06:20:00,agent_35,129,home,5719.09,attr_2,home,3773.99,attr_2,user_350,3356.23,home,340,1,0.39,1,1,1,0.273,0,0
txn_000300,2736.63,home,COD,50003,2026-03-12T07:54:00,agent_37,47,home,3453.76,attr_5,home,2736.63,attr_5,user_444,5998.43,home,427,1,0.27,1,1,1,0.189,1,0
txn_000301,2415.15,fashion,COD,500016,2026-04-24T04:20:00,agent_52,91,fashion,1849.15,attr_5,fashion,2415.15,attr_5,user_187,4405.92,fashion,1320,1,0.68,1,0,1,0.476,0,0
txn_000302,4942.7,fashion,prepaid,50003,2026-04-20T09:12:00,agent_16,72,fashion,3422.53,attr_4,fashion,4942.7,attr_4,user_126,1385.21,fashion,1320,1,0.34,1,0,1,0.238,0,0
txn_000303,5459.68,groceries,COD,500013,2026-04-02T01:18:00,agent_39,71,groceries,5932.7,attr_5,groceries,5459.68,attr_5,user_345,1533.23,flights,89,1,0.98,1,1,1,0.294,0,0
txn_000304,10348.68,flights,prepaid,50005,2026-02-21T10:49:00,agent_2,72,flights,7854.8,attr_4,flights,10348.68,attr_4,user_159,1801.76,electronics,372,1,0.71,1,0,1,0.213,0,1
txn_000305,995.54,flights,prepaid,50001,2026-02-13T03:48:00,agent_19,146,flights,1031.0,attr_1,flights,995.54,attr_1,user_400,5300.43,flights,623,1,0.21,1,1,1,0.147,0,0
txn_000306,1611.31,footwear,COD,50005,2026-03-07T10:29:00,agent_59,24,footwear,1922.35,attr_2,footwear,1611.31,attr_2,user_177,5556.68,footwear,20,1,0.7,1,1,1,0.49,0,0
txn_000307,4338.38,flights,COD,500013,2026-04-11T20:45:00,agent_10,384,flights,6251.46,attr_4,flights,4338.38,attr_4,user_377,741.22,flights,1163,1,0.7,1,1,1,0.49,0,0
txn_000308,3874.7,electronics,COD,50002,2026-01-04T13:06:00,agent_50,99,electronics,5006.37,attr_2,electronics,3874.7,attr_2,user_55,2905.95,groceries,1319,1,0.64,1,1,1,0.192,0,0
txn_000309,6487.0,footwear,COD,500018,2026-04-26T08:46:00,agent_12,121,footwear,5112.41,attr_5,footwear,6487.0,attr_5,user_483,1589.94,fashion,1327,1,0.24,1,0,1,0.072,0,0
txn_000310,5339.42,footwear,COD,500013,2026-05-09T01:04:00,agent_17,98,footwear,4689.23,attr_5,footwear,5339.42,attr_5,user_142,1161.57,flights,828,1,0.6,1,0,1,0.18,1,0
txn_000311,4838.96,flights,COD,500020,2026-03-22T17:50:00,agent_26,13,flights,4273.83,attr_4,flights,4838.96,attr_4,user_208,2118.78,flights,684,1,0.98,1,0,1,0.686,0,0
txn_000312,6366.24,groceries,prepaid,50002,2026-03-31T08:52:00,agent_25,43,groceries,6379.45,attr_5,groceries,6366.24,attr_5,user_303,5655.48,groceries,624,1,0.34,1,1,1,0.238,0,0
txn_000313,448.7,fashion,prepaid,500020,2026-05-11T00:09:00,agent_27,110,fashion,671.0,attr_5,fashion,448.7,attr_5,user_42,3879.22,electronics,255,1,0.51,1,1,1,0.153,0,0
txn_000314,557.11,footwear,prepaid,50001,2026-05-08T07:39:00,agent_30,84,footwear,903.31,attr_5,footwear,557.11,attr_5,user_488,3283.81,footwear,467,1,0.55,1,1,1,0.385,0,0
txn_000315,3369.34,electronics,COD,50006,2026-02-15T23:55:00,agent_52,122,electronics,4083.14,attr_2,electronics,3369.34,attr_2,user_161,3250.2,electronics,69,1,0.84,1,1,1,0.588,0,0
txn_000316,3540.07,home,COD,50002,2026-05-11T11:45:00,agent_30,67,home,2576.02,attr_5,home,3540.07,attr_5,user_63,4121.38,home,716,1,0.06,1,0,1,0.042,0,0
txn_000317,3496.8,home,prepaid,50009,2026-03-12T00:42:00,agent_45,76,home,3247.79,attr_2,home,3496.8,attr_2,user_485,1182.83,home,1077,1,0.84,1,0,1,0.588,1,0
txn_000318,4846.82,flights,COD,50009,2026-04-04T17:45:00,agent_2,0,flights,5554.18,attr_4,flights,4846.82,attr_4,user_60,798.6,electronics,800,1,0.57,1,1,1,0.171,1,0
txn_000319,6633.5,home,COD,50003,2026-03-04T15:57:00,agent_5,128,home,6149.82,attr_5,home,6633.5,attr_1,user_434,3485.81,home,266,1,0.46,1,0,0,0.322,1,0
txn_000320,2472.0,electronics,prepaid,50003,2026-03-08T17:42:00,agent_48,96,electronics,3865.49,attr_5,electronics,2472.0,attr_5,user_221,2563.13,electronics,446,1,0.1,1,1,1,0.07,1,0
txn_000321,2928.81,home,COD,50003,2026-02-10T17:34:00,agent_7,54,home,2269.19,attr_5,home,2928.81,attr_5,user_153,5534.91,home,613,1,0.63,1,0,1,0.441,1,0
txn_000322,3891.36,home,COD,50006,2026-02-28T17:41:00,agent_49,113,home,4320.42,attr_3,home,3891.36,attr_3,user_213,1066.16,electronics,724,1,0.26,1,1,1,0.078,0,0
txn_000323,1632.46,flights,prepaid,50004,2026-04-30T09:42:00,agent_53,45,flights,1661.48,attr_5,flights,1632.46,attr_5,user_206,2526.58,flights,498,1,0.92,1,1,1,0.644,0,0
txn_000324,2484.54,groceries,prepaid,500020,2026-03-04T06:31:00,agent_18,148,groceries,1833.4,attr_4,groceries,2484.54,attr_4,user_271,4522.67,electronics,1479,1,0.2,1,0,1,0.06,0,0
txn_000325,5826.07,home,prepaid,50008,2026-03-29T19:25:00,agent_3,258,home,7935.49,attr_4,home,5826.07,attr_4,user_499,1827.76,home,147,1,0.61,1,1,1,0.427,1,0
txn_000326,2815.04,flights,COD,50006,2026-03-30T01:56:00,agent_15,33,flights,3690.62,attr_5,flights,2815.04,attr_5,user_425,2408.28,flights,524,1,0.04,1,1,1,0.028,0,0
txn_000327,6255.25,home,COD,50008,2026-04-26T04:45:00,agent_42,6,home,5017.06,attr_1,home,6255.25,attr_2,user_119,5566.77,home,522,1,0.74,1,0,0,0.518,1,0
txn_000328,6872.79,groceries,COD,500018,2026-03-24T17:27:00,agent_20,30,electronics,4868.22,attr_2,groceries,6872.79,attr_4,user_208,2139.67,electronics,1087,1,0.67,0,0,0,0.201,0,0
txn_000329,784.02,flights,prepaid,50008,2026-01-05T04:43:00,agent_35,113,flights,1079.5,attr_5,flights,784.02,attr_5,user_299,5451.02,footwear,1428,1,0.78,1,1,1,0.234,0,0
txn_000330,6487.06,footwear,prepaid,500014,2026-03-20T00:55:00,agent_13,168,footwear,5911.84,attr_1,footwear,6487.06,attr_1,user_219,5059.71,footwear,1048,1,0.19,1,0,1,0.133,0,0
txn_000331,4055.82,groceries,COD,500017,2026-02-01T11:01:00,agent_44,20,groceries,3587.33,attr_5,groceries,4055.82,attr_2,user_251,2216.99,groceries,1034,1,0.68,1,0,0,0.476,0,1
txn_000332,1444.12,fashion,prepaid,500018,2026-01-01T20:18:00,agent_55,57,fashion,1915.49,attr_2,fashion,1444.12,attr_2,user_466,4500.2,fashion,56,0,0.15,1,1,1,0.105,0,0
txn_000333,8669.38,footwear,prepaid,500013,2026-01-18T22:32:00,agent_23,432,footwear,7458.79,attr_1,footwear,8669.38,attr_4,user_406,2465.2,footwear,990,1,0.73,1,0,0,0.511,1,0
txn_000334,1694.01,footwear,prepaid,500017,2026-01-25T18:09:00,agent_49,189,footwear,2529.05,attr_2,footwear,1694.01,attr_2,user_10,2436.22,footwear,673,1,0.57,1,1,1,0.399,0,0
txn_000335,849.54,flights,COD,50009,2026-05-12T04:16:00,agent_4,281,flights,1330.21,attr_1,flights,849.54,attr_1,user_393,1084.2,electronics,1216,1,0.14,1,1,1,0.042,0,0
txn_000336,3746.37,electronics,COD,500019,2026-02-27T05:40:00,agent_2,95,electronics,3882.12,attr_4,electronics,3746.37,attr_4,user_314,3652.03,fashion,10,1,0.37,1,1,1,0.111,0,0
txn_000337,3887.46,fashion,prepaid,500011,2026-02-20T08:23:00,agent_2,34,fashion,2925.64,attr_2,fashion,3887.46,attr_2,user_85,5232.36,fashion,1446,1,0.02,1,0,1,0.014,0,0
txn_000338,1716.19,groceries,prepaid,50009,2026-03-01T15:24:00,agent_32,135,groceries,1258.57,attr_4,groceries,1716.19,attr_4,user_226,3074.47,groceries,174,0,0.18,1,0,1,0.126,1,0
txn_000339,1789.43,fashion,prepaid,50002,2026-02-21T07:18:00,agent_21,37,fashion,1986.34,attr_2,fashion,1789.43,attr_2,user_371,5750.12,fashion,1263,1,0.35,1,1,1,0.245,0,0
txn_000340,3575.14,footwear,COD,50002,2026-02-18T15:26:00,agent_37,202,footwear,4999.19,attr_5,footwear,3575.14,attr_5,user_88,3528.53,footwear,1457,1,0.67,1,1,1,0.469,1,0
txn_000341,2094.18,electronics,prepaid,500014,2026-01-27T23:00:00,agent_34,41,electronics,2996.62,attr_2,electronics,2094.18,attr_2,user_439,1320.99,fashion,552,1,0.17,1,1,1,0.051,0,0
txn_000342,5254.5,footwear,COD,50003,2026-04-10T13:51:00,agent_44,78,footwear,6970.45,attr_5,footwear,5254.5,attr_5,user_358,1204.89,electronics,1018,1,0.75,1,1,1,0.225,1,0
txn_000343,4030.08,groceries,prepaid,500020,2026-03-07T23:19:00,agent_58,14,groceries,4171.47,attr_5,groceries,4030.08,attr_5,user_266,2847.01,flights,881,1,0.57,1,1,1,0.171,0,0
txn_000344,3295.35,groceries,prepaid,50002,2026-02-01T12:08:00,agent_33,263,groceries,4610.45,attr_3,groceries,3295.35,attr_3,user_76,816.56,groceries,649,1,0.05,1,1,1,0.035,0,0
txn_000345,3468.27,groceries,prepaid,50002,2026-02-12T04:11:00,agent_15,18,groceries,3821.82,attr_5,groceries,3468.27,attr_5,user_211,2214.74,groceries,925,1,0.61,1,1,1,0.427,1,0
txn_000346,1232.54,fashion,COD,50004,2026-02-01T14:29:00,agent_46,18,fashion,1349.13,attr_3,fashion,1232.54,attr_3,user_290,1944.15,fashion,81,1,0.39,1,1,1,0.273,0,0
txn_000347,4655.03,fashion,COD,50002,2026-01-03T03:19:00,agent_27,29,fashion,7125.36,attr_1,fashion,4655.03,attr_1,user_146,3749.26,fashion,440,1,0.91,1,1,1,0.637,0,0
txn_000348,1990.59,flights,COD,50003,2026-01-23T21:43:00,agent_59,146,flights,2428.57,attr_1,flights,1990.59,attr_1,user_289,5405.39,flights,1250,1,0.87,1,1,1,0.609,0,0
txn_000349,3155.21,electronics,COD,500016,2026-03-16T05:23:00,agent_11,202,electronics,3297.61,attr_5,electronics,3155.21,attr_5,user_271,3712.27,electronics,32,1,0.2,1,1,1,0.14,0,0
txn_000350,5909.46,home,COD,50004,2026-04-27T13:40:00,agent_46,30,home,7255.11,attr_4,home,5909.46,attr_4,user_29,5197.49,home,1237,1,0.06,1,1,1,0.042,0,0
txn_000351,8544.81,flights,prepaid,500013,2026-05-03T10:32:00,agent_41,186,flights,7872.54,attr_5,flights,8544.81,attr_5,user_385,1072.79,flights,1241,0,0.1,1,0,1,0.07,0,0
txn_000352,2225.56,flights,prepaid,500020,2026-04-10T22:34:00,agent_2,9,flights,2566.33,attr_2,flights,2225.56,attr_2,user_320,5375.2,flights,1344,1,0.95,1,1,1,0.665,0,0
txn_000353,907.73,home,prepaid,500016,2026-01-20T20:13:00,agent_45,232,home,1007.3,attr_1,home,907.73,attr_1,user_247,5746.88,electronics,1451,1,0.38,1,1,1,0.114,0,0
txn_000354,6587.6,groceries,COD,50005,2026-02-03T17:20:00,agent_44,4,groceries,7331.7,attr_2,groceries,6587.6,attr_2,user_490,5625.03,groceries,625,1,0.62,1,1,1,0.434,0,0
txn_000355,3220.27,flights,COD,50007,2026-04-24T03:33:00,agent_47,84,flights,4617.36,attr_2,flights,3220.27,attr_2,user_406,4481.6,flights,1493,0,0.46,1,1,1,0.322,0,0
txn_000356,1143.3,home,prepaid,500010,2026-03-20T09:10:00,agent_7,325,home,1493.39,attr_1,home,1143.3,attr_1,user_308,4745.57,home,783,0,0.66,1,1,1,0.462,0,0
txn_000357,889.2,flights,prepaid,50007,2026-02-18T17:06:00,agent_19,133,flights,969.14,attr_4,flights,889.2,attr_4,user_205,4652.24,flights,121,1,0.72,1,1,1,0.504,0,0
txn_000358,1298.36,flights,prepaid,500014,2026-03-18T07:33:00,agent_22,76,flights,1804.91,attr_3,flights,1298.36,attr_3,user_116,1371.28,flights,379,1,0.79,1,1,1,0.553,0,0
txn_000359,1941.65,footwear,COD,500019,2026-01-14T21:41:00,agent_57,20,footwear,1988.3,attr_5,footwear,1941.65,attr_5,user_392,2573.47,footwear,413,1,0.46,1,1,1,0.322,1,0
txn_000360,1459.94,fashion,prepaid,500020,2026-04-04T11:25:00,agent_3,4,fashion,2384.48,attr_3,fashion,1459.94,attr_3,user_290,5014.29,fashion,775,1,0.25,1,1,1,0.175,0,0
txn_000361,1655.21,electronics,prepaid,50008,2026-04-09T22:59:00,agent_58,4,electronics,1963.58,attr_5,electronics,1655.21,attr_5,user_141,4004.1,electronics,187,1,0.17,1,1,1,0.119,1,0
txn_000362,6431.45,electronics,COD,50007,2026-01-04T19:49:00,agent_30,121,electronics,7698.6,attr_2,electronics,6431.45,attr_2,user_350,731.17,electronics,245,1,0.08,1,1,1,0.056,0,0
txn_000363,818.7,fashion,prepaid,50006,2026-01-19T13:36:00,agent_43,79,fashion,958.47,attr_1,fashion,818.7,attr_1,user_480,5082.85,fashion,216,1,0.46,1,1,1,0.322,0,0
txn_000364,3017.67,flights,COD,50003,2026-05-02T20:50:00,agent_10,3,flights,2481.05,attr_3,flights,3017.67,attr_3,user_125,4888.64,flights,1304,1,0.47,1,0,1,0.329,0,0
txn_000365,2078.74,footwear,COD,50003,2026-04-24T08:23:00,agent_53,63,footwear,2370.02,attr_5,footwear,2078.74,attr_5,user_19,1971.43,footwear,367,1,0.66,1,1,1,0.462,0,0
txn_000366,2670.33,groceries,COD,50006,2026-04-03T18:51:00,agent_39,132,groceries,3262.78,attr_4,groceries,2670.33,attr_4,user_157,2408.67,groceries,692,1,0.43,1,1,1,0.301,1,0
txn_000367,2132.95,electronics,COD,500018,2026-03-16T08:49:00,agent_29,92,electronics,2828.01,attr_1,electronics,2132.95,attr_1,user_497,4319.11,electronics,1161,1,0.62,1,1,1,0.434,1,0
txn_000368,2304.48,electronics,COD,500020,2026-02-22T12:03:00,agent_10,57,electronics,3087.14,attr_5,electronics,2304.48,attr_5,user_267,4162.53,electronics,813,1,0.34,1,1,1,0.238,1,0
txn_000369,7165.55,home,COD,500020,2026-03-21T01:14:00,agent_33,76,home,7725.35,attr_3,home,7165.55,attr_3,user_79,5493.7,home,570,1,0.82,1,1,1,0.574,0,0
txn_000370,7845.51,flights,COD,50002,2026-05-05T01:36:00,agent_44,55,flights,6906.1,attr_2,flights,7845.51,attr_3,user_366,5214.82,fashion,1057,1,0.63,1,0,0,0.189,0,0
txn_000371,2509.13,electronics,prepaid,500013,2026-03-04T23:03:00,agent_17,324,footwear,1637.64,attr_5,electronics,2509.13,attr_1,user_399,1142.36,electronics,559,1,0.12,0,0,0,0.084,0,1
txn_000372,3205.95,footwear,prepaid,500016,2026-01-06T07:25:00,agent_56,389,footwear,3411.94,attr_4,footwear,3205.95,attr_4,user_67,2660.14,footwear,406,1,0.43,1,1,1,0.301,0,1
txn_000373,5921.58,flights,prepaid,500012,2026-01-02T18:49:00,agent_2,179,flights,5263.35,attr_5,flights,5921.58,attr_3,user_92,1349.83,flights,505,1,0.49,1,0,0,0.343,1,0
txn_000374,4202.77,footwear,COD,500017,2026-01-10T05:10:00,agent_5,124,footwear,3182.99,attr_5,footwear,4202.77,attr_5,user_26,5208.87,footwear,59,1,0.08,1,0,1,0.056,0,0
txn_000375,4994.58,footwear,prepaid,50002,2026-01-18T22:50:00,agent_3,324,footwear,3309.12,attr_4,footwear,4994.58,attr_4,user_184,857.93,footwear,961,1,0.55,1,0,1,0.385,0,0
txn_000376,3074.5,home,COD,500013,2026-02-14T03:28:00,agent_21,195,home,2458.79,attr_2,home,3074.5,attr_1,user_254,2763.72,home,586,1,0.86,1,0,0,0.602,1,0
txn_000377,3439.19,electronics,COD,500020,2026-01-14T07:35:00,agent_16,12,electronics,2656.22,attr_1,electronics,3439.19,attr_1,user_232,4026.54,electronics,500,1,0.96,1,0,1,0.672,1,0
txn_000378,1883.02,flights,prepaid,50006,2026-01-01T13:09:00,agent_48,334,flights,2947.69,attr_4,flights,1883.02,attr_4,user_151,5551.33,fashion,1084,1,0.28,1,1,1,0.084,0,0
txn_000379,4742.68,home,prepaid,50004,2026-03-01T11:02:00,agent_47,103,home,4779.04,attr_4,home,4742.68,attr_4,user_213,5403.67,home,907,1,0.35,1,1,1,0.245,0,0
txn_000380,2917.5,electronics,prepaid,500020,2026-03-26T20:29:00,agent_26,50,electronics,3286.27,attr_5,electronics,2917.5,attr_5,user_24,701.92,electronics,1218,1,0.2,1,1,1,0.14,0,0
txn_000381,684.42,home,COD,50005,2026-01-21T10:32:00,agent_9,35,home,831.09,attr_1,home,684.42,attr_1,user_421,2785.77,flights,695,0,0.51,1,1,1,0.153,1,0
txn_000382,6011.93,fashion,COD,50008,2026-03-02T14:31:00,agent_23,3,fashion,6845.38,attr_2,fashion,6011.93,attr_2,user_203,677.81,groceries,902,1,0.16,1,1,1,0.048,1,0
txn_000383,3441.09,groceries,prepaid,500019,2026-02-18T21:36:00,agent_6,7,groceries,4323.12,attr_2,groceries,3441.09,attr_2,user_38,1123.87,groceries,474,1,0.43,1,1,1,0.301,0,0
txn_000384,4675.13,flights,prepaid,50009,2026-04-26T17:27:00,agent_38,56,flights,4744.36,attr_5,flights,4675.13,attr_5,user_92,1474.97,flights,1189,1,0.09,1,1,1,0.063,0,0
txn_000385,1039.58,electronics,COD,500010,2026-04-22T06:15:00,agent_28,323,electronics,1330.55,attr_3,electronics,1039.58,attr_3,user_19,3152.06,electronics,1328,1,0.05,1,1,1,0.035,0,0
txn_000386,5931.74,electronics,COD,50001,2026-04-27T11:25:00,agent_12,48,electronics,4952.89,attr_5,electronics,5931.74,attr_5,user_280,694.64,footwear,323,1,0.75,1,0,1,0.225,1,0
txn_000387,6159.36,fashion,prepaid,500011,2026-01-29T09:24:00,agent_56,66,fashion,7180.84,attr_3,fashion,6159.36,attr_3,user_250,5606.9,fashion,1486,1,0.8,1,1,1,0.56,0,0
txn_000388,771.15,home,COD,500011,2026-03-15T19:39:00,agent_41,191,home,1166.5,attr_1,home,771.15,attr_1,user_175,5167.39,home,1067,1,0.85,1,1,1,0.595,0,0
txn_000389,2541.56,fashion,prepaid,500018,2026-05-14T00:02:00,agent_16,26,fashion,3338.8,attr_3,fashion,2541.56,attr_3,user_255,5258.82,fashion,900,1,0.85,1,1,1,0.595,0,0
txn_000390,2644.47,groceries,prepaid,500010,2026-04-11T23:30:00,agent_30,130,groceries,3705.68,attr_3,groceries,2644.47,attr_3,user_247,1330.06,groceries,1310,0,0.88,1,1,1,0.616,0,0
txn_000391,4601.36,fashion,prepaid,500014,2026-01-18T22:09:00,agent_26,79,fashion,6224.12,attr_2,fashion,4601.36,attr_2,user_472,2004.84,fashion,498,0,0.51,1,1,1,0.357,0,0
txn_000392,7122.92,home,COD,500019,2026-05-02T02:37:00,agent_4,46,home,4650.49,attr_2,home,7122.92,attr_2,user_183,4361.3,electronics,1460,1,0.28,1,0,1,0.084,0,0
txn_000393,3768.23,flights,COD,50009,2026-03-19T08:13:00,agent_32,111,flights,2567.89,attr_4,flights,3768.23,attr_2,user_407,1206.08,groceries,213,1,0.32,1,0,0,0.096,1,0
txn_000394,5715.09,home,COD,50004,2026-03-04T11:14:00,agent_32,0,home,4434.76,attr_1,home,5715.09,attr_3,user_159,4483.33,electronics,321,1,0.21,1,0,0,0.063,1,0
txn_000395,2918.56,electronics,prepaid,50003,2026-01-16T03:37:00,agent_5,30,electronics,4458.65,attr_5,electronics,2918.56,attr_5,user_297,4182.14,electronics,43,1,0.39,1,1,1,0.273,0,0
txn_000396,1971.67,home,COD,500011,2026-04-06T20:19:00,agent_31,333,home,2856.48,attr_3,home,1971.67,attr_3,user_234,5198.82,home,747,0,0.84,1,1,1,0.588,1,0
txn_000397,2332.26,footwear,prepaid,500014,2026-04-10T07:44:00,agent_29,208,footwear,2634.88,attr_5,footwear,2332.26,attr_5,user_351,2004.52,footwear,1122,1,0.72,1,1,1,0.504,0,0
txn_000398,8937.51,electronics,prepaid,50001,2026-02-18T06:54:00,agent_24,67,electronics,6019.85,attr_3,electronics,8937.51,attr_3,user_347,5746.82,fashion,914,0,0.57,1,0,1,0.171,1,0
txn_000399,11840.62,fashion,prepaid,50002,2026-03-03T09:15:00,agent_15,91,fashion,7805.11,attr_3,fashion,11840.62,attr_3,user_236,5386.77,fashion,991,1,0.99,1,0,1,0.693,0,1
txn_000400,2450.93,electronics,prepaid,50008,2026-01-25T21:54:00,agent_13,114,electronics,2952.42,attr_2,electronics,2450.93,attr_2,user_376,5326.04,flights,70,0,0.05,1,1,1,0.015,0,0
txn_000401,5731.69,electronics,COD,50003,2026-02-08T01:33:00,agent_26,48,electronics,5384.31,attr_4,electronics,5731.69,attr_2,user_496,2171.78,electronics,678,1,0.22,1,0,0,0.154,1,0
txn_000402,1442.69,electronics,COD,500015,2026-01-05T22:25:00,agent_8,68,electronics,1787.28,attr_3,electronics,1442.69,attr_3,user_26,3728.86,electronics,1116,1,0.25,1,1,1,0.175,0,0
txn_000403,2990.19,flights,COD,50001,2026-05-12T03:41:00,agent_14,211,flights,2302.13,attr_4,flights,2990.19,attr_4,user_299,5119.31,flights,248,1,0.85,1,0,1,0.595,1,0
txn_000404,4355.2,groceries,prepaid,500019,2026-05-15T13:42:00,agent_1,25,groceries,5124.33,attr_4,groceries,4355.2,attr_4,user_479,5440.88,groceries,803,1,0.61,1,1,1,0.427,0,0
txn_000405,2366.04,groceries,prepaid,500017,2026-02-03T22:40:00,agent_53,267,groceries,1835.36,attr_2,groceries,2366.04,attr_3,user_134,1915.18,groceries,1450,1,0.51,1,0,0,0.357,0,0
txn_000406,1960.04,groceries,COD,50002,2026-01-16T12:03:00,agent_11,3,groceries,1357.97,attr_5,groceries,1960.04,attr_5,user_492,1379.25,electronics,167,1,0.22,1,0,1,0.066,1,0
txn_000407,2001.87,fashion,COD,50003,2026-04-08T05:09:00,agent_16,45,fashion,2336.65,attr_1,fashion,2001.87,attr_1,user_331,4946.75,fashion,14,1,0.01,1,1,1,0.007,0,0
txn_000408,7496.06,fashion,prepaid,500013,2026-01-10T23:59:00,agent_18,58,fashion,6443.5,attr_1,fashion,7496.06,attr_1,user_13,1946.03,fashion,1056,1,0.39,1,0,1,0.273,0,1
txn_000409,6095.38,home,COD,500019,2026-05-03T17:06:00,agent_40,319,home,7919.26,attr_4,home,6095.38,attr_4,user_163,3388.02,home,571,1,0.96,1,1,1,0.672,1,0
txn_000410,5067.33,footwear,COD,500017,2026-03-02T12:17:00,agent_59,23,footwear,6546.65,attr_5,footwear,5067.33,attr_5,user_445,3123.48,footwear,1268,1,0.32,1,1,1,0.224,0,0
txn_000411,5656.08,flights,COD,50001,2026-01-09T03:57:00,agent_36,87,flights,7157.83,attr_3,flights,5656.08,attr_3,user_97,5034.66,flights,535,0,0.89,1,1,1,0.623,1,0
txn_000412,4060.4,home,COD,500018,2026-01-22T20:28:00,agent_33,37,home,3071.9,attr_5,home,4060.4,attr_5,user_77,1177.38,flights,358,1,0.98,1,0,1,0.294,0,0
txn_000413,3990.87,footwear,COD,500013,2026-02-28T21:11:00,agent_50,102,footwear,5200.8,attr_5,footwear,3990.87,attr_5,user_15,5115.44,groceries,941,1,0.39,1,1,1,0.117,1,0
txn_000414,2929.27,groceries,COD,50007,2026-02-16T02:18:00,agent_18,329,groceries,4834.59,attr_1,groceries,2929.27,attr_1,user_299,4933.92,groceries,1282,1,0.1,1,1,1,0.07,0,0
txn_000415,1878.37,footwear,COD,50008,2026-04-21T22:25:00,agent_6,0,footwear,1211.47,attr_2,footwear,1878.37,attr_2,user_146,3859.89,footwear,688,1,0.02,1,0,1,0.014,1,0
txn_000416,4577.44,home,COD,50006,2026-02-18T09:41:00,agent_6,10,home,4933.12,attr_3,home,4577.44,attr_3,user_291,5504.28,home,482,1,0.83,1,1,1,0.581,1,0
txn_000417,2115.75,home,prepaid,500010,2026-03-04T22:05:00,agent_24,42,home,3388.79,attr_5,home,2115.75,attr_5,user_320,3513.67,home,1087,1,0.38,1,1,1,0.266,0,0
txn_000418,3357.18,fashion,prepaid,500015,2026-02-22T17:18:00,agent_2,48,fashion,2952.78,attr_4,fashion,3357.18,attr_4,user_442,4428.88,fashion,951,1,0.77,1,0,1,0.539,0,0
txn_000419,4333.77,electronics,COD,500016,2026-05-15T14:17:00,agent_10,33,electronics,6410.55,attr_4,electronics,4333.77,attr_4,user_184,2071.86,electronics,167,1,0.19,1,1,1,0.133,1,0
txn_000420,4073.93,flights,COD,500020,2026-05-16T05:51:00,agent_16,7,flights,4807.78,attr_5,flights,4073.93,attr_5,user_200,3570.81,flights,1293,1,0.74,1,1,1,0.518,1,0
txn_000421,10077.67,home,COD,50004,2026-02-21T12:27:00,agent_35,107,home,7875.35,attr_5,home,10077.67,attr_5,user_354,4361.58,home,1087,1,0.6,1,0,1,0.42,0,0
txn_000422,2801.57,groceries,COD,50009,2026-04-01T01:53:00,agent_40,248,groceries,2250.29,attr_1,groceries,2801.57,attr_2,user_282,1682.62,groceries,333,0,0.09,1,0,0,0.063,1,0
txn_000423,3966.27,flights,prepaid,500014,2026-03-01T02:38:00,agent_42,48,flights,3126.06,attr_1,flights,3966.27,attr_2,user_132,3250.37,flights,499,1,0.11,1,0,0,0.077,0,0
txn_000424,2852.13,fashion,prepaid,500013,2026-03-15T04:59:00,agent_4,83,fashion,2913.34,attr_5,fashion,2852.13,attr_5,user_358,1655.03,fashion,194,0,0.01,1,1,1,0.007,1,0
txn_000425,5480.5,fashion,COD,500017,2026-04-01T18:16:00,agent_22,28,fashion,6090.17,attr_2,fashion,5480.5,attr_2,user_46,4946.47,flights,1123,1,0.67,1,1,1,0.201,0,0
txn_000426,5285.41,fashion,prepaid,500015,2026-04-09T03:49:00,agent_2,377,electronics,3650.93,attr_3,fashion,5285.41,attr_2,user_452,3297.96,electronics,261,1,0.91,0,0,0,0.273,0,0
txn_000427,5149.83,home,COD,500012,2026-05-15T07:34:00,agent_30,68,home,5811.64,attr_5,home,5149.83,attr_5,user_190,3517.04,home,580,1,0.72,1,1,1,0.504,0,0
txn_000428,2018.52,footwear,prepaid,500018,2026-03-16T16:49:00,agent_51,111,footwear,2661.56,attr_4,footwear,2018.52,attr_4,user_87,3525.21,footwear,1364,1,0.18,1,1,1,0.126,0,0
txn_000429,2832.99,flights,prepaid,500012,2026-02-08T02:42:00,agent_15,184,flights,3211.77,attr_4,flights,2832.99,attr_4,user_194,5731.71,flights,50,1,0.2,1,1,1,0.14,0,0
txn_000430,835.22,fashion,prepaid,500020,2026-02-24T08:37:00,agent_53,103,fashion,909.08,attr_2,fashion,835.22,attr_2,user_432,528.5,fashion,200,1,0.91,1,1,1,0.637,0,0
txn_000431,3140.92,flights,prepaid,500015,2026-04-10T17:49:00,agent_32,534,flights,4989.98,attr_1,flights,3140.92,attr_1,user_374,5395.89,flights,1219,1,0.0,1,1,1,0.0,0,1
txn_000432,589.61,electronics,COD,500017,2026-03-27T00:22:00,agent_58,7,electronics,702.02,attr_5,electronics,589.61,attr_5,user_491,3543.55,flights,512,1,0.1,1,1,1,0.03,1,0
txn_000433,1234.89,home,COD,500017,2026-01-12T20:19:00,agent_27,13,home,1429.15,attr_1,home,1234.89,attr_1,user_116,1413.56,home,163,1,0.89,1,1,1,0.623,1,0
txn_000434,4477.57,footwear,prepaid,500020,2026-01-24T16:27:00,agent_52,70,footwear,2943.44,attr_3,footwear,4477.57,attr_3,user_7,2104.28,flights,339,1,0.43,1,0,1,0.129,0,0
txn_000435,9787.0,footwear,COD,50006,2026-05-18T23:33:00,agent_43,118,footwear,6576.57,attr_5,footwear,9787.0,attr_5,user_200,5710.61,footwear,1064,1,0.22,1,0,1,0.154,1,0
txn_000436,8490.36,footwear,prepaid,50006,2026-02-06T14:17:00,agent_50,405,footwear,6461.88,attr_5,footwear,8490.36,attr_3,user_309,1644.94,footwear,1137,1,0.27,1,0,0,0.189,0,0
txn_000437,2519.85,groceries,COD,50006,2026-01-21T11:06:00,agent_55,3,groceries,3045.96,attr_2,groceries,2519.85,attr_2,user_479,1908.64,groceries,102,1,0.04,1,1,1,0.028,1,0
txn_000438,10004.53,home,prepaid,500012,2026-03-05T17:28:00,agent_50,104,flights,6549.0,attr_3,home,10004.53,attr_3,user_425,2604.91,flights,352,1,0.4,0,0,1,0.12,0,1
txn_000439,2132.14,groceries,COD,50007,2026-04-29T07:59:00,agent_34,171,groceries,1478.51,attr_5,groceries,2132.14,attr_3,user_362,2201.75,groceries,212,1,0.71,1,0,0,0.497,1,0
txn_000440,4915.61,footwear,prepaid,50007,2026-03-23T10:30:00,agent_21,276,footwear,5006.68,attr_2,footwear,4915.61,attr_2,user_225,4540.87,flights,872,1,0.74,1,1,1,0.222,0,0
txn_000441,3121.58,electronics,prepaid,500012,2026-01-17T00:57:00,agent_43,347,electronics,3630.62,attr_2,electronics,3121.58,attr_2,user_441,1582.4,electronics,42,1,0.55,1,1,1,0.385,0,1
txn_000442,5329.01,home,COD,500020,2026-04-21T13:14:00,agent_16,215,home,3773.12,attr_5,home,5329.01,attr_3,user_154,4294.67,home,110,1,0.26,1,0,0,0.182,0,0
txn_000443,4655.01,home,prepaid,500013,2026-01-25T02:50:00,agent_21,100,home,5694.15,attr_1,home,4655.01,attr_1,user_312,2558.65,home,18,0,0.61,1,1,1,0.427,1,0
txn_000444,6704.81,flights,prepaid,500011,2026-01-04T17:37:00,agent_49,374,flights,5010.77,attr_3,flights,6704.81,attr_3,user_119,875.45,flights,1076,1,0.2,1,0,1,0.14,0,1
txn_000445,1716.84,electronics,prepaid,500018,2026-02-10T06:18:00,agent_28,38,electronics,2165.48,attr_1,electronics,1716.84,attr_1,user_352,1582.23,electronics,912,1,0.36,1,1,1,0.252,0,0
txn_000446,9917.34,fashion,COD,500017,2026-05-03T18:38:00,agent_29,64,fashion,6400.67,attr_5,fashion,9917.34,attr_4,user_413,3441.46,fashion,1281,1,0.54,1,0,0,0.378,1,0
txn_000447,1309.95,home,COD,500011,2026-04-13T17:54:00,agent_24,156,home,909.42,attr_5,home,1309.95,attr_1,user_80,3959.0,electronics,543,1,0.92,1,0,0,0.276,0,0
txn_000448,8463.63,fashion,COD,50002,2026-01-12T00:06:00,agent_37,90,fashion,7493.6,attr_1,fashion,8463.63,attr_1,user_454,5524.48,home,865,1,0.37,1,0,1,0.111,0,0
txn_000449,5353.17,groceries,COD,500013,2026-02-25T21:41:00,agent_29,24,groceries,7092.83,attr_5,groceries,5353.17,attr_5,user_361,3422.27,groceries,118,1,0.13,1,1,1,0.091,1,0
txn_000450,6943.07,flights,COD,50007,2026-05-15T10:49:00,agent_23,372,flights,7781.24,attr_2,flights,6943.07,attr_2,user_214,3022.21,flights,80,1,0.39,1,1,1,0.273,1,0
txn_000451,9647.44,groceries,COD,50006,2026-02-13T14:55:00,agent_43,80,footwear,7142.29,attr_3,groceries,9647.44,attr_3,user_268,4118.83,footwear,1353,1,0.49,0,0,1,0.147,0,1
txn_000452,968.75,footwear,COD,50007,2026-04-02T02:20:00,agent_34,129,footwear,1475.62,attr_1,footwear,968.75,attr_1,user_240,1367.06,footwear,867,1,0.38,1,1,1,0.266,1,0
txn_000453,1532.52,fashion,prepaid,500016,2026-01-21T06:18:00,agent_4,100,fashion,1881.56,attr_1,fashion,1532.52,attr_1,user_40,1431.92,footwear,1371,0,0.3,1,1,1,0.09,0,0
txn_000454,3722.12,home,COD,500020,2026-01-31T00:18:00,agent_23,72,home,3172.27,attr_4,home,3722.12,attr_4,user_114,5697.48,home,187,1,0.55,1,0,1,0.385,1,0
txn_000455,1753.2,fashion,prepaid,500018,2026-03-23T19:51:00,agent_32,172,fashion,2895.6,attr_5,fashion,1753.2,attr_5,user_260,5999.23,home,389,1,0.52,1,1,1,0.156,0,0
txn_000456,5982.31,electronics,prepaid,500017,2026-05-18T20:50:00,agent_13,8,electronics,4962.46,attr_4,electronics,5982.31,attr_4,user_270,4120.07,groceries,1317,1,0.1,1,0,1,0.03,0,1
txn_000457,3695.13,footwear,prepaid,50007,2026-04-24T17:48:00,agent_51,145,footwear,5359.17,attr_3,footwear,3695.13,attr_3,user_357,4435.21,footwear,24,1,0.09,1,1,1,0.063,0,0
txn_000458,5222.98,fashion,COD,50004,2026-04-23T02:00:00,agent_22,35,fashion,5316.94,attr_2,fashion,5222.98,attr_2,user_425,3099.78,fashion,367,1,0.42,1,1,1,0.294,0,0
txn_000459,528.78,footwear,COD,50008,2026-03-06T00:11:00,agent_1,82,footwear,788.13,attr_4,footwear,528.78,attr_4,user_189,5484.19,groceries,327,1,0.78,1,1,1,0.234,0,0
txn_000460,4403.97,groceries,COD,50009,2026-01-04T00:10:00,agent_12,98,groceries,3684.17,attr_3,groceries,4403.97,attr_3,user_473,5495.85,groceries,1375,1,0.77,1,0,1,0.539,1,0
txn_000461,4890.51,groceries,prepaid,500020,2026-04-13T03:53:00,agent_44,8,groceries,7242.09,attr_4,groceries,4890.51,attr_4,user_181,2327.34,groceries,996,1,0.5,1,1,1,0.35,0,0
txn_000462,4365.64,home,prepaid,500014,2026-01-09T05:12:00,agent_32,138,home,5023.9,attr_5,home,4365.64,attr_5,user_176,3498.48,home,1050,1,0.51,1,1,1,0.357,0,1
txn_000463,1376.52,footwear,COD,500010,2026-03-12T11:40:00,agent_47,56,footwear,2226.59,attr_3,footwear,1376.52,attr_3,user_168,4742.08,footwear,266,1,0.09,1,1,1,0.063,0,0
txn_000464,5187.58,fashion,COD,50003,2026-01-31T17:12:00,agent_38,548,fashion,3376.64,attr_1,fashion,5187.58,attr_3,user_341,4066.23,groceries,464,1,0.05,1,0,0,0.015,1,0
txn_000465,4245.3,home,COD,500019,2026-05-16T15:34:00,agent_53,62,home,6906.81,attr_2,home,4245.3,attr_2,user_57,5527.2,home,189,1,0.3,1,1,1,0.21,0,0
txn_000466,375.51,flights,COD,50003,2026-02-22T09:58:00,agent_2,33,flights,565.36,attr_5,flights,375.51,attr_5,user_13,5896.51,flights,37,1,0.26,1,1,1,0.182,0,0
txn_000467,2501.27,footwear,prepaid,500013,2026-05-17T17:44:00,agent_48,254,footwear,3283.46,attr_5,footwear,2501.27,attr_5,user_18,5481.51,footwear,928,1,0.3,1,1,1,0.21,0,0
txn_000468,4856.77,flights,prepaid,50009,2026-02-10T19:16:00,agent_31,171,flights,6339.56,attr_3,flights,4856.77,attr_3,user_342,858.51,flights,1345,1,0.74,1,1,1,0.518,0,0
txn_000469,8064.62,electronics,prepaid,500015,2026-01-17T03:45:00,agent_42,181,electronics,6064.17,attr_3,electronics,8064.62,attr_1,user_2,1259.34,electronics,92,0,0.9,1,0,0,0.63,0,0
txn_000470,4036.97,fashion,prepaid,500010,2026-03-15T08:46:00,agent_58,73,fashion,3297.04,attr_1,fashion,4036.97,attr_1,user_21,5532.39,fashion,1060,1,0.25,1,0,1,0.175,0,0
txn_000471,9322.58,groceries,prepaid,50005,2026-05-18T18:25:00,agent_9,322,groceries,6323.03,attr_1,groceries,9322.58,attr_1,user_127,3530.69,groceries,1487,1,0.94,1,0,1,0.658,0,0
txn_000472,4197.95,electronics,COD,500016,2026-04-26T21:20:00,agent_54,59,electronics,4464.51,attr_5,electronics,4197.95,attr_5,user_372,1959.52,electronics,1459,0,0.67,1,1,1,0.469,1,0
txn_000473,819.98,groceries,COD,50007,2026-03-31T04:59:00,agent_10,57,groceries,737.88,attr_4,groceries,819.98,attr_5,user_16,2830.84,groceries,344,1,0.58,1,0,0,0.406,0,0
txn_000474,4441.9,groceries,COD,500016,2026-04-30T22:16:00,agent_46,48,groceries,3297.73,attr_3,groceries,4441.9,attr_4,user_129,4163.72,groceries,1171,1,0.24,1,0,0,0.168,0,1
txn_000475,2080.02,footwear,prepaid,500012,2026-01-13T18:13:00,agent_3,58,footwear,1384.07,attr_2,footwear,2080.02,attr_2,user_220,1962.72,footwear,236,1,0.44,1,0,1,0.308,0,0
txn_000476,5182.46,flights,COD,500011,2026-02-28T22:57:00,agent_47,33,flights,7331.39,attr_2,flights,5182.46,attr_2,user_23,3705.3,flights,970,1,0.81,1,1,1,0.567,0,0
txn_000477,3560.26,home,COD,500012,2026-01-08T06:02:00,agent_16,69,home,4740.77,attr_1,home,3560.26,attr_1,user_124,2432.93,fashion,429,1,0.0,1,1,1,0.0,0,0
txn_000478,2554.88,footwear,prepaid,500016,2026-04-07T06:27:00,agent_12,91,footwear,3707.05,attr_1,footwear,2554.88,attr_1,user_458,1602.65,flights,1062,1,0.29,1,1,1,0.087,0,0
txn_000479,3198.44,home,COD,500014,2026-01-28T02:24:00,agent_38,249,home,4254.26,attr_3,home,3198.44,attr_3,user_402,1472.67,home,955,1,0.24,1,1,1,0.168,1,0
txn_000480,3953.52,home,COD,50008,2026-03-18T22:57:00,agent_21,30,home,5645.68,attr_3,home,3953.52,attr_3,user_330,2366.84,fashion,55,1,0.59,1,1,1,0.177,0,0
txn_000481,3260.39,groceries,COD,500020,2026-01-13T12:23:00,agent_25,122,groceries,4835.29,attr_5,groceries,3260.39,attr_5,user_346,1891.85,electronics,318,1,0.15,1,1,1,0.045,0,0
txn_000482,7828.47,groceries,COD,500013,2026-04-08T15:57:00,agent_16,142,groceries,5890.71,attr_2,groceries,7828.47,attr_2,user_273,2299.63,fashion,410,1,0.6,1,0,1,0.18,1,0
txn_000483,3258.67,fashion,prepaid,500017,2026-01-26T14:13:00,agent_50,104,fashion,2459.42,attr_4,fashion,3258.67,attr_4,user_294,1582.79,fashion,1263,1,0.61,1,0,1,0.427,0,1
txn_000484,1744.87,fashion,COD,500014,2026-02-15T18:02:00,agent_5,2,fashion,2459.83,attr_5,fashion,1744.87,attr_5,user_368,3480.7,fashion,975,1,0.97,1,1,1,0.679,1,0
txn_000485,3026.15,fashion,COD,50002,2026-02-19T20:34:00,agent_5,160,fashion,2145.09,attr_1,fashion,3026.15,attr_1,user_351,4383.72,fashion,807,0,0.1,1,0,1,0.07,0,0
txn_000486,1810.34,flights,prepaid,500016,2026-05-03T21:29:00,agent_31,158,flights,1906.93,attr_5,flights,1810.34,attr_5,user_270,3903.45,footwear,549,0,0.14,1,1,1,0.042,0,0
txn_000487,2080.81,footwear,COD,500017,2026-03-19T09:39:00,agent_47,112,footwear,3457.07,attr_5,footwear,2080.81,attr_5,user_35,4975.17,footwear,1269,1,0.18,1,1,1,0.126,0,0
txn_000488,1770.45,fashion,prepaid,50004,2026-02-27T11:35:00,agent_14,22,fashion,2110.41,attr_4,fashion,1770.45,attr_4,user_440,1681.51,fashion,259,1,0.69,1,1,1,0.483,0,0
txn_000489,4696.2,electronics,prepaid,50009,2026-04-09T15:10:00,agent_40,403,electronics,7150.51,attr_5,electronics,4696.2,attr_5,user_244,821.97,fashion,546,1,0.1,1,1,1,0.03,0,0
txn_000490,1108.24,footwear,COD,50003,2026-05-06T10:19:00,agent_24,75,footwear,1154.64,attr_5,footwear,1108.24,attr_5,user_222,735.56,footwear,233,1,0.01,1,1,1,0.007,0,0
txn_000491,7622.03,fashion,prepaid,50008,2026-04-30T23:52:00,agent_31,76,fashion,7796.27,attr_4,fashion,7622.03,attr_4,user_28,1610.94,fashion,1421,1,0.86,1,1,1,0.602,1,0
txn_000492,1834.27,footwear,COD,50007,2026-03-23T15:40:00,agent_19,86,footwear,2241.85,attr_4,footwear,1834.27,attr_4,user_482,3576.27,home,424,1,0.78,1,1,1,0.234,0,0
txn_000493,612.44,footwear,prepaid,500015,2026-05-14T15:03:00,agent_25,16,flights,516.94,attr_3,footwear,612.44,attr_3,user_432,4701.56,electronics,503,1,0.2,0,0,1,0.06,0,0
txn_000494,4377.62,flights,COD,50001,2026-04-10T08:06:00,agent_26,183,flights,2894.97,attr_3,flights,4377.62,attr_3,user_117,506.01,fashion,743,1,0.84,1,0,1,0.252,0,0
txn_000495,5845.34,home,prepaid,50006,2026-03-17T13:41:00,agent_56,84,home,6135.03,attr_3,home,5845.34,attr_3,user_314,5498.81,fashion,887,1,0.3,1,1,1,0.09,0,0
txn_000496,2861.39,fashion,COD,50009,2026-02-03T16:25:00,agent_26,10,fashion,3597.08,attr_5,fashion,2861.39,attr_5,user_259,1190.86,footwear,805,1,0.45,1,1,1,0.135,1,0
txn_000497,690.04,home,COD,500013,2026-01-10T00:59:00,agent_7,108,home,1076.81,attr_5,home,690.04,attr_5,user_133,3675.93,home,1229,0,0.17,1,1,1,0.119,1,0
txn_000498,950.83,home,COD,500020,2026-02-06T02:31:00,agent_57,104,home,1080.89,attr_5,home,950.83,attr_5,user_420,2986.66,flights,306,1,0.75,1,1,1,0.225,1,0
txn_000499,2182.05,electronics,prepaid,500013,2026-04-09T16:19:00,agent_56,29,electronics,2451.3,attr_5,electronics,2182.05,attr_5,user_442,4502.65,electronics,1407,1,0.33,1,1,1,0.231,0,0
txn_000500,4036.5,electronics,COD,500019,2026-03-18T22:03:00,agent_5,103,electronics,5738.86,attr_5,electronics,4036.5,attr_5,user_23,3848.32,electronics,978,0,0.8,1,1,1,0.56,1,0
txn_000501,1557.49,groceries,COD,500016,2026-03-21T17:47:00,agent_17,116,groceries,2444.69,attr_2,groceries,1557.49,attr_2,user_260,2359.08,groceries,879,1,0.21,1,1,1,0.147,0,0
txn_000502,2996.16,home,prepaid,50005,2026-05-14T23:35:00,agent_58,53,home,2110.55,attr_4,home,2996.16,attr_3,user_351,1826.51,home,593,1,0.23,1,0,0,0.161,0,0
txn_000503,5787.8,fashion,COD,50005,2026-02-25T10:18:00,agent_7,7,fashion,7200.3,attr_3,fashion,5787.8,attr_3,user_464,3940.28,fashion,813,1,0.25,1,1,1,0.175,1,0
txn_000504,4461.92,home,COD,50008,2026-01-29T03:40:00,agent_40,55,home,6512.56,attr_1,home,4461.92,attr_1,user_163,5175.3,home,1387,0,0.52,1,1,1,0.364,1,0
txn_000505,2722.52,footwear,COD,50004,2026-02-02T22:20:00,agent_5,279,footwear,2751.88,attr_5,footwear,2722.52,attr_5,user_32,2538.42,footwear,509,1,0.96,1,1,1,0.672,0,0
txn_000506,4383.1,fashion,prepaid,500018,2026-02-02T01:32:00,agent_19,170,fashion,6589.75,attr_5,fashion,4383.1,attr_5,user_271,4809.89,fashion,1382,1,0.14,1,1,1,0.098,0,0
txn_000507,1323.82,electronics,prepaid,500013,2026-01-24T07:05:00,agent_29,209,electronics,1326.69,attr_5,electronics,1323.82,attr_5,user_78,5589.66,electronics,1005,1,0.06,1,1,1,0.042,0,0
txn_000508,4712.66,fashion,COD,50002,2026-04-25T22:21:00,agent_25,18,fashion,3459.93,attr_1,fashion,4712.66,attr_1,user_469,4517.9,footwear,1034,1,0.77,1,0,1,0.231,1,0
txn_000509,2512.87,home,prepaid,500014,2026-03-07T15:00:00,agent_4,36,home,1959.56,attr_4,home,2512.87,attr_4,user_297,2421.18,home,243,0,0.73,1,0,1,0.511,0,0
txn_000510,1060.59,groceries,COD,50008,2026-04-04T13:29:00,agent_24,37,groceries,1757.56,attr_1,groceries,1060.59,attr_1,user_23,5532.16,groceries,382,1,0.95,1,1,1,0.665,0,0
txn_000511,2580.38,electronics,COD,500019,2026-02-13T21:52:00,agent_20,40,electronics,3448.35,attr_1,electronics,2580.38,attr_1,user_16,1705.46,electronics,1130,1,0.69,1,1,1,0.483,0,0
txn_000512,6997.21,electronics,COD,50007,2026-04-08T03:13:00,agent_52,92,electronics,7390.58,attr_1,electronics,6997.21,attr_1,user_7,2182.06,electronics,64,1,0.06,1,1,1,0.042,1,0
txn_000513,7701.51,flights,COD,500014,2026-02-19T06:38:00,agent_33,101,flights,5298.83,attr_5,flights,7701.51,attr_5,user_416,941.54,flights,326,1,0.83,1,0,1,0.581,0,0
txn_000514,586.03,electronics,prepaid,500011,2026-01-23T07:36:00,agent_48,85,electronics,673.7,attr_1,electronics,586.03,attr_1,user_86,5471.56,footwear,1213,1,0.53,1,1,1,0.159,0,0
txn_000515,3174.75,fashion,COD,500019,2026-03-22T01:29:00,agent_14,180,fashion,4652.43,attr_5,fashion,3174.75,attr_5,user_361,1157.97,home,508,1,0.42,1,1,1,0.126,0,0
txn_000516,3260.8,electronics,COD,500017,2026-03-02T09:50:00,agent_34,185,electronics,4225.19,attr_1,electronics,3260.8,attr_1,user_182,1095.77,electronics,266,1,0.97,1,1,1,0.679,0,0
txn_000517,4480.47,groceries,COD,50002,2026-04-09T23:15:00,agent_47,83,groceries,4604.96,attr_4,groceries,4480.47,attr_4,user_432,4662.14,home,760,1,0.59,1,1,1,0.177,0,0
txn_000518,6354.29,home,prepaid,500014,2026-03-18T14:14:00,agent_39,521,home,5277.32,attr_4,home,6354.29,attr_3,user_263,2119.09,home,1243,0,0.86,1,0,0,0.602,0,0
txn_000519,545.26,fashion,prepaid,500012,2026-02-12T17:58:00,agent_39,46,fashion,559.23,attr_2,fashion,545.26,attr_2,user_5,638.34,groceries,1146,1,0.42,1,1,1,0.126,0,0
txn_000520,4105.18,flights,prepaid,500010,2026-03-18T14:06:00,agent_3,0,electronics,3754.45,attr_3,flights,4105.18,attr_1,user_459,4240.26,electronics,1190,0,0.09,0,0,0,0.027,0,0
txn_000521,4139.16,groceries,prepaid,500014,2026-02-09T07:23:00,agent_30,159,groceries,5399.34,attr_3,groceries,4139.16,attr_3,user_194,2643.47,groceries,788,1,0.45,1,1,1,0.315,1,0
txn_000522,6427.53,electronics,COD,500011,2026-04-22T00:06:00,agent_7,47,electronics,6580.29,attr_4,electronics,6427.53,attr_4,user_354,605.69,electronics,1242,1,0.77,1,1,1,0.539,1,0
txn_000523,8152.38,groceries,prepaid,50005,2026-03-21T01:42:00,agent_36,159,groceries,7157.08,attr_5,groceries,8152.38,attr_4,user_120,3397.11,groceries,1372,1,0.01,1,0,0,0.007,0,1
txn_000524,2868.44,electronics,prepaid,500019,2026-05-15T09:27:00,agent_30,68,electronics,4466.11,attr_4,electronics,2868.44,attr_4,user_246,5780.13,electronics,847,0,0.16,1,1,1,0.112,0,0
txn_000525,5115.71,groceries,prepaid,50008,2026-01-16T11:16:00,agent_15,103,groceries,5711.45,attr_1,groceries,5115.71,attr_1,user_474,4618.46,groceries,966,1,0.2,1,1,1,0.14,1,0
txn_000526,480.73,fashion,COD,50003,2026-04-21T23:52:00,agent_19,27,fashion,555.98,attr_2,fashion,480.73,attr_2,user_286,5857.98,fashion,761,1,0.55,1,1,1,0.385,0,0
txn_000527,4503.68,fashion,COD,50005,2026-04-07T10:21:00,agent_18,97,fashion,6027.66,attr_4,fashion,4503.68,attr_4,user_99,2149.82,home,373,1,0.25,1,1,1,0.075,0,0
txn_000528,4373.01,fashion,prepaid,50008,2026-01-20T11:11:00,agent_1,68,fashion,3501.55,attr_4,fashion,4373.01,attr_2,user_119,5729.47,fashion,43,1,0.62,1,0,0,0.434,0,0
txn_000529,636.98,groceries,prepaid,500012,2026-01-08T00:38:00,agent_12,71,groceries,826.43,attr_3,groceries,636.98,attr_3,user_150,5293.32,groceries,124,1,0.66,1,1,1,0.462,0,0
txn_000530,3031.81,groceries,prepaid,500020,2026-04-11T21:57:00,agent_6,71,groceries,2167.72,attr_1,groceries,3031.81,attr_4,user_468,1931.6,groceries,240,1,0.64,1,0,0,0.448,0,1
txn_000531,1850.28,electronics,COD,500013,2026-03-08T11:49:00,agent_39,48,electronics,3073.11,attr_5,electronics,1850.28,attr_5,user_130,2162.86,footwear,622,1,0.51,1,1,1,0.153,0,0
txn_000532,3700.45,fashion,COD,50008,2026-01-17T14:54:00,agent_59,7,fashion,2634.38,attr_3,fashion,3700.45,attr_3,user_108,815.7,fashion,488,1,0.68,1,0,1,0.476,0,0
txn_000533,6153.38,groceries,COD,50007,2026-02-18T13:19:00,agent_36,215,groceries,4728.7,attr_2,groceries,6153.38,attr_2,user_303,2841.09,groceries,425,0,0.92,1,0,1,0.644,0,1
txn_000534,9353.25,home,COD,500010,2026-04-25T14:42:00,agent_47,115,home,6321.47,attr_1,home,9353.25,attr_1,user_253,4315.47,home,916,1,0.87,1,0,1,0.609,1,0
txn_000535,4408.17,flights,COD,50007,2026-03-08T09:06:00,agent_29,3,flights,6444.67,attr_3,flights,4408.17,attr_3,user_70,1323.47,flights,256,1,0.28,1,1,1,0.196,1,0
txn_000536,3379.16,groceries,COD,500012,2026-04-12T02:30:00,agent_3,3,groceries,3126.34,attr_1,groceries,3379.16,attr_5,user_147,4453.41,groceries,1182,1,0.0,1,0,0,0.0,0,0
txn_000537,2891.55,fashion,prepaid,500014,2026-02-16T13:12:00,agent_3,252,fashion,3194.11,attr_3,fashion,2891.55,attr_3,user_392,1192.25,fashion,342,1,0.38,1,1,1,0.266,0,0
txn_000538,1579.2,fashion,COD,500013,2026-04-26T03:30:00,agent_43,200,fashion,1776.22,attr_4,fashion,1579.2,attr_4,user_163,3620.36,fashion,1044,1,0.78,1,1,1,0.546,0,0
txn_000539,2647.01,footwear,COD,500018,2026-03-20T11:33:00,agent_37,2,footwear,3444.01,attr_2,footwear,2647.01,attr_2,user_40,1561.68,footwear,161,1,0.67,1,1,1,0.469,0,0
txn_000540,4072.18,home,prepaid,50003,2026-04-11T22:07:00,agent_40,219,home,6143.52,attr_1,home,4072.18,attr_1,user_69,1487.9,home,1199,1,0.24,1,1,1,0.168,0,0
txn_000541,5579.34,electronics,prepaid,50005,2026-02-26T18:49:00,agent_20,30,electronics,6641.25,attr_4,electronics,5579.34,attr_4,user_81,5369.54,electronics,1119,1,0.59,1,1,1,0.413,1,0
txn_000542,6344.65,electronics,COD,500020,2026-05-14T16:37:00,agent_35,25,electronics,6364.47,attr_2,electronics,6344.65,attr_2,user_474,3524.1,electronics,1184,0,0.88,1,1,1,0.616,1,0
txn_000543,5614.2,groceries,prepaid,50007,2026-05-12T23:47:00,agent_53,418,groceries,6318.49,attr_4,groceries,5614.2,attr_4,user_9,2613.05,groceries,963,1,0.88,1,1,1,0.616,0,0
txn_000544,3874.77,footwear,COD,500014,2026-03-24T03:35:00,agent_46,59,footwear,3425.82,attr_3,footwear,3874.77,attr_2,user_384,948.85,footwear,1099,1,0.69,1,0,0,0.483,0,0
txn_000545,1769.56,fashion,COD,50004,2026-01-10T09:10:00,agent_30,27,fashion,1515.48,attr_5,fashion,1769.56,attr_5,user_237,3786.13,fashion,284,1,0.96,1,0,1,0.672,0,0
txn_000546,4698.56,groceries,COD,50002,2026-03-10T03:56:00,agent_33,7,groceries,5362.64,attr_4,groceries,4698.56,attr_4,user_73,5311.15,groceries,1163,1,0.3,1,1,1,0.21,1,0
txn_000547,3748.88,fashion,prepaid,50006,2026-02-24T15:59:00,agent_31,6,fashion,4247.76,attr_5,fashion,3748.88,attr_5,user_60,1341.29,fashion,901,1,0.04,1,1,1,0.028,0,0
txn_000548,1677.58,flights,COD,50005,2026-02-02T14:05:00,agent_51,8,flights,1812.8,attr_1,flights,1677.58,attr_1,user_184,5458.09,electronics,523,0,0.24,1,1,1,0.072,1,0
txn_000549,2251.32,electronics,prepaid,500011,2026-03-07T05:59:00,agent_16,78,electronics,3734.78,attr_5,electronics,2251.32,attr_5,user_126,3444.41,electronics,1302,1,0.41,1,1,1,0.287,0,0
txn_000550,6554.24,fashion,COD,500015,2026-01-10T13:50:00,agent_9,103,fashion,5078.86,attr_5,fashion,6554.24,attr_4,user_132,2046.89,fashion,1442,1,0.96,1,0,0,0.672,1,0
txn_000551,4679.87,fashion,prepaid,500018,2026-04-01T08:29:00,agent_34,7,fashion,5924.66,attr_4,fashion,4679.87,attr_4,user_2,2967.46,fashion,449,1,0.33,1,1,1,0.231,0,0
txn_000552,5486.78,flights,COD,500013,2026-01-08T20:27:00,agent_33,63,flights,5797.62,attr_3,flights,5486.78,attr_3,user_65,2527.6,flights,763,1,0.91,1,1,1,0.637,0,0
txn_000553,3696.12,electronics,COD,500016,2026-02-23T16:35:00,agent_10,1075,electronics,5188.33,attr_1,electronics,3696.12,attr_1,user_441,3428.71,electronics,961,1,0.6,1,1,1,0.42,0,1
txn_000554,3957.69,home,COD,50004,2026-03-18T02:01:00,agent_56,116,home,3711.46,attr_5,home,3957.69,attr_5,user_431,5098.66,home,1459,1,0.87,1,0,1,0.609,0,0
txn_000555,5174.01,fashion,COD,500014,2026-03-09T10:20:00,agent_50,94,fashion,7172.98,attr_1,fashion,5174.01,attr_1,user_413,2145.77,footwear,979,1,0.71,1,1,1,0.213,0,0
txn_000556,482.4,fashion,prepaid,50005,2026-02-20T01:36:00,agent_18,250,fashion,674.17,attr_3,fashion,482.4,attr_3,user_23,935.23,fashion,1377,1,0.89,1,1,1,0.623,0,0
txn_000557,7864.58,home,COD,50003,2026-03-30T09:48:00,agent_13,62,home,5055.0,attr_1,home,7864.58,attr_2,user_497,860.4,home,618,0,0.39,1,0,0,0.273,0,0
txn_000558,5449.04,electronics,prepaid,50001,2026-02-14T16:17:00,agent_29,113,electronics,7375.25,attr_3,electronics,5449.04,attr_3,user_339,4832.66,electronics,908,1,0.6,1,1,1,0.42,1,0
txn_000559,7060.51,flights,prepaid,50003,2026-04-24T21:14:00,agent_2,12,flights,6638.88,attr_4,flights,7060.51,attr_4,user_263,4284.81,flights,510,1,0.36,1,0,1,0.252,1,0
txn_000560,1078.61,fashion,prepaid,50009,2026-04-10T12:48:00,agent_14,84,fashion,1486.35,attr_5,fashion,1078.61,attr_5,user_287,1723.87,fashion,697,1,0.56,1,1,1,0.392,0,0
txn_000561,4359.21,fashion,COD,500019,2026-04-29T05:24:00,agent_22,20,fashion,6583.81,attr_4,fashion,4359.21,attr_4,user_300,2598.42,footwear,751,1,0.43,1,1,1,0.129,0,0
txn_000562,8901.36,flights,prepaid,50005,2026-03-28T20:10:00,agent_2,190,flights,6949.3,attr_5,flights,8901.36,attr_1,user_375,5771.63,flights,919,1,0.65,1,0,0,0.455,0,0
txn_000563,1424.76,electronics,COD,500019,2026-03-14T12:21:00,agent_12,351,electronics,2208.46,attr_1,electronics,1424.76,attr_1,user_486,4217.11,electronics,1079,1,0.45,1,1,1,0.315,0,0
txn_000564,991.57,fashion,prepaid,500010,2026-01-23T13:46:00,agent_14,30,fashion,1306.57,attr_2,fashion,991.57,attr_2,user_361,2741.35,fashion,1300,1,0.58,1,1,1,0.406,0,0
txn_000565,1088.73,electronics,prepaid,50006,2026-05-17T15:24:00,agent_29,6,electronics,1701.33,attr_1,electronics,1088.73,attr_1,user_114,5464.34,footwear,748,1,0.04,1,1,1,0.012,1,0
txn_000566,4053.88,fashion,prepaid,50003,2026-02-10T18:41:00,agent_44,143,fashion,6156.66,attr_5,fashion,4053.88,attr_5,user_250,4125.0,fashion,445,1,0.26,1,1,1,0.182,0,0
txn_000567,2363.87,groceries,prepaid,50004,2026-01-01T21:12:00,agent_2,97,groceries,3142.09,attr_1,groceries,2363.87,attr_1,user_398,5137.9,groceries,630,1,0.75,1,1,1,0.525,0,0
txn_000568,1714.52,fashion,prepaid,500018,2026-02-24T05:02:00,agent_55,109,fashion,1716.38,attr_5,fashion,1714.52,attr_5,user_33,5877.4,fashion,507,1,0.05,1,1,1,0.035,0,0
txn_000569,3501.42,flights,prepaid,500016,2026-04-26T02:03:00,agent_28,11,flights,2788.42,attr_2,flights,3501.42,attr_3,user_115,4258.04,groceries,1441,1,0.49,1,0,0,0.147,0,0
txn_000570,4316.84,electronics,prepaid,50001,2026-01-21T22:38:00,agent_11,116,electronics,6690.48,attr_2,electronics,4316.84,attr_2,user_357,1651.32,electronics,1351,1,0.43,1,1,1,0.301,0,0
txn_000571,4356.92,electronics,prepaid,500010,2026-05-12T21:49:00,agent_14,165,electronics,7043.64,attr_2,electronics,4356.92,attr_2,user_495,4662.7,footwear,935,1,0.05,1,1,1,0.015,0,0
txn_000572,802.21,groceries,COD,500010,2026-02-24T11:41:00,agent_52,406,groceries,1267.35,attr_4,groceries,802.21,attr_4,user_382,3582.95,groceries,128,1,0.87,1,1,1,0.609,1,0
txn_000573,6225.96,footwear,prepaid,500015,2026-02-01T12:04:00,agent_40,42,footwear,6410.43,attr_5,footwear,6225.96,attr_5,user_280,2526.23,footwear,859,1,0.47,1,1,1,0.329,0,0
txn_000574,9890.46,footwear,prepaid,50006,2026-01-08T03:16:00,agent_31,5,footwear,7559.24,attr_3,footwear,9890.46,attr_3,user_437,2353.05,home,152,1,0.28,1,0,1,0.084,1,0
txn_000575,7694.87,flights,COD,50001,2026-02-25T12:06:00,agent_25,119,flights,5096.38,attr_4,flights,7694.87,attr_4,user_152,4111.74,groceries,826,1,0.31,1,0,1,0.093,0,0
txn_000576,2701.76,home,COD,500020,2026-03-04T01:54:00,agent_41,450,home,4302.49,attr_4,home,2701.76,attr_4,user_14,2408.61,electronics,472,0,0.65,1,1,1,0.195,1,0
txn_000577,4782.82,flights,prepaid,500012,2026-01-25T06:15:00,agent_46,48,flights,5766.18,attr_3,flights,4782.82,attr_3,user_73,4991.28,footwear,1333,1,0.7,1,1,1,0.21,0,0
txn_000578,5842.24,groceries,COD,50003,2026-04-13T23:11:00,agent_33,69,groceries,4184.31,attr_1,groceries,5842.24,attr_2,user_102,5603.91,groceries,776,1,0.82,1,0,0,0.574,1,0
txn_000579,4385.63,fashion,prepaid,50007,2026-04-08T11:45:00,agent_53,87,fashion,5509.64,attr_3,fashion,4385.63,attr_3,user_323,4156.17,fashion,792,1,0.71,1,1,1,0.497,1,0
txn_000580,10512.64,flights,COD,50007,2026-01-20T04:21:00,agent_51,100,flights,7714.36,attr_3,flights,10512.64,attr_3,user_122,3585.77,flights,1107,1,0.98,1,0,1,0.686,0,0
txn_000581,1651.45,groceries,prepaid,50005,2026-05-12T17:04:00,agent_31,258,groceries,2046.15,attr_4,groceries,1651.45,attr_4,user_353,3721.9,groceries,1160,1,0.28,1,1,1,0.196,0,0
txn_000582,3715.78,groceries,prepaid,50006,2026-01-29T09:54:00,agent_32,26,groceries,4570.17,attr_4,groceries,3715.78,attr_4,user_19,1860.65,groceries,1413,1,0.8,1,1,1,0.56,1,0
txn_000583,567.01,electronics,prepaid,500016,2026-01-14T11:21:00,agent_10,241,electronics,689.39,attr_3,electronics,567.01,attr_3,user_10,2005.5,electronics,1463,1,0.2,1,1,1,0.14,0,0
txn_000584,4141.32,fashion,COD,50002,2026-03-12T23:21:00,agent_8,256,fashion,4604.35,attr_5,fashion,4141.32,attr_5,user_478,2268.23,fashion,1449,1,1.0,1,1,1,0.7,0,0
txn_000585,9991.17,fashion,COD,500019,2026-03-22T11:09:00,agent_51,53,fashion,7136.09,attr_3,fashion,9991.17,attr_3,user_313,951.65,fashion,124,1,0.98,1,0,1,0.686,1,0
txn_000586,780.94,groceries,COD,500012,2026-05-08T06:25:00,agent_35,475,groceries,1049.32,attr_1,groceries,780.94,attr_1,user_422,2899.43,groceries,1213,1,0.93,1,1,1,0.651,0,0
txn_000587,4730.71,flights,COD,500018,2026-02-19T06:51:00,agent_28,6,flights,4803.13,attr_1,flights,4730.71,attr_1,user_428,3299.29,flights,1225,1,0.54,1,1,1,0.378,0,0
txn_000588,6395.5,electronics,prepaid,50005,2026-01-16T23:29:00,agent_57,39,electronics,7895.38,attr_5,electronics,6395.5,attr_5,user_83,2932.18,electronics,900,1,0.67,1,1,1,0.469,0,0
txn_000589,4545.23,flights,COD,50001,2026-03-29T19:42:00,agent_15,2,flights,3225.23,attr_1,flights,4545.23,attr_3,user_331,4017.7,flights,1015,1,0.14,1,0,0,0.098,0,1
txn_000590,557.52,footwear,COD,50001,2026-04-25T13:07:00,agent_59,129,footwear,891.44,attr_4,footwear,557.52,attr_4,user_405,3552.96,footwear,1026,1,0.07,1,1,1,0.049,1,0
txn_000591,4237.11,groceries,COD,500018,2026-03-17T03:08:00,agent_9,40,groceries,6300.11,attr_5,groceries,4237.11,attr_5,user_91,4484.15,groceries,1370,1,0.49,1,1,1,0.343,0,0
txn_000592,1642.37,flights,prepaid,500016,2026-01-08T04:31:00,agent_9,55,flights,1870.65,attr_1,flights,1642.37,attr_1,user_219,5690.82,flights,796,0,0.37,1,1,1,0.259,0,0
txn_000593,9328.1,footwear,COD,50001,2026-02-14T16:17:00,agent_47,159,footwear,5933.54,attr_1,footwear,9328.1,attr_5,user_166,4528.75,electronics,1117,1,0.7,1,0,0,0.21,0,1
txn_000594,3917.72,flights,prepaid,50007,2026-03-05T13:37:00,agent_9,196,flights,5078.33,attr_1,flights,3917.72,attr_1,user_24,2124.66,electronics,1343,1,0.86,1,1,1,0.258,0,0
txn_000595,6260.01,home,COD,500018,2026-04-26T22:29:00,agent_32,702,home,6926.28,attr_5,home,6260.01,attr_5,user_38,5008.72,home,81,0,0.4,1,1,1,0.28,1,0
txn_000596,1973.76,home,prepaid,500015,2026-01-04T20:36:00,agent_58,227,home,2591.6,attr_2,home,1973.76,attr_2,user_467,5603.43,home,609,1,0.59,1,1,1,0.413,0,0
txn_000597,4316.82,home,COD,500019,2026-02-23T03:58:00,agent_51,0,home,6926.69,attr_2,home,4316.82,attr_2,user_233,5247.64,home,236,1,0.19,1,1,1,0.133,1,0
txn_000598,903.13,electronics,COD,50009,2026-02-26T03:26:00,agent_7,125,electronics,986.06,attr_4,electronics,903.13,attr_4,user_35,5878.42,electronics,467,1,0.76,1,1,1,0.532,0,0
txn_000599,2092.88,home,COD,50009,2026-02-04T19:40:00,agent_1,147,home,2484.62,attr_4,home,2092.88,attr_4,user_177,974.28,footwear,1097,0,0.48,1,1,1,0.144,0,0
txn_000600,6867.25,flights,COD,500015,2026-03-22T00:39:00,agent_59,116,flights,7950.0,attr_5,flights,6867.25,attr_5,user_322,1469.22,flights,888,1,0.18,1,1,1,0.126,0,0
txn_000601,5587.87,fashion,prepaid,500017,2026-01-11T14:58:00,agent_44,157,fashion,7206.74,attr_3,fashion,5587.87,attr_3,user_123,1232.85,home,1338,1,0.02,1,1,1,0.006,0,0
txn_000602,2414.57,flights,COD,500018,2026-04-19T00:14:00,agent_27,49,flights,2689.58,attr_5,flights,2414.57,attr_5,user_94,3420.53,flights,981,1,0.09,1,1,1,0.063,0,0
txn_000603,4532.28,footwear,prepaid,50009,2026-05-06T09:48:00,agent_37,110,footwear,6608.95,attr_1,footwear,4532.28,attr_1,user_119,1495.7,footwear,994,1,0.52,1,1,1,0.364,0,0
txn_000604,1695.5,home,COD,50003,2026-05-01T15:00:00,agent_36,7,home,1936.9,attr_2,home,1695.5,attr_2,user_251,597.07,home,96,1,0.05,1,1,1,0.035,0,0
txn_000605,3595.56,fashion,COD,50005,2026-03-04T07:49:00,agent_49,156,fashion,2831.7,attr_1,fashion,3595.56,attr_4,user_91,2598.57,fashion,92,0,0.17,1,0,0,0.119,0,0
txn_000606,5122.43,groceries,prepaid,500010,2026-01-30T11:06:00,agent_54,517,groceries,3913.01,attr_1,groceries,5122.43,attr_2,user_93,3333.42,electronics,1067,1,0.85,1,0,0,0.255,0,0
txn_000607,7452.61,home,COD,500013,2026-03-11T11:45:00,agent_7,64,home,6761.09,attr_3,home,7452.61,attr_2,user_77,2581.6,home,388,1,0.36,1,0,0,0.252,0,0
txn_000608,806.76,flights,COD,500011,2026-01-29T02:43:00,agent_21,254,flights,935.21,attr_5,flights,806.76,attr_5,user_179,503.14,groceries,257,0,0.04,1,1,1,0.012,1,0
txn_000609,2865.72,footwear,prepaid,500017,2026-05-08T02:26:00,agent_15,62,footwear,3150.86,attr_5,footwear,2865.72,attr_5,user_78,1174.54,footwear,525,1,0.87,1,1,1,0.609,1,0
txn_000610,6602.71,flights,COD,500016,2026-04-20T09:38:00,agent_36,82,flights,4579.18,attr_3,flights,6602.71,attr_4,user_253,5038.34,flights,1197,1,0.92,1,0,0,0.644,0,0
txn_000611,9642.69,groceries,COD,500017,2026-01-14T07:02:00,agent_10,196,electronics,7175.99,attr_5,groceries,9642.69,attr_2,user_485,1889.82,electronics,465,1,0.41,0,0,0,0.123,1,0
txn_000612,6350.75,fashion,COD,500014,2026-04-20T05:12:00,agent_19,54,fashion,4314.07,attr_4,fashion,6350.75,attr_1,user_286,4244.14,fashion,315,1,0.29,1,0,0,0.203,0,1
txn_000613,1824.82,groceries,COD,50007,2026-03-03T23:50:00,agent_38,299,groceries,2308.04,attr_1,groceries,1824.82,attr_1,user_60,3518.77,groceries,1491,1,0.49,1,1,1,0.343,0,0
txn_000614,6956.08,groceries,COD,50005,2026-05-17T17:24:00,agent_35,16,groceries,7823.66,attr_3,groceries,6956.08,attr_3,user_169,585.21,groceries,566,1,0.18,1,1,1,0.126,1,0
txn_000615,6691.74,flights,COD,500013,2026-02-17T03:40:00,agent_7,91,flights,6803.42,attr_1,flights,6691.74,attr_1,user_279,1192.25,flights,27,0,0.6,1,1,1,0.42,0,0
txn_000616,1376.88,groceries,COD,50008,2026-01-06T02:11:00,agent_42,118,groceries,1550.03,attr_2,groceries,1376.88,attr_2,user_152,2457.71,groceries,470,1,0.37,1,1,1,0.259,0,0
txn_000617,2760.64,groceries,COD,50004,2026-02-09T13:10:00,agent_19,87,groceries,1858.04,attr_3,groceries,2760.64,attr_3,user_410,4488.13,groceries,75,1,0.94,1,0,1,0.658,0,0
txn_000618,11670.43,flights,COD,50002,2026-03-16T11:35:00,agent_37,13,electronics,7442.69,attr_5,flights,11670.43,attr_5,user_481,1390.62,electronics,869,1,0.73,0,0,1,0.219,1,0
txn_000619,4276.2,footwear,prepaid,50005,2026-01-02T22:05:00,agent_53,485,footwear,2991.05,attr_3,footwear,4276.2,attr_3,user_194,3092.05,footwear,648,0,0.71,1,0,1,0.497,0,0
txn_000620,5529.25,fashion,prepaid,500015,2026-01-24T11:59:00,agent_41,161,fashion,4130.56,attr_5,fashion,5529.25,attr_5,user_373,886.82,fashion,1387,1,0.96,1,0,1,0.672,0,0
txn_000621,5453.92,electronics,COD,500012,2026-03-11T00:30:00,agent_31,150,electronics,5853.17,attr_2,electronics,5453.92,attr_2,user_329,1740.07,electronics,1436,1,0.81,1,1,1,0.567,1,0
txn_000622,6372.78,fashion,COD,500016,2026-04-01T12:26:00,agent_6,92,fashion,7015.29,attr_1,fashion,6372.78,attr_1,user_142,4132.29,fashion,1455,1,0.23,1,1,1,0.161,0,0
txn_000623,2611.45,fashion,prepaid,50007,2026-01-11T06:22:00,agent_23,162,fashion,3196.18,attr_2,fashion,2611.45,attr_2,user_261,2137.32,fashion,1292,1,0.44,1,1,1,0.308,0,0
txn_000624,2593.54,electronics,COD,50007,2026-04-13T03:41:00,agent_8,19,electronics,2765.22,attr_1,electronics,2593.54,attr_1,user_219,560.59,fashion,580,1,0.11,1,1,1,0.033,0,0
txn_000625,9512.36,fashion,COD,500014,2026-01-07T02:56:00,agent_10,2,fashion,6690.45,attr_2,fashion,9512.36,attr_2,user_170,2268.57,fashion,782,0,0.01,1,0,1,0.007,1,0
txn_000626,9955.29,electronics,COD,50008,2026-03-11T23:04:00,agent_53,39,groceries,6429.33,attr_3,electronics,9955.29,attr_5,user_479,4594.66,groceries,845,1,0.54,0,0,0,0.162,1,0
txn_000627,6071.52,electronics,COD,500017,2026-02-18T08:43:00,agent_16,3,electronics,5650.36,attr_5,electronics,6071.52,attr_5,user_173,988.95,groceries,994,1,0.61,1,0,1,0.183,1,0
txn_000628,2573.32,electronics,prepaid,500011,2026-02-28T12:09:00,agent_30,49,electronics,2786.11,attr_2,electronics,2573.32,attr_2,user_244,3093.12,electronics,1382,1,0.68,1,1,1,0.476,0,0
txn_000629,1684.11,flights,prepaid,500015,2026-01-09T06:08:00,agent_16,303,flights,2041.69,attr_5,flights,1684.11,attr_5,user_23,2471.73,flights,631,1,0.57,1,1,1,0.399,0,1
txn_000630,5254.14,fashion,prepaid,50009,2026-04-19T12:49:00,agent_44,162,fashion,5805.37,attr_5,fashion,5254.14,attr_5,user_341,4567.74,home,120,1,0.36,1,1,1,0.108,0,0
txn_000631,2171.31,electronics,COD,500013,2026-05-10T06:09:00,agent_3,104,electronics,3508.07,attr_5,electronics,2171.31,attr_5,user_395,2147.31,electronics,360,1,0.31,1,1,1,0.217,0,1
txn_000632,3563.37,footwear,prepaid,500020,2026-02-11T18:51:00,agent_19,72,footwear,5686.88,attr_1,footwear,3563.37,attr_1,user_395,5385.16,footwear,570,0,0.84,1,1,1,0.588,1,0
txn_000633,1712.62,groceries,COD,50003,2026-05-17T15:27:00,agent_36,182,groceries,2174.33,attr_3,groceries,1712.62,attr_3,user_319,4330.85,home,537,1,0.13,1,1,1,0.039,1,0
txn_000634,1873.45,fashion,COD,50005,2026-04-03T11:05:00,agent_53,106,fashion,1996.44,attr_5,fashion,1873.45,attr_5,user_233,1518.25,electronics,753,1,0.31,1,1,1,0.093,0,0
txn_000635,1517.51,fashion,prepaid,500018,2026-01-04T16:33:00,agent_26,308,fashion,2337.49,attr_3,fashion,1517.51,attr_3,user_244,3651.38,fashion,828,1,0.61,1,1,1,0.427,0,0
txn_000636,8030.93,flights,prepaid,500012,2026-01-27T19:48:00,agent_28,106,flights,6864.43,attr_2,flights,8030.93,attr_2,user_186,3299.03,groceries,631,1,0.53,1,0,1,0.159,1,0
txn_000637,4241.51,electronics,COD,500018,2026-05-13T06:07:00,agent_3,133,electronics,4667.1,attr_4,electronics,4241.51,attr_4,user_196,1538.05,footwear,910,0,0.31,1,1,1,0.093,0,1
txn_000638,2537.47,home,COD,500017,2026-04-09T12:48:00,agent_49,70,home,3195.33,attr_2,home,2537.47,attr_2,user_217,1952.07,home,844,1,0.47,1,1,1,0.329,0,0
txn_000639,1277.33,fashion,COD,500011,2026-02-05T10:09:00,agent_56,262,fashion,1078.39,attr_3,fashion,1277.33,attr_3,user_261,1704.25,groceries,752,0,0.24,1,0,1,0.072,0,0
txn_000640,1037.3,flights,prepaid,50001,2026-03-03T04:35:00,agent_12,73,flights,663.47,attr_5,flights,1037.3,attr_5,user_28,4698.85,flights,956,1,0.14,1,0,1,0.098,0,0
txn_000641,6403.5,groceries,prepaid,50008,2026-01-04T04:53:00,agent_10,320,groceries,7455.68,attr_5,groceries,6403.5,attr_5,user_82,3282.77,groceries,322,1,0.78,1,1,1,0.546,0,0
txn_000642,2848.0,footwear,COD,500014,2026-01-16T11:30:00,agent_36,257,footwear,4036.14,attr_3,footwear,2848.0,attr_3,user_392,959.6,footwear,1090,1,0.19,1,1,1,0.133,0,0
txn_000643,3994.14,groceries,prepaid,50009,2026-02-22T22:07:00,agent_17,0,groceries,5198.0,attr_4,groceries,3994.14,attr_4,user_2,3219.04,groceries,1494,1,0.91,1,1,1,0.637,1,0
txn_000644,4657.5,home,COD,50007,2026-04-19T08:48:00,agent_51,6,home,6858.82,attr_4,home,4657.5,attr_4,user_264,960.93,home,419,1,0.9,1,1,1,0.63,1,0
txn_000645,9283.84,groceries,COD,50004,2026-04-26T23:10:00,agent_17,265,groceries,7799.19,attr_4,groceries,9283.84,attr_4,user_199,589.07,flights,383,1,0.38,1,0,1,0.114,0,0
txn_000646,1288.15,home,COD,50002,2026-05-18T23:37:00,agent_53,141,home,1977.34,attr_5,home,1288.15,attr_5,user_120,5857.82,home,1195,1,0.26,1,1,1,0.182,1,0
txn_000647,4503.55,flights,COD,500020,2026-03-27T15:10:00,agent_51,28,flights,7253.33,attr_2,flights,4503.55,attr_2,user_387,5278.45,flights,1047,1,0.77,1,1,1,0.539,1,0
txn_000648,887.45,flights,prepaid,500016,2026-01-03T15:51:00,agent_57,27,flights,629.66,attr_3,flights,887.45,attr_3,user_365,3521.57,fashion,252,1,0.92,1,0,1,0.276,0,0
txn_000649,3575.07,groceries,COD,50007,2026-04-18T17:08:00,agent_5,154,groceries,5393.66,attr_5,groceries,3575.07,attr_5,user_259,1102.01,groceries,1046,1,0.34,1,1,1,0.238,0,0
txn_000650,1650.82,groceries,prepaid,500020,2026-01-05T08:28:00,agent_10,42,groceries,1702.06,attr_5,groceries,1650.82,attr_5,user_384,1837.27,fashion,884,1,0.56,1,1,1,0.168,0,0
txn_000651,4376.93,flights,COD,500019,2026-05-10T18:45:00,agent_50,10,flights,6535.01,attr_1,flights,4376.93,attr_1,user_231,2349.42,flights,1216,1,0.63,1,1,1,0.441,0,0
txn_000652,5332.28,flights,COD,500011,2026-04-05T23:39:00,agent_25,64,flights,6634.75,attr_3,flights,5332.28,attr_3,user_72,4226.25,groceries,399,1,0.78,1,1,1,0.234,0,0
txn_000653,1060.97,flights,COD,50003,2026-04-20T22:34:00,agent_44,96,flights,974.3,attr_5,flights,1060.97,attr_2,user_415,4943.55,flights,648,1,0.46,1,0,0,0.322,0,0
txn_000654,5723.54,groceries,COD,500014,2026-04-05T01:56:00,agent_28,520,groceries,7618.18,attr_1,groceries,5723.54,attr_1,user_479,4723.29,groceries,299,1,0.14,1,1,1,0.098,1,0
txn_000655,4866.42,footwear,COD,500016,2026-03-30T02:44:00,agent_35,153,footwear,7307.48,attr_3,footwear,4866.42,attr_3,user_22,3231.51,footwear,363,1,0.86,1,1,1,0.602,0,0
txn_000656,3357.15,flights,prepaid,50009,2026-02-06T20:28:00,agent_1,248,flights,4608.37,attr_1,flights,3357.15,attr_1,user_116,2201.64,flights,1251,1,0.98,1,1,1,0.686,0,0
txn_000657,2517.54,flights,COD,500015,2026-03-28T13:04:00,agent_32,122,flights,1577.63,attr_4,flights,2517.54,attr_2,user_148,1974.55,flights,1141,1,0.48,1,0,0,0.336,1,0
txn_000658,1258.18,home,COD,50001,2026-04-26T10:10:00,agent_31,35,home,1969.49,attr_4,home,1258.18,attr_4,user_407,2110.58,fashion,1423,1,0.49,1,1,1,0.147,0,0
txn_000659,7454.7,home,prepaid,500017,2026-04-28T15:42:00,agent_1,53,home,6709.09,attr_4,home,7454.7,attr_4,user_382,3142.67,home,1313,1,0.07,1,0,1,0.049,0,0
txn_000660,1485.88,fashion,COD,50009,2026-03-27T08:55:00,agent_34,116,fashion,1859.66,attr_1,fashion,1485.88,attr_1,user_347,5893.73,fashion,971,1,0.83,1,1,1,0.581,1,0
txn_000661,4199.39,electronics,prepaid,50003,2026-05-05T12:30:00,agent_29,1,electronics,4729.37,attr_3,electronics,4199.39,attr_3,user_260,1453.95,electronics,61,1,0.99,1,1,1,0.693,0,0
txn_000662,1488.17,flights,prepaid,50001,2026-03-13T17:38:00,agent_28,388,flights,2435.4,attr_3,flights,1488.17,attr_3,user_55,2487.01,flights,1084,1,0.94,1,1,1,0.658,0,0
txn_000663,2260.31,groceries,COD,50007,2026-01-26T17:37:00,agent_58,25,groceries,2846.74,attr_5,groceries,2260.31,attr_5,user_343,1958.61,groceries,276,1,0.47,1,1,1,0.329,0,0
txn_000664,2257.33,groceries,prepaid,50005,2026-05-03T23:59:00,agent_7,74,groceries,2705.88,attr_3,groceries,2257.33,attr_3,user_238,2862.68,electronics,1196,1,0.3,1,1,1,0.09,0,0
txn_000665,8086.23,groceries,COD,500015,2026-03-19T15:50:00,agent_31,69,groceries,5164.44,attr_3,groceries,8086.23,attr_5,user_393,1873.91,electronics,1304,1,0.14,1,0,0,0.042,0,1
txn_000666,1485.86,electronics,prepaid,50004,2026-04-08T14:12:00,agent_23,240,electronics,1263.49,attr_2,electronics,1485.86,attr_4,user_331,1872.49,electronics,101,1,0.58,1,0,0,0.406,0,0
txn_000667,2179.66,footwear,prepaid,500013,2026-03-02T04:44:00,agent_7,321,footwear,2487.51,attr_1,footwear,2179.66,attr_1,user_23,2452.76,home,282,1,0.28,1,1,1,0.084,0,0
txn_000668,2538.74,fashion,COD,500010,2026-01-30T18:48:00,agent_36,155,fashion,2972.34,attr_1,fashion,2538.74,attr_1,user_453,931.94,fashion,1070,1,0.72,1,1,1,0.504,0,0
txn_000669,3758.98,fashion,COD,500015,2026-02-24T07:24:00,agent_27,163,fashion,4298.25,attr_2,fashion,3758.98,attr_2,user_233,2812.81,fashion,1089,1,0.27,1,1,1,0.189,0,0
txn_000670,2992.93,fashion,COD,500017,2026-03-10T21:20:00,agent_34,137,fashion,2507.08,attr_2,fashion,2992.93,attr_2,user_100,682.78,fashion,1045,0,0.45,1,0,1,0.315,1,0
txn_000671,7400.05,groceries,COD,50003,2026-05-14T15:03:00,agent_21,133,groceries,6255.03,attr_4,groceries,7400.05,attr_2,user_150,5237.5,home,786,1,0.38,1,0,0,0.114,0,0
txn_000672,2675.6,electronics,COD,500016,2026-04-01T14:04:00,agent_55,23,electronics,1713.99,attr_3,electronics,2675.6,attr_2,user_465,2716.43,electronics,375,1,0.68,1,0,0,0.476,0,0
txn_000673,10144.26,footwear,COD,500020,2026-02-05T19:31:00,agent_39,194,footwear,6521.05,attr_1,footwear,10144.26,attr_1,user_394,3398.59,footwear,1078,1,0.3,1,0,1,0.21,1,0
txn_000674,1116.85,flights,COD,500015,2026-05-14T10:33:00,agent_47,77,flights,1428.48,attr_5,flights,1116.85,attr_5,user_306,3896.05,flights,1378,1,0.93,1,1,1,0.651,0,0
txn_000675,7499.97,fashion,COD,500010,2026-01-27T01:06:00,agent_55,97,fashion,7537.23,attr_3,fashion,7499.97,attr_3,user_452,2499.55,footwear,1455,0,0.56,1,1,1,0.168,1,0
txn_000676,3305.62,home,COD,50007,2026-03-04T15:37:00,agent_56,35,home,4349.3,attr_4,home,3305.62,attr_4,user_110,5693.22,home,612,1,0.89,1,1,1,0.623,0,0
txn_000677,3667.24,flights,prepaid,500011,2026-04-25T23:54:00,agent_34,163,groceries,2540.89,attr_2,flights,3667.24,attr_4,user_175,1267.49,footwear,340,1,1.0,0,0,0,0.3,0,0
txn_000678,4796.53,footwear,COD,500016,2026-04-29T11:05:00,agent_46,305,footwear,6521.18,attr_3,footwear,4796.53,attr_3,user_335,5336.02,footwear,1115,1,0.81,1,1,1,0.567,0,0
txn_000679,3049.83,fashion,prepaid,50006,2026-04-25T18:40:00,agent_24,165,fashion,4375.66,attr_5,fashion,3049.83,attr_5,user_176,1249.89,fashion,651,0,0.97,1,1,1,0.679,0,1
txn_000680,7850.36,groceries,COD,50003,2026-04-13T14:06:00,agent_54,59,groceries,7962.92,attr_5,groceries,7850.36,attr_5,user_37,3418.73,electronics,782,1,0.55,1,1,1,0.165,1,0
txn_000681,2809.8,electronics,prepaid,500019,2026-02-05T14:17:00,agent_39,22,electronics,3865.37,attr_4,electronics,2809.8,attr_4,user_468,2533.66,electronics,208,1,0.87,1,1,1,0.609,0,0
txn_000682,2194.99,groceries,COD,50002,2026-05-02T02:15:00,agent_17,43,groceries,2226.96,attr_3,groceries,2194.99,attr_3,user_208,1720.15,groceries,1348,1,0.42,1,1,1,0.294,1,0
txn_000683,6391.33,flights,COD,500013,2026-03-18T18:29:00,agent_52,12,electronics,4400.31,attr_5,flights,6391.33,attr_3,user_439,1753.26,electronics,1032,1,0.71,0,0,0,0.213,1,0
txn_000684,9182.18,electronics,COD,500019,2026-03-01T12:48:00,agent_11,16,electronics,6620.46,attr_4,electronics,9182.18,attr_2,user_31,785.3,electronics,243,1,0.86,1,0,0,0.602,0,0
txn_000685,3541.6,groceries,COD,50002,2026-01-11T17:17:00,agent_10,9,groceries,3687.99,attr_2,groceries,3541.6,attr_2,user_477,4085.9,groceries,257,1,0.44,1,1,1,0.308,0,0
txn_000686,1072.25,groceries,COD,50007,2026-01-24T16:28:00,agent_47,74,groceries,1135.03,attr_5,groceries,1072.25,attr_5,user_385,1822.7,groceries,280,0,0.78,1,1,1,0.546,0,0
txn_000687,1841.86,electronics,prepaid,50003,2026-05-06T19:32:00,agent_12,7,electronics,1565.32,attr_2,electronics,1841.86,attr_5,user_106,4255.87,electronics,81,1,0.69,1,0,0,0.483,1,0
txn_000688,5396.27,home,COD,500011,2026-04-09T09:52:00,agent_49,26,home,5896.51,attr_1,home,5396.27,attr_1,user_460,1875.05,flights,886,1,0.88,1,1,1,0.264,1,0
txn_000689,2311.68,fashion,prepaid,500018,2026-03-11T16:15:00,agent_36,152,fashion,3690.48,attr_5,fashion,2311.68,attr_5,user_268,4357.08,home,348,1,0.62,1,1,1,0.186,0,0
txn_000690,7935.73,electronics,COD,500012,2026-01-25T18:38:00,agent_22,13,electronics,5455.94,attr_2,electronics,7935.73,attr_2,user_60,3756.9,electronics,920,1,0.17,1,0,1,0.119,1,0
txn_000691,8815.63,home,COD,50004,2026-01-11T15:35:00,agent_46,100,groceries,6589.44,attr_5,home,8815.63,attr_2,user_240,3889.03,footwear,475,1,0.16,0,0,0,0.048,0,0
txn_000692,4921.4,footwear,COD,50002,2026-04-13T18:11:00,agent_40,129,footwear,5881.88,attr_2,footwear,4921.4,attr_2,user_324,4608.94,footwear,1490,1,0.83,1,1,1,0.581,0,0
txn_000693,4190.43,footwear,COD,50003,2026-01-28T18:37:00,agent_41,160,footwear,5338.11,attr_4,footwear,4190.43,attr_4,user_237,5019.29,footwear,362,1,0.25,1,1,1,0.175,0,0
txn_000694,5928.36,fashion,COD,50002,2026-02-14T07:36:00,agent_47,50,fashion,4157.22,attr_1,fashion,5928.36,attr_1,user_160,3583.5,electronics,820,1,0.06,1,0,1,0.018,1,0
txn_000695,1985.64,footwear,COD,500020,2026-05-14T12:36:00,agent_8,30,footwear,3147.61,attr_4,footwear,1985.64,attr_4,user_395,1196.2,footwear,466,1,0.6,1,1,1,0.42,0,0
txn_000696,2869.04,home,COD,500019,2026-05-18T03:50:00,agent_33,201,home,3209.64,attr_3,home,2869.04,attr_3,user_479,1399.53,home,739,1,0.73,1,1,1,0.511,0,0
txn_000697,2869.92,fashion,prepaid,500017,2026-04-07T04:11:00,agent_52,92,fashion,2448.15,attr_5,fashion,2869.92,attr_5,user_407,559.49,fashion,611,1,0.56,1,0,1,0.392,1,0
txn_000698,5857.97,electronics,COD,500013,2026-02-27T15:26:00,agent_10,226,electronics,6948.5,attr_2,electronics,5857.97,attr_2,user_54,1321.64,electronics,1041,1,0.83,1,1,1,0.581,0,0
txn_000699,3852.91,flights,COD,50001,2026-03-01T01:52:00,agent_13,119,flights,4307.62,attr_5,flights,3852.91,attr_5,user_156,3870.43,flights,496,1,0.7,1,1,1,0.49,1,0
txn_000700,2084.91,home,COD,50002,2026-01-24T20:19:00,agent_19,19,home,1599.9,attr_1,home,2084.91,attr_1,user_95,3043.9,home,782,0,0.2,1,0,1,0.14,0,0
txn_000701,2685.25,fashion,prepaid,500010,2026-03-05T17:33:00,agent_4,73,fashion,3755.65,attr_4,fashion,2685.25,attr_4,user_177,1208.6,home,107,1,0.3,1,1,1,0.09,0,0
txn_000702,5497.22,flights,COD,50007,2026-04-10T11:50:00,agent_27,9,flights,5796.08,attr_2,flights,5497.22,attr_2,user_75,1425.55,flights,511,1,0.7,1,1,1,0.49,0,0
txn_000703,1898.55,groceries,prepaid,500020,2026-04-15T02:17:00,agent_38,42,groceries,1739.23,attr_2,groceries,1898.55,attr_1,user_384,3878.82,groceries,1017,1,0.51,1,0,0,0.357,0,0
txn_000704,9091.83,flights,prepaid,500011,2026-04-11T03:30:00,agent_7,71,flights,5913.05,attr_5,flights,9091.83,attr_5,user_75,4080.61,flights,125,1,0.83,1,0,1,0.581,1,0
txn_000705,3395.23,home,COD,50006,2026-04-27T07:32:00,agent_19,35,home,2288.47,attr_3,home,3395.23,attr_3,user_316,4653.78,electronics,417,1,0.05,1,0,1,0.015,0,0
txn_000706,568.13,home,COD,500016,2026-04-12T23:49:00,agent_52,62,home,659.77,attr_2,home,568.13,attr_2,user_216,1726.3,home,1348,1,0.49,1,1,1,0.343,0,0
txn_000707,3210.53,fashion,prepaid,50008,2026-03-28T16:12:00,agent_21,93,fashion,3492.5,attr_4,fashion,3210.53,attr_4,user_191,713.88,fashion,90,1,0.15,1,1,1,0.105,0,0
txn_000708,10971.42,footwear,COD,500019,2026-05-18T05:24:00,agent_17,98,footwear,7660.42,attr_4,footwear,10971.42,attr_4,user_267,5288.38,footwear,1107,1,0.03,1,0,1,0.021,1,0
txn_000709,6437.38,groceries,COD,50008,2026-02-06T21:04:00,agent_41,58,groceries,4026.77,attr_4,groceries,6437.38,attr_4,user_177,5370.95,groceries,735,1,0.86,1,0,1,0.602,1,0
txn_000710,7035.46,groceries,COD,500020,2026-01-09T06:19:00,agent_35,2,groceries,4772.98,attr_1,groceries,7035.46,attr_3,user_398,802.28,groceries,33,1,0.79,1,0,0,0.553,1,0
txn_000711,1520.59,fashion,COD,50002,2026-02-08T09:20:00,agent_50,164,fashion,1731.23,attr_1,fashion,1520.59,attr_1,user_129,4844.12,home,83,1,0.85,1,1,1,0.255,0,0
txn_000712,1255.5,flights,prepaid,50008,2026-01-27T07:29:00,agent_24,146,flights,1336.28,attr_1,flights,1255.5,attr_1,user_77,4369.4,flights,314,0,0.72,1,1,1,0.504,0,0
txn_000713,4466.11,fashion,COD,50009,2026-04-17T01:12:00,agent_33,159,fashion,3815.64,attr_4,fashion,4466.11,attr_3,user_492,5078.85,flights,490,0,0.81,1,0,0,0.243,1,0
txn_000714,5489.91,electronics,prepaid,500018,2026-02-22T20:52:00,agent_21,99,electronics,6322.68,attr_2,electronics,5489.91,attr_2,user_238,1693.89,electronics,321,1,0.24,1,1,1,0.168,0,0
txn_000715,1592.96,fashion,COD,500015,2026-04-18T23:50:00,agent_5,292,fashion,1456.7,attr_5,fashion,1592.96,attr_2,user_428,5964.74,fashion,160,1,0.39,1,0,0,0.273,1,0
txn_000716,4208.91,groceries,COD,50003,2026-03-13T09:25:00,agent_15,12,groceries,2650.2,attr_3,groceries,4208.91,attr_3,user_106,4827.76,groceries,748,1,0.82,1,0,1,0.574,0,0
txn_000717,5267.5,electronics,COD,500016,2026-03-22T23:08:00,agent_58,39,electronics,6300.25,attr_1,electronics,5267.5,attr_1,user_200,4404.08,electronics,1094,1,0.41,1,1,1,0.287,1,0
txn_000718,2932.94,groceries,prepaid,50007,2026-02-27T22:50:00,agent_4,28,groceries,4455.47,attr_2,groceries,2932.94,attr_2,user_151,3595.8,groceries,327,1,0.33,1,1,1,0.231,0,0
txn_000719,3471.55,home,prepaid,50008,2026-05-12T07:18:00,agent_53,67,home,5765.69,attr_4,home,3471.55,attr_4,user_127,3009.62,home,667,1,0.47,1,1,1,0.329,0,0
txn_000720,4773.52,flights,COD,500017,2026-02-06T12:42:00,agent_50,207,flights,7008.73,attr_2,flights,4773.52,attr_2,user_95,5792.85,groceries,306,1,0.6,1,1,1,0.18,0,0
txn_000721,8883.23,electronics,prepaid,500011,2026-03-27T06:57:00,agent_54,100,electronics,6648.12,attr_5,electronics,8883.23,attr_5,user_28,4971.11,electronics,1174,1,0.5,1,0,1,0.35,0,0
txn_000722,5078.23,home,COD,50002,2026-01-08T05:40:00,agent_19,292,home,7023.17,attr_5,home,5078.23,attr_5,user_333,4453.91,home,1475,1,0.55,1,1,1,0.385,1,0
txn_000723,5163.12,groceries,prepaid,500020,2026-02-28T22:55:00,agent_7,35,groceries,6934.79,attr_4,groceries,5163.12,attr_4,user_412,2574.39,flights,1256,0,0.82,1,1,1,0.246,0,0
txn_000724,2205.84,home,COD,50009,2026-05-14T06:13:00,agent_18,220,home,2667.56,attr_2,home,2205.84,attr_2,user_173,1339.75,home,1141,1,0.11,1,1,1,0.077,0,0
txn_000725,5096.4,electronics,prepaid,50006,2026-01-04T12:56:00,agent_21,14,electronics,4053.16,attr_3,electronics,5096.4,attr_3,user_442,1315.33,footwear,111,1,0.75,1,0,1,0.225,0,0
txn_000726,609.3,footwear,COD,500014,2026-04-10T11:21:00,agent_59,75,footwear,835.86,attr_2,footwear,609.3,attr_2,user_313,3415.36,footwear,1051,1,0.01,1,1,1,0.007,0,0
txn_000727,5400.72,home,COD,500014,2026-03-26T20:01:00,agent_29,128,home,6027.34,attr_2,home,5400.72,attr_2,user_52,2372.01,home,442,1,0.41,1,1,1,0.287,0,0
txn_000728,5929.82,flights,prepaid,500015,2026-04-07T14:28:00,agent_29,230,flights,3998.63,attr_1,flights,5929.82,attr_1,user_355,5632.81,footwear,1089,1,0.24,1,0,1,0.072,0,0
txn_000729,950.91,electronics,COD,500018,2026-01-03T04:37:00,agent_36,38,electronics,1173.88,attr_3,electronics,950.91,attr_3,user_456,1197.25,electronics,874,1,0.27,1,1,1,0.189,0,0
txn_000730,6004.53,electronics,prepaid,500018,2026-03-17T19:08:00,agent_29,72,electronics,3896.95,attr_3,electronics,6004.53,attr_3,user_191,4730.71,electronics,272,1,0.13,1,0,1,0.091,0,0
txn_000731,4636.69,flights,prepaid,500016,2026-04-21T01:16:00,agent_11,330,flights,3245.4,attr_3,flights,4636.69,attr_3,user_20,3688.81,flights,1178,1,0.22,1,0,1,0.154,0,0
txn_000732,4071.07,electronics,prepaid,50001,2026-03-25T04:12:00,agent_35,93,electronics,6733.18,attr_3,electronics,4071.07,attr_3,user_272,5721.54,electronics,602,0,0.11,1,1,1,0.077,0,0
txn_000733,3361.25,fashion,COD,500020,2026-05-05T02:37:00,agent_11,35,fashion,2418.49,attr_1,fashion,3361.25,attr_1,user_425,2607.71,flights,640,1,0.28,1,0,1,0.084,0,0
txn_000734,5964.51,groceries,COD,500019,2026-02-18T11:30:00,agent_48,102,groceries,6622.92,attr_3,groceries,5964.51,attr_3,user_196,4171.68,fashion,667,1,0.7,1,1,1,0.21,1,0
txn_000735,4769.89,groceries,prepaid,500015,2026-03-05T04:34:00,agent_36,130,groceries,6413.89,attr_2,groceries,4769.89,attr_2,user_186,1269.72,groceries,1331,1,0.9,1,1,1,0.63,0,0
txn_000736,2211.95,electronics,COD,50009,2026-04-17T09:02:00,agent_26,148,electronics,1565.4,attr_2,electronics,2211.95,attr_5,user_104,2872.63,electronics,662,1,0.44,1,0,0,0.308,1,0
txn_000737,1619.1,footwear,COD,500010,2026-01-15T10:10:00,agent_59,132,footwear,2344.5,attr_3,footwear,1619.1,attr_3,user_120,1100.72,electronics,450,1,0.33,1,1,1,0.099,0,0
txn_000738,11189.09,electronics,COD,50002,2026-04-30T00:42:00,agent_40,74,electronics,7145.35,attr_4,electronics,11189.09,attr_3,user_181,1783.53,electronics,302,1,0.3,1,0,0,0.21,0,1
txn_000739,4172.08,electronics,prepaid,50003,2026-05-13T16:44:00,agent_15,4,electronics,3536.4,attr_2,electronics,4172.08,attr_5,user_27,3894.52,electronics,536,1,0.99,1,0,0,0.693,0,0
txn_000740,1276.96,fashion,COD,500018,2026-02-17T21:01:00,agent_58,61,fashion,905.04,attr_2,fashion,1276.96,attr_5,user_256,5529.14,fashion,334,1,0.45,1,0,0,0.315,0,0
txn_000741,2571.47,flights,prepaid,50004,2026-03-25T22:54:00,agent_19,15,flights,1650.96,attr_2,flights,2571.47,attr_2,user_374,5272.91,flights,802,1,0.58,1,0,1,0.406,0,0
txn_000742,1172.02,groceries,prepaid,500013,2026-04-13T10:00:00,agent_14,158,groceries,1551.41,attr_3,groceries,1172.02,attr_3,user_350,991.9,groceries,1385,1,0.36,1,1,1,0.252,0,0
txn_000743,2815.19,groceries,COD,500016,2026-02-24T12:10:00,agent_57,200,groceries,1762.56,attr_4,groceries,2815.19,attr_4,user_248,973.43,groceries,1060,1,0.37,1,0,1,0.259,0,1
txn_000744,4968.14,home,COD,50006,2026-02-24T10:57:00,agent_21,192,home,7146.2,attr_5,home,4968.14,attr_5,user_248,4717.83,home,237,1,0.61,1,1,1,0.427,1,0
txn_000745,6147.03,electronics,COD,50008,2026-02-12T08:24:00,agent_36,30,electronics,6991.93,attr_3,electronics,6147.03,attr_3,user_2,1303.56,electronics,630,1,0.61,1,1,1,0.427,1,0
txn_000746,2531.29,footwear,COD,500016,2026-04-24T17:42:00,agent_59,79,footwear,1753.38,attr_3,footwear,2531.29,attr_3,user_150,3973.22,footwear,579,1,0.07,1,0,1,0.049,0,0
txn_000747,4066.13,footwear,COD,500014,2026-03-31T03:45:00,agent_55,153,footwear,4369.95,attr_1,footwear,4066.13,attr_1,user_428,2300.79,electronics,1306,1,0.48,1,1,1,0.144,0,0
txn_000748,3146.85,footwear,COD,50004,2026-04-28T09:21:00,agent_46,3,footwear,3566.58,attr_4,footwear,3146.85,attr_4,user_21,1583.66,footwear,64,1,0.82,1,1,1,0.574,1,0
txn_000749,6961.66,fashion,prepaid,500011,2026-03-19T01:48:00,agent_11,4,fashion,5213.83,attr_1,fashion,6961.66,attr_1,user_475,1444.65,electronics,130,1,0.99,1,0,1,0.297,1,0
txn_000750,1811.19,home,COD,50007,2026-01-21T11:27:00,agent_17,275,home,2993.74,attr_3,home,1811.19,attr_3,user_58,2172.65,groceries,1396,1,0.62,1,1,1,0.186,1,0
txn_000751,3034.33,groceries,COD,500014,2026-03-14T04:27:00,agent_15,9,groceries,3369.36,attr_3,groceries,3034.33,attr_3,user_83,1302.23,groceries,391,1,0.76,1,1,1,0.532,0,0
txn_000752,1997.38,flights,COD,50001,2026-04-09T12:42:00,agent_41,84,flights,1612.38,attr_3,flights,1997.38,attr_5,user_31,4881.29,flights,1015,1,0.5,1,0,0,0.35,0,0
txn_000753,6163.82,fashion,COD,500013,2026-04-04T14:18:00,agent_54,3,fashion,4323.56,attr_1,fashion,6163.82,attr_1,user_277,5316.9,fashion,755,0,0.17,1,0,1,0.119,0,0
txn_000754,5010.17,electronics,prepaid,50002,2026-01-01T14:02:00,agent_47,80,electronics,4710.73,attr_3,electronics,5010.17,attr_3,user_156,3375.37,electronics,797,1,0.09,1,0,1,0.063,0,0
txn_000755,4519.85,electronics,COD,500016,2026-04-13T03:49:00,agent_24,145,fashion,3940.99,attr_2,electronics,4519.85,attr_2,user_223,4467.65,fashion,765,1,0.05,0,0,1,0.015,1,0
txn_000756,4927.37,groceries,prepaid,500019,2026-04-07T07:41:00,agent_6,16,groceries,5424.73,attr_5,groceries,4927.37,attr_5,user_358,5728.63,footwear,421,1,0.2,1,1,1,0.06,0,0
txn_000757,4856.66,flights,prepaid,50005,2026-02-14T09:32:00,agent_59,229,flights,6230.57,attr_3,flights,4856.66,attr_3,user_7,721.28,flights,226,1,0.45,1,1,1,0.315,0,0
txn_000758,3336.42,home,COD,500019,2026-02-27T13:22:00,agent_1,245,home,4238.84,attr_4,home,3336.42,attr_4,user_52,1535.51,home,1015,1,0.84,1,1,1,0.588,0,0
txn_000759,6475.51,fashion,COD,50008,2026-03-28T03:45:00,agent_9,49,fashion,4908.67,attr_5,fashion,6475.51,attr_5,user_430,1730.29,fashion,410,1,0.69,1,0,1,0.483,0,0
txn_000760,5209.34,groceries,COD,500018,2026-03-28T01:02:00,agent_23,198,groceries,6500.97,attr_5,groceries,5209.34,attr_5,user_108,2808.56,groceries,242,0,0.23,1,1,1,0.161,1,0
txn_000761,7189.07,flights,prepaid,50009,2026-02-02T14:46:00,agent_59,58,flights,7411.88,attr_2,flights,7189.07,attr_2,user_130,785.49,flights,266,1,0.99,1,1,1,0.693,0,0
txn_000762,1433.63,home,COD,500016,2026-03-20T10:10:00,agent_30,1,home,1864.61,attr_1,home,1433.63,attr_1,user_191,1543.7,home,1302,1,0.25,1,1,1,0.175,0,0
txn_000763,6772.75,groceries,prepaid,50004,2026-02-25T01:16:00,agent_40,232,groceries,6148.3,attr_3,groceries,6772.75,attr_4,user_350,3352.91,groceries,91,1,0.38,1,0,0,0.266,0,0
txn_000764,5294.22,home,COD,500018,2026-01-01T08:42:00,agent_53,6,home,5367.31,attr_4,home,5294.22,attr_4,user_319,3754.46,home,1173,0,0.95,1,1,1,0.665,1,0
txn_000765,2903.16,flights,COD,50004,2026-05-16T07:27:00,agent_1,34,flights,4123.47,attr_1,flights,2903.16,attr_1,user_485,1796.88,flights,979,1,1.0,1,1,1,0.7,0,0
txn_000766,6340.35,fashion,COD,50002,2026-02-08T16:49:00,agent_27,3,fashion,4583.99,attr_3,fashion,6340.35,attr_4,user_418,2776.18,electronics,653,1,0.48,1,0,0,0.144,1,0
txn_000767,10701.37,flights,prepaid,500014,2026-02-04T08:06:00,agent_17,58,flights,7069.84,attr_1,flights,10701.37,attr_2,user_378,2709.31,electronics,208,1,0.35,1,0,0,0.105,1,0
txn_000768,700.5,electronics,COD,50004,2026-04-23T12:17:00,agent_43,25,electronics,742.01,attr_4,electronics,700.5,attr_4,user_292,3782.73,electronics,983,1,0.97,1,1,1,0.679,0,0
txn_000769,5557.22,home,COD,500014,2026-01-31T06:52:00,agent_13,33,home,7104.37,attr_5,home,5557.22,attr_5,user_455,500.69,home,736,1,0.64,1,1,1,0.448,0,0
txn_000770,6932.54,fashion,COD,50009,2026-02-15T11:16:00,agent_30,315,fashion,4826.91,attr_1,fashion,6932.54,attr_3,user_52,756.23,home,1283,1,0.0,1,0,0,0.0,0,0
txn_000771,10234.49,electronics,COD,50005,2026-05-13T10:13:00,agent_15,36,electronics,7539.78,attr_4,electronics,10234.49,attr_4,user_118,4163.47,electronics,1073,1,0.66,1,0,1,0.462,0,0
txn_000772,1985.72,electronics,prepaid,50003,2026-02-24T05:51:00,agent_22,489,electronics,2920.83,attr_3,electronics,1985.72,attr_3,user_267,3538.4,electronics,823,1,0.76,1,1,1,0.532,1,0
txn_000773,11791.76,footwear,prepaid,50008,2026-02-28T10:07:00,agent_25,100,footwear,7524.7,attr_5,footwear,11791.76,attr_5,user_391,953.72,footwear,912,1,0.27,1,0,1,0.189,1,0
txn_000774,5231.48,groceries,COD,50008,2026-01-25T19:08:00,agent_6,106,groceries,7353.41,attr_5,groceries,5231.48,attr_5,user_302,3959.84,groceries,915,1,0.42,1,1,1,0.294,0,0
txn_000775,807.8,electronics,prepaid,500016,2026-02-28T15:50:00,agent_34,36,electronics,947.14,attr_3,electronics,807.8,attr_3,user_324,3273.48,groceries,964,1,0.78,1,1,1,0.234,0,0
txn_000776,6458.91,home,prepaid,50008,2026-01-18T13:38:00,agent_45,198,home,7394.2,attr_4,home,6458.91,attr_4,user_351,1622.53,footwear,950,0,0.31,1,1,1,0.093,1,0
txn_000777,3397.88,fashion,prepaid,50004,2026-02-09T03:07:00,agent_9,65,fashion,4076.5,attr_2,fashion,3397.88,attr_2,user_368,5911.15,electronics,1169,1,0.58,1,1,1,0.174,0,0
txn_000778,3060.75,fashion,prepaid,50007,2026-02-27T16:19:00,agent_6,122,fashion,3794.81,attr_2,fashion,3060.75,attr_2,user_357,4166.01,fashion,1182,1,0.49,1,1,1,0.343,0,0
txn_000779,5820.29,home,COD,500013,2026-03-19T11:29:00,agent_7,40,home,3703.53,attr_1,home,5820.29,attr_1,user_58,1234.24,groceries,1001,1,0.47,1,0,1,0.141,0,0
txn_000780,6310.23,fashion,COD,50003,2026-03-21T13:22:00,agent_40,3,fashion,5727.9,attr_1,fashion,6310.23,attr_2,user_489,2791.39,fashion,1386,1,0.61,1,0,0,0.427,1,0
txn_000781,1357.98,home,COD,50007,2026-04-23T01:22:00,agent_28,26,home,1394.92,attr_1,home,1357.98,attr_1,user_114,4595.58,home,227,1,0.3,1,1,1,0.21,0,0
txn_000782,5604.66,fashion,prepaid,50007,2026-04-02T04:17:00,agent_24,56,fashion,4520.47,attr_4,fashion,5604.66,attr_4,user_257,4453.89,fashion,1008,1,0.83,1,0,1,0.581,0,0
txn_000783,9171.57,flights,COD,50004,2026-05-10T20:36:00,agent_35,63,flights,5998.29,attr_2,flights,9171.57,attr_2,user_50,1780.58,flights,151,1,0.97,1,0,1,0.679,0,0
txn_000784,12047.62,groceries,prepaid,50005,2026-02-26T10:05:00,agent_19,307,groceries,7956.93,attr_4,groceries,12047.62,attr_4,user_81,5696.88,groceries,1075,1,0.17,1,0,1,0.119,0,0
txn_000785,1330.23,groceries,COD,50006,2026-03-05T14:12:00,agent_14,101,groceries,1610.81,attr_5,groceries,1330.23,attr_5,user_279,5607.27,footwear,453,1,0.41,1,1,1,0.123,0,0
txn_000786,1599.82,footwear,COD,50003,2026-04-13T02:44:00,agent_38,261,footwear,1511.31,attr_1,footwear,1599.82,attr_1,user_292,3525.74,footwear,1046,1,0.47,1,0,1,0.329,0,1
txn_000787,8143.73,flights,prepaid,500011,2026-03-19T13:50:00,agent_16,54,flights,5827.55,attr_5,flights,8143.73,attr_4,user_318,4780.23,flights,984,1,0.5,1,0,0,0.35,1,0
txn_000788,1384.83,electronics,prepaid,500019,2026-02-06T21:13:00,agent_52,10,electronics,1600.58,attr_3,electronics,1384.83,attr_3,user_104,1685.91,flights,1381,0,0.29,1,1,1,0.087,1,0
txn_000789,2561.92,flights,prepaid,50008,2026-01-19T17:01:00,agent_32,76,flights,2700.68,attr_5,flights,2561.92,attr_5,user_236,1557.46,flights,106,1,0.66,1,1,1,0.462,0,0
txn_000790,2462.23,groceries,COD,500015,2026-01-25T22:20:00,agent_18,18,groceries,2533.37,attr_3,groceries,2462.23,attr_3,user_237,1201.48,flights,756,0,0.57,1,1,1,0.171,1,0
txn_000791,7606.98,flights,prepaid,500011,2026-02-03T11:39:00,agent_12,15,flights,5132.94,attr_3,flights,7606.98,attr_1,user_81,4408.74,home,376,0,0.63,1,0,0,0.189,0,0
txn_000792,4255.88,footwear,prepaid,500013,2026-04-01T07:45:00,agent_43,38,footwear,5609.71,attr_3,footwear,4255.88,attr_3,user_157,1445.5,footwear,185,1,0.77,1,1,1,0.539,0,0
txn_000793,6515.62,groceries,prepaid,50003,2026-03-28T18:45:00,agent_55,65,groceries,6999.53,attr_4,groceries,6515.62,attr_4,user_427,5169.78,groceries,362,1,0.45,1,1,1,0.315,0,0
txn_000794,2752.45,flights,prepaid,50009,2026-03-12T11:50:00,agent_47,124,flights,3125.08,attr_2,flights,2752.45,attr_2,user_103,1832.75,groceries,1431,1,0.89,1,1,1,0.267,0,1
txn_000795,11800.07,electronics,prepaid,500020,2026-01-11T16:38:00,agent_17,14,electronics,7506.74,attr_2,electronics,11800.07,attr_2,user_305,3270.94,home,954,1,0.92,1,0,1,0.276,0,1
txn_000796,7859.12,flights,prepaid,500011,2026-02-07T01:54:00,agent_49,194,flights,6067.7,attr_3,flights,7859.12,attr_1,user_386,5957.04,flights,491,1,0.76,1,0,0,0.532,0,0
txn_000797,1449.37,flights,prepaid,50005,2026-03-27T05:50:00,agent_14,48,flights,1468.31,attr_2,flights,1449.37,attr_2,user_396,1819.82,flights,1375,1,0.26,1,1,1,0.182,0,0
txn_000798,2992.61,electronics,COD,500016,2026-04-04T00:53:00,agent_12,52,electronics,4876.9,attr_2,electronics,2992.61,attr_2,user_409,808.3,electronics,102,1,0.83,1,1,1,0.581,1,0
txn_000799,1270.75,groceries,prepaid,50004,2026-01-27T10:31:00,agent_10,47,groceries,1086.12,attr_1,groceries,1270.75,attr_1,user_401,4622.29,groceries,597,1,0.91,1,0,1,0.637,0,0
txn_000800,5669.85,groceries,prepaid,50008,2026-02-25T12:24:00,agent_49,29,groceries,6797.85,attr_4,groceries,5669.85,attr_4,user_227,2620.94,flights,1182,1,0.43,1,1,1,0.129,0,0
txn_000801,1888.2,home,prepaid,500013,2026-01-15T23:54:00,agent_11,61,home,2239.65,attr_4,home,1888.2,attr_4,user_342,4291.94,home,589,1,0.89,1,1,1,0.623,1,0
txn_000802,3036.75,footwear,COD,500011,2026-05-18T10:49:00,agent_23,34,footwear,3122.58,attr_2,footwear,3036.75,attr_2,user_487,534.43,footwear,187,1,0.0,1,1,1,0.0,0,0
txn_000803,5074.19,flights,COD,500010,2026-02-03T19:28:00,agent_46,116,flights,7711.01,attr_1,flights,5074.19,attr_1,user_400,3933.12,flights,1467,1,0.15,1,1,1,0.105,0,0
txn_000804,2591.59,footwear,COD,50005,2026-03-28T20:33:00,agent_1,87,footwear,2783.81,attr_3,footwear,2591.59,attr_3,user_330,5678.03,footwear,1442,1,0.0,1,1,1,0.0,1,0
txn_000805,444.29,home,prepaid,50003,2026-04-12T05:12:00,agent_27,15,home,623.39,attr_4,home,444.29,attr_4,user_178,3204.32,home,1087,0,0.44,1,1,1,0.308,0,0
txn_000806,3946.51,footwear,prepaid,50003,2026-04-10T17:02:00,agent_9,60,footwear,3132.5,attr_3,footwear,3946.51,attr_3,user_182,3208.22,fashion,591,1,0.06,1,0,1,0.018,0,0
txn_000807,5315.87,flights,prepaid,500015,2026-03-29T07:42:00,agent_8,131,flights,6502.82,attr_4,flights,5315.87,attr_4,user_367,2784.06,flights,88,1,0.1,1,1,1,0.07,0,0
txn_000808,6901.31,electronics,COD,500010,2026-01-17T03:45:00,agent_35,261,electronics,7504.41,attr_3,electronics,6901.31,attr_3,user_465,1591.74,electronics,960,1,0.12,1,1,1,0.084,0,0
txn_000809,4420.96,footwear,COD,50003,2026-04-13T10:13:00,agent_42,55,footwear,6693.43,attr_2,footwear,4420.96,attr_2,user_179,538.58,footwear,1127,1,0.03,1,1,1,0.021,0,0
txn_000810,7498.72,fashion,prepaid,50009,2026-02-12T02:23:00,agent_5,114,fashion,6611.07,attr_2,fashion,7498.72,attr_2,user_233,2781.94,fashion,1331,1,0.02,1,0,1,0.014,0,1
txn_000811,5398.93,fashion,prepaid,50005,2026-01-26T11:33:00,agent_28,17,fashion,6874.53,attr_1,fashion,5398.93,attr_1,user_55,1210.18,fashion,755,1,0.23,1,1,1,0.161,0,0
txn_000812,857.69,flights,COD,50001,2026-01-02T09:11:00,agent_19,22,flights,1072.03,attr_2,flights,857.69,attr_2,user_205,4642.43,flights,1467,1,0.35,1,1,1,0.245,0,0
txn_000813,1811.19,home,COD,500017,2026-04-26T01:54:00,agent_25,55,home,2446.07,attr_5,home,1811.19,attr_5,user_109,2811.68,home,1339,1,0.9,1,1,1,0.63,0,0
txn_000814,3740.67,electronics,prepaid,500018,2026-04-13T01:06:00,agent_45,51,electronics,4376.01,attr_5,electronics,3740.67,attr_5,user_229,3549.73,electronics,986,1,0.58,1,1,1,0.406,0,0
txn_000815,6951.89,electronics,prepaid,500012,2026-02-01T18:48:00,agent_30,67,fashion,6116.97,attr_5,electronics,6951.89,attr_5,user_440,1107.15,fashion,361,1,0.13,0,0,1,0.039,0,0
txn_000816,2642.64,flights,prepaid,50003,2026-02-01T07:32:00,agent_15,1,flights,3549.65,attr_1,flights,2642.64,attr_1,user_266,4372.04,flights,702,1,0.05,1,1,1,0.035,1,0
txn_000817,3672.67,groceries,COD,500014,2026-02-13T01:29:00,agent_18,122,groceries,3750.73,attr_1,groceries,3672.67,attr_1,user_167,2848.68,fashion,937,1,0.22,1,1,1,0.066,0,0
txn_000818,6721.92,flights,COD,50006,2026-01-02T12:46:00,agent_58,192,flights,7798.26,attr_2,flights,6721.92,attr_2,user_466,4091.68,electronics,856,0,0.77,1,1,1,0.231,1,0
txn_000819,3640.87,electronics,COD,500016,2026-02-14T02:33:00,agent_58,69,electronics,5434.58,attr_3,electronics,3640.87,attr_3,user_376,4106.87,home,1337,1,0.21,1,1,1,0.063,1,0
txn_000820,2679.21,flights,COD,500010,2026-02-05T09:50:00,agent_39,251,flights,1812.65,attr_4,flights,2679.21,attr_2,user_492,2130.67,flights,505,1,0.04,1,0,0,0.028,0,0
txn_000821,2418.16,footwear,COD,500016,2026-01-14T09:42:00,agent_9,124,footwear,3922.25,attr_3,footwear,2418.16,attr_3,user_31,2253.58,footwear,576,1,0.87,1,1,1,0.609,1,0
txn_000822,6185.77,home,COD,50002,2026-01-12T17:48:00,agent_26,100,home,6711.75,attr_2,home,6185.77,attr_2,user_210,3880.89,fashion,1110,1,0.73,1,1,1,0.219,0,0
txn_000823,1681.02,groceries,COD,50002,2026-01-06T00:39:00,agent_58,3,groceries,2751.55,attr_3,groceries,1681.02,attr_3,user_380,2584.12,groceries,611,1,0.67,1,1,1,0.469,1,0
txn_000824,4689.47,fashion,prepaid,50008,2026-03-10T20:16:00,agent_16,15,fashion,6069.84,attr_5,fashion,4689.47,attr_5,user_172,4861.86,electronics,681,1,0.02,1,1,1,0.006,0,0
txn_000825,1616.1,home,prepaid,500015,2026-03-09T21:11:00,agent_35,93,home,1294.44,attr_4,home,1616.1,attr_1,user_87,857.66,footwear,592,1,0.21,1,0,0,0.063,1,0
txn_000826,4554.12,electronics,COD,500013,2026-04-20T17:59:00,agent_14,75,electronics,6529.17,attr_2,electronics,4554.12,attr_2,user_61,4553.86,electronics,360,1,0.88,1,1,1,0.616,0,0
txn_000827,11746.14,home,COD,50004,2026-02-11T20:38:00,agent_18,107,home,7800.04,attr_3,home,11746.14,attr_3,user_163,3158.06,home,1454,0,0.44,1,0,1,0.308,1,0
txn_000828,4873.4,fashion,prepaid,50003,2026-03-21T00:46:00,agent_50,2,fashion,3487.36,attr_1,fashion,4873.4,attr_1,user_237,2722.58,fashion,1422,1,0.88,1,0,1,0.616,0,0
txn_000829,1029.18,footwear,prepaid,50002,2026-01-08T03:37:00,agent_56,115,footwear,910.0,attr_4,footwear,1029.18,attr_4,user_64,3248.76,footwear,405,1,0.08,1,0,1,0.056,0,0
txn_000830,5080.16,electronics,prepaid,50009,2026-03-14T14:06:00,agent_45,23,electronics,5353.02,attr_3,electronics,5080.16,attr_3,user_13,5722.49,electronics,253,1,0.15,1,1,1,0.105,0,0
txn_000831,3270.22,home,prepaid,500019,2026-02-02T05:49:00,agent_2,140,home,3510.04,attr_1,home,3270.22,attr_1,user_64,3907.53,home,400,1,0.1,1,1,1,0.07,0,0
txn_000832,1868.24,electronics,COD,500014,2026-02-27T18:40:00,agent_49,52,electronics,2538.16,attr_2,electronics,1868.24,attr_2,user_484,2526.78,electronics,1128,1,0.2,1,1,1,0.14,1,0
txn_000833,1990.98,flights,prepaid,500012,2026-01-29T04:22:00,agent_59,146,flights,2177.83,attr_4,flights,1990.98,attr_4,user_454,1939.16,flights,1106,1,0.61,1,1,1,0.427,1,0
txn_000834,11567.33,footwear,COD,500012,2026-02-08T17:55:00,agent_16,20,footwear,7268.98,attr_2,footwear,11567.33,attr_2,user_462,5458.12,footwear,1466,1,0.27,1,0,1,0.189,1,0
txn_000835,3878.4,footwear,COD,50007,2026-01-20T21:56:00,agent_43,19,footwear,4471.43,attr_4,footwear,3878.4,attr_4,user_134,5960.68,electronics,43,1,0.79,1,1,1,0.237,0,0
txn_000836,5479.44,groceries,COD,500020,2026-02-08T07:08:00,agent_57,12,groceries,7693.49,attr_5,groceries,5479.44,attr_5,user_330,4243.72,groceries,1245,1,0.99,1,1,1,0.693,1,0
txn_000837,5282.35,electronics,COD,500013,2026-03-28T08:50:00,agent_47,90,electronics,4042.06,attr_2,electronics,5282.35,attr_2,user_485,4119.52,electronics,72,1,0.64,1,0,1,0.448,0,0
txn_000838,1586.78,flights,COD,50004,2026-05-02T00:42:00,agent_11,22,flights,1996.78,attr_1,flights,1586.78,attr_1,user_65,4102.29,flights,1453,1,0.3,1,1,1,0.21,0,0
txn_000839,4198.06,fashion,prepaid,50002,2026-01-23T20:15:00,agent_15,1,fashion,5811.46,attr_2,fashion,4198.06,attr_2,user_427,3539.03,flights,1488,1,0.61,1,1,1,0.183,0,0
txn_000840,1393.04,electronics,COD,500019,2026-04-21T08:40:00,agent_55,368,electronics,2112.61,attr_1,electronics,1393.04,attr_1,user_312,1933.38,footwear,220,1,0.74,1,1,1,0.222,1,0
txn_000841,5462.7,fashion,COD,500016,2026-03-26T17:27:00,agent_16,96,fashion,6478.3,attr_3,fashion,5462.7,attr_3,user_29,1430.54,fashion,506,1,0.95,1,1,1,0.665,1,0
txn_000842,3762.52,flights,COD,500020,2026-03-16T14:52:00,agent_49,354,flights,2781.36,attr_5,flights,3762.52,attr_4,user_33,3684.17,groceries,1069,1,0.93,1,0,0,0.279,0,0
txn_000843,6572.62,footwear,COD,50004,2026-02-16T00:33:00,agent_20,2,footwear,5916.59,attr_1,footwear,6572.62,attr_1,user_166,1426.95,footwear,491,1,0.32,1,0,1,0.224,1,0
txn_000844,11029.58,footwear,COD,500014,2026-03-25T09:32:00,agent_21,13,footwear,7029.22,attr_2,footwear,11029.58,attr_2,user_489,2180.7,footwear,787,1,0.77,1,0,1,0.539,1,0
txn_000845,4987.91,flights,prepaid,50008,2026-04-04T03:18:00,agent_15,27,flights,5310.48,attr_5,flights,4987.91,attr_5,user_387,3873.08,flights,792,1,0.68,1,1,1,0.476,0,0
txn_000846,3071.49,footwear,prepaid,50002,2026-04-10T00:54:00,agent_48,244,footwear,3757.35,attr_5,footwear,3071.49,attr_5,user_424,4668.98,footwear,770,1,0.95,1,1,1,0.665,0,0
txn_000847,2265.46,home,prepaid,500016,2026-03-14T03:53:00,agent_56,28,flights,1764.02,attr_5,home,2265.46,attr_5,user_471,3671.61,flights,789,1,0.09,0,0,1,0.027,0,0
txn_000848,4422.56,electronics,prepaid,50009,2026-03-02T07:08:00,agent_34,229,electronics,5465.77,attr_2,electronics,4422.56,attr_2,user_421,2575.07,electronics,533,0,0.4,1,1,1,0.28,0,0
txn_000849,10198.07,electronics,prepaid,50004,2026-03-30T09:03:00,agent_16,105,electronics,7893.44,attr_3,electronics,10198.07,attr_4,user_127,558.06,fashion,1057,1,0.24,1,0,0,0.072,0,1
txn_000850,3982.49,footwear,COD,500016,2026-04-03T23:34:00,agent_6,221,footwear,2875.46,attr_2,footwear,3982.49,attr_3,user_399,4743.43,footwear,838,1,0.02,1,0,0,0.014,0,0
txn_000851,1819.23,flights,COD,500016,2026-01-02T06:06:00,agent_54,277,flights,2468.9,attr_5,flights,1819.23,attr_5,user_483,4934.7,footwear,463,1,0.1,1,1,1,0.03,0,0
txn_000852,5359.5,electronics,COD,500019,2026-01-17T12:18:00,agent_22,81,electronics,6034.98,attr_1,electronics,5359.5,attr_1,user_194,4839.02,fashion,763,1,0.11,1,1,1,0.033,0,0
txn_000853,3044.59,fashion,prepaid,500020,2026-03-04T20:19:00,agent_12,33,fashion,4189.94,attr_2,fashion,3044.59,attr_2,user_415,3179.96,fashion,548,1,0.57,1,1,1,0.399,0,0
txn_000854,1377.72,footwear,COD,50009,2026-01-24T21:07:00,agent_37,87,footwear,1437.34,attr_2,footwear,1377.72,attr_2,user_480,5050.33,footwear,1366,1,0.43,1,1,1,0.301,0,0
txn_000855,1725.08,electronics,COD,50004,2026-05-08T15:25:00,agent_33,33,electronics,1964.01,attr_4,electronics,1725.08,attr_4,user_446,3131.77,electronics,760,1,0.99,1,1,1,0.693,1,0
txn_000856,4948.25,groceries,COD,500018,2026-05-11T01:48:00,agent_23,3,groceries,6158.02,attr_3,groceries,4948.25,attr_3,user_443,2395.13,groceries,843,1,0.69,1,1,1,0.483,1,0
txn_000857,4072.4,groceries,COD,500011,2026-03-12T10:02:00,agent_7,81,groceries,5559.41,attr_3,groceries,4072.4,attr_3,user_222,576.55,groceries,1499,1,0.07,1,1,1,0.049,0,0
txn_000858,3153.71,groceries,prepaid,500014,2026-02-15T10:08:00,agent_35,174,groceries,3484.58,attr_5,groceries,3153.71,attr_5,user_298,2285.21,electronics,1273,1,0.58,1,1,1,0.174,0,0
txn_000859,4512.57,fashion,prepaid,500019,2026-05-06T02:10:00,agent_31,109,fashion,5797.54,attr_5,fashion,4512.57,attr_5,user_416,1638.42,fashion,1189,1,0.02,1,1,1,0.014,0,0
txn_000860,3364.64,fashion,prepaid,500020,2026-02-01T11:43:00,agent_15,42,fashion,3421.72,attr_2,fashion,3364.64,attr_2,user_400,1363.33,fashion,315,1,0.48,1,1,1,0.336,0,0
txn_000861,2639.86,fashion,COD,500017,2026-04-08T10:39:00,agent_11,11,fashion,3734.04,attr_5,fashion,2639.86,attr_5,user_134,5002.03,fashion,1416,0,0.91,1,1,1,0.637,1,0
txn_000862,7050.31,home,COD,500016,2026-04-05T01:09:00,agent_58,96,home,5942.21,attr_2,home,7050.31,attr_2,user_121,503.8,home,550,1,0.24,1,0,1,0.168,0,0
txn_000863,6009.12,electronics,prepaid,50001,2026-02-20T23:32:00,agent_16,322,electronics,7841.67,attr_5,electronics,6009.12,attr_5,user_410,3985.98,home,677,1,0.96,1,1,1,0.288,0,0
txn_000864,2931.29,fashion,COD,500015,2026-03-22T23:41:00,agent_33,143,fashion,3345.47,attr_2,fashion,2931.29,attr_2,user_310,2537.03,fashion,1097,1,0.75,1,1,1,0.525,0,0
txn_000865,2762.03,fashion,COD,500014,2026-02-12T03:39:00,agent_43,57,fashion,2833.43,attr_5,fashion,2762.03,attr_5,user_190,3535.5,fashion,1295,1,0.28,1,1,1,0.196,0,0
txn_000866,1164.21,home,prepaid,500010,2026-04-16T01:33:00,agent_14,13,home,924.02,attr_5,home,1164.21,attr_5,user_323,3346.71,home,193,1,0.15,1,0,1,0.105,0,0
txn_000867,3378.23,flights,prepaid,500015,2026-02-22T05:58:00,agent_34,274,flights,4223.05,attr_1,flights,3378.23,attr_1,user_427,3038.2,flights,413,1,0.43,1,1,1,0.301,0,0
txn_000868,6283.75,fashion,COD,50009,2026-03-15T11:22:00,agent_58,12,fashion,4227.49,attr_2,fashion,6283.75,attr_2,user_47,1536.73,fashion,865,0,0.66,1,0,1,0.462,1,0
txn_000869,5566.48,groceries,prepaid,50005,2026-01-09T18:03:00,agent_19,200,groceries,6972.62,attr_1,groceries,5566.48,attr_1,user_262,4728.5,groceries,582,1,0.97,1,1,1,0.679,0,0
txn_000870,6293.27,home,prepaid,500011,2026-04-28T16:58:00,agent_33,24,home,4070.82,attr_1,home,6293.27,attr_1,user_285,2048.57,home,824,1,0.94,1,0,1,0.658,0,0
txn_000871,7300.79,electronics,COD,500015,2026-04-01T01:04:00,agent_15,114,electronics,7808.56,attr_1,electronics,7300.79,attr_1,user_30,4859.01,electronics,273,1,0.79,1,1,1,0.553,0,0
txn_000872,749.21,fashion,COD,500012,2026-01-15T04:11:00,agent_44,291,fashion,881.72,attr_2,fashion,749.21,attr_2,user_321,2721.9,flights,1278,1,0.95,1,1,1,0.285,0,0
txn_000873,5188.3,groceries,prepaid,500019,2026-01-12T05:43:00,agent_5,383,groceries,6331.62,attr_3,groceries,5188.3,attr_3,user_244,5106.85,groceries,927,1,0.23,1,1,1,0.161,0,0
txn_000874,6579.23,fashion,prepaid,500017,2026-04-18T23:45:00,agent_10,43,fashion,7407.28,attr_3,fashion,6579.23,attr_3,user_262,2297.83,fashion,1109,1,0.06,1,1,1,0.042,0,0
txn_000875,2813.38,electronics,prepaid,50005,2026-03-14T05:29:00,agent_43,130,electronics,4540.71,attr_2,electronics,2813.38,attr_2,user_494,5536.4,groceries,1324,1,0.76,1,1,1,0.228,0,0
txn_000876,5448.86,footwear,COD,500019,2026-02-15T05:43:00,agent_1,38,footwear,7082.55,attr_2,footwear,5448.86,attr_2,user_430,4141.2,home,646,1,0.85,1,1,1,0.255,0,1
txn_000877,3905.68,fashion,prepaid,50004,2026-01-10T07:06:00,agent_35,76,fashion,6467.5,attr_2,fashion,3905.68,attr_2,user_410,1609.36,fashion,674,0,0.59,1,1,1,0.413,1,0
txn_000878,7673.37,groceries,COD,50005,2026-04-27T22:16:00,agent_58,113,home,4879.66,attr_1,groceries,7673.37,attr_1,user_270,523.65,home,1110,1,0.71,0,0,1,0.213,0,0
txn_000879,5424.76,electronics,COD,500013,2026-04-10T13:46:00,agent_51,12,electronics,5692.48,attr_5,electronics,5424.76,attr_5,user_344,5077.81,flights,950,1,0.91,1,1,1,0.273,0,0
txn_000880,4868.32,flights,prepaid,50004,2026-05-02T11:55:00,agent_25,183,flights,3879.77,attr_1,flights,4868.32,attr_1,user_213,4596.07,flights,803,1,0.56,1,0,1,0.392,0,0
txn_000881,855.55,footwear,COD,500018,2026-02-21T14:19:00,agent_34,128,footwear,1210.45,attr_1,footwear,855.55,attr_1,user_337,5765.05,footwear,942,1,0.93,1,1,1,0.651,0,0
txn_000882,6710.15,footwear,prepaid,500014,2026-03-05T20:10:00,agent_44,80,footwear,7661.56,attr_1,footwear,6710.15,attr_1,user_318,961.37,footwear,1082,1,0.53,1,1,1,0.371,0,0
txn_000883,1826.58,footwear,COD,50007,2026-03-25T08:50:00,agent_14,366,footwear,1960.47,attr_3,footwear,1826.58,attr_3,user_361,3902.77,footwear,60,1,0.12,1,1,1,0.084,0,0
txn_000884,2176.34,electronics,COD,500012,2026-01-21T04:19:00,agent_58,356,electronics,3412.95,attr_3,electronics,2176.34,attr_3,user_261,561.15,home,1295,1,0.75,1,1,1,0.225,0,0
txn_000885,1582.83,home,COD,50003,2026-02-17T13:33:00,agent_50,5,home,1626.43,attr_1,home,1582.83,attr_1,user_462,5822.93,home,396,1,0.88,1,1,1,0.616,0,0
txn_000886,3685.68,flights,COD,50003,2026-01-08T04:41:00,agent_39,84,flights,2627.49,attr_1,flights,3685.68,attr_4,user_340,5479.16,flights,835,1,0.71,1,0,0,0.497,0,0
txn_000887,8782.47,electronics,COD,50009,2026-02-22T14:19:00,agent_53,86,fashion,6031.61,attr_5,electronics,8782.47,attr_2,user_117,4114.42,fashion,299,1,0.13,0,0,0,0.039,0,0
txn_000888,7997.62,fashion,COD,50002,2026-03-03T10:16:00,agent_42,4,fashion,6282.59,attr_2,fashion,7997.62,attr_3,user_55,962.03,fashion,1288,1,0.41,1,0,0,0.287,1,0
txn_000889,2277.21,groceries,COD,50003,2026-03-31T13:58:00,agent_7,96,groceries,3041.7,attr_4,groceries,2277.21,attr_4,user_63,4928.55,fashion,76,1,0.15,1,1,1,0.045,0,0
txn_000890,5197.68,fashion,prepaid,50004,2026-02-06T14:44:00,agent_8,248,fashion,5778.34,attr_4,fashion,5197.68,attr_4,user_134,3918.99,fashion,1192,0,0.08,1,1,1,0.056,1,0
txn_000891,5386.15,electronics,COD,500012,2026-02-25T22:47:00,agent_20,255,home,5076.8,attr_5,electronics,5386.15,attr_5,user_30,1887.75,flights,999,1,0.2,0,0,1,0.06,1,0
txn_000892,2684.88,fashion,prepaid,500012,2026-01-13T23:01:00,agent_59,8,fashion,4022.92,attr_3,fashion,2684.88,attr_3,user_383,4828.91,fashion,1280,1,0.5,1,1,1,0.35,0,0
txn_000893,2058.89,footwear,prepaid,500015,2026-04-04T06:07:00,agent_38,299,footwear,2588.94,attr_3,footwear,2058.89,attr_3,user_328,5995.18,footwear,714,0,0.1,1,1,1,0.07,0,0
txn_000894,4732.68,fashion,prepaid,500010,2026-02-13T15:23:00,agent_18,235,fashion,7670.93,attr_1,fashion,4732.68,attr_1,user_151,5825.77,fashion,953,1,0.61,1,1,1,0.427,0,0
txn_000895,3713.75,flights,prepaid,50004,2026-02-19T22:42:00,agent_56,442,flights,5208.19,attr_4,flights,3713.75,attr_4,user_300,5361.36,flights,238,1,0.1,1,1,1,0.07,0,0
txn_000896,9487.11,home,prepaid,500012,2026-03-27T06:05:00,agent_4,367,home,7829.53,attr_5,home,9487.11,attr_5,user_344,3802.51,footwear,835,1,0.04,1,0,1,0.012,0,0
txn_000897,1821.94,fashion,prepaid,500015,2026-05-17T01:23:00,agent_59,25,fashion,2769.88,attr_1,fashion,1821.94,attr_1,user_294,3342.37,fashion,1176,1,0.53,1,1,1,0.371,0,0
txn_000898,3073.82,electronics,COD,500019,2026-03-31T12:13:00,agent_19,150,electronics,2178.25,attr_2,electronics,3073.82,attr_3,user_65,4066.73,electronics,164,1,0.78,1,0,0,0.546,0,0
txn_000899,6545.39,groceries,prepaid,500014,2026-05-09T15:48:00,agent_58,62,groceries,7365.98,attr_5,groceries,6545.39,attr_5,user_444,1250.77,groceries,305,1,0.52,1,1,1,0.364,0,0
txn_000900,8679.94,fashion,COD,500017,2026-03-26T20:10:00,agent_58,53,fashion,6021.77,attr_4,fashion,8679.94,attr_4,user_432,564.06,fashion,520,1,0.82,1,0,1,0.574,1,0
txn_000901,2842.94,flights,prepaid,50002,2026-03-19T10:44:00,agent_9,248,flights,1897.64,attr_5,flights,2842.94,attr_5,user_159,4688.77,flights,1071,1,0.21,1,0,1,0.147,0,0
txn_000902,4524.66,groceries,prepaid,500018,2026-03-26T22:48:00,agent_51,208,groceries,5390.86,attr_3,groceries,4524.66,attr_3,user_41,1297.87,fashion,435,1,0.89,1,1,1,0.267,0,0
txn_000903,1942.73,footwear,prepaid,50003,2026-01-31T03:10:00,agent_15,118,footwear,3122.99,attr_5,footwear,1942.73,attr_5,user_51,4053.11,footwear,1187,1,0.02,1,1,1,0.014,0,0
txn_000904,6994.36,groceries,COD,500013,2026-02-24T17:17:00,agent_23,34,groceries,7643.92,attr_1,groceries,6994.36,attr_1,user_460,986.05,groceries,1083,1,0.64,1,1,1,0.448,0,0
txn_000905,9182.8,home,prepaid,50005,2026-01-03T07:52:00,agent_58,314,home,7042.11,attr_3,home,9182.8,attr_4,user_303,967.37,home,314,1,0.7,1,0,0,0.49,0,0
txn_000906,2768.14,electronics,COD,500013,2026-04-13T23:47:00,agent_54,45,electronics,4477.48,attr_1,electronics,2768.14,attr_1,user_17,4293.73,electronics,906,0,0.19,1,1,1,0.133,1,0
txn_000907,5317.75,fashion,prepaid,50007,2026-01-20T01:16:00,agent_47,19,fashion,5921.56,attr_5,fashion,5317.75,attr_5,user_370,1400.28,flights,802,1,0.95,1,1,1,0.285,1,0
txn_000908,3975.41,footwear,COD,500014,2026-05-13T23:06:00,agent_21,141,footwear,4287.44,attr_4,footwear,3975.41,attr_4,user_437,4827.9,footwear,765,1,0.54,1,1,1,0.378,0,0
txn_000909,5779.16,home,COD,500013,2026-01-29T09:51:00,agent_17,82,home,7098.87,attr_1,home,5779.16,attr_1,user_452,5600.8,footwear,1331,1,0.42,1,1,1,0.126,0,0
txn_000910,2025.77,fashion,COD,500016,2026-03-19T07:32:00,agent_27,35,fashion,2896.75,attr_1,fashion,2025.77,attr_1,user_422,2025.12,groceries,456,1,0.09,1,1,1,0.027,0,1
txn_000911,3390.78,flights,prepaid,500014,2026-03-09T02:47:00,agent_30,18,flights,3616.67,attr_3,flights,3390.78,attr_3,user_231,5250.55,footwear,841,1,0.78,1,1,1,0.234,0,0
txn_000912,5875.61,footwear,prepaid,50004,2026-01-14T12:03:00,agent_16,8,footwear,5576.51,attr_5,footwear,5875.61,attr_3,user_206,2057.06,footwear,913,1,0.52,1,0,0,0.364,0,1
txn_000913,2973.74,groceries,prepaid,500011,2026-03-03T05:29:00,agent_4,68,groceries,3165.96,attr_4,groceries,2973.74,attr_4,user_446,745.05,groceries,576,0,0.48,1,1,1,0.336,1,0
txn_000914,2770.15,home,prepaid,50009,2026-01-24T06:53:00,agent_46,293,home,2244.45,attr_3,home,2770.15,attr_5,user_105,2683.66,home,498,1,0.05,1,0,0,0.035,1,0
txn_000915,6531.7,home,COD,50009,2026-01-22T02:23:00,agent_44,21,home,4981.8,attr_1,home,6531.7,attr_1,user_289,4268.97,home,1283,1,0.61,1,0,1,0.427,0,0
txn_000916,4016.66,footwear,COD,500015,2026-01-14T19:01:00,agent_40,0,footwear,4567.79,attr_1,footwear,4016.66,attr_1,user_383,2140.67,footwear,1403,1,0.58,1,1,1,0.406,0,0
txn_000917,965.66,electronics,prepaid,50001,2026-02-27T17:14:00,agent_47,21,electronics,1299.62,attr_4,electronics,965.66,attr_4,user_195,4292.37,electronics,1232,1,0.46,1,1,1,0.322,0,0
txn_000918,4317.29,home,COD,50005,2026-02-28T08:35:00,agent_53,9,home,5015.08,attr_1,home,4317.29,attr_1,user_321,5075.25,home,145,1,0.35,1,1,1,0.245,1,0
txn_000919,3198.28,fashion,COD,50006,2026-01-15T14:06:00,agent_1,40,fashion,3521.53,attr_3,fashion,3198.28,attr_3,user_336,1724.39,footwear,380,1,0.47,1,1,1,0.141,0,0
txn_000920,2250.9,groceries,prepaid,500010,2026-03-20T14:24:00,agent_11,184,groceries,3611.08,attr_3,groceries,2250.9,attr_3,user_458,1596.85,electronics,151,0,0.03,1,1,1,0.009,0,0
txn_000921,2779.48,footwear,COD,500013,2026-01-24T14:57:00,agent_45,401,footwear,3811.1,attr_2,footwear,2779.48,attr_2,user_161,3177.21,footwear,650,1,0.71,1,1,1,0.497,0,0
txn_000922,1477.53,groceries,COD,500018,2026-03-02T00:46:00,agent_4,7,groceries,1500.65,attr_5,groceries,1477.53,attr_5,user_407,5871.81,groceries,1097,1,0.35,1,1,1,0.245,0,0
txn_000923,4481.79,home,prepaid,500017,2026-02-17T19:00:00,agent_53,30,home,4744.8,attr_1,home,4481.79,attr_1,user_237,5411.3,home,48,1,0.93,1,1,1,0.651,0,0
txn_000924,1375.68,footwear,prepaid,500017,2026-04-23T01:01:00,agent_34,57,footwear,1861.49,attr_3,footwear,1375.68,attr_3,user_247,4736.64,groceries,874,1,0.3,1,1,1,0.09,0,0
txn_000925,2812.63,home,COD,50004,2026-02-18T05:26:00,agent_27,241,home,3739.68,attr_2,home,2812.63,attr_2,user_467,1341.88,home,1223,1,0.44,1,1,1,0.308,0,1
txn_000926,5223.81,home,prepaid,50003,2026-01-30T19:16:00,agent_52,57,home,6616.29,attr_5,home,5223.81,attr_5,user_423,4391.57,home,704,1,0.59,1,1,1,0.413,1,0
txn_000927,2191.19,electronics,prepaid,50001,2026-04-02T13:49:00,agent_57,1,electronics,3437.44,attr_5,electronics,2191.19,attr_5,user_489,2741.88,fashion,159,1,0.58,1,1,1,0.174,1,0
txn_000928,5428.14,fashion,prepaid,500017,2026-04-23T19:15:00,agent_28,273,groceries,4732.24,attr_1,fashion,5428.14,attr_3,user_25,5282.94,home,1229,1,0.11,0,0,0,0.033,0,0
txn_000929,2436.94,home,COD,500010,2026-04-26T02:16:00,agent_37,37,home,1804.3,attr_5,home,2436.94,attr_5,user_418,3638.4,home,849,1,0.63,1,0,1,0.441,0,0
txn_000930,2447.89,footwear,COD,50008,2026-03-29T21:08:00,agent_15,123,footwear,2903.93,attr_4,footwear,2447.89,attr_4,user_195,4005.34,footwear,1195,1,0.96,1,1,1,0.672,0,0
txn_000931,5199.87,groceries,COD,500015,2026-03-15T15:46:00,agent_28,134,groceries,5387.76,attr_2,groceries,5199.87,attr_2,user_22,1808.84,groceries,1276,1,0.37,1,1,1,0.259,1,0
txn_000932,1716.9,footwear,COD,500015,2026-02-28T10:40:00,agent_24,71,footwear,2547.1,attr_5,footwear,1716.9,attr_5,user_393,3628.5,footwear,1200,1,0.57,1,1,1,0.399,1,0
txn_000933,2915.17,fashion,prepaid,50002,2026-01-15T18:49:00,agent_34,169,fashion,4713.23,attr_2,fashion,2915.17,attr_2,user_73,808.92,fashion,1135,1,0.56,1,1,1,0.392,0,0
txn_000934,650.44,home,COD,50008,2026-01-17T10:02:00,agent_13,359,home,763.8,attr_5,home,650.44,attr_5,user_445,5894.93,home,903,1,0.32,1,1,1,0.224,1,0
txn_000935,1479.7,electronics,COD,50003,2026-05-05T01:39:00,agent_56,63,electronics,1965.88,attr_4,electronics,1479.7,attr_4,user_135,1567.58,electronics,171,1,0.4,1,1,1,0.28,0,0
txn_000936,2715.53,flights,prepaid,50001,2026-02-15T12:59:00,agent_48,66,flights,3944.02,attr_1,flights,2715.53,attr_1,user_397,4853.51,flights,1467,1,0.04,1,1,1,0.028,0,0
txn_000937,6871.97,electronics,prepaid,500020,2026-03-31T16:53:00,agent_24,58,electronics,7533.25,attr_2,electronics,6871.97,attr_2,user_429,1017.28,electronics,888,1,0.37,1,1,1,0.259,0,0
txn_000938,2641.24,flights,prepaid,50007,2026-03-17T06:45:00,agent_20,163,flights,2293.96,attr_5,flights,2641.24,attr_4,user_158,4213.39,flights,683,1,0.77,1,0,0,0.539,0,0
txn_000939,5337.99,fashion,prepaid,50007,2026-03-25T20:52:00,agent_39,27,fashion,6286.27,attr_3,fashion,5337.99,attr_3,user_420,5364.61,fashion,764,1,0.91,1,1,1,0.637,0,0
txn_000940,8790.11,home,prepaid,50001,2026-01-28T10:53:00,agent_15,133,fashion,7722.64,attr_1,home,8790.11,attr_1,user_416,4945.92,fashion,876,1,0.75,0,0,1,0.225,0,1
txn_000941,3593.92,electronics,prepaid,50006,2026-05-03T11:58:00,agent_17,206,electronics,2456.58,attr_2,electronics,3593.92,attr_2,user_92,1437.15,electronics,553,1,0.03,1,0,1,0.021,0,0
txn_000942,8355.42,footwear,prepaid,500016,2026-05-06T01:15:00,agent_6,94,footwear,6564.12,attr_5,footwear,8355.42,attr_5,user_340,5709.21,footwear,326,1,0.94,1,0,1,0.658,0,0
txn_000943,5962.98,electronics,COD,500011,2026-02-10T00:42:00,agent_18,15,electronics,7851.13,attr_1,electronics,5962.98,attr_1,user_299,1175.71,electronics,1216,1,0.22,1,1,1,0.154,0,0
txn_000944,2644.48,fashion,COD,500018,2026-05-09T14:00:00,agent_33,72,fashion,3618.75,attr_4,fashion,2644.48,attr_4,user_435,4535.35,fashion,687,1,0.73,1,1,1,0.511,1,0
txn_000945,2897.92,electronics,COD,500020,2026-05-16T23:45:00,agent_34,125,electronics,2492.4,attr_2,electronics,2897.92,attr_3,user_385,5135.69,electronics,15,1,0.23,1,0,0,0.161,1,0
txn_000946,3292.41,flights,COD,500014,2026-02-25T16:09:00,agent_59,186,flights,3681.58,attr_1,flights,3292.41,attr_1,user_3,2839.4,flights,427,1,0.58,1,1,1,0.406,1,0
txn_000947,4891.49,flights,prepaid,50007,2026-01-08T11:36:00,agent_49,176,flights,6804.19,attr_4,flights,4891.49,attr_4,user_470,4180.42,groceries,1027,1,0.81,1,1,1,0.243,0,0
txn_000948,4913.51,flights,prepaid,50007,2026-01-30T21:07:00,agent_35,120,flights,7649.76,attr_4,flights,4913.51,attr_4,user_308,2443.25,footwear,418,1,0.9,1,1,1,0.27,0,0
txn_000949,8715.31,electronics,COD,50003,2026-05-05T05:32:00,agent_34,59,electronics,6904.42,attr_5,electronics,8715.31,attr_5,user_121,1683.1,flights,1236,1,0.96,1,0,1,0.288,0,0
txn_000950,5561.93,fashion,COD,50004,2026-04-02T16:12:00,agent_27,134,fashion,7596.13,attr_4,fashion,5561.93,attr_4,user_100,4879.05,fashion,371,1,0.43,1,1,1,0.301,1,0
txn_000951,3180.39,flights,COD,500011,2026-02-22T23:49:00,agent_52,31,flights,3452.06,attr_1,flights,3180.39,attr_1,user_238,4469.98,flights,1186,1,0.66,1,1,1,0.462,1,0
txn_000952,2760.07,groceries,prepaid,50003,2026-04-02T16:32:00,agent_16,25,groceries,2847.04,attr_3,groceries,2760.07,attr_3,user_68,5678.35,groceries,1360,1,0.52,1,1,1,0.364,0,0
txn_000953,3934.98,home,COD,50006,2026-05-03T08:34:00,agent_14,185,home,6329.73,attr_1,home,3934.98,attr_1,user_22,2403.38,home,709,1,0.56,1,1,1,0.392,0,0
txn_000954,3876.28,footwear,COD,50003,2026-01-14T23:23:00,agent_39,63,footwear,3513.22,attr_4,footwear,3876.28,attr_4,user_273,5409.32,footwear,803,1,0.8,1,0,1,0.56,0,0
txn_000955,6407.95,fashion,prepaid,50007,2026-01-22T17:06:00,agent_52,79,fashion,7222.75,attr_1,fashion,6407.95,attr_1,user_297,4391.53,fashion,1344,1,0.3,1,1,1,0.21,0,0
txn_000956,4852.43,electronics,COD,500020,2026-02-07T07:28:00,agent_55,78,electronics,6470.75,attr_3,electronics,4852.43,attr_3,user_125,4284.3,electronics,496,1,0.6,1,1,1,0.42,1,0
txn_000957,1066.35,flights,COD,50003,2026-05-13T10:40:00,agent_8,44,flights,1160.09,attr_3,flights,1066.35,attr_3,user_472,3926.72,flights,199,1,0.67,1,1,1,0.469,0,0
txn_000958,1938.59,footwear,prepaid,50002,2026-04-14T20:54:00,agent_31,167,footwear,1299.83,attr_3,footwear,1938.59,attr_3,user_317,692.23,footwear,1400,1,0.51,1,0,1,0.357,0,0
txn_000959,3360.66,fashion,COD,500016,2026-05-08T14:28:00,agent_31,126,fashion,5383.14,attr_4,fashion,3360.66,attr_4,user_282,4244.48,fashion,1301,1,0.06,1,1,1,0.042,0,0
txn_000960,4418.61,electronics,prepaid,500017,2026-01-30T17:39:00,agent_3,44,fashion,3224.93,attr_2,electronics,4418.61,attr_2,user_229,1879.98,footwear,420,1,0.51,0,0,1,0.153,1,0
txn_000961,1627.62,fashion,prepaid,50004,2026-02-18T12:33:00,agent_32,7,fashion,2651.11,attr_1,fashion,1627.62,attr_1,user_32,1254.48,footwear,14,1,0.48,1,1,1,0.144,1,0
txn_000962,6365.37,fashion,COD,500012,2026-03-26T19:43:00,agent_16,40,fashion,5623.44,attr_4,fashion,6365.37,attr_4,user_375,649.12,fashion,641,1,0.52,1,0,1,0.364,0,1
txn_000963,2368.14,home,COD,500020,2026-03-30T09:23:00,agent_53,29,home,2786.23,attr_2,home,2368.14,attr_2,user_286,2737.71,home,1114,1,0.55,1,1,1,0.385,0,0
txn_000964,5472.05,flights,prepaid,50007,2026-04-28T15:44:00,agent_9,91,flights,7412.41,attr_1,flights,5472.05,attr_1,user_72,4462.23,flights,651,1,0.04,1,1,1,0.028,1,0
txn_000965,2520.55,fashion,prepaid,500011,2026-03-31T03:38:00,agent_58,82,fashion,1770.13,attr_4,fashion,2520.55,attr_2,user_78,4666.78,flights,484,1,0.61,1,0,0,0.183,0,0
txn_000966,2461.78,electronics,prepaid,50009,2026-02-26T21:03:00,agent_32,88,electronics,2325.74,attr_4,electronics,2461.78,attr_1,user_15,2332.19,fashion,953,1,0.17,1,0,0,0.051,0,0
txn_000967,7249.28,footwear,COD,500017,2026-01-03T08:09:00,agent_21,103,footwear,7600.87,attr_5,footwear,7249.28,attr_5,user_310,1903.27,electronics,138,1,0.44,1,1,1,0.132,0,0
txn_000968,3542.67,fashion,prepaid,50003,2026-02-11T22:37:00,agent_9,325,footwear,2772.71,attr_2,fashion,3542.67,attr_2,user_50,3966.52,footwear,908,0,0.31,0,0,1,0.093,0,0
txn_000969,6747.38,footwear,COD,500017,2026-03-16T21:25:00,agent_1,132,footwear,6953.79,attr_3,footwear,6747.38,attr_3,user_86,5226.62,footwear,1420,1,0.32,1,1,1,0.224,0,0
txn_000970,1951.74,flights,prepaid,500014,2026-04-07T11:09:00,agent_57,82,flights,3093.82,attr_5,flights,1951.74,attr_5,user_140,1161.91,flights,836,1,0.76,1,1,1,0.532,0,0
txn_000971,2997.27,flights,COD,50008,2026-02-23T14:02:00,agent_28,196,flights,4228.96,attr_2,flights,2997.27,attr_2,user_255,3463.34,flights,405,1,0.06,1,1,1,0.042,0,0
txn_000972,6488.05,flights,COD,50008,2026-05-18T10:42:00,agent_7,0,flights,6911.65,attr_5,flights,6488.05,attr_5,user_290,4459.4,groceries,14,1,0.12,1,1,1,0.036,1,0
txn_000973,3727.81,electronics,COD,50008,2026-01-27T06:35:00,agent_13,149,electronics,4211.68,attr_4,electronics,3727.81,attr_4,user_451,3197.46,electronics,1499,1,0.48,1,1,1,0.336,0,0
txn_000974,499.15,groceries,COD,500017,2026-01-08T14:16:00,agent_34,63,groceries,536.63,attr_4,groceries,499.15,attr_4,user_170,5527.49,flights,649,0,0.74,1,1,1,0.222,1,0
txn_000975,5673.32,electronics,prepaid,500020,2026-02-21T01:29:00,agent_29,34,electronics,7797.49,attr_4,electronics,5673.32,attr_4,user_230,1012.09,groceries,634,1,0.73,1,1,1,0.219,0,0
txn_000976,866.74,flights,prepaid,500011,2026-04-07T13:31:00,agent_55,74,flights,1328.75,attr_3,flights,866.74,attr_3,user_266,4897.82,flights,1403,1,0.03,1,1,1,0.021,0,0
txn_000977,9575.09,fashion,COD,500013,2026-01-13T11:44:00,agent_8,25,fashion,7466.33,attr_1,fashion,9575.09,attr_2,user_351,2220.66,fashion,1488,0,0.35,1,0,0,0.245,0,0
txn_000978,2467.39,groceries,COD,500020,2026-04-03T08:02:00,agent_58,319,groceries,3561.06,attr_5,groceries,2467.39,attr_5,user_443,4094.75,groceries,723,1,0.4,1,1,1,0.28,0,0
txn_000979,470.23,home,prepaid,500015,2026-02-18T04:43:00,agent_50,311,home,739.89,attr_4,home,470.23,attr_4,user_315,2850.21,home,1238,1,0.61,1,1,1,0.427,0,0
txn_000980,6575.91,home,prepaid,50007,2026-03-20T21:24:00,agent_11,424,home,6713.79,attr_1,home,6575.91,attr_1,user_19,1501.42,home,741,1,0.32,1,1,1,0.224,0,1
txn_000981,8112.67,footwear,COD,50005,2026-03-27T19:59:00,agent_39,399,footwear,5253.04,attr_2,footwear,8112.67,attr_2,user_310,1972.1,footwear,1428,1,0.82,1,0,1,0.574,0,1
txn_000982,4586.34,footwear,prepaid,500018,2026-02-04T20:32:00,agent_10,15,groceries,3354.11,attr_3,footwear,4586.34,attr_2,user_372,3996.26,groceries,126,0,0.31,0,0,0,0.093,0,0
txn_000983,2497.4,fashion,COD,500015,2026-02-09T02:16:00,agent_34,3,fashion,2614.3,attr_2,fashion,2497.4,attr_2,user_206,1857.05,electronics,274,1,0.23,1,1,1,0.069,0,0
txn_000984,11215.28,footwear,prepaid,50003,2026-03-07T02:00:00,agent_33,347,footwear,7813.35,attr_4,footwear,11215.28,attr_4,user_12,2415.77,groceries,360,1,0.62,1,0,1,0.186,0,0
txn_000985,1289.58,home,prepaid,50007,2026-05-15T09:39:00,agent_21,5,home,2060.72,attr_1,home,1289.58,attr_1,user_54,4395.69,home,400,1,0.72,1,1,1,0.504,0,0
txn_000986,12106.69,groceries,COD,500012,2026-03-15T11:49:00,agent_49,83,groceries,7673.7,attr_5,groceries,12106.69,attr_2,user_357,4618.22,groceries,994,1,0.23,1,0,0,0.161,1,0
txn_000987,3466.33,fashion,COD,50008,2026-04-22T08:04:00,agent_15,122,fashion,2205.91,attr_1,fashion,3466.33,attr_3,user_499,1655.48,fashion,1038,1,1.0,1,0,0,0.7,0,0
txn_000988,4244.28,fashion,COD,500013,2026-01-27T10:46:00,agent_7,485,fashion,6732.17,attr_5,fashion,4244.28,attr_5,user_16,2164.97,fashion,1284,1,0.3,1,1,1,0.21,0,0
txn_000989,2939.88,electronics,prepaid,50005,2026-04-17T12:39:00,agent_43,117,electronics,2987.01,attr_4,electronics,2939.88,attr_4,user_435,5453.76,electronics,674,0,0.71,1,1,1,0.497,0,0
txn_000990,4256.53,groceries,COD,500015,2026-01-11T07:02:00,agent_10,55,groceries,3274.37,attr_3,groceries,4256.53,attr_3,user_416,2410.91,groceries,1246,1,0.03,1,0,1,0.021,0,0
txn_000991,4119.43,groceries,COD,50006,2026-05-16T09:25:00,agent_45,57,groceries,5754.32,attr_1,groceries,4119.43,attr_1,user_17,4328.01,electronics,807,1,0.01,1,1,1,0.003,1,0
txn_000992,4783.21,electronics,prepaid,500019,2026-04-07T16:45:00,agent_35,13,electronics,3450.65,attr_1,electronics,4783.21,attr_1,user_434,945.14,electronics,1458,1,0.47,1,0,1,0.329,1,0
txn_000993,4609.11,fashion,prepaid,500019,2026-01-27T02:47:00,agent_55,74,fashion,6416.23,attr_3,fashion,4609.11,attr_3,user_92,628.49,fashion,314,0,0.93,1,1,1,0.651,0,1
txn_000994,3033.8,flights,prepaid,500016,2026-01-24T23:22:00,agent_19,24,flights,3431.03,attr_4,flights,3033.8,attr_4,user_471,3001.55,flights,1297,1,0.2,1,1,1,0.14,0,0
txn_000995,10017.19,home,COD,500012,2026-02-05T06:39:00,agent_43,33,home,7964.36,attr_5,home,10017.19,attr_5,user_42,1698.37,home,306,1,0.11,1,0,1,0.077,0,0
txn_000996,1648.52,home,prepaid,50007,2026-01-11T18:12:00,agent_34,3,home,2343.13,attr_5,home,1648.52,attr_5,user_204,3931.08,home,137,1,0.61,1,1,1,0.427,0,0
txn_000997,6360.73,electronics,prepaid,50002,2026-02-08T06:25:00,agent_48,198,electronics,5649.09,attr_1,electronics,6360.73,attr_4,user_301,2068.5,fashion,1384,1,0.47,1,0,0,0.141,0,1
txn_000998,3483.86,footwear,prepaid,500020,2026-03-15T22:12:00,agent_32,185,footwear,4816.74,attr_5,footwear,3483.86,attr_5,user_475,3591.96,footwear,286,1,0.25,1,1,1,0.175,0,0
txn_000999,5157.36,groceries,prepaid,50007,2026-03-14T01:13:00,agent_30,0,groceries,6026.93,attr_5,groceries,5157.36,attr_5,user_323,1646.12,groceries,1063,1,0.67,1,1,1,0.469,0,0
txn_001000,12543.14,flights,COD,50004,2026-01-16T09:58:00,agent_58,158,flights,7883.03,attr_5,flights,12543.14,attr_5,user_476,5419.55,flights,1366,1,0.85,1,0,1,0.595,0,0
txn_001001,794.63,footwear,prepaid,500011,2026-03-28T01:43:00,agent_16,148,footwear,609.76,attr_3,footwear,794.63,attr_3,user_172,2353.07,footwear,117,1,0.81,1,0,1,0.567,0,0
txn_001002,10835.69,footwear,prepaid,500011,2026-04-02T09:12:00,agent_59,4,footwear,7161.48,attr_5,footwear,10835.69,attr_2,user_84,5775.38,footwear,1425,1,0.66,1,0,0,0.462,1,0
txn_001003,4418.79,electronics,COD,50008,2026-03-11T12:46:00,agent_48,285,electronics,5627.37,attr_1,electronics,4418.79,attr_1,user_260,777.54,groceries,470,1,0.73,1,1,1,0.219,0,0
txn_001004,4797.58,groceries,COD,500015,2026-03-14T04:55:00,agent_34,48,groceries,3719.43,attr_2,groceries,4797.58,attr_2,user_234,2841.91,groceries,1443,1,0.41,1,0,1,0.287,0,0
txn_001005,4555.06,home,prepaid,500020,2026-01-28T21:01:00,agent_54,249,home,6201.11,attr_3,home,4555.06,attr_3,user_480,5803.7,home,1496,1,0.59,1,1,1,0.413,0,0
txn_001006,4731.83,flights,COD,50004,2026-05-04T21:07:00,agent_8,46,flights,5267.63,attr_1,flights,4731.83,attr_1,user_250,1298.94,flights,395,1,0.93,1,1,1,0.651,0,0
txn_001007,1762.89,groceries,COD,50003,2026-05-04T23:55:00,agent_1,46,groceries,2899.25,attr_1,groceries,1762.89,attr_1,user_329,3918.84,groceries,654,1,1.0,1,1,1,0.7,0,0
txn_001008,5650.81,fashion,prepaid,500011,2026-03-31T05:28:00,agent_24,31,fashion,4413.23,attr_3,fashion,5650.81,attr_3,user_414,5575.32,fashion,476,1,0.46,1,0,1,0.322,0,0
txn_001009,1102.79,home,prepaid,500020,2026-02-18T19:32:00,agent_1,102,home,1738.57,attr_4,home,1102.79,attr_4,user_101,2156.04,home,530,0,0.33,1,1,1,0.231,1,0
txn_001010,5591.53,flights,prepaid,50008,2026-02-08T13:13:00,agent_55,65,flights,6832.51,attr_1,flights,5591.53,attr_1,user_408,3150.41,home,117,1,0.42,1,1,1,0.126,0,0
txn_001011,2257.13,footwear,COD,500012,2026-04-05T13:16:00,agent_23,79,footwear,2780.52,attr_1,footwear,2257.13,attr_1,user_336,4699.31,footwear,239,1,0.66,1,1,1,0.462,0,0
txn_001012,5951.11,groceries,prepaid,500015,2026-04-09T10:52:00,agent_2,246,groceries,5064.69,attr_1,groceries,5951.11,attr_1,user_230,3147.81,flights,495,1,0.13,1,0,1,0.039,0,1
txn_001013,3264.17,groceries,COD,500019,2026-03-08T03:20:00,agent_44,96,groceries,2709.24,attr_4,groceries,3264.17,attr_3,user_418,1743.99,home,299,1,0.45,1,0,0,0.135,1,0
txn_001014,10227.55,footwear,prepaid,500017,2026-04-19T15:31:00,agent_22,123,footwear,7143.09,attr_4,footwear,10227.55,attr_4,user_300,2358.41,footwear,1345,1,0.06,1,0,1,0.042,0,0
txn_001015,10531.63,groceries,COD,50004,2026-03-05T23:00:00,agent_59,198,electronics,6704.46,attr_5,groceries,10531.63,attr_3,user_382,3133.48,groceries,1218,1,0.57,0,0,0,0.399,0,1
txn_001016,3130.54,footwear,prepaid,500011,2026-03-18T05:19:00,agent_36,36,footwear,2416.98,attr_3,footwear,3130.54,attr_5,user_58,4466.51,footwear,387,1,0.17,1,0,0,0.119,0,1
txn_001017,4149.27,home,COD,50006,2026-03-08T23:04:00,agent_8,145,home,6241.24,attr_3,home,4149.27,attr_3,user_129,3865.28,home,811,1,0.66,1,1,1,0.462,0,0
txn_001018,1196.04,flights,COD,500019,2026-05-17T18:13:00,agent_30,55,flights,779.25,attr_1,flights,1196.04,attr_1,user_250,3654.76,flights,1214,1,0.29,1,0,1,0.203,1,0
txn_001019,4174.35,home,prepaid,50007,2026-01-30T09:04:00,agent_19,146,home,4226.03,attr_3,home,4174.35,attr_3,user_70,3154.49,home,722,1,0.62,1,1,1,0.434,0,0
txn_001020,3058.15,flights,COD,500016,2026-03-30T14:18:00,agent_36,132,flights,3183.29,attr_2,flights,3058.15,attr_2,user_360,863.55,flights,1466,1,0.16,1,1,1,0.112,1,0
txn_001021,4637.1,flights,COD,500015,2026-04-21T17:03:00,agent_4,52,flights,2917.03,attr_2,flights,4637.1,attr_2,user_420,957.72,flights,69,1,0.87,1,0,1,0.609,0,0
txn_001022,1598.67,flights,prepaid,500017,2026-01-16T15:02:00,agent_52,157,flights,2182.4,attr_5,flights,1598.67,attr_5,user_313,3318.99,flights,500,1,0.85,1,1,1,0.595,0,0
txn_001023,591.07,footwear,prepaid,50003,2026-04-19T05:35:00,agent_51,83,footwear,693.54,attr_2,footwear,591.07,attr_2,user_23,2521.73,footwear,186,1,0.36,1,1,1,0.252,0,0
txn_001024,583.81,fashion,prepaid,50005,2026-05-17T05:09:00,agent_35,183,fashion,550.28,attr_3,fashion,583.81,attr_3,user_404,4342.51,fashion,817,1,0.02,1,0,1,0.014,0,0
txn_001025,3170.05,groceries,COD,50003,2026-04-23T23:25:00,agent_30,106,groceries,3215.88,attr_2,groceries,3170.05,attr_2,user_351,4184.31,groceries,542,1,0.29,1,1,1,0.203,0,0
txn_001026,1786.3,groceries,prepaid,500018,2026-04-13T16:42:00,agent_31,162,groceries,2060.53,attr_1,groceries,1786.3,attr_1,user_324,3946.58,groceries,140,0,0.24,1,1,1,0.168,1,0
txn_001027,5508.06,electronics,COD,500010,2026-03-26T16:58:00,agent_7,94,electronics,7331.73,attr_4,electronics,5508.06,attr_4,user_259,2528.14,electronics,1380,1,0.39,1,1,1,0.273,1,0
txn_001028,5053.04,groceries,COD,500014,2026-01-25T12:43:00,agent_35,237,groceries,7657.33,attr_4,groceries,5053.04,attr_4,user_98,1986.7,groceries,1089,1,0.8,1,1,1,0.56,0,0
txn_001029,890.92,fashion,prepaid,500016,2026-03-05T23:22:00,agent_6,106,fashion,1091.21,attr_5,fashion,890.92,attr_5,user_300,4099.63,fashion,644,1,0.47,1,1,1,0.329,0,0
txn_001030,3303.33,flights,COD,500020,2026-01-15T10:23:00,agent_12,285,flights,2565.76,attr_1,flights,3303.33,attr_5,user_306,3959.67,flights,338,1,0.39,1,0,0,0.273,0,0
txn_001031,6406.86,flights,COD,50006,2026-03-22T21:52:00,agent_50,19,flights,7578.82,attr_4,flights,6406.86,attr_4,user_472,4354.51,home,1227,1,0.65,1,1,1,0.195,1,0
txn_001032,2586.56,footwear,prepaid,50005,2026-01-06T06:57:00,agent_53,51,footwear,1983.66,attr_5,footwear,2586.56,attr_4,user_382,3336.72,footwear,1016,1,0.5,1,0,0,0.35,0,0
txn_001033,3209.32,home,COD,50003,2026-01-06T08:40:00,agent_56,223,home,3688.6,attr_5,home,3209.32,attr_5,user_180,1316.86,flights,1474,1,0.49,1,1,1,0.147,0,0
txn_001034,3611.69,flights,COD,50002,2026-04-07T12:47:00,agent_54,46,flights,4384.93,attr_5,flights,3611.69,attr_5,user_286,3585.3,flights,51,1,0.24,1,1,1,0.168,0,0
txn_001035,2591.15,flights,COD,500012,2026-05-10T03:12:00,agent_27,20,flights,4182.24,attr_5,flights,2591.15,attr_5,user_31,2914.64,flights,1090,1,0.91,1,1,1,0.637,0,0
txn_001036,4700.54,home,prepaid,500017,2026-03-18T17:07:00,agent_35,231,home,5373.56,attr_5,home,4700.54,attr_5,user_356,5313.21,home,1357,1,0.3,1,1,1,0.21,0,1
txn_001037,1890.14,flights,prepaid,50001,2026-02-25T22:50:00,agent_46,101,flights,2560.7,attr_2,flights,1890.14,attr_2,user_150,1219.96,fashion,1300,1,0.51,1,1,1,0.153,0,0
txn_001038,970.07,groceries,prepaid,500014,2026-04-17T02:27:00,agent_30,1,groceries,1280.81,attr_4,groceries,970.07,attr_4,user_12,2737.85,footwear,817,1,0.63,1,1,1,0.189,1,0
txn_001039,1145.37,fashion,prepaid,500017,2026-05-14T10:56:00,agent_7,32,fashion,1171.1,attr_4,fashion,1145.37,attr_4,user_237,5300.14,fashion,594,1,0.06,1,1,1,0.042,0,0
txn_001040,1975.46,fashion,prepaid,500011,2026-01-13T00:32:00,agent_16,1,fashion,2804.22,attr_1,fashion,1975.46,attr_1,user_393,3886.26,fashion,66,1,0.29,1,1,1,0.203,0,0
txn_001041,2748.19,fashion,COD,50004,2026-03-02T23:10:00,agent_16,13,fashion,2047.32,attr_3,fashion,2748.19,attr_5,user_496,4726.68,footwear,1495,0,0.43,1,0,0,0.129,1,0
txn_001042,3760.64,home,prepaid,500019,2026-04-11T10:46:00,agent_58,236,home,3297.19,attr_3,home,3760.64,attr_4,user_497,2925.02,home,653,1,0.14,1,0,0,0.098,0,0
txn_001043,1367.1,flights,COD,500020,2026-04-30T07:13:00,agent_53,10,flights,1649.74,attr_4,flights,1367.1,attr_4,user_37,1062.91,flights,800,1,0.6,1,1,1,0.42,0,0
txn_001044,6790.77,flights,prepaid,500011,2026-01-20T18:16:00,agent_4,278,flights,6842.94,attr_2,flights,6790.77,attr_2,user_83,5513.78,flights,349,1,0.87,1,1,1,0.609,0,0
txn_001045,4457.01,fashion,prepaid,500010,2026-05-15T13:24:00,agent_17,38,fashion,7366.38,attr_4,fashion,4457.01,attr_4,user_446,2217.7,fashion,901,1,0.39,1,1,1,0.273,0,0
txn_001046,1065.4,groceries,prepaid,50002,2026-04-11T09:50:00,agent_23,25,groceries,808.36,attr_2,groceries,1065.4,attr_2,user_207,5482.38,fashion,1239,1,0.15,1,0,1,0.045,0,0
txn_001047,3984.94,fashion,prepaid,50007,2026-03-30T16:02:00,agent_12,330,fashion,2528.21,attr_5,fashion,3984.94,attr_2,user_244,5701.3,footwear,309,1,0.59,1,0,0,0.177,0,0
txn_001048,4391.82,electronics,COD,50007,2026-01-07T07:57:00,agent_24,335,electronics,5176.91,attr_1,electronics,4391.82,attr_1,user_399,5070.97,electronics,1150,1,0.67,1,1,1,0.469,1,0
txn_001049,2245.89,fashion,COD,50003,2026-01-21T04:04:00,agent_46,42,fashion,2491.49,attr_1,fashion,2245.89,attr_1,user_367,5114.04,flights,79,1,0.54,1,1,1,0.162,0,0
txn_001050,568.47,groceries,prepaid,500010,2026-03-08T21:40:00,agent_42,10,groceries,798.93,attr_2,groceries,568.47,attr_2,user_119,5970.91,groceries,1297,1,0.02,1,1,1,0.014,0,0
txn_001051,4752.83,electronics,prepaid,500012,2026-02-04T13:49:00,agent_31,141,electronics,3866.6,attr_5,electronics,4752.83,attr_5,user_10,5904.76,electronics,1214,1,0.88,1,0,1,0.616,0,0
txn_001052,970.4,groceries,COD,50006,2026-02-09T19:04:00,agent_47,63,groceries,1014.25,attr_5,groceries,970.4,attr_5,user_422,5040.26,groceries,1199,1,0.42,1,1,1,0.294,0,0
txn_001053,4197.32,flights,COD,500012,2026-05-18T05:53:00,agent_44,325,flights,5891.55,attr_4,flights,4197.32,attr_4,user_479,1032.14,footwear,476,1,0.86,1,1,1,0.258,0,0
txn_001054,4840.17,footwear,prepaid,500015,2026-02-18T07:23:00,agent_31,0,footwear,3779.26,attr_3,footwear,4840.17,attr_3,user_135,3713.09,footwear,1101,1,0.79,1,0,1,0.553,0,0
txn_001055,4881.77,electronics,prepaid,500012,2026-05-08T21:44:00,agent_20,38,electronics,7612.03,attr_4,electronics,4881.77,attr_4,user_134,4372.54,electronics,136,0,0.16,1,1,1,0.112,1,0
txn_001056,5284.5,flights,prepaid,50002,2026-05-02T08:04:00,agent_40,54,flights,7058.32,attr_1,flights,5284.5,attr_1,user_41,774.06,flights,104,1,0.94,1,1,1,0.658,0,0
txn_001057,6498.85,flights,COD,500013,2026-02-01T22:53:00,agent_7,235,flights,7384.17,attr_3,flights,6498.85,attr_3,user_366,3710.0,home,955,1,0.06,1,1,1,0.018,1,0
txn_001058,3851.93,flights,prepaid,50003,2026-03-18T13:14:00,agent_11,107,flights,3150.08,attr_2,flights,3851.93,attr_2,user_274,2551.72,flights,914,1,0.86,1,0,1,0.602,1,0
txn_001059,1062.94,fashion,prepaid,50007,2026-05-06T22:17:00,agent_39,4,fashion,1522.98,attr_2,fashion,1062.94,attr_2,user_24,3328.65,fashion,463,1,0.87,1,1,1,0.609,1,0
txn_001060,1671.33,home,prepaid,50006,2026-03-12T03:13:00,agent_5,53,home,2081.63,attr_1,home,1671.33,attr_1,user_338,5253.14,groceries,1312,1,0.78,1,1,1,0.234,0,0
txn_001061,5155.97,electronics,COD,50001,2026-01-26T17:36:00,agent_21,66,electronics,6301.08,attr_5,electronics,5155.97,attr_5,user_441,2217.88,electronics,401,1,0.29,1,1,1,0.203,0,0
txn_001062,1536.25,electronics,prepaid,500017,2026-01-20T09:39:00,agent_42,147,electronics,1023.61,attr_4,electronics,1536.25,attr_4,user_92,3350.88,electronics,24,1,0.61,1,0,1,0.427,1,0
txn_001063,11073.37,groceries,prepaid,50001,2026-03-22T07:28:00,agent_24,342,groceries,7958.2,attr_5,groceries,11073.37,attr_5,user_369,1614.11,groceries,705,1,0.33,1,0,1,0.231,1,0
txn_001064,6204.75,fashion,COD,500012,2026-02-16T20:31:00,agent_44,14,fashion,6339.35,attr_2,fashion,6204.75,attr_2,user_285,557.26,fashion,661,1,0.12,1,1,1,0.084,1,0
txn_001065,461.51,footwear,prepaid,50004,2026-01-29T07:36:00,agent_43,123,footwear,542.31,attr_1,footwear,461.51,attr_1,user_6,5453.74,footwear,846,1,0.36,1,1,1,0.252,0,0
txn_001066,1866.24,electronics,COD,500019,2026-05-09T20:06:00,agent_2,165,electronics,2567.53,attr_4,electronics,1866.24,attr_4,user_6,1955.13,electronics,785,1,0.88,1,1,1,0.616,0,0
txn_001067,4266.32,fashion,COD,500017,2026-02-07T18:38:00,agent_13,341,fashion,4302.84,attr_1,fashion,4266.32,attr_1,user_404,5397.57,footwear,583,0,0.02,1,1,1,0.006,1,0
txn_001068,1408.33,flights,COD,50004,2026-01-21T16:43:00,agent_21,3,flights,1453.88,attr_5,flights,1408.33,attr_5,user_284,2567.69,flights,337,1,0.03,1,1,1,0.021,0,0
txn_001069,414.18,electronics,COD,50008,2026-03-27T05:39:00,agent_17,66,electronics,508.93,attr_5,electronics,414.18,attr_5,user_327,4108.23,electronics,227,1,0.27,1,1,1,0.189,1,0
txn_001070,9804.53,footwear,COD,500019,2026-04-15T00:18:00,agent_2,94,home,7097.53,attr_3,footwear,9804.53,attr_3,user_434,5703.0,home,315,1,0.77,0,0,1,0.231,0,0
txn_001071,4260.59,groceries,prepaid,500016,2026-04-13T21:31:00,agent_23,36,groceries,6454.42,attr_3,groceries,4260.59,attr_3,user_343,4551.94,groceries,1351,1,0.93,1,1,1,0.651,1,0
txn_001072,1997.51,footwear,prepaid,500013,2026-03-10T04:49:00,agent_34,120,footwear,3109.25,attr_4,footwear,1997.51,attr_4,user_475,656.26,footwear,1354,1,0.85,1,1,1,0.595,0,0
txn_001073,2279.54,electronics,prepaid,50001,2026-04-19T12:06:00,agent_44,35,electronics,2940.17,attr_2,electronics,2279.54,attr_2,user_207,5619.61,home,1434,1,0.24,1,1,1,0.072,1,0
txn_001074,3276.99,footwear,prepaid,500015,2026-04-27T04:04:00,agent_55,22,footwear,2867.2,attr_3,footwear,3276.99,attr_3,user_234,629.81,footwear,728,1,0.58,1,0,1,0.406,0,0
txn_001075,1241.43,groceries,COD,50008,2026-05-12T17:03:00,agent_41,809,groceries,911.17,attr_3,groceries,1241.43,attr_3,user_31,1817.42,groceries,1056,1,0.41,1,0,1,0.287,0,1
txn_001076,3956.52,flights,prepaid,50006,2026-02-20T09:45:00,agent_13,42,flights,4836.05,attr_5,flights,3956.52,attr_5,user_390,1033.83,flights,382,0,0.23,1,1,1,0.161,1,0
txn_001077,3956.38,groceries,prepaid,50005,2026-03-26T06:20:00,agent_37,194,groceries,5200.41,attr_4,groceries,3956.38,attr_4,user_319,3089.28,groceries,1117,1,0.56,1,1,1,0.392,0,0
txn_001078,6978.06,fashion,COD,50006,2026-03-05T05:24:00,agent_42,111,home,4713.05,attr_1,fashion,6978.06,attr_1,user_481,4623.12,home,1170,1,0.51,0,0,1,0.153,1,0
txn_001079,3951.43,footwear,prepaid,50003,2026-03-21T00:32:00,agent_30,43,footwear,5347.55,attr_2,footwear,3951.43,attr_2,user_5,1823.25,flights,145,1,0.21,1,1,1,0.063,0,0
txn_001080,3167.73,electronics,prepaid,50008,2026-01-26T19:32:00,agent_33,72,electronics,4244.46,attr_4,electronics,3167.73,attr_4,user_121,2888.15,flights,610,0,0.88,1,1,1,0.264,0,0
txn_001081,1255.4,home,prepaid,50003,2026-03-17T06:50:00,agent_9,43,home,1917.9,attr_3,home,1255.4,attr_3,user_81,4703.32,flights,275,1,0.35,1,1,1,0.105,0,0
txn_001082,5370.44,groceries,COD,50008,2026-02-04T15:33:00,agent_37,54,groceries,3501.49,attr_3,groceries,5370.44,attr_1,user_30,829.08,footwear,1332,1,0.64,1,0,0,0.192,1,0
txn_001083,1399.43,groceries,prepaid,500015,2026-02-26T02:02:00,agent_35,103,groceries,1832.01,attr_1,groceries,1399.43,attr_1,user_3,3735.73,fashion,799,1,0.01,1,1,1,0.003,0,0
txn_001084,988.17,groceries,prepaid,50009,2026-05-12T06:41:00,agent_6,186,groceries,1024.79,attr_1,groceries,988.17,attr_1,user_71,3611.65,groceries,1076,1,0.11,1,1,1,0.077,0,0
txn_001085,1124.18,fashion,COD,500010,2026-03-26T01:30:00,agent_7,71,fashion,1830.64,attr_1,fashion,1124.18,attr_1,user_147,884.75,fashion,1264,1,0.7,1,1,1,0.49,0,0
txn_001086,6672.62,groceries,prepaid,50006,2026-05-14T01:45:00,agent_15,82,groceries,7548.8,attr_4,groceries,6672.62,attr_4,user_396,1623.7,groceries,297,1,0.68,1,1,1,0.476,0,0
txn_001087,7105.02,fashion,prepaid,500012,2026-05-04T07:09:00,agent_59,117,fashion,7252.63,attr_2,fashion,7105.02,attr_2,user_352,4158.27,fashion,225,0,0.87,1,1,1,0.609,1,0
txn_001088,5149.85,footwear,COD,500014,2026-01-08T23:31:00,agent_44,89,footwear,3743.89,attr_1,footwear,5149.85,attr_1,user_177,4890.08,footwear,1084,1,0.85,1,0,1,0.595,1,0
txn_001089,1586.26,flights,COD,50005,2026-02-14T02:20:00,agent_14,67,flights,2093.86,attr_4,flights,1586.26,attr_4,user_242,2372.65,flights,775,1,0.59,1,1,1,0.413,0,0
txn_001090,11127.5,home,prepaid,50004,2026-01-03T16:52:00,agent_8,122,home,7464.17,attr_3,home,11127.5,attr_3,user_489,2818.78,home,1340,1,0.45,1,0,1,0.315,1,0
txn_001091,3991.02,home,COD,500012,2026-04-27T21:57:00,agent_26,214,home,3137.66,attr_1,home,3991.02,attr_4,user_360,4469.95,home,1164,0,0.2,1,0,0,0.14,1,0
txn_001092,2666.4,electronics,COD,500020,2026-02-07T18:07:00,agent_37,251,electronics,4331.42,attr_2,electronics,2666.4,attr_2,user_274,4207.7,electronics,848,1,0.36,1,1,1,0.252,0,0
txn_001093,2760.76,fashion,prepaid,50007,2026-04-11T11:44:00,agent_10,390,fashion,3510.64,attr_2,fashion,2760.76,attr_2,user_321,934.71,groceries,1400,0,0.12,1,1,1,0.036,0,0
txn_001094,5197.88,footwear,COD,500012,2026-02-20T14:28:00,agent_29,57,footwear,7413.43,attr_5,footwear,5197.88,attr_5,user_443,4558.67,footwear,609,1,0.34,1,1,1,0.238,0,0
txn_001095,6680.97,home,COD,50005,2026-04-22T07:05:00,agent_56,245,home,4311.9,attr_2,home,6680.97,attr_2,user_44,2827.23,home,501,1,0.58,1,0,1,0.406,0,0
txn_001096,1951.08,electronics,COD,50005,2026-05-02T07:45:00,agent_16,4,electronics,2897.47,attr_3,electronics,1951.08,attr_3,user_215,1666.17,fashion,1461,1,0.22,1,1,1,0.066,0,0
txn_001097,3345.63,footwear,COD,500011,2026-05-19T19:45:00,agent_7,340,footwear,4342.41,attr_2,footwear,3345.63,attr_2,user_87,5666.37,footwear,70,1,0.58,1,1,1,0.406,0,0
txn_001098,8721.49,home,COD,500017,2026-02-26T08:30:00,agent_28,103,home,6959.39,attr_3,home,8721.49,attr_5,user_424,3116.45,home,1252,1,0.62,1,0,0,0.434,1,0
txn_001099,3541.31,footwear,prepaid,500011,2026-03-05T11:07:00,agent_30,45,footwear,3799.28,attr_1,footwear,3541.31,attr_1,user_224,2703.12,footwear,231,1,0.14,1,1,1,0.098,1,0
txn_001100,5038.3,groceries,COD,500012,2026-02-01T09:25:00,agent_22,211,groceries,6391.11,attr_4,groceries,5038.3,attr_4,user_346,3426.8,fashion,1380,1,0.09,1,1,1,0.027,0,0
txn_001101,805.61,fashion,prepaid,50003,2026-04-18T02:50:00,agent_49,97,fashion,1124.95,attr_2,fashion,805.61,attr_2,user_74,4411.21,fashion,23,1,0.91,1,1,1,0.637,0,0
txn_001102,920.7,home,COD,500015,2026-02-22T19:09:00,agent_15,45,home,1261.39,attr_5,home,920.7,attr_5,user_240,1019.54,home,1391,1,0.48,1,1,1,0.336,0,1
txn_001103,2191.66,groceries,prepaid,500017,2026-03-10T08:43:00,agent_56,300,groceries,3322.24,attr_4,groceries,2191.66,attr_4,user_249,2705.81,footwear,329,1,0.94,1,1,1,0.282,0,0
txn_001104,694.26,footwear,COD,500020,2026-02-18T13:24:00,agent_4,34,groceries,542.56,attr_1,footwear,694.26,attr_3,user_120,4089.73,flights,1389,1,0.73,0,0,0,0.219,0,0
txn_001105,4886.78,footwear,prepaid,500019,2026-03-10T15:33:00,agent_22,143,footwear,7716.11,attr_5,footwear,4886.78,attr_5,user_58,2630.58,groceries,953,1,0.41,1,1,1,0.123,0,0
txn_001106,3106.16,groceries,COD,500013,2026-04-15T13:48:00,agent_8,130,groceries,4462.84,attr_2,groceries,3106.16,attr_2,user_495,559.07,groceries,1089,1,0.34,1,1,1,0.238,0,0
txn_001107,4270.36,footwear,prepaid,50005,2026-03-18T11:28:00,agent_36,50,footwear,5528.54,attr_3,footwear,4270.36,attr_3,user_143,5662.1,groceries,764,0,0.39,1,1,1,0.117,0,0
txn_001108,3342.89,home,prepaid,500010,2026-01-04T18:06:00,agent_45,163,electronics,2472.84,attr_1,home,3342.89,attr_3,user_428,5325.76,flights,906,0,0.87,0,0,0,0.261,0,1
txn_001109,1943.31,electronics,prepaid,500014,2026-01-19T23:43:00,agent_22,0,electronics,2059.8,attr_4,electronics,1943.31,attr_4,user_399,4201.87,electronics,221,1,0.64,1,1,1,0.448,1,0
txn_001110,3879.64,flights,COD,500020,2026-03-25T03:20:00,agent_54,588,flights,6219.09,attr_3,flights,3879.64,attr_3,user_241,2834.05,flights,186,1,0.86,1,1,1,0.602,1,0
txn_001111,4808.65,home,prepaid,50008,2026-02-07T20:17:00,agent_41,185,home,7173.18,attr_2,home,4808.65,attr_2,user_486,5078.13,home,1019,1,0.93,1,1,1,0.651,0,0
txn_001112,357.25,groceries,prepaid,50005,2026-01-14T12:56:00,agent_56,24,groceries,504.16,attr_2,groceries,357.25,attr_2,user_267,3955.57,flights,815,1,0.93,1,1,1,0.279,0,0
txn_001113,2293.99,electronics,COD,500013,2026-05-01T05:41:00,agent_59,227,electronics,2471.16,attr_2,electronics,2293.99,attr_2,user_420,606.42,electronics,286,1,0.44,1,1,1,0.308,0,1
txn_001114,3409.53,groceries,prepaid,50004,2026-03-09T12:49:00,agent_53,65,groceries,4365.46,attr_4,groceries,3409.53,attr_4,user_111,5594.0,groceries,1075,0,0.36,1,1,1,0.252,0,0
txn_001115,6947.14,home,prepaid,500020,2026-02-25T06:12:00,agent_41,149,home,7704.2,attr_4,home,6947.14,attr_4,user_59,5775.08,home,345,1,0.42,1,1,1,0.294,0,0
txn_001116,7075.16,groceries,COD,500011,2026-04-11T15:10:00,agent_22,87,groceries,6363.7,attr_1,groceries,7075.16,attr_1,user_471,2804.77,groceries,979,1,0.38,1,0,1,0.266,0,0
txn_001117,634.77,groceries,COD,500014,2026-03-12T20:16:00,agent_17,11,groceries,924.37,attr_3,groceries,634.77,attr_3,user_271,1252.67,groceries,1056,1,0.32,1,1,1,0.224,1,0
txn_001118,5777.16,flights,prepaid,50005,2026-01-12T13:19:00,agent_33,20,electronics,4715.57,attr_2,flights,5777.16,attr_3,user_395,542.87,electronics,541,0,0.18,0,0,0,0.054,0,0
txn_001119,9942.05,electronics,prepaid,50006,2026-04-13T22:39:00,agent_29,144,electronics,6869.17,attr_2,electronics,9942.05,attr_5,user_494,4449.7,electronics,87,1,0.5,1,0,0,0.35,0,0
txn_001120,5834.06,flights,COD,500016,2026-01-06T08:56:00,agent_46,5,flights,7761.25,attr_5,flights,5834.06,attr_5,user_223,4969.34,fashion,1106,1,0.93,1,1,1,0.279,1,0
txn_001121,2574.97,fashion,prepaid,500017,2026-02-01T04:01:00,agent_30,75,fashion,2762.09,attr_5,fashion,2574.97,attr_5,user_49,5078.99,fashion,218,1,0.56,1,1,1,0.392,0,0
txn_001122,1239.31,groceries,COD,50009,2026-01-05T07:01:00,agent_55,3,groceries,995.1,attr_2,groceries,1239.31,attr_5,user_23,5110.99,groceries,1237,1,0.31,1,0,0,0.217,1,0
txn_001123,6536.17,footwear,COD,500012,2026-05-05T17:11:00,agent_6,147,footwear,7167.07,attr_4,footwear,6536.17,attr_4,user_231,5312.22,footwear,254,1,0.24,1,1,1,0.168,1,0
txn_001124,525.64,electronics,COD,500016,2026-01-04T21:53:00,agent_43,70,electronics,610.86,attr_1,electronics,525.64,attr_1,user_243,936.98,electronics,1174,1,0.64,1,1,1,0.448,0,0
txn_001125,2140.3,groceries,COD,500018,2026-03-15T13:02:00,agent_57,51,groceries,1840.41,attr_1,groceries,2140.3,attr_3,user_154,4813.44,footwear,1389,1,0.26,1,0,0,0.078,0,0
txn_001126,3181.86,electronics,prepaid,500015,2026-02-23T04:35:00,agent_55,33,electronics,5044.4,attr_3,electronics,3181.86,attr_3,user_119,2969.04,groceries,571,1,0.16,1,1,1,0.048,0,0
txn_001127,1423.69,groceries,COD,50006,2026-05-01T02:57:00,agent_16,280,groceries,1825.62,attr_3,groceries,1423.69,attr_3,user_183,1056.63,groceries,1412,1,0.78,1,1,1,0.546,0,1
txn_001128,5104.28,groceries,prepaid,50003,2026-03-11T12:21:00,agent_22,48,groceries,7832.73,attr_2,groceries,5104.28,attr_2,user_373,5649.96,groceries,517,1,0.2,1,1,1,0.14,1,0
txn_001129,2200.73,fashion,prepaid,500015,2026-01-01T21:56:00,agent_15,51,fashion,3615.33,attr_4,fashion,2200.73,attr_4,user_24,2023.6,fashion,902,1,0.04,1,1,1,0.028,0,0
txn_001130,3919.78,home,prepaid,500014,2026-04-07T09:05:00,agent_16,113,home,3156.36,attr_3,home,3919.78,attr_3,user_485,4103.54,home,838,1,0.33,1,0,1,0.231,0,0
txn_001131,2858.91,fashion,COD,50008,2026-01-01T13:32:00,agent_25,63,fashion,1935.91,attr_3,fashion,2858.91,attr_2,user_11,3797.06,fashion,986,1,0.12,1,0,0,0.084,0,0
txn_001132,3080.99,home,COD,50005,2026-02-01T04:39:00,agent_36,64,home,5020.55,attr_3,home,3080.99,attr_3,user_195,746.25,home,227,1,0.99,1,1,1,0.693,0,0
txn_001133,4683.55,home,COD,500013,2026-02-12T16:26:00,agent_54,92,home,5571.42,attr_3,home,4683.55,attr_3,user_258,3007.95,groceries,217,1,0.31,1,1,1,0.093,0,0
txn_001134,1641.18,fashion,COD,500011,2026-01-15T03:33:00,agent_57,242,fashion,2113.94,attr_5,fashion,1641.18,attr_5,user_27,5558.08,fashion,1256,1,0.46,1,1,1,0.322,0,0
txn_001135,4673.4,home,prepaid,50005,2026-05-08T09:47:00,agent_47,57,home,3905.81,attr_5,home,4673.4,attr_2,user_139,3926.71,footwear,940,0,0.02,1,0,0,0.006,1,0
txn_001136,1029.78,footwear,COD,50007,2026-01-28T04:46:00,agent_31,55,footwear,1232.27,attr_4,footwear,1029.78,attr_4,user_424,5653.94,groceries,769,1,0.58,1,1,1,0.174,0,0
txn_001137,1953.67,home,COD,50001,2026-05-10T04:37:00,agent_57,258,home,1250.7,attr_2,home,1953.67,attr_1,user_374,3591.04,footwear,740,1,0.43,1,0,0,0.129,0,0
txn_001138,3246.74,groceries,prepaid,50007,2026-03-12T23:48:00,agent_15,142,groceries,2537.4,attr_3,groceries,3246.74,attr_3,user_316,2156.73,groceries,1174,1,0.27,1,0,1,0.189,0,0
txn_001139,6902.16,footwear,prepaid,50005,2026-01-02T14:31:00,agent_9,207,groceries,5897.04,attr_2,footwear,6902.16,attr_1,user_42,4003.07,groceries,680,1,0.8,0,0,0,0.24,0,0
txn_001140,7515.98,home,prepaid,500012,2026-05-14T08:07:00,agent_19,13,home,5309.54,attr_2,home,7515.98,attr_2,user_203,5502.04,home,549,1,0.71,1,0,1,0.497,1,0
txn_001141,3905.35,home,prepaid,500010,2026-03-29T23:53:00,agent_24,69,flights,3484.53,attr_3,home,3905.35,attr_1,user_136,4679.36,footwear,984,1,0.4,0,0,0,0.12,0,1
txn_001142,10093.32,footwear,prepaid,50001,2026-01-18T09:59:00,agent_32,11,footwear,7012.65,attr_5,footwear,10093.32,attr_5,user_398,2307.14,footwear,466,1,0.67,1,0,1,0.469,0,0
txn_001143,4423.47,fashion,prepaid,500014,2026-01-01T21:03:00,agent_10,90,fashion,3019.34,attr_2,fashion,4423.47,attr_2,user_302,1389.26,fashion,1275,1,0.63,1,0,1,0.441,0,0
txn_001144,5657.62,fashion,prepaid,500013,2026-05-07T10:12:00,agent_29,55,fashion,6583.03,attr_4,fashion,5657.62,attr_4,user_200,4693.13,fashion,629,1,0.57,1,1,1,0.399,1,0
txn_001145,9727.26,groceries,prepaid,50005,2026-01-10T21:12:00,agent_2,19,groceries,7968.27,attr_2,groceries,9727.26,attr_2,user_91,2812.71,groceries,102,1,0.1,1,0,1,0.07,0,1
txn_001146,7349.3,footwear,COD,50007,2026-04-06T06:44:00,agent_16,167,footwear,7416.65,attr_3,footwear,7349.3,attr_3,user_256,1426.2,footwear,741,1,0.79,1,1,1,0.553,0,0
txn_001147,724.42,groceries,prepaid,500015,2026-01-26T11:25:00,agent_34,90,groceries,571.19,attr_5,groceries,724.42,attr_5,user_402,3725.47,groceries,1219,1,0.82,1,0,1,0.574,0,0
txn_001148,1078.69,home,prepaid,50005,2026-02-16T07:44:00,agent_50,215,home,750.5,attr_1,home,1078.69,attr_1,user_446,4841.45,home,1215,1,0.99,1,0,1,0.693,0,0
txn_001149,5158.96,groceries,COD,50003,2026-03-16T19:31:00,agent_4,88,groceries,6369.51,attr_2,groceries,5158.96,attr_2,user_333,1771.32,fashion,918,1,0.07,1,1,1,0.021,0,0
txn_001150,4283.48,fashion,COD,50008,2026-04-24T09:31:00,agent_51,59,fashion,7028.75,attr_2,fashion,4283.48,attr_2,user_320,3532.01,flights,1000,1,0.64,1,1,1,0.192,0,0
txn_001151,6133.68,home,prepaid,500019,2026-04-23T00:40:00,agent_54,2,home,4327.65,attr_4,home,6133.68,attr_4,user_355,1777.67,home,1082,1,0.05,1,0,1,0.035,1,0
txn_001152,6954.25,electronics,COD,50005,2026-03-16T13:37:00,agent_32,115,electronics,4669.27,attr_4,electronics,6954.25,attr_4,user_298,4326.06,groceries,164,1,0.55,1,0,1,0.165,0,1
txn_001153,1631.59,groceries,COD,500018,2026-03-10T03:33:00,agent_9,10,groceries,1850.43,attr_2,groceries,1631.59,attr_2,user_331,5661.94,footwear,1238,1,0.1,1,1,1,0.03,1,0
txn_001154,4535.71,footwear,COD,500018,2026-03-03T03:26:00,agent_55,108,footwear,7418.11,attr_5,footwear,4535.71,attr_5,user_222,526.59,footwear,1039,1,0.06,1,1,1,0.042,0,0
txn_001155,2289.71,home,COD,50004,2026-02-01T04:54:00,agent_55,32,home,3185.68,attr_3,home,2289.71,attr_3,user_60,2353.43,groceries,42,1,0.64,1,1,1,0.192,1,0
txn_001156,2861.0,flights,prepaid,500011,2026-03-24T09:12:00,agent_14,111,flights,3701.24,attr_1,flights,2861.0,attr_1,user_210,3398.79,flights,1326,1,0.87,1,1,1,0.609,0,0
txn_001157,1742.78,home,COD,50003,2026-03-10T03:34:00,agent_35,8,home,2893.54,attr_3,home,1742.78,attr_3,user_288,5756.41,home,92,1,0.16,1,1,1,0.112,0,0
txn_001158,9934.09,home,prepaid,500015,2026-01-02T20:42:00,agent_46,32,home,7976.8,attr_4,home,9934.09,attr_4,user_420,1491.36,home,1403,1,0.21,1,0,1,0.147,0,0
txn_001159,5164.15,home,prepaid,500012,2026-03-14T18:13:00,agent_56,145,home,7274.02,attr_1,home,5164.15,attr_1,user_97,3643.33,footwear,1081,1,0.61,1,1,1,0.183,0,0
txn_001160,3512.58,fashion,prepaid,500011,2026-03-15T09:23:00,agent_1,38,fashion,5597.12,attr_5,fashion,3512.58,attr_5,user_343,5325.73,groceries,1209,1,0.2,1,1,1,0.06,0,0
txn_001161,2367.8,home,COD,50009,2026-03-10T20:54:00,agent_38,10,home,2763.87,attr_2,home,2367.8,attr_2,user_278,5249.59,groceries,1430,1,0.3,1,1,1,0.09,0,0
txn_001162,3753.71,home,COD,500020,2026-02-25T14:15:00,agent_25,192,home,5838.64,attr_2,home,3753.71,attr_2,user_3,5595.7,footwear,1171,1,0.14,1,1,1,0.042,1,0
txn_001163,3820.7,fashion,COD,500015,2026-03-22T10:57:00,agent_4,49,fashion,4576.87,attr_1,fashion,3820.7,attr_1,user_311,888.83,fashion,754,1,0.62,1,1,1,0.434,0,0
txn_001164,5053.66,footwear,prepaid,50006,2026-02-04T22:59:00,agent_51,11,footwear,5074.7,attr_4,footwear,5053.66,attr_4,user_145,4847.36,footwear,1353,1,0.74,1,1,1,0.518,0,0
txn_001165,795.26,home,COD,500018,2026-02-20T15:11:00,agent_13,86,home,879.48,attr_5,home,795.26,attr_5,user_365,1435.52,home,129,1,0.99,1,1,1,0.693,1,0
txn_001166,1006.15,fashion,COD,500015,2026-03-22T19:47:00,agent_8,112,fashion,1117.55,attr_1,fashion,1006.15,attr_1,user_300,5484.43,fashion,291,1,0.93,1,1,1,0.651,0,0
txn_001167,1053.02,fashion,prepaid,500016,2026-01-30T15:30:00,agent_10,39,fashion,1391.82,attr_2,fashion,1053.02,attr_2,user_269,1934.95,home,584,1,0.32,1,1,1,0.096,0,0
txn_001168,8447.49,groceries,prepaid,500016,2026-04-16T09:23:00,agent_12,30,groceries,7433.49,attr_4,groceries,8447.49,attr_4,user_404,4221.8,footwear,643,1,0.69,1,0,1,0.207,0,0
txn_001169,1029.49,flights,COD,500017,2026-03-22T10:15:00,agent_27,43,flights,1586.75,attr_3,flights,1029.49,attr_3,user_12,959.7,flights,913,1,0.15,1,1,1,0.105,0,0
txn_001170,791.74,footwear,prepaid,50001,2026-03-05T11:49:00,agent_21,203,footwear,1034.8,attr_5,footwear,791.74,attr_5,user_50,3284.95,footwear,824,1,0.6,1,1,1,0.42,0,0
txn_001171,8336.25,flights,COD,50009,2026-01-27T06:51:00,agent_35,181,flights,7570.2,attr_4,flights,8336.25,attr_3,user_380,2047.07,flights,1158,0,0.59,1,0,0,0.413,1,0
txn_001172,1383.08,groceries,COD,500012,2026-01-02T20:13:00,agent_34,16,groceries,2170.11,attr_4,groceries,1383.08,attr_4,user_415,5219.09,groceries,994,1,0.83,1,1,1,0.581,1,0
txn_001173,4821.7,groceries,prepaid,500014,2026-02-09T19:17:00,agent_59,115,groceries,6683.6,attr_1,groceries,4821.7,attr_1,user_119,4094.09,groceries,161,1,0.77,1,1,1,0.539,0,0
txn_001174,3977.76,home,COD,50009,2026-02-14T02:51:00,agent_28,59,home,4787.49,attr_3,home,3977.76,attr_3,user_223,2826.08,home,919,1,0.0,1,1,1,0.0,0,0
txn_001175,5737.57,footwear,COD,500017,2026-01-01T11:53:00,agent_36,126,footwear,5744.47,attr_2,footwear,5737.57,attr_2,user_219,4692.59,flights,772,1,0.94,1,1,1,0.282,1,0
txn_001176,3492.98,groceries,COD,500015,2026-03-18T03:48:00,agent_13,15,groceries,4860.95,attr_3,groceries,3492.98,attr_3,user_418,4521.28,groceries,1262,1,0.6,1,1,1,0.42,0,0
txn_001177,3458.62,footwear,COD,500010,2026-01-17T12:17:00,agent_26,220,footwear,4014.04,attr_4,footwear,3458.62,attr_4,user_331,3175.68,footwear,415,1,0.41,1,1,1,0.287,1,0
txn_001178,1700.2,home,prepaid,500011,2026-01-03T05:34:00,agent_22,42,home,1402.57,attr_1,home,1700.2,attr_1,user_386,4003.87,home,156,1,0.68,1,0,1,0.476,0,0
txn_001179,3771.31,footwear,COD,50003,2026-05-11T23:35:00,agent_4,33,footwear,2470.89,attr_5,footwear,3771.31,attr_4,user_153,4333.42,footwear,1262,1,0.53,1,0,0,0.371,0,0
txn_001180,9080.69,electronics,prepaid,50002,2026-03-11T06:46:00,agent_40,32,electronics,5699.81,attr_4,electronics,9080.69,attr_4,user_147,5188.5,electronics,244,1,0.82,1,0,1,0.574,0,0
txn_001181,4051.99,flights,COD,50007,2026-02-02T02:01:00,agent_29,26,flights,5735.85,attr_4,flights,4051.99,attr_4,user_42,3209.27,footwear,1270,1,0.78,1,1,1,0.234,0,0
txn_001182,4528.43,fashion,prepaid,500019,2026-05-11T04:45:00,agent_58,22,fashion,4955.49,attr_1,fashion,4528.43,attr_1,user_263,3603.34,fashion,742,1,0.68,1,1,1,0.476,0,0
txn_001183,5171.81,home,prepaid,50009,2026-05-14T06:45:00,agent_1,126,home,4091.88,attr_4,home,5171.81,attr_1,user_359,3846.05,footwear,566,1,0.53,1,0,0,0.159,0,0
txn_001184,6108.67,fashion,prepaid,50002,2026-02-19T04:18:00,agent_42,136,fashion,4421.93,attr_2,fashion,6108.67,attr_2,user_291,5502.35,fashion,1467,1,0.23,1,0,1,0.161,0,1
txn_001185,4217.22,fashion,prepaid,500013,2026-04-18T23:19:00,agent_3,364,fashion,4765.71,attr_1,fashion,4217.22,attr_1,user_112,5373.48,electronics,1021,1,0.41,1,1,1,0.123,0,0
txn_001186,7197.32,flights,COD,50006,2026-03-13T03:31:00,agent_55,99,flights,5866.56,attr_1,flights,7197.32,attr_4,user_432,1098.76,flights,391,1,0.39,1,0,0,0.273,1,0
txn_001187,8706.79,flights,COD,500018,2026-01-04T04:19:00,agent_36,22,flights,7410.17,attr_4,flights,8706.79,attr_4,user_203,5740.15,flights,875,1,0.05,1,0,1,0.035,1,0
txn_001188,4225.28,electronics,prepaid,500011,2026-01-23T00:37:00,agent_51,35,electronics,3946.71,attr_5,electronics,4225.28,attr_4,user_140,2092.64,electronics,1282,1,0.48,1,0,0,0.336,0,1
txn_001189,9930.88,fashion,COD,50006,2026-04-19T18:13:00,agent_6,9,fashion,7116.62,attr_3,fashion,9930.88,attr_5,user_254,5509.03,fashion,1382,0,0.31,1,0,0,0.217,1,0
txn_001190,1669.11,flights,COD,50002,2026-05-07T18:52:00,agent_10,49,flights,1693.77,attr_3,flights,1669.11,attr_3,user_1,3827.38,flights,378,1,0.58,1,1,1,0.406,1,0
txn_001191,4778.31,electronics,prepaid,50005,2026-02-24T21:24:00,agent_25,99,electronics,5333.74,attr_1,electronics,4778.31,attr_1,user_432,2745.63,fashion,240,1,0.94,1,1,1,0.282,0,0
txn_001192,546.79,flights,COD,500013,2026-01-06T20:12:00,agent_48,118,flights,905.78,attr_3,flights,546.79,attr_3,user_392,4958.86,flights,66,1,0.2,1,1,1,0.14,1,0
txn_001193,4320.18,fashion,prepaid,50005,2026-04-16T00:03:00,agent_11,365,fashion,5075.86,attr_3,fashion,4320.18,attr_3,user_341,1774.64,fashion,1300,1,0.89,1,1,1,0.623,0,0
txn_001194,10734.5,flights,COD,50009,2026-02-12T03:19:00,agent_28,264,groceries,7597.41,attr_4,flights,10734.5,attr_4,user_66,4792.0,groceries,1280,1,0.74,0,0,1,0.222,0,1
txn_001195,4708.17,groceries,COD,500010,2026-04-25T09:26:00,agent_49,56,groceries,5773.21,attr_3,groceries,4708.17,attr_3,user_90,989.52,groceries,643,1,0.93,1,1,1,0.651,0,0
txn_001196,2190.96,groceries,prepaid,500013,2026-01-14T10:20:00,agent_54,237,footwear,1435.37,attr_1,groceries,2190.96,attr_5,user_436,3350.28,footwear,1022,1,0.3,0,0,0,0.09,0,0
txn_001197,2571.46,fashion,COD,500015,2026-01-30T18:57:00,agent_54,132,fashion,3040.14,attr_4,fashion,2571.46,attr_4,user_15,5491.99,fashion,64,1,0.76,1,1,1,0.532,1,0
txn_001198,1700.46,home,COD,50004,2026-05-10T00:08:00,agent_52,63,home,1481.06,attr_3,home,1700.46,attr_3,user_354,1948.26,home,1422,0,0.81,1,0,1,0.567,0,0
txn_001199,5814.12,footwear,COD,50007,2026-02-01T22:02:00,agent_18,162,footwear,3935.45,attr_2,footwear,5814.12,attr_2,user_430,1067.17,footwear,372,0,0.68,1,0,1,0.476,1,0
txn_001200,3517.67,flights,COD,500014,2026-05-06T19:38:00,agent_48,105,flights,4059.43,attr_4,flights,3517.67,attr_4,user_225,948.49,fashion,1291,1,0.87,1,1,1,0.261,1,0
txn_001201,12297.67,electronics,COD,500017,2026-01-29T05:30:00,agent_31,3,electronics,7735.17,attr_4,electronics,12297.67,attr_1,user_468,829.4,groceries,348,1,0.92,1,0,0,0.276,0,0
txn_001202,4672.78,flights,COD,50002,2026-03-09T05:53:00,agent_48,25,flights,6891.33,attr_2,flights,4672.78,attr_2,user_402,1810.9,flights,20,1,0.98,1,1,1,0.686,0,1
txn_001203,4717.28,groceries,COD,500016,2026-03-21T19:28:00,agent_51,77,groceries,5167.16,attr_1,groceries,4717.28,attr_1,user_18,1963.58,fashion,843,1,0.94,1,1,1,0.282,0,0
txn_001204,2013.14,groceries,prepaid,500015,2026-05-04T20:47:00,agent_52,51,groceries,1761.14,attr_5,groceries,2013.14,attr_5,user_169,3777.57,groceries,855,1,0.74,1,0,1,0.518,0,1
txn_001205,521.37,fashion,COD,500011,2026-04-30T00:38:00,agent_16,81,fashion,551.02,attr_1,fashion,521.37,attr_1,user_297,3079.49,fashion,891,0,0.17,1,1,1,0.119,0,0
txn_001206,5863.09,home,COD,500018,2026-01-06T06:57:00,agent_4,152,home,5215.43,attr_1,home,5863.09,attr_1,user_221,2103.75,home,613,1,0.27,1,0,1,0.189,0,0
txn_001207,6894.05,home,COD,500019,2026-03-20T17:43:00,agent_39,21,home,6905.24,attr_2,home,6894.05,attr_2,user_476,3012.45,home,853,1,0.42,1,1,1,0.294,0,0
txn_001208,1145.42,groceries,COD,500019,2026-04-10T08:33:00,agent_49,61,groceries,1641.92,attr_3,groceries,1145.42,attr_3,user_326,3195.3,groceries,493,1,0.88,1,1,1,0.616,0,0
txn_001209,3865.92,fashion,COD,50007,2026-04-09T05:40:00,agent_15,21,fashion,5800.95,attr_1,fashion,3865.92,attr_1,user_431,5639.73,fashion,1173,1,0.98,1,1,1,0.686,0,0
txn_001210,2314.44,electronics,prepaid,50008,2026-03-21T18:00:00,agent_15,19,electronics,3848.3,attr_1,electronics,2314.44,attr_1,user_100,1349.94,electronics,1010,1,0.31,1,1,1,0.217,0,0
txn_001211,1123.53,home,prepaid,50004,2026-02-12T01:59:00,agent_40,68,home,1643.24,attr_3,home,1123.53,attr_3,user_365,2406.14,home,666,1,0.48,1,1,1,0.336,0,0
txn_001212,11163.75,flights,COD,50001,2026-02-27T09:45:00,agent_57,35,flights,7260.66,attr_5,flights,11163.75,attr_2,user_34,4497.1,flights,923,1,0.62,1,0,0,0.434,1,0
txn_001213,2307.43,footwear,COD,500010,2026-03-28T16:53:00,agent_51,27,footwear,3832.79,attr_2,footwear,2307.43,attr_2,user_97,5606.7,flights,758,1,0.28,1,1,1,0.084,1,0
txn_001214,4073.64,fashion,prepaid,500014,2026-04-25T23:42:00,agent_29,9,fashion,3443.72,attr_1,fashion,4073.64,attr_1,user_457,4424.15,flights,502,1,0.35,1,0,1,0.105,1,0
txn_001215,9055.66,electronics,COD,500020,2026-05-13T22:22:00,agent_19,176,electronics,6518.95,attr_3,electronics,9055.66,attr_3,user_319,2618.29,electronics,862,1,0.32,1,0,1,0.224,1,0
txn_001216,4277.27,flights,prepaid,50004,2026-01-05T09:45:00,agent_59,87,flights,3048.94,attr_3,flights,4277.27,attr_3,user_369,2045.04,flights,1203,1,0.21,1,0,1,0.147,0,0
txn_001217,5015.76,footwear,prepaid,50005,2026-02-21T16:43:00,agent_44,43,footwear,5317.23,attr_2,footwear,5015.76,attr_2,user_164,1896.36,footwear,830,1,0.56,1,1,1,0.392,0,0
txn_001218,1573.85,groceries,COD,500016,2026-01-12T03:19:00,agent_30,17,groceries,1038.24,attr_3,groceries,1573.85,attr_3,user_175,3954.39,groceries,250,1,0.29,1,0,1,0.203,0,0
txn_001219,2757.25,home,prepaid,50008,2026-03-17T05:39:00,agent_25,253,home,4093.65,attr_1,home,2757.25,attr_1,user_300,4108.89,footwear,126,1,0.18,1,1,1,0.054,0,0
txn_001220,3669.02,electronics,prepaid,500013,2026-02-09T17:50:00,agent_10,17,electronics,5775.41,attr_4,electronics,3669.02,attr_4,user_55,4223.68,electronics,724,1,0.97,1,1,1,0.679,0,0
txn_001221,1685.85,groceries,prepaid,50009,2026-03-29T17:43:00,agent_18,347,groceries,1780.13,attr_4,groceries,1685.85,attr_4,user_391,832.27,home,878,0,0.19,1,1,1,0.057,0,0
txn_001222,3998.11,electronics,prepaid,50009,2026-04-29T01:18:00,agent_13,213,electronics,4071.25,attr_5,electronics,3998.11,attr_5,user_317,3265.62,electronics,410,0,0.98,1,1,1,0.686,1,0
txn_001223,4892.77,electronics,prepaid,500015,2026-03-12T11:34:00,agent_24,181,electronics,6892.46,attr_1,electronics,4892.77,attr_1,user_329,5170.54,electronics,307,1,0.75,1,1,1,0.525,1,0
txn_001224,10136.72,home,prepaid,500012,2026-03-31T08:37:00,agent_45,121,home,6975.37,attr_5,home,10136.72,attr_3,user_59,1676.84,groceries,590,1,0.78,1,0,0,0.234,0,1
txn_001225,2712.43,fashion,COD,50007,2026-04-26T17:45:00,agent_6,22,fashion,2910.16,attr_3,fashion,2712.43,attr_3,user_68,2199.65,fashion,440,1,0.54,1,1,1,0.378,0,0
txn_001226,3579.67,electronics,COD,500019,2026-02-03T10:11:00,agent_20,197,fashion,2898.61,attr_3,electronics,3579.67,attr_3,user_409,2672.56,groceries,816,0,0.62,0,0,1,0.186,1,0
txn_001227,10380.09,flights,prepaid,50005,2026-05-19T06:21:00,agent_15,5,flights,7468.68,attr_4,flights,10380.09,attr_1,user_260,5661.97,flights,1310,1,0.59,1,0,0,0.413,0,0
txn_001228,8468.01,footwear,COD,50002,2026-01-08T23:39:00,agent_3,98,footwear,7864.73,attr_1,footwear,8468.01,attr_3,user_168,1039.21,footwear,583,0,0.69,1,0,0,0.483,1,0
txn_001229,3628.98,flights,prepaid,500019,2026-05-13T17:59:00,agent_54,24,flights,4134.68,attr_1,flights,3628.98,attr_1,user_113,4472.08,home,116,1,0.03,1,1,1,0.009,0,0
txn_001230,5006.19,flights,prepaid,500013,2026-04-09T14:46:00,agent_2,0,flights,5665.85,attr_5,flights,5006.19,attr_5,user_168,5457.25,electronics,1358,1,0.16,1,1,1,0.048,1,0
txn_001231,2716.73,home,COD,50004,2026-04-30T11:09:00,agent_29,197,home,4378.97,attr_3,home,2716.73,attr_3,user_406,2909.28,flights,978,1,0.44,1,1,1,0.132,0,0
txn_001232,1301.46,footwear,prepaid,500011,2026-03-03T04:43:00,agent_44,300,footwear,1559.45,attr_5,footwear,1301.46,attr_5,user_259,5976.94,footwear,374,1,0.42,1,1,1,0.294,0,0
txn_001233,1519.25,home,COD,500014,2026-04-29T16:14:00,agent_45,3,home,2181.3,attr_2,home,1519.25,attr_2,user_165,3050.1,home,1074,1,0.88,1,1,1,0.616,1,0
txn_001234,1934.51,electronics,COD,50007,2026-02-16T04:46:00,agent_1,354,electronics,2600.82,attr_5,electronics,1934.51,attr_5,user_439,3268.65,electronics,411,1,0.46,1,1,1,0.322,1,0
txn_001235,2984.49,groceries,prepaid,50003,2026-04-28T06:58:00,agent_36,15,groceries,3215.24,attr_5,groceries,2984.49,attr_5,user_176,5108.13,groceries,220,1,0.29,1,1,1,0.203,1,0
txn_001236,6247.11,footwear,prepaid,500013,2026-01-06T21:52:00,agent_46,20,footwear,7881.91,attr_5,footwear,6247.11,attr_5,user_113,5020.96,footwear,15,1,0.45,1,1,1,0.315,0,0
txn_001237,1435.37,groceries,COD,500020,2026-05-17T18:57:00,agent_59,30,groceries,1645.94,attr_5,groceries,1435.37,attr_5,user_184,1767.53,groceries,72,1,0.72,1,1,1,0.504,1,0
txn_001238,2160.35,flights,COD,500016,2026-02-19T04:34:00,agent_29,25,flights,3017.64,attr_5,flights,2160.35,attr_5,user_133,4652.91,groceries,34,1,0.05,1,1,1,0.015,1,0
txn_001239,4199.53,footwear,COD,500017,2026-04-06T04:16:00,agent_3,130,footwear,5620.47,attr_5,footwear,4199.53,attr_5,user_188,3613.59,footwear,1034,1,0.01,1,1,1,0.007,0,0
txn_001240,1738.46,electronics,COD,50008,2026-04-26T12:18:00,agent_11,347,electronics,1621.09,attr_5,electronics,1738.46,attr_5,user_128,2339.81,home,1029,1,0.95,1,0,1,0.285,0,0
txn_001241,1270.43,fashion,COD,500015,2026-05-09T06:34:00,agent_35,1,fashion,908.1,attr_5,fashion,1270.43,attr_5,user_105,3234.31,fashion,19,1,0.82,1,0,1,0.574,1,0
txn_001242,3702.02,groceries,prepaid,50005,2026-03-11T13:46:00,agent_20,209,groceries,5954.46,attr_2,groceries,3702.02,attr_2,user_382,5061.48,groceries,1143,1,0.87,1,1,1,0.609,0,0
txn_001243,3122.97,groceries,COD,50001,2026-01-20T08:46:00,agent_41,67,groceries,3389.85,attr_3,groceries,3122.97,attr_3,user_399,5794.05,groceries,631,1,0.91,1,1,1,0.637,0,0
txn_001244,5812.0,fashion,prepaid,500012,2026-04-09T00:27:00,agent_36,38,fashion,6724.12,attr_5,fashion,5812.0,attr_5,user_202,1104.65,fashion,1026,1,0.34,1,1,1,0.238,0,0
txn_001245,1914.2,footwear,COD,50002,2026-04-06T20:29:00,agent_49,59,footwear,2743.7,attr_1,footwear,1914.2,attr_1,user_14,5515.13,footwear,931,1,0.97,1,1,1,0.679,0,0
txn_001246,7523.2,fashion,prepaid,500019,2026-04-21T07:36:00,agent_9,172,fashion,7906.19,attr_4,fashion,7523.2,attr_4,user_148,5039.93,fashion,68,1,0.39,1,1,1,0.273,0,0
txn_001247,4935.52,electronics,COD,50009,2026-01-15T02:00:00,agent_37,176,electronics,5345.05,attr_1,electronics,4935.52,attr_1,user_401,1853.43,electronics,687,0,0.86,1,1,1,0.602,1,0
txn_001248,5058.94,flights,COD,50004,2026-05-10T14:05:00,agent_27,108,flights,4529.51,attr_4,flights,5058.94,attr_3,user_21,845.49,flights,728,0,0.32,1,0,0,0.224,1,0
txn_001249,5035.12,fashion,COD,50004,2026-01-29T01:08:00,agent_20,283,fashion,5693.24,attr_1,fashion,5035.12,attr_1,user_389,5700.5,fashion,1165,1,0.34,1,1,1,0.238,1,0
txn_001250,1988.79,footwear,COD,50003,2026-04-25T05:49:00,agent_18,14,footwear,1335.91,attr_1,footwear,1988.79,attr_5,user_315,837.38,footwear,1042,1,0.63,1,0,0,0.441,1,0
txn_001251,2342.27,flights,COD,50008,2026-03-24T10:50:00,agent_6,3,flights,2385.51,attr_3,flights,2342.27,attr_3,user_105,5601.41,electronics,224,0,0.71,1,1,1,0.213,1,0
txn_001252,601.0,home,prepaid,50005,2026-05-01T10:33:00,agent_16,68,home,742.3,attr_4,home,601.0,attr_4,user_299,3143.06,home,1404,1,0.89,1,1,1,0.623,0,0
txn_001253,1871.31,fashion,prepaid,500016,2026-01-09T14:42:00,agent_36,59,fashion,1340.63,attr_3,fashion,1871.31,attr_5,user_192,3832.62,groceries,146,1,0.41,1,0,0,0.123,0,0
txn_001254,5130.42,home,prepaid,500016,2026-01-09T23:24:00,agent_53,14,home,6946.32,attr_4,home,5130.42,attr_4,user_46,3837.85,home,376,1,0.84,1,1,1,0.588,1,0
txn_001255,10480.53,home,prepaid,50004,2026-01-31T13:55:00,agent_6,40,home,6627.85,attr_5,home,10480.53,attr_5,user_230,2269.98,footwear,285,1,0.83,1,0,1,0.249,0,1
txn_001256,6194.13,flights,COD,500014,2026-02-23T09:36:00,agent_33,248,flights,6358.58,attr_1,flights,6194.13,attr_1,user_141,3025.66,flights,1100,1,0.85,1,1,1,0.595,0,1
txn_001257,5532.31,flights,prepaid,500012,2026-03-23T01:25:00,agent_1,34,flights,5168.62,attr_3,flights,5532.31,attr_3,user_122,5684.28,fashion,1459,1,0.54,1,0,1,0.162,0,0
txn_001258,1803.39,electronics,COD,500019,2026-04-23T20:36:00,agent_46,0,fashion,1302.66,attr_4,electronics,1803.39,attr_2,user_124,3023.45,flights,1050,1,0.91,0,0,0,0.273,1,0
txn_001259,701.69,flights,prepaid,500019,2026-05-03T06:27:00,agent_37,92,flights,775.51,attr_4,flights,701.69,attr_4,user_315,2137.61,flights,1336,1,0.5,1,1,1,0.35,0,1
txn_001260,2256.11,fashion,COD,500012,2026-04-07T07:55:00,agent_51,30,fashion,3590.76,attr_3,fashion,2256.11,attr_3,user_455,1397.57,fashion,1271,1,0.81,1,1,1,0.567,0,0
txn_001261,6823.9,flights,prepaid,500016,2026-04-25T18:47:00,agent_58,249,electronics,6324.98,attr_3,flights,6823.9,attr_1,user_492,4428.52,electronics,115,1,0.72,0,0,0,0.216,0,0
txn_001262,5512.27,fashion,prepaid,500019,2026-03-21T08:46:00,agent_55,516,fashion,5567.61,attr_5,fashion,5512.27,attr_5,user_288,2765.03,fashion,132,1,0.8,1,1,1,0.56,1,0
txn_001263,4770.38,groceries,prepaid,50004,2026-05-16T21:53:00,agent_35,214,groceries,7568.05,attr_5,groceries,4770.38,attr_5,user_388,5092.29,electronics,1106,1,0.26,1,1,1,0.078,1,0
txn_001264,10741.1,flights,COD,500015,2026-01-23T11:26:00,agent_35,161,flights,6805.72,attr_2,flights,10741.1,attr_2,user_230,1560.21,flights,937,1,0.86,1,0,1,0.602,0,0
txn_001265,8850.22,home,COD,50005,2026-01-08T13:25:00,agent_28,212,home,6836.96,attr_1,home,8850.22,attr_4,user_18,2642.27,footwear,888,1,0.39,1,0,0,0.117,0,1
txn_001266,3389.82,groceries,prepaid,50006,2026-01-24T04:33:00,agent_27,5,groceries,4211.23,attr_5,groceries,3389.82,attr_5,user_319,3825.23,groceries,1049,0,0.1,1,1,1,0.07,1,0
txn_001267,2478.87,groceries,prepaid,50001,2026-03-10T08:06:00,agent_59,27,groceries,2978.18,attr_1,groceries,2478.87,attr_1,user_419,5058.28,groceries,1485,1,0.14,1,1,1,0.098,0,0
txn_001268,461.78,footwear,prepaid,50009,2026-01-22T22:40:00,agent_18,117,footwear,703.29,attr_3,footwear,461.78,attr_3,user_78,2167.84,footwear,138,1,0.13,1,1,1,0.091,0,0
txn_001269,3408.77,home,COD,500012,2026-03-30T12:01:00,agent_26,10,home,3735.85,attr_2,home,3408.77,attr_2,user_466,3495.41,groceries,657,1,0.92,1,1,1,0.276,1,0
txn_001270,6236.04,home,prepaid,50001,2026-05-02T16:12:00,agent_27,26,home,5050.73,attr_5,home,6236.04,attr_5,user_1,1935.05,home,1418,1,0.87,1,0,1,0.609,0,0
txn_001271,4141.31,groceries,prepaid,500016,2026-05-07T05:47:00,agent_40,304,groceries,5628.23,attr_2,groceries,4141.31,attr_2,user_144,3445.8,groceries,123,0,0.75,1,1,1,0.525,0,0
txn_001272,2446.05,fashion,COD,500014,2026-02-21T08:22:00,agent_2,26,fashion,1667.26,attr_5,fashion,2446.05,attr_1,user_316,5144.98,flights,937,1,0.79,1,0,0,0.237,1,0
txn_001273,4426.42,home,COD,500016,2026-05-18T15:37:00,agent_55,74,home,6349.82,attr_4,home,4426.42,attr_4,user_482,2279.97,home,1018,1,0.33,1,1,1,0.231,0,0
txn_001274,445.65,fashion,COD,50007,2026-04-15T03:00:00,agent_59,103,fashion,618.84,attr_4,fashion,445.65,attr_4,user_101,559.64,fashion,1006,0,0.64,1,1,1,0.448,1,0
txn_001275,10382.93,electronics,COD,500020,2026-05-10T20:24:00,agent_40,75,flights,7698.6,attr_4,electronics,10382.93,attr_4,user_308,2278.94,flights,784,0,0.16,0,0,1,0.048,1,0
txn_001276,3906.58,fashion,prepaid,50009,2026-04-18T20:00:00,agent_39,245,fashion,5074.17,attr_5,fashion,3906.58,attr_5,user_230,4110.01,groceries,180,0,0.66,1,1,1,0.198,0,0
txn_001277,1859.45,footwear,prepaid,50006,2026-04-21T20:13:00,agent_50,415,footwear,2486.06,attr_3,footwear,1859.45,attr_3,user_144,3056.67,footwear,50,1,0.65,1,1,1,0.455,0,0
txn_001278,6113.66,groceries,prepaid,500017,2026-04-07T11:57:00,agent_10,91,groceries,5418.91,attr_2,groceries,6113.66,attr_1,user_479,2934.39,fashion,467,1,0.99,1,0,0,0.297,1,0
txn_001279,7958.69,fashion,prepaid,500020,2026-05-17T15:47:00,agent_30,9,fashion,5156.16,attr_3,fashion,7958.69,attr_3,user_416,3835.58,fashion,1350,1,0.25,1,0,1,0.175,0,1
txn_001280,800.75,footwear,COD,50003,2026-03-21T20:06:00,agent_7,106,footwear,1085.5,attr_1,footwear,800.75,attr_1,user_496,4906.87,electronics,1153,1,0.56,1,1,1,0.168,0,0
txn_001281,1551.47,fashion,prepaid,500010,2026-01-23T09:51:00,agent_20,163,fashion,2453.84,attr_3,fashion,1551.47,attr_3,user_162,5883.32,fashion,1022,1,0.89,1,1,1,0.623,0,0
txn_001282,1933.15,flights,COD,50006,2026-02-14T00:59:00,agent_5,197,flights,2007.69,attr_2,flights,1933.15,attr_2,user_294,5936.89,flights,1449,1,0.17,1,1,1,0.119,1,0
txn_001283,8350.7,flights,prepaid,500020,2026-01-15T22:32:00,agent_52,90,flights,5562.59,attr_5,flights,8350.7,attr_5,user_157,3288.75,flights,1067,1,0.49,1,0,1,0.343,0,0
txn_001284,4927.0,footwear,COD,500016,2026-03-26T01:53:00,agent_57,18,footwear,6463.22,attr_3,footwear,4927.0,attr_3,user_38,3522.08,fashion,676,1,0.23,1,1,1,0.069,0,0
txn_001285,6884.42,footwear,COD,500020,2026-01-18T06:12:00,agent_7,361,footwear,5616.67,attr_2,footwear,6884.42,attr_2,user_349,4047.14,footwear,759,1,0.2,1,0,1,0.14,1,0
txn_001286,7643.25,electronics,COD,500019,2026-01-30T22:58:00,agent_44,81,electronics,7972.21,attr_2,electronics,7643.25,attr_2,user_237,2350.68,electronics,748,1,0.56,1,1,1,0.392,0,0
txn_001287,8316.85,home,prepaid,50007,2026-03-27T23:08:00,agent_20,5,home,5468.69,attr_3,home,8316.85,attr_3,user_433,3145.53,home,553,1,0.6,1,0,1,0.42,0,0
txn_001288,1282.88,flights,COD,500010,2026-02-18T18:15:00,agent_28,341,flights,1218.63,attr_1,flights,1282.88,attr_1,user_343,4602.35,flights,91,1,0.87,1,0,1,0.609,0,0
txn_001289,4086.59,home,COD,500013,2026-04-21T03:42:00,agent_25,34,home,4972.54,attr_1,home,4086.59,attr_1,user_442,528.12,home,573,1,0.91,1,1,1,0.637,0,0
txn_001290,4896.26,groceries,prepaid,500017,2026-03-13T20:21:00,agent_10,37,groceries,5392.41,attr_5,groceries,4896.26,attr_5,user_123,5872.44,groceries,399,1,0.59,1,1,1,0.413,0,0
txn_001291,5429.76,fashion,COD,50008,2026-02-10T07:54:00,agent_16,94,fashion,7372.22,attr_1,fashion,5429.76,attr_1,user_262,5756.14,fashion,411,0,0.09,1,1,1,0.063,0,0
txn_001292,4981.05,flights,prepaid,50003,2026-03-26T11:15:00,agent_26,77,flights,5005.32,attr_5,flights,4981.05,attr_5,user_174,2118.34,flights,1421,1,0.5,1,1,1,0.35,0,0
txn_001293,4510.2,groceries,prepaid,500010,2026-01-21T02:26:00,agent_10,63,groceries,6986.97,attr_4,groceries,4510.2,attr_4,user_405,3264.5,groceries,968,1,0.23,1,1,1,0.161,0,0
txn_001294,4402.99,home,prepaid,50008,2026-03-18T22:12:00,agent_49,381,home,6356.74,attr_5,home,4402.99,attr_5,user_470,1936.32,home,1101,1,0.79,1,1,1,0.553,0,0
txn_001295,3936.06,fashion,prepaid,500013,2026-02-27T00:43:00,agent_37,408,fashion,2460.31,attr_3,fashion,3936.06,attr_3,user_375,5365.9,fashion,667,1,0.32,1,0,1,0.224,0,0
txn_001296,5355.25,groceries,prepaid,500012,2026-02-27T09:10:00,agent_49,78,groceries,7888.39,attr_5,groceries,5355.25,attr_5,user_438,867.4,fashion,978,1,0.61,1,1,1,0.183,0,0
txn_001297,2403.49,groceries,prepaid,50004,2026-02-08T12:48:00,agent_32,69,groceries,3860.22,attr_1,groceries,2403.49,attr_1,user_262,1344.59,groceries,802,1,0.81,1,1,1,0.567,0,0
txn_001298,6446.87,fashion,prepaid,50002,2026-01-11T15:25:00,agent_59,37,fashion,4186.74,attr_1,fashion,6446.87,attr_1,user_72,3634.07,fashion,1090,1,0.16,1,0,1,0.112,0,0
txn_001299,3012.54,fashion,COD,50008,2026-05-05T13:14:00,agent_25,589,fashion,4280.52,attr_5,fashion,3012.54,attr_5,user_407,4487.21,fashion,1308,1,0.35,1,1,1,0.245,0,0
txn_001300,805.03,home,prepaid,50001,2026-01-05T04:03:00,agent_44,79,home,1186.76,attr_3,home,805.03,attr_3,user_483,5738.3,home,1342,1,0.11,1,1,1,0.077,0,0
txn_001301,1682.73,groceries,COD,50009,2026-03-08T03:09:00,agent_35,89,groceries,1142.12,attr_4,groceries,1682.73,attr_4,user_476,2396.15,groceries,838,1,0.46,1,0,1,0.322,0,0
txn_001302,2452.47,home,prepaid,50001,2026-05-15T15:54:00,agent_26,245,home,3716.8,attr_5,home,2452.47,attr_5,user_11,701.13,groceries,488,1,0.75,1,1,1,0.225,0,0
txn_001303,6436.87,groceries,prepaid,500017,2026-03-15T08:13:00,agent_36,58,groceries,6500.19,attr_5,groceries,6436.87,attr_5,user_86,993.75,groceries,540,1,0.01,1,1,1,0.007,0,0
txn_001304,1882.75,electronics,prepaid,50006,2026-04-26T09:57:00,agent_23,295,electronics,2090.51,attr_2,electronics,1882.75,attr_2,user_469,2952.21,electronics,230,1,0.24,1,1,1,0.168,0,0
txn_001305,987.25,footwear,COD,500015,2026-04-16T10:33:00,agent_34,127,footwear,1541.08,attr_5,footwear,987.25,attr_5,user_426,4966.54,footwear,1224,1,0.02,1,1,1,0.014,0,0
txn_001306,4837.35,footwear,prepaid,500010,2026-04-20T14:37:00,agent_19,89,footwear,5669.0,attr_2,footwear,4837.35,attr_2,user_481,3048.22,footwear,693,1,0.81,1,1,1,0.567,0,1
txn_001307,8334.99,flights,COD,50009,2026-02-26T21:53:00,agent_26,61,flights,5738.57,attr_5,flights,8334.99,attr_5,user_35,4355.41,flights,1043,1,0.25,1,0,1,0.175,0,0
txn_001308,8456.45,electronics,COD,50006,2026-03-11T05:09:00,agent_5,120,electronics,6633.08,attr_3,electronics,8456.45,attr_3,user_280,3324.03,electronics,57,1,0.13,1,0,1,0.091,0,0
txn_001309,2287.89,groceries,COD,500016,2026-03-19T08:35:00,agent_50,332,groceries,1952.35,attr_5,groceries,2287.89,attr_3,user_79,2564.91,groceries,1142,0,0.49,1,0,0,0.343,1,0
txn_001310,2773.11,footwear,prepaid,500014,2026-02-09T06:42:00,agent_20,50,footwear,3016.62,attr_1,footwear,2773.11,attr_1,user_166,3275.77,footwear,155,1,0.49,1,1,1,0.343,0,0
txn_001311,3412.14,fashion,prepaid,500019,2026-04-19T08:13:00,agent_50,167,fashion,3464.64,attr_2,fashion,3412.14,attr_2,user_262,973.49,fashion,802,1,0.56,1,1,1,0.392,1,0
txn_001312,3480.27,footwear,COD,50003,2026-04-10T10:33:00,agent_22,147,footwear,4575.03,attr_4,footwear,3480.27,attr_4,user_152,5336.79,footwear,19,1,0.63,1,1,1,0.441,1,0
txn_001313,7367.35,fashion,COD,50002,2026-04-29T00:53:00,agent_30,159,fashion,7742.22,attr_4,fashion,7367.35,attr_4,user_360,1645.76,flights,444,0,0.33,1,1,1,0.099,0,1
txn_001314,6919.64,electronics,COD,50007,2026-04-14T03:08:00,agent_47,55,electronics,7576.53,attr_5,electronics,6919.64,attr_5,user_7,2856.75,electronics,286,1,0.79,1,1,1,0.553,0,0
txn_001315,10796.32,electronics,prepaid,500014,2026-02-28T02:02:00,agent_32,101,footwear,7132.09,attr_5,electronics,10796.32,attr_5,user_194,3310.81,footwear,1231,1,0.85,0,0,1,0.255,0,0
txn_001316,7701.0,electronics,prepaid,50006,2026-02-16T07:31:00,agent_38,129,electronics,5155.29,attr_1,electronics,7701.0,attr_2,user_21,704.41,electronics,1344,1,0.11,1,0,0,0.077,0,0
txn_001317,7123.85,electronics,prepaid,50006,2026-02-21T23:22:00,agent_37,191,electronics,4601.76,attr_3,electronics,7123.85,attr_4,user_380,4952.77,electronics,614,1,0.99,1,0,0,0.693,0,0
txn_001318,2730.99,electronics,prepaid,50005,2026-03-15T17:28:00,agent_10,214,electronics,1783.12,attr_5,electronics,2730.99,attr_5,user_96,2204.83,groceries,226,1,0.19,1,0,1,0.057,0,0
txn_001319,7445.35,flights,COD,500019,2026-04-20T09:11:00,agent_6,34,flights,7762.32,attr_1,flights,7445.35,attr_1,user_203,2743.87,flights,1473,1,0.77,1,1,1,0.539,0,0
txn_001320,3298.93,groceries,prepaid,500020,2026-04-27T05:12:00,agent_46,132,groceries,2165.42,attr_1,groceries,3298.93,attr_1,user_80,2271.76,groceries,139,1,0.96,1,0,1,0.672,0,0
txn_001321,1175.48,groceries,COD,50004,2026-03-26T03:39:00,agent_8,51,groceries,794.48,attr_1,groceries,1175.48,attr_4,user_388,3970.48,groceries,1173,1,0.87,1,0,0,0.609,1,0
txn_001322,5092.94,groceries,prepaid,500019,2026-04-18T09:13:00,agent_25,186,groceries,7867.98,attr_5,groceries,5092.94,attr_5,user_423,4320.36,groceries,125,1,0.36,1,1,1,0.252,1,0
txn_001323,3406.11,home,COD,500018,2026-02-05T19:57:00,agent_55,4,home,5347.9,attr_2,home,3406.11,attr_2,user_398,1814.58,home,223,1,0.13,1,1,1,0.091,0,0
txn_001324,6700.97,electronics,prepaid,50005,2026-02-06T22:58:00,agent_10,242,electronics,4852.2,attr_3,electronics,6700.97,attr_3,user_280,1459.57,fashion,852,0,0.91,1,0,1,0.273,0,0
txn_001325,1225.7,groceries,prepaid,50004,2026-03-16T21:56:00,agent_59,105,groceries,1287.39,attr_4,groceries,1225.7,attr_4,user_384,2443.02,groceries,1142,1,0.96,1,1,1,0.672,0,0
txn_001326,6508.22,groceries,COD,500016,2026-02-04T15:32:00,agent_9,90,groceries,7186.2,attr_5,groceries,6508.22,attr_5,user_321,3017.04,home,1179,1,0.43,1,1,1,0.129,0,0
txn_001327,3239.41,home,COD,50007,2026-03-15T23:42:00,agent_31,155,home,3009.16,attr_1,home,3239.41,attr_2,user_57,811.74,home,1090,1,0.02,1,0,0,0.014,0,0
txn_001328,1055.93,home,prepaid,500015,2026-03-27T06:20:00,agent_38,55,home,1644.5,attr_1,home,1055.93,attr_1,user_37,1335.61,home,1009,1,0.22,1,1,1,0.154,0,0
txn_001329,4055.97,flights,prepaid,500019,2026-03-04T00:31:00,agent_16,194,flights,4765.76,attr_4,flights,4055.97,attr_4,user_70,2707.06,fashion,1141,1,0.48,1,1,1,0.144,1,0
txn_001330,1984.59,fashion,COD,50003,2026-02-18T00:57:00,agent_21,20,fashion,3246.39,attr_5,fashion,1984.59,attr_5,user_329,3194.58,fashion,1297,1,0.42,1,1,1,0.294,0,0
txn_001331,2545.43,flights,prepaid,50009,2026-01-28T09:40:00,agent_24,111,flights,3229.15,attr_4,flights,2545.43,attr_4,user_153,5262.47,flights,664,1,0.59,1,1,1,0.413,0,0
txn_001332,835.61,flights,COD,500011,2026-01-17T06:22:00,agent_55,140,flights,656.1,attr_1,flights,835.61,attr_1,user_326,3113.1,flights,513,1,0.15,1,0,1,0.105,0,0
txn_001333,1960.19,footwear,prepaid,500011,2026-01-13T04:18:00,agent_32,180,footwear,2748.25,attr_1,footwear,1960.19,attr_1,user_244,1391.4,footwear,1114,1,0.53,1,1,1,0.371,0,0
txn_001334,9841.48,flights,COD,500017,2026-03-24T18:11:00,agent_52,146,flights,7049.47,attr_3,flights,9841.48,attr_4,user_302,3213.97,flights,1274,1,0.28,1,0,0,0.196,0,0
txn_001335,8817.81,electronics,COD,50004,2026-03-10T11:10:00,agent_41,202,flights,5906.6,attr_4,electronics,8817.81,attr_4,user_139,3162.1,flights,663,1,0.14,0,0,1,0.042,1,0
txn_001336,1214.56,electronics,COD,500017,2026-04-12T17:00:00,agent_11,89,electronics,1311.49,attr_1,electronics,1214.56,attr_1,user_124,4719.06,home,1410,1,0.15,1,1,1,0.045,0,0
txn_001337,1145.8,electronics,prepaid,50005,2026-04-24T04:22:00,agent_45,60,electronics,1707.89,attr_1,electronics,1145.8,attr_1,user_158,3426.81,electronics,292,1,0.69,1,1,1,0.483,0,0
txn_001338,2285.41,groceries,prepaid,500013,2026-02-26T14:49:00,agent_57,158,flights,2163.98,attr_2,groceries,2285.41,attr_2,user_272,2713.13,flights,762,1,0.41,0,0,1,0.123,0,0
txn_001339,4210.8,footwear,prepaid,500017,2026-05-09T06:40:00,agent_37,38,footwear,7009.98,attr_5,footwear,4210.8,attr_5,user_255,677.53,footwear,77,0,0.43,1,1,1,0.301,0,0
txn_001340,6004.51,flights,prepaid,500020,2026-05-11T03:52:00,agent_3,190,flights,7611.83,attr_4,flights,6004.51,attr_4,user_204,3225.8,flights,989,0,0.9,1,1,1,0.63,0,0
txn_001341,3434.8,electronics,prepaid,50005,2026-03-02T16:53:00,agent_34,19,electronics,3168.33,attr_1,electronics,3434.8,attr_1,user_279,2265.0,home,1487,1,0.41,1,0,1,0.123,0,0
txn_001342,5204.44,flights,COD,50001,2026-03-01T03:46:00,agent_36,33,flights,6528.4,attr_3,flights,5204.44,attr_3,user_83,5109.32,flights,692,1,0.94,1,1,1,0.658,0,0
txn_001343,3951.4,groceries,prepaid,500017,2026-04-18T23:28:00,agent_10,21,groceries,2926.32,attr_1,groceries,3951.4,attr_1,user_323,4523.06,flights,242,1,0.74,1,0,1,0.222,0,1
txn_001344,7049.3,groceries,prepaid,500011,2026-01-07T07:58:00,agent_12,10,groceries,6505.81,attr_3,groceries,7049.3,attr_3,user_19,5947.45,groceries,834,1,0.41,1,0,1,0.287,0,0
txn_001345,3633.22,home,COD,500013,2026-01-04T09:25:00,agent_35,298,home,4169.5,attr_4,home,3633.22,attr_4,user_319,3634.6,electronics,1468,1,0.99,1,1,1,0.297,0,0
txn_001346,9317.68,footwear,COD,500012,2026-01-30T03:00:00,agent_52,379,footwear,5919.52,attr_2,footwear,9317.68,attr_2,user_284,1288.05,footwear,372,1,0.92,1,0,1,0.644,1,0
txn_001347,2437.06,fashion,prepaid,500019,2026-04-11T13:31:00,agent_56,215,fashion,2786.8,attr_1,fashion,2437.06,attr_1,user_182,3242.91,footwear,534,1,0.19,1,1,1,0.057,0,0
txn_001348,2471.38,fashion,prepaid,500020,2026-05-16T02:02:00,agent_37,185,fashion,3103.47,attr_2,fashion,2471.38,attr_2,user_106,1643.77,home,695,1,0.14,1,1,1,0.042,1,0
txn_001349,4304.77,fashion,prepaid,50002,2026-01-03T13:50:00,agent_3,217,fashion,6503.49,attr_2,fashion,4304.77,attr_2,user_321,1199.44,fashion,1133,0,0.22,1,1,1,0.154,0,0
txn_001350,2353.68,footwear,COD,500013,2026-02-19T08:46:00,agent_11,106,footwear,1511.14,attr_4,footwear,2353.68,attr_1,user_112,3227.07,footwear,407,0,0.25,1,0,0,0.175,1,0
txn_001351,6251.89,home,prepaid,500011,2026-01-27T22:27:00,agent_44,52,home,4530.2,attr_5,home,6251.89,attr_4,user_413,1853.81,home,1210,1,0.15,1,0,0,0.105,0,0
txn_001352,5400.89,fashion,COD,500020,2026-04-11T03:48:00,agent_54,201,fashion,6438.37,attr_4,fashion,5400.89,attr_4,user_121,2264.25,electronics,287,1,0.55,1,1,1,0.165,1,0
txn_001353,5517.46,flights,COD,500019,2026-01-12T12:20:00,agent_52,5,flights,4758.84,attr_1,flights,5517.46,attr_2,user_13,3957.16,flights,647,1,0.43,1,0,0,0.301,0,1
txn_001354,8681.57,electronics,COD,50005,2026-05-15T16:05:00,agent_34,57,electronics,7786.24,attr_3,electronics,8681.57,attr_4,user_191,930.03,electronics,49,1,0.53,1,0,0,0.371,1,0
txn_001355,3564.04,home,COD,50007,2026-03-03T15:48:00,agent_29,234,home,3650.1,attr_2,home,3564.04,attr_2,user_30,2368.54,home,50,1,0.62,1,1,1,0.434,0,0
txn_001356,6064.51,footwear,COD,500011,2026-02-12T10:13:00,agent_57,4,groceries,4323.74,attr_4,footwear,6064.51,attr_4,user_88,877.35,groceries,1192,1,0.03,0,0,1,0.009,1,0
txn_001357,6825.13,fashion,prepaid,500013,2026-02-10T23:29:00,agent_26,171,fashion,7021.34,attr_3,fashion,6825.13,attr_3,user_11,2860.39,fashion,738,1,0.89,1,1,1,0.623,0,0
txn_001358,1540.03,flights,COD,500017,2026-04-09T19:55:00,agent_37,74,flights,2378.43,attr_2,flights,1540.03,attr_2,user_387,5629.23,fashion,486,1,0.25,1,1,1,0.075,0,0
txn_001359,1205.76,flights,COD,50007,2026-04-11T04:30:00,agent_57,26,flights,1862.1,attr_5,flights,1205.76,attr_5,user_235,3112.74,fashion,1318,1,0.22,1,1,1,0.066,0,0
txn_001360,8827.52,groceries,prepaid,500017,2026-02-25T20:44:00,agent_59,263,groceries,5916.94,attr_2,groceries,8827.52,attr_1,user_393,5079.3,groceries,634,1,0.33,1,0,0,0.231,0,0
txn_001361,6018.06,footwear,COD,500012,2026-04-21T21:25:00,agent_7,155,footwear,7463.68,attr_4,footwear,6018.06,attr_4,user_448,5116.82,footwear,1393,1,0.17,1,1,1,0.119,1,0
txn_001362,2397.2,fashion,prepaid,50009,2026-01-13T06:19:00,agent_59,11,fashion,2885.8,attr_3,fashion,2397.2,attr_3,user_233,4202.72,fashion,681,0,0.83,1,1,1,0.581,0,0
txn_001363,5690.32,fashion,COD,50004,2026-05-11T00:33:00,agent_19,15,groceries,5079.83,attr_5,fashion,5690.32,attr_1,user_19,5518.62,groceries,639,1,0.19,0,0,0,0.057,0,0
txn_001364,645.6,electronics,COD,50006,2026-04-04T17:47:00,agent_50,457,electronics,614.38,attr_5,electronics,645.6,attr_5,user_50,3443.77,fashion,1263,1,0.85,1,0,1,0.255,1,0
txn_001365,2231.95,footwear,COD,50007,2026-01-05T14:34:00,agent_22,86,footwear,2641.59,attr_3,footwear,2231.95,attr_3,user_38,2197.83,footwear,1409,0,0.36,1,1,1,0.252,0,1
txn_001366,5743.38,groceries,COD,500017,2026-01-02T04:38:00,agent_41,27,groceries,4890.5,attr_2,groceries,5743.38,attr_2,user_324,3619.12,home,289,0,0.06,1,0,1,0.018,1,0
txn_001367,1964.15,footwear,prepaid,50004,2026-04-19T01:06:00,agent_53,27,footwear,1538.26,attr_1,footwear,1964.15,attr_5,user_115,1008.82,flights,1391,1,0.52,1,0,0,0.156,1,0
txn_001368,930.31,fashion,COD,500017,2026-02-09T23:14:00,agent_40,342,fashion,1505.79,attr_1,fashion,930.31,attr_1,user_169,4785.92,fashion,374,1,0.3,1,1,1,0.21,1,0
txn_001369,8374.35,electronics,prepaid,50002,2026-03-27T14:14:00,agent_7,13,electronics,7431.76,attr_1,electronics,8374.35,attr_4,user_323,4666.18,electronics,1289,1,0.57,1,0,0,0.399,1,0
txn_001370,1049.82,footwear,prepaid,500014,2026-02-06T18:54:00,agent_41,98,footwear,1216.67,attr_2,footwear,1049.82,attr_2,user_409,2318.8,groceries,867,1,0.66,1,1,1,0.198,0,0
txn_001371,4719.69,footwear,COD,50003,2026-01-31T21:15:00,agent_41,94,footwear,6195.96,attr_1,footwear,4719.69,attr_1,user_143,4764.93,footwear,1356,1,0.26,1,1,1,0.182,1,0
txn_001372,2288.28,electronics,COD,50004,2026-04-15T06:28:00,agent_37,71,electronics,3074.29,attr_4,electronics,2288.28,attr_4,user_25,854.14,fashion,1149,0,0.53,1,1,1,0.159,1,0
txn_001373,8922.45,footwear,prepaid,50001,2026-03-08T14:36:00,agent_12,28,footwear,5907.72,attr_3,footwear,8922.45,attr_3,user_310,2514.15,footwear,740,1,0.88,1,0,1,0.616,1,0
txn_001374,4708.88,fashion,COD,500020,2026-04-24T09:36:00,agent_38,1259,fashion,5389.26,attr_2,fashion,4708.88,attr_2,user_375,4250.32,groceries,1184,1,0.23,1,1,1,0.069,0,0
txn_001375,6520.45,electronics,COD,50007,2026-02-19T00:00:00,agent_41,264,electronics,7992.0,attr_4,electronics,6520.45,attr_4,user_118,5265.06,footwear,697,1,0.32,1,1,1,0.096,0,0
txn_001376,6393.54,electronics,COD,500015,2026-03-18T06:09:00,agent_15,66,electronics,7261.8,attr_2,electronics,6393.54,attr_2,user_292,883.26,footwear,1281,1,0.92,1,1,1,0.276,1,0
txn_001377,7914.71,groceries,prepaid,500014,2026-03-24T23:55:00,agent_23,153,groceries,5537.75,attr_5,groceries,7914.71,attr_5,user_444,2360.57,groceries,924,1,0.88,1,0,1,0.616,0,1
txn_001378,1832.75,groceries,COD,50003,2026-05-13T08:01:00,agent_17,124,groceries,2609.23,attr_5,groceries,1832.75,attr_5,user_121,4012.69,groceries,1268,1,0.62,1,1,1,0.434,0,0
txn_001379,6203.31,footwear,prepaid,50009,2026-03-02T17:47:00,agent_33,39,footwear,6718.78,attr_3,footwear,6203.31,attr_3,user_360,2017.74,electronics,236,1,0.16,1,1,1,0.048,0,0
txn_001380,5711.59,flights,prepaid,500013,2026-04-14T22:50:00,agent_43,80,flights,6186.25,attr_4,flights,5711.59,attr_4,user_435,4742.79,flights,415,1,0.43,1,1,1,0.301,0,0
txn_001381,4247.53,home,COD,50004,2026-04-29T09:35:00,agent_25,16,home,5046.52,attr_1,home,4247.53,attr_1,user_147,1572.78,home,1180,1,0.75,1,1,1,0.525,0,0
txn_001382,2755.07,home,COD,500010,2026-02-10T07:35:00,agent_53,39,home,2938.85,attr_4,home,2755.07,attr_4,user_427,1227.95,home,627,1,0.88,1,1,1,0.616,0,0
txn_001383,4417.07,footwear,prepaid,50003,2026-04-21T02:50:00,agent_31,55,flights,3148.77,attr_2,footwear,4417.07,attr_4,user_24,3134.99,flights,1290,1,0.25,0,0,0,0.075,0,1
txn_001384,929.06,fashion,COD,500020,2026-05-05T22:22:00,agent_28,39,fashion,1176.44,attr_1,fashion,929.06,attr_1,user_198,2053.01,fashion,244,1,0.5,1,1,1,0.35,0,0
txn_001385,1848.26,fashion,prepaid,500013,2026-03-01T18:01:00,agent_49,117,fashion,2195.48,attr_4,fashion,1848.26,attr_4,user_338,3749.82,footwear,1155,1,0.0,1,1,1,0.0,0,0
txn_001386,1841.06,home,COD,500013,2026-02-26T06:50:00,agent_6,32,home,2032.86,attr_2,home,1841.06,attr_2,user_363,4531.63,home,1136,1,0.81,1,1,1,0.567,0,0
txn_001387,5549.43,fashion,COD,500014,2026-01-29T05:27:00,agent_35,184,fashion,4018.32,attr_3,fashion,5549.43,attr_4,user_204,1952.38,fashion,248,0,0.64,1,0,0,0.448,1,0
txn_001388,9041.11,fashion,prepaid,50003,2026-04-12T14:47:00,agent_49,2,fashion,6538.63,attr_4,fashion,9041.11,attr_4,user_142,2915.21,fashion,415,1,0.98,1,0,1,0.686,1,0
txn_001389,4687.58,footwear,prepaid,50001,2026-03-09T08:19:00,agent_11,45,footwear,6188.55,attr_3,footwear,4687.58,attr_3,user_215,3340.52,flights,57,1,0.63,1,1,1,0.189,0,0
txn_001390,3389.38,flights,prepaid,50003,2026-04-24T23:14:00,agent_15,4,flights,3718.06,attr_5,flights,3389.38,attr_5,user_145,5759.57,flights,738,1,0.14,1,1,1,0.098,0,0
txn_001391,5996.27,footwear,COD,50004,2026-03-10T22:22:00,agent_9,73,footwear,7606.79,attr_5,footwear,5996.27,attr_5,user_14,5005.43,footwear,794,1,0.55,1,1,1,0.385,1,0
txn_001392,441.89,electronics,COD,500013,2026-05-08T10:04:00,agent_55,68,electronics,630.37,attr_1,electronics,441.89,attr_1,user_363,3559.75,electronics,1171,1,0.41,1,1,1,0.287,0,0
txn_001393,3119.78,flights,prepaid,500013,2026-01-20T00:48:00,agent_42,25,flights,3755.14,attr_2,flights,3119.78,attr_2,user_392,5262.81,groceries,711,1,0.01,1,1,1,0.003,1,0
txn_001394,4800.24,footwear,COD,500019,2026-04-24T15:26:00,agent_14,143,footwear,4072.95,attr_2,footwear,4800.24,attr_2,user_424,2903.95,footwear,790,1,0.29,1,0,1,0.203,0,0
txn_001395,5756.27,footwear,COD,50009,2026-02-17T00:05:00,agent_20,281,footwear,4273.16,attr_3,footwear,5756.27,attr_5,user_260,4695.42,footwear,351,1,0.81,1,0,0,0.567,0,1
txn_001396,4806.85,home,prepaid,500017,2026-04-14T00:00:00,agent_50,190,home,6562.82,attr_5,home,4806.85,attr_5,user_140,806.13,groceries,794,1,0.39,1,1,1,0.117,0,0
txn_001397,3780.71,flights,COD,50007,2026-04-13T08:21:00,agent_41,73,flights,4821.23,attr_4,flights,3780.71,attr_4,user_6,4216.29,flights,728,1,0.52,1,1,1,0.364,0,0
txn_001398,7000.45,fashion,prepaid,500018,2026-02-08T06:46:00,agent_44,6,fashion,6065.92,attr_4,fashion,7000.45,attr_4,user_252,3248.26,fashion,85,1,0.91,1,0,1,0.637,0,0
txn_001399,1378.25,footwear,prepaid,500010,2026-03-15T20:38:00,agent_11,152,footwear,1093.98,attr_2,footwear,1378.25,attr_2,user_252,2636.02,footwear,866,1,0.46,1,0,1,0.322,0,0
txn_001400,1392.49,electronics,COD,50009,2026-03-09T08:18:00,agent_10,55,electronics,1321.48,attr_5,electronics,1392.49,attr_5,user_461,5186.49,electronics,597,0,0.58,1,0,1,0.406,1,0
txn_001401,2657.19,electronics,prepaid,500016,2026-05-02T14:35:00,agent_34,126,electronics,3850.0,attr_4,electronics,2657.19,attr_4,user_339,2546.8,electronics,1256,1,0.33,1,1,1,0.231,0,0
txn_001402,5750.73,flights,prepaid,500014,2026-02-05T03:31:00,agent_29,276,flights,6630.64,attr_3,flights,5750.73,attr_3,user_8,3222.04,flights,996,1,0.98,1,1,1,0.686,0,0
txn_001403,6412.53,home,COD,500011,2026-03-13T23:55:00,agent_10,227,home,5114.86,attr_1,home,6412.53,attr_1,user_464,4206.02,home,18,0,0.03,1,0,1,0.021,0,0
txn_001404,751.18,home,COD,500020,2026-02-18T14:05:00,agent_13,29,home,776.06,attr_1,home,751.18,attr_1,user_248,5884.69,footwear,609,1,0.68,1,1,1,0.204,1,0
txn_001405,10341.63,home,COD,50006,2026-04-03T13:05:00,agent_8,36,home,7127.79,attr_5,home,10341.63,attr_5,user_225,4188.49,home,994,0,0.52,1,0,1,0.364,1,0
txn_001406,4591.3,electronics,COD,500020,2026-01-21T23:38:00,agent_5,142,electronics,4663.04,attr_1,electronics,4591.3,attr_1,user_29,3083.67,electronics,1186,1,0.05,1,1,1,0.035,0,0
txn_001407,4572.67,footwear,COD,50008,2026-03-03T03:27:00,agent_57,403,footwear,5554.42,attr_3,footwear,4572.67,attr_3,user_166,4277.9,footwear,1021,1,0.67,1,1,1,0.469,0,0
txn_001408,5268.48,fashion,COD,50009,2026-04-05T05:15:00,agent_20,17,fashion,6729.14,attr_1,fashion,5268.48,attr_1,user_383,2356.46,fashion,1424,1,0.03,1,1,1,0.021,0,0
txn_001409,6481.64,electronics,prepaid,500019,2026-02-02T21:53:00,agent_20,280,electronics,6611.14,attr_1,electronics,6481.64,attr_1,user_106,4975.19,electronics,246,0,0.43,1,1,1,0.301,1,0
txn_001410,4849.5,footwear,COD,500015,2026-01-16T04:36:00,agent_13,6,footwear,6598.02,attr_3,footwear,4849.5,attr_3,user_58,2307.28,footwear,165,1,0.63,1,1,1,0.441,1,0
txn_001411,1413.09,groceries,COD,500010,2026-05-07T21:37:00,agent_48,53,groceries,1736.13,attr_3,groceries,1413.09,attr_3,user_160,2973.44,groceries,878,1,0.3,1,1,1,0.21,0,0
txn_001412,785.62,fashion,prepaid,50009,2026-03-16T07:17:00,agent_14,49,fashion,1232.98,attr_1,fashion,785.62,attr_1,user_368,1452.69,electronics,1182,1,0.52,1,1,1,0.156,0,0
txn_001413,4905.89,footwear,prepaid,500019,2026-03-22T02:37:00,agent_41,182,footwear,4222.31,attr_4,footwear,4905.89,attr_2,user_382,2353.67,footwear,112,1,0.04,1,0,0,0.028,0,0
txn_001414,6592.62,flights,prepaid,50001,2026-02-26T07:51:00,agent_27,760,flights,6831.3,attr_5,flights,6592.62,attr_5,user_81,5339.07,flights,896,1,0.2,1,1,1,0.14,0,0
txn_001415,3560.95,fashion,COD,50008,2026-02-24T17:37:00,agent_2,223,fashion,4178.52,attr_3,fashion,3560.95,attr_3,user_330,2948.08,fashion,613,1,0.13,1,1,1,0.091,1,0
txn_001416,7595.19,footwear,prepaid,500020,2026-04-20T22:22:00,agent_8,136,footwear,6347.35,attr_1,footwear,7595.19,attr_5,user_197,3921.95,footwear,96,1,0.4,1,0,0,0.28,1,0
txn_001417,4427.19,flights,prepaid,50001,2026-01-31T16:02:00,agent_52,86,flights,5935.45,attr_5,flights,4427.19,attr_5,user_50,688.72,flights,187,1,0.95,1,1,1,0.665,0,0
txn_001418,3682.27,footwear,prepaid,500017,2026-02-10T15:43:00,agent_59,62,footwear,4172.34,attr_5,footwear,3682.27,attr_5,user_102,1382.39,footwear,974,1,0.78,1,1,1,0.546,0,0
txn_001419,4857.17,home,prepaid,500015,2026-03-10T02:50:00,agent_48,33,home,7753.24,attr_1,home,4857.17,attr_1,user_356,1197.41,home,820,1,0.96,1,1,1,0.672,0,0
txn_001420,1513.89,electronics,prepaid,500014,2026-03-04T12:58:00,agent_23,158,electronics,1984.68,attr_5,electronics,1513.89,attr_5,user_251,2619.66,flights,574,0,0.77,1,1,1,0.231,0,0
txn_001421,10246.02,footwear,COD,500014,2026-05-17T18:03:00,agent_21,141,footwear,6928.04,attr_5,footwear,10246.02,attr_3,user_122,4754.12,footwear,931,1,0.26,1,0,0,0.182,0,1
txn_001422,4267.21,home,COD,500010,2026-04-13T00:25:00,agent_35,38,home,4798.88,attr_5,home,4267.21,attr_5,user_203,2546.51,home,132,1,0.38,1,1,1,0.266,0,0
txn_001423,6280.74,fashion,COD,50002,2026-03-13T04:35:00,agent_50,32,fashion,6902.75,attr_5,fashion,6280.74,attr_5,user_283,2081.08,fashion,552,1,0.65,1,1,1,0.455,1,0
txn_001424,1951.2,footwear,COD,50009,2026-01-24T08:16:00,agent_3,3,footwear,3003.27,attr_1,footwear,1951.2,attr_1,user_479,2467.24,footwear,501,1,0.95,1,1,1,0.665,1,0
txn_001425,5120.12,electronics,COD,50008,2026-02-18T17:44:00,agent_15,48,electronics,5837.88,attr_3,electronics,5120.12,attr_3,user_62,2268.04,electronics,408,1,0.8,1,1,1,0.56,0,0
txn_001426,5420.23,fashion,COD,50001,2026-03-02T10:29:00,agent_31,6,fashion,5995.39,attr_1,fashion,5420.23,attr_1,user_112,3753.47,fashion,719,1,0.12,1,1,1,0.084,1,0
txn_001427,4840.75,fashion,COD,500019,2026-02-07T21:15:00,agent_51,480,fashion,6333.73,attr_2,fashion,4840.75,attr_2,user_31,593.07,fashion,396,1,0.27,1,1,1,0.189,0,0
txn_001428,4595.61,flights,COD,50008,2026-04-30T03:51:00,agent_14,288,groceries,3042.27,attr_4,flights,4595.61,attr_1,user_378,3669.32,flights,974,0,0.03,0,0,0,0.021,1,0
txn_001429,5890.52,fashion,COD,500010,2026-03-05T17:34:00,agent_43,304,fashion,4821.69,attr_2,fashion,5890.52,attr_2,user_336,5798.91,fashion,530,1,0.48,1,0,1,0.336,0,0
txn_001430,3520.5,footwear,COD,50003,2026-02-11T17:35:00,agent_15,304,footwear,4880.61,attr_3,footwear,3520.5,attr_3,user_444,5113.83,groceries,1233,1,0.61,1,1,1,0.183,0,0
txn_001431,5145.75,electronics,COD,500020,2026-04-07T01:34:00,agent_11,39,electronics,7678.81,attr_2,electronics,5145.75,attr_2,user_492,4743.05,electronics,360,1,0.3,1,1,1,0.21,1,0
txn_001432,4726.06,home,prepaid,50007,2026-05-01T07:50:00,agent_38,5,home,6680.48,attr_2,home,4726.06,attr_2,user_127,4478.68,groceries,1412,1,0.73,1,1,1,0.219,0,0
txn_001433,507.82,groceries,COD,500015,2026-03-01T05:53:00,agent_35,223,groceries,679.6,attr_5,groceries,507.82,attr_5,user_172,3905.53,groceries,1080,1,0.87,1,1,1,0.609,0,0
txn_001434,3076.65,home,COD,50005,2026-04-26T16:04:00,agent_27,330,home,4550.3,attr_5,home,3076.65,attr_5,user_6,5728.28,home,1276,1,0.76,1,1,1,0.532,0,0
txn_001435,1568.62,electronics,COD,50003,2026-01-12T15:24:00,agent_20,8,electronics,1802.87,attr_3,electronics,1568.62,attr_3,user_379,1457.21,electronics,244,1,0.07,1,1,1,0.049,0,0
txn_001436,6473.93,electronics,COD,50008,2026-01-17T06:04:00,agent_22,110,electronics,7773.98,attr_3,electronics,6473.93,attr_3,user_127,5776.99,electronics,167,1,0.77,1,1,1,0.539,0,0
txn_001437,5594.46,fashion,prepaid,50003,2026-01-16T12:36:00,agent_13,143,fashion,4078.11,attr_2,fashion,5594.46,attr_2,user_77,2228.57,fashion,199,1,0.5,1,0,1,0.35,0,0
txn_001438,4888.17,fashion,COD,500018,2026-04-14T03:30:00,agent_32,263,fashion,5539.71,attr_4,fashion,4888.17,attr_4,user_155,2031.2,fashion,1240,1,0.77,1,1,1,0.539,1,0
txn_001439,8250.59,fashion,prepaid,50007,2026-02-11T14:32:00,agent_35,43,fashion,7705.87,attr_1,fashion,8250.59,attr_5,user_418,889.24,fashion,1038,1,0.18,1,0,0,0.126,0,0
txn_001440,5250.38,home,prepaid,500010,2026-03-16T18:34:00,agent_4,273,home,6717.57,attr_4,home,5250.38,attr_4,user_435,5802.96,home,1361,1,0.11,1,1,1,0.077,0,0
txn_001441,8103.93,fashion,COD,50007,2026-04-15T18:47:00,agent_49,135,fashion,5363.58,attr_1,fashion,8103.93,attr_1,user_387,2201.03,fashion,1416,1,0.68,1,0,1,0.476,1,0
txn_001442,3829.21,footwear,COD,500010,2026-02-23T22:15:00,agent_11,71,footwear,5151.71,attr_2,footwear,3829.21,attr_2,user_308,2597.41,footwear,529,1,0.02,1,1,1,0.014,0,0
txn_001443,3763.04,groceries,prepaid,500019,2026-04-04T20:20:00,agent_24,92,groceries,5874.89,attr_1,groceries,3763.04,attr_1,user_357,4768.24,groceries,77,1,0.22,1,1,1,0.154,1,0
txn_001444,591.53,flights,COD,500013,2026-01-13T10:21:00,agent_16,40,flights,673.3,attr_5,flights,591.53,attr_5,user_177,2943.36,flights,1165,1,0.92,1,1,1,0.644,1,0
txn_001445,2140.98,home,prepaid,500011,2026-01-07T09:08:00,agent_58,113,home,2544.97,attr_2,home,2140.98,attr_2,user_95,1999.64,home,545,1,0.42,1,1,1,0.294,0,0
txn_001446,5488.46,fashion,COD,50008,2026-04-15T17:07:00,agent_19,276,fashion,5872.3,attr_2,fashion,5488.46,attr_2,user_255,1399.71,footwear,1474,1,0.73,1,1,1,0.219,0,0
txn_001447,2007.68,flights,COD,50005,2026-03-15T12:25:00,agent_45,22,flights,2030.48,attr_2,flights,2007.68,attr_2,user_103,1087.48,flights,442,1,0.1,1,1,1,0.07,0,0
txn_001448,10301.63,footwear,prepaid,500015,2026-02-23T10:59:00,agent_41,10,footwear,7219.87,attr_4,footwear,10301.63,attr_4,user_472,1359.36,electronics,163,1,0.24,1,0,1,0.072,0,1
txn_001449,4422.91,electronics,prepaid,500016,2026-03-19T02:59:00,agent_32,6,electronics,4161.32,attr_1,electronics,4422.91,attr_1,user_113,5340.86,home,690,1,0.12,1,0,1,0.036,0,0
txn_001450,6727.04,electronics,prepaid,500011,2026-01-01T00:37:00,agent_23,33,electronics,7058.69,attr_2,electronics,6727.04,attr_2,user_445,3926.74,electronics,1036,1,0.44,1,1,1,0.308,0,1
txn_001451,9850.55,home,prepaid,500012,2026-05-15T23:19:00,agent_41,108,home,6409.76,attr_4,home,9850.55,attr_4,user_497,4908.37,electronics,216,1,0.6,1,0,1,0.18,0,0
txn_001452,2933.33,fashion,COD,500013,2026-04-17T02:47:00,agent_52,122,fashion,2695.9,attr_2,fashion,2933.33,attr_2,user_335,5004.94,fashion,156,1,0.02,1,0,1,0.014,0,0
txn_001453,1433.77,fashion,prepaid,50001,2026-03-28T14:46:00,agent_7,159,fashion,1237.4,attr_1,fashion,1433.77,attr_2,user_328,3260.82,fashion,386,1,0.46,1,0,0,0.322,0,0
txn_001454,1468.06,groceries,COD,50001,2026-01-19T05:29:00,agent_11,105,groceries,2048.17,attr_5,groceries,1468.06,attr_5,user_208,2961.88,flights,663,0,0.65,1,1,1,0.195,1,0
txn_001455,6269.02,electronics,prepaid,50006,2026-01-22T20:42:00,agent_29,79,electronics,7464.72,attr_5,electronics,6269.02,attr_5,user_139,5366.13,electronics,1295,1,0.27,1,1,1,0.189,0,0
txn_001456,880.21,groceries,COD,500011,2026-04-29T17:38:00,agent_5,176,groceries,597.64,attr_5,groceries,880.21,attr_5,user_466,2289.75,groceries,616,1,0.99,1,0,1,0.693,0,0
txn_001457,6469.01,footwear,prepaid,50008,2026-04-10T06:41:00,agent_39,3,footwear,4246.32,attr_5,footwear,6469.01,attr_3,user_319,2707.84,footwear,1466,1,0.26,1,0,0,0.182,1,0
txn_001458,5152.82,groceries,prepaid,500015,2026-01-13T12:18:00,agent_9,209,groceries,6111.37,attr_3,groceries,5152.82,attr_3,user_351,4261.6,groceries,61,1,0.66,1,1,1,0.462,0,0
txn_001459,4918.59,footwear,COD,500020,2026-05-14T11:54:00,agent_10,235,footwear,5694.52,attr_4,footwear,4918.59,attr_4,user_33,1554.91,footwear,1399,1,0.54,1,1,1,0.378,1,0
txn_001460,5171.92,electronics,prepaid,500011,2026-02-04T20:03:00,agent_12,154,electronics,6004.14,attr_5,electronics,5171.92,attr_5,user_287,3541.86,electronics,1059,1,0.57,1,1,1,0.399,0,0
txn_001461,1475.0,home,COD,50006,2026-01-24T17:35:00,agent_55,143,home,2068.49,attr_5,home,1475.0,attr_5,user_448,5169.51,footwear,1151,1,0.62,1,1,1,0.186,1,0
txn_001462,9483.32,fashion,COD,50006,2026-02-26T06:00:00,agent_49,29,fashion,7700.1,attr_1,fashion,9483.32,attr_1,user_346,3367.65,electronics,310,1,0.06,1,0,1,0.018,0,0
txn_001463,1623.84,fashion,COD,500019,2026-05-08T00:31:00,agent_34,5,fashion,1323.35,attr_5,fashion,1623.84,attr_5,user_228,5152.2,fashion,229,1,0.67,1,0,1,0.469,0,0
txn_001464,1220.45,home,prepaid,500014,2026-01-26T02:37:00,agent_16,91,home,960.96,attr_4,home,1220.45,attr_4,user_139,4915.98,home,500,1,0.27,1,0,1,0.189,0,0
txn_001465,930.43,electronics,COD,500019,2026-01-21T00:59:00,agent_39,28,electronics,582.34,attr_2,electronics,930.43,attr_3,user_48,1304.03,electronics,302,1,0.71,1,0,0,0.497,0,0
txn_001466,542.66,footwear,COD,50008,2026-04-21T23:09:00,agent_31,203,footwear,510.59,attr_5,footwear,542.66,attr_5,user_354,2415.35,footwear,825,1,0.16,1,0,1,0.112,0,0
txn_001467,9629.19,groceries,prepaid,50006,2026-05-07T19:24:00,agent_27,43,groceries,6480.9,attr_1,groceries,9629.19,attr_3,user_107,576.69,groceries,777,1,0.73,1,0,0,0.511,0,1
txn_001468,653.2,flights,COD,50004,2026-01-01T04:43:00,agent_54,144,flights,849.91,attr_4,flights,653.2,attr_4,user_381,1429.45,flights,370,1,0.55,1,1,1,0.385,0,0
txn_001469,955.66,electronics,COD,500010,2026-02-25T19:16:00,agent_36,470,electronics,1319.15,attr_3,electronics,955.66,attr_3,user_361,2051.88,electronics,661,1,0.0,1,1,1,0.0,0,1
txn_001470,972.07,groceries,prepaid,500011,2026-01-29T17:20:00,agent_36,276,groceries,708.97,attr_3,groceries,972.07,attr_4,user_214,2678.15,flights,1475,1,0.72,1,0,0,0.216,0,0
txn_001471,5907.73,groceries,prepaid,500018,2026-03-14T05:43:00,agent_22,13,groceries,7948.95,attr_4,groceries,5907.73,attr_4,user_75,1139.62,groceries,659,1,0.45,1,1,1,0.315,0,0
txn_001472,6735.9,electronics,COD,50007,2026-02-22T10:22:00,agent_35,22,electronics,4321.59,attr_3,electronics,6735.9,attr_3,user_435,5866.58,flights,190,1,0.2,1,0,1,0.06,0,0
txn_001473,4365.13,electronics,prepaid,500020,2026-04-19T07:37:00,agent_14,110,electronics,3287.47,attr_3,electronics,4365.13,attr_3,user_19,5960.79,electronics,663,1,0.5,1,0,1,0.35,0,0
txn_001474,5557.37,home,COD,500015,2026-02-03T09:08:00,agent_50,113,home,4464.62,attr_5,home,5557.37,attr_4,user_6,4009.98,home,605,1,0.69,1,0,0,0.483,1,0
txn_001475,502.83,flights,COD,500010,2026-03-28T00:43:00,agent_50,26,flights,693.67,attr_1,flights,502.83,attr_1,user_134,3855.2,flights,182,1,0.96,1,1,1,0.672,0,0
txn_001476,4889.67,fashion,COD,50004,2026-04-29T12:29:00,agent_35,124,fashion,6624.35,attr_3,fashion,4889.67,attr_3,user_305,4308.39,fashion,854,1,0.24,1,1,1,0.168,0,0
txn_001477,8180.43,footwear,COD,500010,2026-04-26T06:33:00,agent_45,56,footwear,6966.91,attr_5,footwear,8180.43,attr_4,user_483,1914.06,footwear,700,0,0.78,1,0,0,0.546,0,0
txn_001478,7753.07,flights,COD,500013,2026-04-22T10:09:00,agent_24,86,flights,6372.44,attr_5,flights,7753.07,attr_5,user_486,2194.31,flights,1161,1,0.19,1,0,1,0.133,0,0
txn_001479,6654.38,electronics,prepaid,50007,2026-03-25T07:45:00,agent_59,104,electronics,5355.9,attr_1,electronics,6654.38,attr_1,user_321,4946.05,electronics,393,1,0.94,1,0,1,0.658,0,0
txn_001480,4289.87,groceries,COD,50003,2026-04-06T00:42:00,agent_25,73,groceries,6159.2,attr_3,groceries,4289.87,attr_3,user_94,3269.15,groceries,322,1,0.81,1,1,1,0.567,0,0
txn_001481,708.13,groceries,COD,500020,2026-01-04T08:36:00,agent_19,408,groceries,1015.87,attr_2,groceries,708.13,attr_2,user_267,1878.81,groceries,1492,1,0.12,1,1,1,0.084,1,0
txn_001482,2060.28,groceries,COD,50006,2026-04-16T19:46:00,agent_45,272,groceries,2453.16,attr_5,groceries,2060.28,attr_5,user_418,1704.83,flights,842,1,0.01,1,1,1,0.003,0,0
txn_001483,5086.99,footwear,prepaid,50009,2026-02-02T02:06:00,agent_12,63,footwear,4124.94,attr_4,footwear,5086.99,attr_3,user_135,3361.1,footwear,1352,1,0.07,1,0,0,0.049,1,0
txn_001484,9418.58,home,COD,500015,2026-02-19T11:57:00,agent_32,64,home,7389.43,attr_4,home,9418.58,attr_2,user_477,5388.27,home,1131,0,0.31,1,0,0,0.217,1,0
txn_001485,6181.76,fashion,COD,500014,2026-01-12T17:23:00,agent_33,3,fashion,6656.5,attr_1,fashion,6181.76,attr_1,user_114,1144.54,fashion,1182,1,0.68,1,1,1,0.476,1,0
txn_001486,2627.21,home,prepaid,500019,2026-05-02T22:45:00,agent_10,72,home,2045.86,attr_1,home,2627.21,attr_1,user_493,1716.62,home,1333,1,0.88,1,0,1,0.616,0,0
txn_001487,5647.32,fashion,prepaid,500012,2026-04-13T02:45:00,agent_18,35,fashion,3569.11,attr_5,fashion,5647.32,attr_4,user_425,4331.47,fashion,824,1,0.66,1,0,0,0.462,1,0
txn_001488,1795.75,electronics,prepaid,500019,2026-02-23T02:30:00,agent_48,49,electronics,2634.77,attr_4,electronics,1795.75,attr_4,user_280,838.87,electronics,900,1,0.95,1,1,1,0.665,0,0
txn_001489,1131.41,groceries,COD,50003,2026-05-12T14:44:00,agent_39,88,groceries,1804.84,attr_1,groceries,1131.41,attr_1,user_284,5978.91,groceries,1477,1,0.28,1,1,1,0.196,1,0
txn_001490,3516.53,flights,COD,500018,2026-01-04T11:30:00,agent_1,231,flights,2261.08,attr_5,flights,3516.53,attr_3,user_476,2388.45,groceries,1009,1,0.87,1,0,0,0.261,0,1
txn_001491,1873.72,flights,prepaid,500010,2026-03-30T14:40:00,agent_34,93,flights,2278.04,attr_3,flights,1873.72,attr_3,user_273,5318.14,flights,499,1,0.04,1,1,1,0.028,1,0
txn_001492,7373.25,footwear,prepaid,500015,2026-05-09T05:14:00,agent_21,148,footwear,5550.41,attr_4,footwear,7373.25,attr_4,user_101,3588.64,footwear,642,1,0.71,1,0,1,0.497,0,0
txn_001493,1761.94,fashion,prepaid,50001,2026-03-11T20:30:00,agent_8,7,fashion,2542.24,attr_2,fashion,1761.94,attr_2,user_221,1094.83,fashion,959,1,0.81,1,1,1,0.567,0,0
txn_001494,5168.31,electronics,COD,500011,2026-03-01T18:45:00,agent_24,161,electronics,6906.7,attr_3,electronics,5168.31,attr_3,user_278,680.58,electronics,1265,1,0.47,1,1,1,0.329,0,0
txn_001495,5452.14,fashion,COD,500020,2026-02-27T04:27:00,agent_24,11,fashion,3676.63,attr_1,fashion,5452.14,attr_1,user_159,4422.58,flights,1036,0,0.25,1,0,1,0.075,1,0
txn_001496,3104.95,groceries,prepaid,500013,2026-01-12T01:42:00,agent_6,19,groceries,4600.66,attr_3,groceries,3104.95,attr_3,user_355,1718.21,groceries,872,1,0.64,1,1,1,0.448,0,0
txn_001497,1999.17,groceries,COD,500012,2026-01-09T22:44:00,agent_35,100,groceries,2323.37,attr_1,groceries,1999.17,attr_1,user_485,5450.96,groceries,1105,0,0.41,1,1,1,0.287,0,0
txn_001498,4774.63,fashion,COD,50003,2026-05-13T13:40:00,agent_10,261,fashion,5722.26,attr_2,fashion,4774.63,attr_2,user_453,1375.75,fashion,1077,1,0.85,1,1,1,0.595,1,0
txn_001499,937.1,groceries,prepaid,50004,2026-05-05T01:27:00,agent_35,368,groceries,1414.76,attr_4,groceries,937.1,attr_4,user_209,5177.5,groceries,1386,1,0.92,1,1,1,0.644,0,0
txn_001500,7616.37,footwear,prepaid,500018,2026-03-04T19:21:00,agent_51,8,footwear,5037.08,attr_2,footwear,7616.37,attr_1,user_58,3580.03,footwear,1423,1,0.9,1,0,0,0.63,1,0
txn_001501,3107.08,home,prepaid,50004,2026-04-03T20:03:00,agent_18,7,home,2329.97,attr_2,home,3107.08,attr_2,user_110,1189.47,groceries,299,1,0.73,1,0,1,0.219,0,0
txn_001502,2001.92,flights,prepaid,50008,2026-01-20T00:44:00,agent_35,19,flights,1368.46,attr_2,flights,2001.92,attr_2,user_356,1084.96,flights,1481,1,0.53,1,0,1,0.371,0,1
txn_001503,931.36,flights,COD,50007,2026-03-25T21:56:00,agent_50,28,flights,1157.88,attr_2,flights,931.36,attr_2,user_391,5323.13,flights,584,1,0.63,1,1,1,0.441,0,0
txn_001504,4588.03,fashion,prepaid,500018,2026-01-20T06:15:00,agent_44,72,fashion,5745.07,attr_5,fashion,4588.03,attr_5,user_35,2096.08,fashion,284,1,0.92,1,1,1,0.644,0,0
txn_001505,5453.9,groceries,COD,500019,2026-05-13T20:18:00,agent_5,44,groceries,5875.01,attr_2,groceries,5453.9,attr_2,user_170,2678.91,groceries,255,1,0.72,1,1,1,0.504,0,0
txn_001506,6361.03,home,COD,50001,2026-05-07T20:04:00,agent_38,24,home,5952.59,attr_5,home,6361.03,attr_5,user_40,5150.41,fashion,1246,1,0.67,1,0,1,0.201,0,1
txn_001507,2951.64,groceries,COD,500017,2026-02-07T19:45:00,agent_1,307,groceries,4085.5,attr_4,groceries,2951.64,attr_4,user_156,3573.27,groceries,814,1,0.74,1,1,1,0.518,0,0
txn_001508,4229.21,footwear,COD,50008,2026-01-27T21:42:00,agent_58,238,footwear,4708.65,attr_3,footwear,4229.21,attr_3,user_18,961.76,footwear,153,1,0.38,1,1,1,0.266,1,0
txn_001509,5312.29,groceries,prepaid,500015,2026-05-04T01:13:00,agent_12,34,groceries,6702.33,attr_2,groceries,5312.29,attr_2,user_380,5897.0,groceries,1368,1,0.15,1,1,1,0.105,0,0
txn_001510,8805.54,fashion,COD,500017,2026-05-10T15:53:00,agent_34,59,fashion,6941.61,attr_1,fashion,8805.54,attr_3,user_144,2350.26,footwear,1383,1,0.48,1,0,0,0.144,0,0
txn_001511,2469.77,flights,COD,500020,2026-02-10T01:05:00,agent_24,164,flights,2828.03,attr_2,flights,2469.77,attr_2,user_386,4549.65,flights,743,1,0.47,1,1,1,0.329,1,0
txn_001512,8853.86,flights,COD,500019,2026-03-24T15:57:00,agent_50,25,flights,7503.72,attr_5,flights,8853.86,attr_5,user_359,5886.09,footwear,189,1,0.98,1,0,1,0.294,0,1
txn_001513,849.55,flights,prepaid,50007,2026-03-13T10:13:00,agent_8,95,flights,571.6,attr_2,flights,849.55,attr_3,user_190,5728.05,flights,356,1,0.37,1,0,0,0.259,0,0
txn_001514,2511.16,home,COD,50004,2026-03-10T15:21:00,agent_14,4,home,2904.11,attr_2,home,2511.16,attr_2,user_201,3238.55,home,853,0,0.8,1,1,1,0.56,1,0
txn_001515,4394.38,footwear,COD,50007,2026-03-26T04:42:00,agent_54,103,footwear,4043.89,attr_5,footwear,4394.38,attr_5,user_320,1975.48,footwear,390,1,0.16,1,0,1,0.112,0,0
txn_001516,1362.12,footwear,COD,50004,2026-03-14T19:08:00,agent_14,37,footwear,2230.12,attr_1,footwear,1362.12,attr_1,user_404,3843.28,footwear,202,1,0.45,1,1,1,0.315,0,0
txn_001517,2811.38,home,COD,500019,2026-04-11T13:07:00,agent_1,64,home,3847.76,attr_2,home,2811.38,attr_2,user_275,5260.46,home,479,1,0.25,1,1,1,0.175,0,0
txn_001518,1828.1,footwear,prepaid,500020,2026-04-14T02:55:00,agent_28,196,footwear,1275.92,attr_3,footwear,1828.1,attr_3,user_333,5199.82,footwear,1319,1,0.31,1,0,1,0.217,1,0
txn_001519,1757.93,footwear,COD,500018,2026-03-02T08:59:00,agent_55,225,footwear,1543.18,attr_3,footwear,1757.93,attr_4,user_367,4612.85,fashion,1427,1,0.16,1,0,0,0.048,0,0
txn_001520,1508.86,footwear,COD,50009,2026-01-05T01:15:00,agent_4,162,footwear,2286.15,attr_5,footwear,1508.86,attr_5,user_362,4439.64,home,364,1,0.07,1,1,1,0.021,0,0
txn_001521,6551.39,groceries,COD,50006,2026-04-30T01:26:00,agent_53,42,groceries,6729.09,attr_5,groceries,6551.39,attr_5,user_157,722.21,groceries,678,1,0.09,1,1,1,0.063,1,0
txn_001522,7020.06,fashion,prepaid,50005,2026-04-25T14:32:00,agent_57,77,fashion,4607.87,attr_3,fashion,7020.06,attr_1,user_56,2010.66,flights,372,1,0.39,1,0,0,0.117,0,0
txn_001523,4027.84,home,COD,500012,2026-03-24T08:04:00,agent_1,257,home,5884.99,attr_4,home,4027.84,attr_4,user_351,3324.62,home,805,1,0.82,1,1,1,0.574,0,1
txn_001524,6492.69,flights,COD,500020,2026-01-21T20:07:00,agent_2,17,flights,5992.9,attr_1,flights,6492.69,attr_5,user_70,4381.74,flights,172,1,0.2,1,0,0,0.14,0,0
txn_001525,9126.66,groceries,COD,50005,2026-03-10T15:33:00,agent_47,5,groceries,7561.56,attr_5,groceries,9126.66,attr_4,user_167,1289.59,groceries,77,1,0.15,1,0,0,0.105,1,0
txn_001526,1343.58,groceries,prepaid,500013,2026-03-26T11:19:00,agent_7,13,groceries,1579.35,attr_1,groceries,1343.58,attr_1,user_99,4669.85,groceries,1180,0,0.82,1,1,1,0.574,1,0
txn_001527,9116.78,home,COD,50002,2026-03-09T02:54:00,agent_14,127,home,5816.66,attr_5,home,9116.78,attr_5,user_232,517.32,groceries,888,1,0.25,1,0,1,0.075,0,1
txn_001528,3776.96,groceries,prepaid,50007,2026-01-30T14:51:00,agent_20,176,groceries,2418.33,attr_2,groceries,3776.96,attr_2,user_47,4638.43,groceries,1389,1,0.19,1,0,1,0.133,0,0
txn_001529,4317.46,groceries,COD,500014,2026-05-08T23:08:00,agent_15,307,groceries,4720.32,attr_4,groceries,4317.46,attr_4,user_188,3104.77,groceries,803,1,0.77,1,1,1,0.539,1,0
txn_001530,2252.96,electronics,COD,50004,2026-02-23T14:57:00,agent_43,26,electronics,3198.52,attr_5,electronics,2252.96,attr_5,user_126,5550.82,footwear,575,1,0.23,1,1,1,0.069,0,0
txn_001531,1610.96,flights,COD,500017,2026-01-31T14:12:00,agent_36,30,flights,2537.66,attr_2,flights,1610.96,attr_2,user_189,1746.39,flights,1112,1,0.99,1,1,1,0.693,0,0
txn_001532,6228.39,footwear,prepaid,500019,2026-03-28T08:28:00,agent_35,413,footwear,7096.13,attr_5,footwear,6228.39,attr_5,user_14,4346.01,electronics,347,1,0.18,1,1,1,0.054,0,0
txn_001533,1852.56,home,prepaid,500019,2026-03-17T07:35:00,agent_22,213,home,2628.62,attr_2,home,1852.56,attr_2,user_184,845.52,footwear,236,1,0.27,1,1,1,0.081,1,0
txn_001534,2996.58,groceries,prepaid,50009,2026-01-02T05:23:00,agent_39,181,groceries,4728.54,attr_5,groceries,2996.58,attr_5,user_249,992.5,groceries,144,1,0.05,1,1,1,0.035,0,0
txn_001535,3133.53,flights,COD,50003,2026-02-06T01:00:00,agent_55,301,flights,3927.67,attr_1,flights,3133.53,attr_1,user_132,649.66,flights,827,1,0.78,1,1,1,0.546,0,0
txn_001536,3283.4,footwear,COD,50007,2026-02-18T22:16:00,agent_55,6,footwear,4019.18,attr_2,footwear,3283.4,attr_2,user_311,5690.21,footwear,417,1,0.4,1,1,1,0.28,0,0
txn_001537,6779.66,home,COD,50001,2026-05-07T15:42:00,agent_23,50,home,5559.46,attr_3,home,6779.66,attr_5,user_223,4453.03,flights,56,0,0.82,1,0,0,0.246,1,0
txn_001538,2783.33,flights,prepaid,500018,2026-01-07T02:22:00,agent_42,237,flights,3033.81,attr_1,flights,2783.33,attr_1,user_486,3398.53,flights,770,0,0.51,1,1,1,0.357,1,0
txn_001539,1631.35,groceries,COD,500015,2026-03-18T00:41:00,agent_1,3,groceries,1748.0,attr_4,groceries,1631.35,attr_4,user_112,2680.51,groceries,249,1,0.95,1,1,1,0.665,1,0
txn_001540,4659.56,flights,prepaid,500017,2026-04-20T13:12:00,agent_42,131,flights,5284.52,attr_1,flights,4659.56,attr_1,user_464,1711.82,flights,1310,1,0.07,1,1,1,0.049,0,0
txn_001541,7574.39,flights,prepaid,500010,2026-04-30T11:00:00,agent_26,129,flights,5774.25,attr_5,flights,7574.39,attr_5,user_105,5137.66,flights,433,1,0.81,1,0,1,0.567,0,0
txn_001542,3924.82,fashion,COD,50001,2026-01-02T03:01:00,agent_13,50,fashion,5391.83,attr_2,fashion,3924.82,attr_2,user_4,1150.36,groceries,171,1,0.88,1,1,1,0.264,0,0
txn_001543,630.26,fashion,COD,500019,2026-05-12T07:27:00,agent_58,49,fashion,826.7,attr_3,fashion,630.26,attr_3,user_86,5212.29,footwear,87,1,0.72,1,1,1,0.216,1,0
txn_001544,6234.66,groceries,COD,50006,2026-01-22T12:37:00,agent_35,20,groceries,4521.75,attr_3,groceries,6234.66,attr_2,user_485,3843.16,groceries,183,1,0.51,1,0,0,0.357,0,0
txn_001545,716.24,fashion,COD,50005,2026-01-31T07:56:00,agent_21,202,fashion,538.97,attr_4,fashion,716.24,attr_4,user_180,1576.49,groceries,1139,1,0.42,1,0,1,0.126,1,0
txn_001546,3240.38,groceries,prepaid,500014,2026-01-21T18:21:00,agent_46,202,groceries,3899.03,attr_5,groceries,3240.38,attr_5,user_305,2266.75,groceries,1018,1,0.28,1,1,1,0.196,0,0
txn_001547,1107.44,fashion,prepaid,500019,2026-03-14T16:49:00,agent_13,117,fashion,1529.67,attr_5,fashion,1107.44,attr_5,user_377,1037.64,fashion,786,1,0.22,1,1,1,0.154,0,0
txn_001548,3401.66,flights,prepaid,500015,2026-01-19T03:56:00,agent_22,155,flights,3443.47,attr_2,flights,3401.66,attr_2,user_306,4919.24,flights,915,1,0.2,1,1,1,0.14,0,0
txn_001549,1494.47,groceries,prepaid,50006,2026-04-17T18:08:00,agent_2,9,groceries,2354.84,attr_2,groceries,1494.47,attr_2,user_308,840.18,groceries,1223,0,0.76,1,1,1,0.532,0,0
txn_001550,4751.89,home,COD,50007,2026-02-10T19:28:00,agent_30,11,home,3594.88,attr_4,home,4751.89,attr_4,user_437,5907.13,home,889,1,0.02,1,0,1,0.014,1,0
txn_001551,6062.07,home,COD,500010,2026-04-23T01:16:00,agent_51,189,home,7427.36,attr_5,home,6062.07,attr_5,user_98,1446.59,home,42,1,0.81,1,1,1,0.567,1,0
txn_001552,3802.97,fashion,COD,50003,2026-02-14T07:18:00,agent_37,262,fashion,5861.32,attr_3,fashion,3802.97,attr_3,user_406,4501.07,fashion,583,1,0.92,1,1,1,0.644,0,0
txn_001553,2242.21,footwear,prepaid,50003,2026-05-01T05:09:00,agent_40,189,footwear,2256.81,attr_1,footwear,2242.21,attr_1,user_14,1390.93,footwear,658,1,0.22,1,1,1,0.154,0,0
txn_001554,3868.34,groceries,COD,500019,2026-02-18T05:24:00,agent_2,366,groceries,4549.05,attr_1,groceries,3868.34,attr_1,user_76,4802.33,electronics,152,1,0.96,1,1,1,0.288,1,0
txn_001555,1046.78,home,prepaid,500017,2026-01-16T14:00:00,agent_5,434,home,975.47,attr_4,home,1046.78,attr_5,user_332,5815.35,home,1323,1,0.31,1,0,0,0.217,0,1
txn_001556,5166.14,footwear,COD,500019,2026-04-30T22:39:00,agent_42,204,footwear,7801.86,attr_3,footwear,5166.14,attr_3,user_343,4476.54,footwear,1466,1,0.78,1,1,1,0.546,0,0
txn_001557,907.1,home,COD,50007,2026-03-27T16:35:00,agent_47,18,home,1079.82,attr_4,home,907.1,attr_4,user_383,2873.94,home,1023,1,0.03,1,1,1,0.021,0,0
txn_001558,1218.61,home,COD,500011,2026-05-14T19:28:00,agent_30,11,home,1335.5,attr_5,home,1218.61,attr_5,user_21,4017.85,home,1072,1,0.14,1,1,1,0.098,0,0
txn_001559,5031.87,home,COD,500010,2026-01-09T12:28:00,agent_43,1,home,5237.06,attr_4,home,5031.87,attr_4,user_423,2872.17,home,330,0,0.07,1,1,1,0.049,1,0
txn_001560,968.35,fashion,COD,500014,2026-02-18T19:23:00,agent_42,357,fashion,1524.07,attr_1,fashion,968.35,attr_1,user_85,5466.48,fashion,1428,1,0.86,1,1,1,0.602,0,0
txn_001561,6109.38,fashion,COD,500014,2026-02-13T23:06:00,agent_7,40,fashion,4129.91,attr_2,fashion,6109.38,attr_2,user_237,817.72,fashion,1426,1,0.82,1,0,1,0.574,0,0
txn_001562,3840.78,home,COD,500013,2026-01-17T04:37:00,agent_11,20,home,3887.98,attr_2,home,3840.78,attr_2,user_73,2867.98,home,964,0,0.77,1,1,1,0.539,0,1
txn_001563,10308.63,electronics,COD,50003,2026-04-14T03:37:00,agent_51,30,electronics,7796.94,attr_1,electronics,10308.63,attr_5,user_270,3100.05,electronics,1456,1,0.07,1,0,0,0.049,0,0
txn_001564,3413.53,fashion,COD,500019,2026-02-23T13:04:00,agent_13,41,fashion,4555.22,attr_1,fashion,3413.53,attr_1,user_404,2651.29,fashion,594,1,0.39,1,1,1,0.273,0,0
txn_001565,2893.64,groceries,prepaid,500019,2026-04-13T17:31:00,agent_20,605,groceries,3772.3,attr_2,groceries,2893.64,attr_2,user_253,5319.23,home,1254,1,0.51,1,1,1,0.153,0,0
txn_001566,4763.43,flights,COD,50008,2026-02-13T07:05:00,agent_22,81,flights,5301.5,attr_5,flights,4763.43,attr_5,user_212,682.43,flights,555,1,0.29,1,1,1,0.203,0,0
txn_001567,5335.35,footwear,COD,500013,2026-01-31T06:55:00,agent_32,7,footwear,4902.35,attr_4,footwear,5335.35,attr_4,user_4,2473.06,footwear,963,1,0.39,1,0,1,0.273,1,0
txn_001568,5516.76,home,prepaid,500014,2026-01-22T16:04:00,agent_28,7,fashion,4729.27,attr_1,home,5516.76,attr_4,user_130,1978.16,home,251,0,0.0,0,0,0,0.0,0,1
txn_001569,2322.05,electronics,COD,500019,2026-04-14T07:00:00,agent_7,43,electronics,1591.53,attr_4,electronics,2322.05,attr_4,user_126,3371.14,electronics,78,1,0.04,1,0,1,0.028,0,0
txn_001570,747.59,fashion,COD,50003,2026-01-16T19:53:00,agent_34,0,fashion,786.64,attr_5,fashion,747.59,attr_5,user_177,1036.35,footwear,1201,0,0.84,1,1,1,0.252,1,0
txn_001571,6883.22,flights,prepaid,50002,2026-01-10T20:56:00,agent_8,103,flights,6911.5,attr_5,flights,6883.22,attr_5,user_377,3053.0,flights,506,1,0.31,1,1,1,0.217,0,0
txn_001572,1324.05,groceries,prepaid,500011,2026-03-08T11:57:00,agent_54,9,groceries,1107.93,attr_4,groceries,1324.05,attr_4,user_230,3672.02,groceries,319,1,0.06,1,0,1,0.042,0,0
txn_001573,1151.15,home,prepaid,500017,2026-03-26T16:09:00,agent_16,14,home,1902.11,attr_2,home,1151.15,attr_2,user_28,899.62,home,623,1,0.13,1,1,1,0.091,1,0
txn_001574,4677.03,fashion,prepaid,50008,2026-02-11T09:20:00,agent_9,84,fashion,5792.42,attr_3,fashion,4677.03,attr_3,user_438,913.44,fashion,368,1,0.34,1,1,1,0.238,1,0
txn_001575,1552.44,electronics,prepaid,50008,2026-03-09T02:36:00,agent_35,60,electronics,1632.23,attr_2,electronics,1552.44,attr_2,user_60,5185.04,electronics,284,1,0.66,1,1,1,0.462,0,0
txn_001576,9996.12,fashion,prepaid,500011,2026-01-05T10:48:00,agent_41,1,fashion,7070.11,attr_1,fashion,9996.12,attr_4,user_459,1331.87,flights,809,1,0.5,1,0,0,0.15,0,0
txn_001577,5936.81,fashion,COD,500018,2026-05-17T00:24:00,agent_28,21,fashion,6091.18,attr_4,fashion,5936.81,attr_4,user_297,5926.05,electronics,1186,1,0.87,1,1,1,0.261,0,0
txn_001578,2465.08,fashion,COD,500013,2026-05-02T22:07:00,agent_24,94,fashion,2167.85,attr_2,fashion,2465.08,attr_4,user_70,1772.58,fashion,56,1,0.8,1,0,0,0.56,0,0
txn_001579,3287.14,flights,COD,50009,2026-04-17T07:37:00,agent_35,269,flights,4414.82,attr_3,flights,3287.14,attr_3,user_398,3835.17,flights,814,1,0.6,1,1,1,0.42,0,0
txn_001580,5908.98,footwear,COD,50006,2026-04-08T03:22:00,agent_1,72,footwear,6305.12,attr_5,footwear,5908.98,attr_5,user_63,2850.9,footwear,1152,1,0.78,1,1,1,0.546,0,0
txn_001581,5729.81,fashion,COD,50002,2026-01-05T13:15:00,agent_16,38,fashion,7845.22,attr_5,fashion,5729.81,attr_5,user_174,812.61,footwear,743,0,0.68,1,1,1,0.204,1,0
txn_001582,7178.06,flights,COD,500013,2026-01-31T20:20:00,agent_30,41,flights,7557.07,attr_3,flights,7178.06,attr_3,user_480,5166.2,flights,1470,1,0.35,1,1,1,0.245,1,0
txn_001583,8513.17,electronics,prepaid,500015,2026-02-24T22:07:00,agent_53,50,electronics,5621.81,attr_3,electronics,8513.17,attr_1,user_367,4645.23,electronics,207,0,0.03,1,0,0,0.021,1,0
txn_001584,3123.69,home,COD,500013,2026-03-14T11:07:00,agent_3,62,home,4957.81,attr_5,home,3123.69,attr_5,user_459,4670.26,home,1244,1,0.65,1,1,1,0.455,1,0
txn_001585,1299.92,fashion,COD,50003,2026-01-14T20:00:00,agent_4,60,fashion,2152.06,attr_5,fashion,1299.92,attr_5,user_61,953.39,fashion,1355,1,0.48,1,1,1,0.336,1,0
txn_001586,5952.38,fashion,COD,500010,2026-05-11T08:42:00,agent_55,352,fashion,6792.79,attr_1,fashion,5952.38,attr_1,user_431,1578.34,fashion,82,1,0.62,1,1,1,0.434,0,0
txn_001587,5144.18,footwear,prepaid,500018,2026-03-18T13:29:00,agent_14,26,footwear,3452.22,attr_5,footwear,5144.18,attr_5,user_282,1920.15,fashion,1241,1,0.99,1,0,1,0.297,1,0
txn_001588,7077.53,fashion,COD,500015,2026-04-16T04:35:00,agent_14,115,fashion,7368.25,attr_5,fashion,7077.53,attr_5,user_327,4785.53,fashion,139,0,0.73,1,1,1,0.511,1,0
txn_001589,895.22,home,prepaid,500017,2026-03-16T12:09:00,agent_54,93,home,1032.26,attr_2,home,895.22,attr_2,user_104,4699.26,home,1476,1,0.37,1,1,1,0.259,0,0
txn_001590,6715.34,electronics,COD,50009,2026-02-27T18:06:00,agent_27,69,electronics,4560.26,attr_5,electronics,6715.34,attr_5,user_301,552.73,electronics,928,1,0.46,1,0,1,0.322,0,0
txn_001591,1359.65,footwear,COD,500018,2026-02-18T14:24:00,agent_43,18,footwear,956.36,attr_2,footwear,1359.65,attr_4,user_317,5452.92,footwear,1464,1,0.29,1,0,0,0.203,0,0
txn_001592,10353.99,fashion,prepaid,500015,2026-01-05T07:49:00,agent_1,21,fashion,6933.01,attr_1,fashion,10353.99,attr_1,user_318,2176.83,electronics,1454,0,0.11,1,0,1,0.033,1,0
txn_001593,4323.67,electronics,COD,50008,2026-02-06T11:56:00,agent_18,68,electronics,5160.4,attr_4,electronics,4323.67,attr_4,user_458,2863.32,electronics,1372,1,0.89,1,1,1,0.623,0,0
txn_001594,6774.93,electronics,COD,50009,2026-02-12T19:18:00,agent_47,160,electronics,5086.57,attr_2,electronics,6774.93,attr_2,user_79,4827.06,electronics,75,1,0.8,1,0,1,0.56,0,0
txn_001595,2318.77,home,prepaid,50004,2026-01-19T17:02:00,agent_52,213,home,2934.88,attr_5,home,2318.77,attr_5,user_100,5536.04,home,722,1,0.12,1,1,1,0.084,0,0
txn_001596,3103.35,footwear,prepaid,50004,2026-04-14T04:20:00,agent_39,179,footwear,4468.98,attr_3,footwear,3103.35,attr_3,user_449,4074.88,footwear,139,1,0.26,1,1,1,0.182,0,0
txn_001597,1418.19,home,COD,50003,2026-02-25T16:27:00,agent_26,29,home,1468.89,attr_3,home,1418.19,attr_3,user_354,1074.76,home,163,1,0.44,1,1,1,0.308,1,0
txn_001598,6711.68,electronics,COD,500017,2026-02-11T22:53:00,agent_19,127,electronics,5181.39,attr_3,electronics,6711.68,attr_2,user_493,1152.42,electronics,409,1,0.57,1,0,0,0.399,0,0
txn_001599,1008.62,home,prepaid,500014,2026-02-08T09:56:00,agent_17,15,home,1287.29,attr_3,home,1008.62,attr_3,user_127,5131.06,electronics,294,1,0.87,1,1,1,0.261,0,0
txn_001600,3929.26,flights,COD,50005,2026-03-11T17:57:00,agent_36,54,flights,4780.16,attr_5,flights,3929.26,attr_5,user_453,3277.33,home,1359,1,0.61,1,1,1,0.183,0,0
txn_001601,3559.01,electronics,COD,50008,2026-05-17T02:03:00,agent_26,184,electronics,5258.34,attr_5,electronics,3559.01,attr_5,user_457,5332.24,electronics,29,1,0.06,1,1,1,0.042,1,0
txn_001602,7401.09,footwear,prepaid,500014,2026-04-01T14:23:00,agent_58,7,footwear,7515.03,attr_4,footwear,7401.09,attr_4,user_182,1607.79,footwear,1187,1,0.32,1,1,1,0.224,1,0
txn_001603,6030.3,groceries,COD,50008,2026-04-10T00:36:00,agent_19,16,groceries,5670.51,attr_2,groceries,6030.3,attr_1,user_315,528.5,groceries,123,1,0.52,1,0,0,0.364,1,0
txn_001604,2396.22,fashion,COD,50008,2026-04-23T05:27:00,agent_20,154,fashion,2936.48,attr_4,fashion,2396.22,attr_4,user_497,5743.94,fashion,412,1,0.93,1,1,1,0.651,1,0
txn_001605,4754.36,flights,COD,500010,2026-03-13T17:12:00,agent_44,77,flights,6014.84,attr_3,flights,4754.36,attr_3,user_169,944.26,flights,61,1,0.21,1,1,1,0.147,0,0
txn_001606,4916.61,electronics,COD,50008,2026-02-28T18:15:00,agent_43,40,electronics,6587.86,attr_4,electronics,4916.61,attr_4,user_36,5016.97,electronics,1002,1,0.56,1,1,1,0.392,0,0
txn_001607,3609.39,home,prepaid,50005,2026-04-28T10:08:00,agent_23,106,electronics,2355.06,attr_1,home,3609.39,attr_1,user_139,2125.48,electronics,307,1,0.52,0,0,1,0.156,0,0
txn_001608,4816.39,flights,COD,500013,2026-04-04T10:39:00,agent_18,1,flights,7060.23,attr_4,flights,4816.39,attr_4,user_373,2949.76,flights,1316,1,0.18,1,1,1,0.126,1,0
txn_001609,5763.94,home,COD,50004,2026-03-15T17:17:00,agent_28,18,home,6472.74,attr_4,home,5763.94,attr_4,user_58,2013.31,electronics,1327,1,0.93,1,1,1,0.279,1,0
txn_001610,7108.92,electronics,COD,500014,2026-01-01T15:09:00,agent_27,11,electronics,7689.39,attr_1,electronics,7108.92,attr_1,user_147,4947.24,groceries,396,1,0.2,1,1,1,0.06,1,0
txn_001611,1070.1,footwear,COD,50001,2026-05-11T04:34:00,agent_59,39,footwear,1333.69,attr_3,footwear,1070.1,attr_3,user_92,1092.72,flights,299,1,0.3,1,1,1,0.09,0,0
txn_001612,1211.9,footwear,COD,500020,2026-04-02T07:09:00,agent_44,262,footwear,1354.53,attr_1,footwear,1211.9,attr_1,user_476,5412.43,footwear,1399,0,0.51,1,1,1,0.357,1,0
txn_001613,7539.69,electronics,prepaid,500016,2026-02-17T22:43:00,agent_24,32,electronics,6733.46,attr_2,electronics,7539.69,attr_2,user_444,3932.43,electronics,777,1,0.7,1,0,1,0.49,1,0
txn_001614,1239.56,groceries,prepaid,500010,2026-04-22T21:03:00,agent_42,104,groceries,1841.25,attr_1,groceries,1239.56,attr_1,user_118,2443.96,fashion,400,1,0.49,1,1,1,0.147,0,0
txn_001615,5877.92,electronics,prepaid,50009,2026-04-08T05:37:00,agent_17,96,electronics,6341.73,attr_5,electronics,5877.92,attr_5,user_40,1217.23,fashion,640,1,0.22,1,1,1,0.066,0,0
txn_001616,1689.23,electronics,COD,50009,2026-02-02T22:33:00,agent_58,255,electronics,1710.28,attr_4,electronics,1689.23,attr_4,user_329,1569.95,electronics,1266,1,0.02,1,1,1,0.014,0,0
txn_001617,5053.31,flights,prepaid,50001,2026-02-21T17:13:00,agent_45,222,flights,7466.86,attr_2,flights,5053.31,attr_2,user_66,4185.1,flights,734,1,0.31,1,1,1,0.217,1,0
txn_001618,1668.21,electronics,COD,50005,2026-04-30T15:39:00,agent_47,90,electronics,2185.79,attr_3,electronics,1668.21,attr_3,user_251,585.48,fashion,780,1,0.65,1,1,1,0.195,0,0
txn_001619,2494.1,fashion,COD,500017,2026-04-24T15:22:00,agent_25,246,fashion,3876.28,attr_5,fashion,2494.1,attr_5,user_352,5551.42,electronics,1361,1,0.38,1,1,1,0.114,0,1
txn_001620,2436.22,home,COD,50002,2026-02-03T09:22:00,agent_52,62,home,2749.06,attr_1,home,2436.22,attr_1,user_109,1560.58,home,398,1,0.26,1,1,1,0.182,0,0
txn_001621,3758.29,footwear,COD,50008,2026-02-13T01:18:00,agent_1,0,footwear,5035.31,attr_3,footwear,3758.29,attr_3,user_4,1406.54,footwear,864,1,0.38,1,1,1,0.266,1,0
txn_001622,1746.42,groceries,prepaid,500010,2026-03-07T16:28:00,agent_25,197,groceries,2240.73,attr_3,groceries,1746.42,attr_3,user_356,1519.87,footwear,475,1,0.08,1,1,1,0.024,1,0
txn_001623,4018.58,fashion,prepaid,500010,2026-03-31T03:44:00,agent_56,33,fashion,4361.05,attr_4,fashion,4018.58,attr_4,user_189,4962.63,fashion,1159,1,0.54,1,1,1,0.378,0,0
txn_001624,1512.07,flights,COD,500010,2026-04-10T07:56:00,agent_19,66,flights,2023.14,attr_5,flights,1512.07,attr_5,user_411,782.02,flights,458,1,0.87,1,1,1,0.609,0,0
txn_001625,2208.13,fashion,COD,50008,2026-04-15T19:13:00,agent_35,56,fashion,3673.73,attr_2,fashion,2208.13,attr_2,user_248,2423.02,fashion,749,1,0.16,1,1,1,0.112,0,0
txn_001626,6966.93,electronics,prepaid,50006,2026-05-12T22:21:00,agent_44,67,electronics,7831.23,attr_3,electronics,6966.93,attr_3,user_443,3211.39,electronics,549,0,0.63,1,1,1,0.441,0,0
txn_001627,5187.87,groceries,prepaid,500017,2026-04-19T02:50:00,agent_50,172,groceries,6071.22,attr_2,groceries,5187.87,attr_2,user_235,4769.44,flights,1140,1,0.8,1,1,1,0.24,0,0
txn_001628,3045.91,fashion,prepaid,500012,2026-02-06T23:55:00,agent_7,159,fashion,2832.78,attr_2,fashion,3045.91,attr_2,user_240,5380.41,electronics,609,0,0.47,1,0,1,0.141,0,0
txn_001629,4707.81,fashion,prepaid,500012,2026-04-23T10:50:00,agent_4,71,fashion,3405.52,attr_5,fashion,4707.81,attr_3,user_492,3946.66,flights,594,1,0.99,1,0,0,0.297,0,0
txn_001630,3830.21,footwear,COD,50008,2026-02-10T02:12:00,agent_32,244,footwear,5618.52,attr_2,footwear,3830.21,attr_2,user_391,3116.01,groceries,1367,1,0.03,1,1,1,0.009,0,0
txn_001631,9454.16,fashion,COD,500018,2026-04-01T23:49:00,agent_25,40,fashion,7964.11,attr_3,fashion,9454.16,attr_3,user_391,4124.6,footwear,759,1,0.67,1,0,1,0.201,0,0
txn_001632,4837.02,groceries,prepaid,500016,2026-05-12T22:46:00,agent_52,41,groceries,4506.29,attr_5,groceries,4837.02,attr_5,user_215,2052.82,groceries,23,1,0.69,1,0,1,0.483,0,0
txn_001633,4171.31,fashion,prepaid,50003,2026-04-23T21:51:00,agent_47,147,fashion,4754.93,attr_5,fashion,4171.31,attr_5,user_382,4955.06,fashion,654,1,0.64,1,1,1,0.448,0,0
txn_001634,6644.26,footwear,COD,500010,2026-02-07T23:06:00,agent_11,40,footwear,7309.32,attr_3,footwear,6644.26,attr_3,user_431,5246.39,footwear,1471,1,0.73,1,1,1,0.511,0,1
txn_001635,5656.87,electronics,prepaid,500020,2026-04-20T02:22:00,agent_59,12,electronics,6451.56,attr_4,electronics,5656.87,attr_4,user_436,2213.91,electronics,604,1,0.01,1,1,1,0.007,0,0
txn_001636,2819.35,electronics,COD,500011,2026-03-18T09:04:00,agent_19,126,electronics,3621.88,attr_2,electronics,2819.35,attr_2,user_101,4417.04,electronics,1233,1,0.63,1,1,1,0.441,1,0
txn_001637,9127.56,footwear,prepaid,500018,2026-02-12T09:56:00,agent_19,593,groceries,7785.91,attr_4,footwear,9127.56,attr_4,user_325,1980.57,groceries,444,1,0.23,0,0,1,0.069,0,1
txn_001638,4993.24,groceries,COD,500010,2026-01-19T10:07:00,agent_30,67,groceries,6017.84,attr_5,groceries,4993.24,attr_5,user_359,4839.46,footwear,164,1,0.19,1,1,1,0.057,1,0
txn_001639,5057.33,home,COD,500019,2026-01-02T11:56:00,agent_57,66,home,5905.45,attr_3,home,5057.33,attr_3,user_12,3127.73,home,1012,1,1.0,1,1,1,0.7,0,0
txn_001640,6821.2,groceries,COD,500016,2026-05-03T05:08:00,agent_36,121,groceries,4275.05,attr_3,groceries,6821.2,attr_1,user_284,1772.37,electronics,264,1,0.44,1,0,0,0.132,0,0
txn_001641,3635.99,fashion,COD,50002,2026-04-04T16:35:00,agent_34,138,fashion,2440.17,attr_2,fashion,3635.99,attr_1,user_390,949.34,fashion,347,1,0.96,1,0,0,0.672,0,0
txn_001642,3899.96,footwear,COD,50003,2026-05-03T07:04:00,agent_10,263,footwear,5790.69,attr_1,footwear,3899.96,attr_1,user_39,4653.67,footwear,404,1,0.31,1,1,1,0.217,0,0
txn_001643,1633.73,home,prepaid,500018,2026-03-15T18:34:00,agent_40,92,home,2534.54,attr_5,home,1633.73,attr_5,user_446,2257.24,home,519,1,0.08,1,1,1,0.056,0,0
txn_001644,1073.59,home,prepaid,500014,2026-05-18T05:33:00,agent_30,33,home,1491.93,attr_2,home,1073.59,attr_2,user_150,1344.68,fashion,1415,1,0.76,1,1,1,0.228,0,0
txn_001645,3273.27,fashion,COD,500015,2026-04-18T05:25:00,agent_12,107,fashion,5238.82,attr_1,fashion,3273.27,attr_1,user_177,4445.62,fashion,169,1,0.29,1,1,1,0.203,1,0
txn_001646,3107.39,home,prepaid,500014,2026-05-04T08:06:00,agent_58,92,home,4497.38,attr_2,home,3107.39,attr_2,user_351,4605.16,home,1208,1,0.79,1,1,1,0.553,0,1
txn_001647,2538.42,fashion,COD,50005,2026-04-09T22:07:00,agent_45,89,fashion,1768.49,attr_5,fashion,2538.42,attr_5,user_337,2556.94,fashion,900,1,0.97,1,0,1,0.679,0,0
txn_001648,2649.95,fashion,prepaid,500017,2026-04-23T09:21:00,agent_48,18,fashion,4228.6,attr_3,fashion,2649.95,attr_3,user_343,500.26,fashion,993,1,0.4,1,1,1,0.28,0,0
txn_001649,1546.96,flights,COD,50007,2026-03-23T18:26:00,agent_5,176,flights,2313.09,attr_3,flights,1546.96,attr_3,user_199,5522.55,flights,956,0,0.88,1,1,1,0.616,0,0
txn_001650,3009.42,electronics,COD,500014,2026-03-09T03:12:00,agent_37,106,electronics,2414.17,attr_5,electronics,3009.42,attr_5,user_346,2045.6,electronics,353,1,0.19,1,0,1,0.133,0,0
txn_001651,4438.62,fashion,COD,50001,2026-01-01T12:49:00,agent_41,24,fashion,3965.77,attr_3,fashion,4438.62,attr_4,user_383,4882.07,fashion,575,1,0.96,1,0,0,0.672,0,0
txn_001652,2483.23,groceries,COD,50007,2026-01-15T09:05:00,agent_50,11,groceries,3681.17,attr_4,groceries,2483.23,attr_4,user_115,4093.52,groceries,843,1,0.02,1,1,1,0.014,1,0
txn_001653,2774.13,electronics,COD,500010,2026-01-04T21:45:00,agent_47,237,electronics,3254.81,attr_1,electronics,2774.13,attr_1,user_117,3810.73,electronics,1214,0,0.12,1,1,1,0.084,0,1
txn_001654,2396.32,electronics,COD,500016,2026-05-16T12:00:00,agent_22,53,electronics,3158.27,attr_1,electronics,2396.32,attr_1,user_156,2660.65,electronics,638,1,0.83,1,1,1,0.581,1,0
txn_001655,2868.93,fashion,COD,50007,2026-03-19T18:01:00,agent_55,6,fashion,2964.03,attr_3,fashion,2868.93,attr_3,user_64,909.37,fashion,334,1,0.95,1,1,1,0.665,0,0
txn_001656,3480.76,flights,prepaid,50005,2026-02-18T17:10:00,agent_27,149,flights,3867.06,attr_4,flights,3480.76,attr_4,user_9,4214.5,flights,831,1,0.53,1,1,1,0.371,0,0
txn_001657,4073.63,footwear,COD,50003,2026-04-07T19:37:00,agent_15,411,footwear,6484.17,attr_5,footwear,4073.63,attr_5,user_393,5283.65,footwear,1199,1,0.71,1,1,1,0.497,1,0
txn_001658,9238.24,home,prepaid,50003,2026-03-22T00:56:00,agent_29,1,home,6200.47,attr_4,home,9238.24,attr_4,user_489,5095.46,home,745,1,0.17,1,0,1,0.119,0,0
txn_001659,4255.39,fashion,COD,500018,2026-05-11T15:12:00,agent_18,346,fashion,3822.2,attr_1,fashion,4255.39,attr_1,user_487,1600.49,fashion,1481,1,0.57,1,0,1,0.399,0,1
txn_001660,1623.34,electronics,prepaid,500010,2026-02-25T17:39:00,agent_5,43,electronics,1375.29,attr_3,electronics,1623.34,attr_3,user_171,4291.2,electronics,1022,1,0.73,1,0,1,0.511,0,0
txn_001661,2387.83,flights,COD,500010,2026-02-18T08:24:00,agent_14,169,flights,2519.64,attr_2,flights,2387.83,attr_2,user_182,4833.69,flights,524,1,0.78,1,1,1,0.546,0,0
txn_001662,2414.56,flights,prepaid,500013,2026-03-31T00:39:00,agent_11,126,flights,3481.38,attr_2,flights,2414.56,attr_2,user_101,501.58,flights,1247,1,0.99,1,1,1,0.693,0,0
txn_001663,1263.33,groceries,COD,50009,2026-04-26T10:50:00,agent_12,20,groceries,1683.03,attr_4,groceries,1263.33,attr_4,user_16,2773.78,electronics,115,1,0.87,1,1,1,0.261,0,0
txn_001664,1376.94,electronics,prepaid,500016,2026-03-24T17:20:00,agent_11,230,electronics,1151.84,attr_5,electronics,1376.94,attr_5,user_58,5550.9,electronics,549,1,0.29,1,0,1,0.203,0,0
txn_001665,2732.51,flights,prepaid,50009,2026-04-14T15:51:00,agent_36,93,flights,2933.8,attr_5,flights,2732.51,attr_5,user_100,4874.6,home,1003,1,0.93,1,1,1,0.279,0,0
txn_001666,6636.01,electronics,prepaid,500011,2026-04-06T13:18:00,agent_31,299,electronics,4213.6,attr_1,electronics,6636.01,attr_1,user_378,5975.61,electronics,203,1,0.36,1,0,1,0.252,0,0
txn_001667,5618.33,groceries,prepaid,500019,2026-02-22T21:55:00,agent_21,159,groceries,6458.03,attr_3,groceries,5618.33,attr_3,user_116,1666.7,home,175,1,0.03,1,1,1,0.009,0,0
txn_001668,6413.25,home,COD,500014,2026-05-15T12:00:00,agent_1,247,home,6647.44,attr_5,home,6413.25,attr_5,user_259,3186.55,home,507,0,0.72,1,1,1,0.504,1,0
txn_001669,4587.12,groceries,COD,500015,2026-03-08T20:08:00,agent_2,5,groceries,3197.0,attr_4,groceries,4587.12,attr_2,user_458,843.77,groceries,974,0,0.04,1,0,0,0.028,0,1
txn_001670,1994.23,fashion,prepaid,500013,2026-04-30T22:14:00,agent_33,252,fashion,3041.77,attr_4,fashion,1994.23,attr_4,user_380,1210.77,footwear,1286,1,0.46,1,1,1,0.138,0,0
txn_001671,2078.55,footwear,prepaid,50006,2026-04-13T15:38:00,agent_15,24,footwear,2834.47,attr_1,footwear,2078.55,attr_1,user_453,5028.85,footwear,1111,1,0.72,1,1,1,0.504,0,0
txn_001672,2228.88,electronics,COD,50001,2026-05-11T18:05:00,agent_4,299,electronics,1668.57,attr_5,electronics,2228.88,attr_2,user_144,4566.92,electronics,995,0,0.05,1,0,0,0.035,0,0
txn_001673,3507.64,groceries,prepaid,50009,2026-01-12T12:13:00,agent_29,147,groceries,5239.14,attr_5,groceries,3507.64,attr_5,user_83,2404.85,fashion,470,1,0.87,1,1,1,0.261,0,0
txn_001674,820.49,footwear,prepaid,500012,2026-02-20T07:52:00,agent_38,78,footwear,1222.62,attr_1,footwear,820.49,attr_1,user_323,2511.18,footwear,734,1,0.08,1,1,1,0.056,1,0
txn_001675,388.82,footwear,prepaid,50004,2026-04-10T16:18:00,agent_54,48,footwear,551.74,attr_1,footwear,388.82,attr_1,user_394,4040.66,groceries,240,1,0.71,1,1,1,0.213,0,0
txn_001676,4460.27,electronics,COD,50006,2026-03-05T04:38:00,agent_4,700,fashion,4037.64,attr_1,electronics,4460.27,attr_1,user_136,3531.14,groceries,944,1,0.32,0,0,1,0.096,0,0
txn_001677,5927.64,fashion,COD,50009,2026-01-14T14:17:00,agent_8,261,fashion,7015.63,attr_5,fashion,5927.64,attr_5,user_95,4396.97,electronics,1152,1,0.01,1,1,1,0.003,0,0
txn_001678,1235.73,fashion,COD,50005,2026-03-09T00:29:00,agent_3,17,fashion,1015.19,attr_3,fashion,1235.73,attr_2,user_97,5988.37,fashion,523,1,0.47,1,0,0,0.329,1,0
txn_001679,4672.75,flights,prepaid,50006,2026-04-15T22:35:00,agent_5,84,flights,3628.53,attr_3,flights,4672.75,attr_3,user_386,4279.39,flights,1222,1,0.99,1,0,1,0.693,0,0
txn_001680,4072.72,electronics,COD,500019,2026-01-31T02:57:00,agent_14,42,electronics,3519.4,attr_3,electronics,4072.72,attr_4,user_489,1754.73,electronics,1388,1,0.33,1,0,0,0.231,1,0
txn_001681,2304.08,electronics,COD,500010,2026-02-04T20:23:00,agent_12,88,electronics,3726.28,attr_4,electronics,2304.08,attr_4,user_221,1583.55,electronics,795,1,0.51,1,1,1,0.357,0,0
txn_001682,1445.82,electronics,prepaid,500012,2026-03-21T04:46:00,agent_28,143,electronics,1075.77,attr_1,electronics,1445.82,attr_1,user_329,4666.87,electronics,988,1,0.46,1,0,1,0.322,0,1
txn_001683,2172.47,footwear,prepaid,50008,2026-01-22T18:02:00,agent_41,229,footwear,2199.38,attr_5,footwear,2172.47,attr_5,user_338,3223.27,groceries,455,1,0.57,1,1,1,0.171,0,0
txn_001684,3029.94,flights,prepaid,500010,2026-03-09T05:56:00,agent_50,124,flights,4861.7,attr_4,flights,3029.94,attr_4,user_279,3437.22,flights,596,1,0.57,1,1,1,0.399,0,0
txn_001685,3327.33,home,prepaid,500014,2026-01-29T06:41:00,agent_37,115,home,4156.27,attr_5,home,3327.33,attr_5,user_85,5528.33,home,234,1,0.47,1,1,1,0.329,0,0
txn_001686,5669.88,footwear,COD,500018,2026-03-20T03:39:00,agent_22,221,footwear,7013.81,attr_4,footwear,5669.88,attr_4,user_388,2981.81,footwear,1272,1,0.56,1,1,1,0.392,1,0
txn_001687,3193.27,fashion,COD,500020,2026-05-17T11:10:00,agent_53,159,fashion,4899.87,attr_3,fashion,3193.27,attr_3,user_176,4437.39,fashion,1290,1,0.9,1,1,1,0.63,0,0
txn_001688,6302.85,electronics,COD,50002,2026-04-06T23:57:00,agent_23,17,electronics,7955.3,attr_4,electronics,6302.85,attr_4,user_355,2169.44,electronics,1292,1,0.58,1,1,1,0.406,1,0
txn_001689,832.52,groceries,COD,50004,2026-02-23T11:12:00,agent_19,41,groceries,874.41,attr_3,groceries,832.52,attr_3,user_61,5502.43,groceries,342,0,0.38,1,1,1,0.266,1,0
txn_001690,2905.29,footwear,COD,500020,2026-03-05T15:46:00,agent_29,136,footwear,3290.85,attr_1,footwear,2905.29,attr_1,user_447,4902.11,footwear,642,1,0.27,1,1,1,0.189,0,0
txn_001691,4958.82,flights,prepaid,50008,2026-04-08T03:24:00,agent_57,47,groceries,3755.73,attr_1,flights,4958.82,attr_1,user_377,1075.56,groceries,866,1,1.0,0,0,1,0.3,1,0
txn_001692,9309.21,flights,COD,500014,2026-01-10T10:54:00,agent_30,81,flights,6421.53,attr_3,flights,9309.21,attr_1,user_395,2655.29,home,957,1,0.61,1,0,0,0.183,1,0
txn_001693,9266.06,groceries,COD,500018,2026-02-10T19:24:00,agent_2,5,groceries,5971.02,attr_4,groceries,9266.06,attr_5,user_92,1303.72,groceries,1103,1,0.44,1,0,0,0.308,1,0
txn_001694,5107.21,home,prepaid,50005,2026-03-03T10:37:00,agent_35,68,home,7466.56,attr_4,home,5107.21,attr_4,user_243,4944.71,home,612,1,0.59,1,1,1,0.413,0,0
txn_001695,4757.38,flights,COD,50002,2026-01-19T17:07:00,agent_23,174,flights,4936.12,attr_5,flights,4757.38,attr_5,user_199,4440.82,home,693,1,0.91,1,1,1,0.273,0,0
txn_001696,2649.24,home,prepaid,500012,2026-01-02T20:22:00,agent_27,261,home,4348.56,attr_1,home,2649.24,attr_1,user_325,683.0,home,1472,1,0.52,1,1,1,0.364,0,0
txn_001697,1764.01,fashion,prepaid,50009,2026-03-04T04:12:00,agent_37,43,fashion,2090.69,attr_1,fashion,1764.01,attr_1,user_103,3954.45,fashion,106,1,0.27,1,1,1,0.189,0,0
txn_001698,2021.72,groceries,prepaid,50009,2026-02-11T11:11:00,agent_32,0,groceries,2751.0,attr_4,groceries,2021.72,attr_4,user_295,4319.62,groceries,611,1,0.29,1,1,1,0.203,1,0
txn_001699,7188.99,flights,COD,50002,2026-03-26T11:28:00,agent_23,120,flights,5320.96,attr_3,flights,7188.99,attr_3,user_297,572.1,flights,373,1,0.28,1,0,1,0.196,1,0
txn_001700,2108.73,fashion,prepaid,50002,2026-02-06T21:04:00,agent_2,8,fashion,1498.01,attr_5,fashion,2108.73,attr_5,user_221,5928.08,fashion,255,1,0.56,1,0,1,0.392,0,0
txn_001701,2140.63,home,COD,500018,2026-01-22T20:22:00,agent_43,240,home,2003.06,attr_2,home,2140.63,attr_2,user_484,3797.28,home,1079,1,0.23,1,0,1,0.161,0,1
txn_001702,918.14,fashion,prepaid,500010,2026-02-21T11:25:00,agent_35,31,fashion,804.74,attr_1,fashion,918.14,attr_5,user_109,2932.34,fashion,823,1,0.31,1,0,0,0.217,0,0
txn_001703,1916.29,flights,COD,500016,2026-03-27T11:22:00,agent_16,73,flights,2038.6,attr_5,flights,1916.29,attr_5,user_259,1121.27,flights,1464,1,0.8,1,1,1,0.56,0,0
txn_001704,6164.69,flights,prepaid,500020,2026-05-19T06:07:00,agent_39,121,flights,7116.63,attr_3,flights,6164.69,attr_3,user_350,3569.95,flights,529,1,0.2,1,1,1,0.14,0,0
txn_001705,5000.13,groceries,prepaid,500018,2026-05-11T16:42:00,agent_5,312,groceries,7500.82,attr_2,groceries,5000.13,attr_2,user_162,3927.28,groceries,592,1,0.49,1,1,1,0.343,0,0
txn_001706,4767.66,footwear,COD,50004,2026-05-19T07:48:00,agent_51,41,footwear,6767.51,attr_4,footwear,4767.66,attr_4,user_307,2103.92,groceries,1192,1,0.9,1,1,1,0.27,0,0
txn_001707,6245.9,footwear,COD,500019,2026-04-23T03:38:00,agent_50,57,footwear,7049.38,attr_5,footwear,6245.9,attr_5,user_340,5295.18,footwear,930,1,0.32,1,1,1,0.224,0,0
txn_001708,1500.56,home,prepaid,500019,2026-04-22T08:04:00,agent_44,292,home,2453.91,attr_2,home,1500.56,attr_2,user_497,4379.19,fashion,54,1,0.78,1,1,1,0.234,1,0
txn_001709,593.44,groceries,COD,50007,2026-02-27T21:27:00,agent_22,324,groceries,766.19,attr_5,groceries,593.44,attr_5,user_324,5125.58,footwear,471,0,0.78,1,1,1,0.234,0,0
txn_001710,2039.97,groceries,prepaid,500013,2026-04-09T13:57:00,agent_11,162,groceries,3167.32,attr_1,groceries,2039.97,attr_1,user_102,2203.1,groceries,268,0,0.76,1,1,1,0.532,1,0
txn_001711,7073.94,flights,prepaid,50007,2026-02-02T06:05:00,agent_3,174,flights,6562.6,attr_5,flights,7073.94,attr_5,user_76,2317.12,footwear,1217,1,0.59,1,0,1,0.177,0,1
txn_001712,2321.29,footwear,prepaid,50007,2026-05-19T07:55:00,agent_14,204,footwear,1737.94,attr_4,footwear,2321.29,attr_4,user_152,5157.82,footwear,1114,1,0.65,1,0,1,0.455,0,0
txn_001713,5571.48,groceries,prepaid,500014,2026-03-21T04:27:00,agent_41,69,groceries,7096.74,attr_1,groceries,5571.48,attr_1,user_355,5087.37,groceries,886,1,0.25,1,1,1,0.175,0,0
txn_001714,6860.02,flights,prepaid,500010,2026-05-16T10:16:00,agent_46,156,flights,5471.12,attr_3,flights,6860.02,attr_2,user_475,3479.36,flights,460,1,0.51,1,0,0,0.357,0,0
txn_001715,1477.47,home,COD,50002,2026-04-21T23:13:00,agent_6,87,footwear,1032.65,attr_1,home,1477.47,attr_1,user_401,5424.31,footwear,1337,1,0.44,0,0,1,0.132,1,0
txn_001716,4674.95,home,prepaid,500011,2026-03-16T12:44:00,agent_55,118,home,7565.49,attr_5,home,4674.95,attr_5,user_206,4550.32,flights,1248,1,0.87,1,1,1,0.261,0,0
txn_001717,1703.15,electronics,COD,50002,2026-03-25T10:59:00,agent_38,260,electronics,2256.72,attr_4,electronics,1703.15,attr_4,user_291,3480.23,electronics,428,1,0.88,1,1,1,0.616,1,0
txn_001718,4015.92,groceries,COD,500016,2026-01-23T18:55:00,agent_32,18,groceries,2783.3,attr_3,groceries,4015.92,attr_4,user_270,5409.47,groceries,519,0,0.36,1,0,0,0.252,1,0
txn_001719,7794.64,groceries,COD,50008,2026-01-14T20:32:00,agent_51,120,groceries,6001.61,attr_3,groceries,7794.64,attr_3,user_45,3996.37,groceries,841,1,0.6,1,0,1,0.42,1,0
txn_001720,3920.72,home,COD,500016,2026-05-03T18:05:00,agent_43,64,home,3651.27,attr_2,home,3920.72,attr_2,user_454,3365.34,flights,774,1,0.85,1,0,1,0.255,0,0
txn_001721,2372.54,groceries,COD,50005,2026-03-01T21:55:00,agent_25,58,groceries,3291.37,attr_1,groceries,2372.54,attr_1,user_124,3396.08,groceries,252,1,0.17,1,1,1,0.119,1,0
txn_001722,2220.67,groceries,prepaid,50008,2026-04-16T20:49:00,agent_44,8,groceries,1811.45,attr_1,groceries,2220.67,attr_3,user_142,688.97,electronics,1048,1,0.56,1,0,0,0.168,1,0
txn_001723,2722.58,footwear,COD,500012,2026-03-31T22:27:00,agent_54,63,footwear,2196.45,attr_2,footwear,2722.58,attr_2,user_471,5453.05,footwear,539,1,0.07,1,0,1,0.049,1,0
txn_001724,3885.76,fashion,prepaid,50001,2026-04-08T02:42:00,agent_9,39,fashion,4887.91,attr_4,fashion,3885.76,attr_4,user_409,3297.85,fashion,245,1,0.65,1,1,1,0.455,0,0
txn_001725,1176.48,home,COD,500015,2026-04-30T19:16:00,agent_19,128,home,768.0,attr_1,home,1176.48,attr_5,user_343,5027.32,home,112,1,0.25,1,0,0,0.175,0,0
txn_001726,2332.68,electronics,prepaid,50008,2026-01-21T02:45:00,agent_3,110,electronics,1663.9,attr_5,electronics,2332.68,attr_4,user_106,4339.56,electronics,1394,1,0.58,1,0,0,0.406,0,1
txn_001727,5272.78,electronics,COD,500013,2026-01-21T10:17:00,agent_57,35,electronics,4262.56,attr_3,electronics,5272.78,attr_5,user_435,2915.13,electronics,871,0,0.12,1,0,0,0.084,1,0
txn_001728,7710.37,home,COD,500013,2026-03-20T07:34:00,agent_54,131,home,5372.83,attr_5,home,7710.37,attr_5,user_137,711.62,home,1404,1,0.04,1,0,1,0.028,1,0
txn_001729,860.99,fashion,COD,50008,2026-01-20T18:16:00,agent_52,202,fashion,872.78,attr_1,fashion,860.99,attr_1,user_221,1730.66,fashion,490,1,0.63,1,1,1,0.441,0,0
txn_001730,5441.6,flights,prepaid,50004,2026-03-09T18:13:00,agent_42,37,flights,6761.88,attr_2,flights,5441.6,attr_2,user_127,5819.13,flights,952,1,0.55,1,1,1,0.385,0,0
txn_001731,3239.58,footwear,prepaid,500016,2026-01-27T08:24:00,agent_22,67,footwear,3662.42,attr_2,footwear,3239.58,attr_2,user_474,2963.44,footwear,503,1,0.93,1,1,1,0.651,0,0
txn_001732,5602.99,footwear,COD,50003,2026-03-11T10:37:00,agent_54,225,footwear,3883.02,attr_3,footwear,5602.99,attr_3,user_67,1546.07,footwear,53,1,0.27,1,0,1,0.189,0,0
txn_001733,7464.4,home,COD,500013,2026-01-19T03:30:00,agent_49,265,home,6211.55,attr_5,home,7464.4,attr_5,user_397,1980.02,groceries,855,1,0.76,1,0,1,0.228,0,0
txn_001734,6127.82,electronics,COD,500014,2026-02-27T15:05:00,agent_5,5,electronics,6216.28,attr_4,electronics,6127.82,attr_4,user_428,3372.89,electronics,380,1,0.55,1,1,1,0.385,1,0
txn_001735,1284.51,electronics,prepaid,50005,2026-02-22T23:54:00,agent_17,72,electronics,1674.49,attr_1,electronics,1284.51,attr_1,user_186,2298.88,footwear,1409,1,0.12,1,1,1,0.036,0,0
txn_001736,828.45,fashion,COD,500015,2026-01-29T13:10:00,agent_17,4,home,650.14,attr_5,fashion,828.45,attr_5,user_396,4134.32,home,1300,1,0.15,0,0,1,0.045,1,0
txn_001737,4562.24,flights,prepaid,500016,2026-04-02T14:50:00,agent_19,107,flights,5705.34,attr_5,flights,4562.24,attr_5,user_127,5333.88,flights,389,0,0.96,1,1,1,0.672,1,0
txn_001738,5810.3,footwear,COD,50002,2026-02-22T11:59:00,agent_18,349,footwear,7763.39,attr_2,footwear,5810.3,attr_2,user_142,5856.99,electronics,77,1,0.3,1,1,1,0.09,0,0
txn_001739,7491.28,fashion,COD,50003,2026-02-06T00:43:00,agent_24,154,fashion,4722.45,attr_3,fashion,7491.28,attr_3,user_386,1072.33,fashion,1378,1,0.41,1,0,1,0.287,0,0
txn_001740,1774.51,footwear,prepaid,500020,2026-01-31T13:47:00,agent_41,201,fashion,1638.04,attr_5,footwear,1774.51,attr_5,user_487,1967.52,fashion,585,1,0.79,0,0,1,0.237,0,1
txn_001741,1516.52,flights,prepaid,500019,2026-02-01T23:26:00,agent_25,72,flights,2413.54,attr_1,flights,1516.52,attr_1,user_462,1540.18,electronics,257,1,0.05,1,1,1,0.015,1,0
txn_001742,3633.92,electronics,prepaid,500013,2026-01-28T08:09:00,agent_41,46,electronics,5927.12,attr_5,electronics,3633.92,attr_5,user_403,3039.27,electronics,1302,0,1.0,1,1,1,0.7,1,0
txn_001743,5057.85,electronics,prepaid,500018,2026-05-10T10:25:00,agent_22,40,electronics,5373.08,attr_2,electronics,5057.85,attr_2,user_223,5845.12,electronics,31,1,0.55,1,1,1,0.385,0,0
txn_001744,968.71,home,COD,500012,2026-03-17T14:32:00,agent_55,50,home,810.49,attr_5,home,968.71,attr_5,user_230,3747.61,flights,961,1,0.83,1,0,1,0.249,1,0
txn_001745,2168.85,flights,COD,500013,2026-01-25T03:25:00,agent_37,245,flights,2694.58,attr_2,flights,2168.85,attr_2,user_395,668.45,electronics,383,0,0.9,1,1,1,0.27,1,0
txn_001746,3038.18,home,prepaid,500020,2026-02-02T09:34:00,agent_14,163,home,3383.06,attr_5,home,3038.18,attr_5,user_73,4368.95,home,791,1,0.75,1,1,1,0.525,1,0
txn_001747,6117.54,flights,COD,50007,2026-01-20T19:59:00,agent_40,35,flights,3993.69,attr_1,flights,6117.54,attr_1,user_442,3197.6,groceries,221,1,0.0,1,0,1,0.0,0,1
txn_001748,5827.24,groceries,prepaid,500012,2026-04-29T08:40:00,agent_13,269,groceries,4912.95,attr_2,groceries,5827.24,attr_2,user_307,4423.24,electronics,626,1,0.48,1,0,1,0.144,0,0
txn_001749,1141.93,flights,COD,500015,2026-05-09T10:22:00,agent_28,141,flights,1278.89,attr_3,flights,1141.93,attr_3,user_85,4294.33,flights,1354,1,0.67,1,1,1,0.469,0,0
txn_001750,5525.21,flights,prepaid,500014,2026-01-15T16:26:00,agent_17,13,flights,6267.21,attr_3,flights,5525.21,attr_3,user_112,2761.74,fashion,1187,0,0.98,1,1,1,0.294,1,0
txn_001751,1267.94,flights,COD,50009,2026-03-27T05:42:00,agent_4,132,flights,1617.07,attr_3,flights,1267.94,attr_3,user_453,3781.37,flights,1313,1,0.17,1,1,1,0.119,1,0
txn_001752,3674.54,home,COD,500015,2026-04-27T19:28:00,agent_40,21,home,4681.71,attr_5,home,3674.54,attr_5,user_160,5884.47,home,824,0,0.11,1,1,1,0.077,0,0
txn_001753,3075.36,home,prepaid,50001,2026-03-10T07:52:00,agent_17,3,home,2576.45,attr_1,home,3075.36,attr_3,user_337,3537.88,home,554,1,0.17,1,0,0,0.119,0,1
txn_001754,2029.65,electronics,prepaid,500019,2026-05-12T04:48:00,agent_24,181,electronics,3088.06,attr_1,electronics,2029.65,attr_1,user_29,2742.64,groceries,138,1,0.58,1,1,1,0.174,0,0
txn_001755,5446.66,footwear,prepaid,50001,2026-02-18T16:26:00,agent_48,11,footwear,6303.15,attr_4,footwear,5446.66,attr_4,user_34,3661.81,footwear,435,1,0.32,1,1,1,0.224,0,0
txn_001756,3450.67,electronics,COD,500016,2026-03-10T20:41:00,agent_46,90,electronics,5516.63,attr_1,electronics,3450.67,attr_1,user_221,876.82,electronics,214,1,0.73,1,1,1,0.511,0,0
txn_001757,2923.01,home,prepaid,500011,2026-01-05T17:53:00,agent_57,20,home,4325.38,attr_1,home,2923.01,attr_1,user_218,3364.95,home,963,0,0.81,1,1,1,0.567,0,0
txn_001758,3581.23,groceries,prepaid,50005,2026-05-19T02:27:00,agent_37,3,groceries,4610.02,attr_1,groceries,3581.23,attr_1,user_180,1637.03,electronics,778,1,0.75,1,1,1,0.225,1,0
txn_001759,5066.33,groceries,COD,50005,2026-04-15T14:06:00,agent_56,42,groceries,7572.82,attr_1,groceries,5066.33,attr_1,user_393,3293.63,groceries,1250,1,0.67,1,1,1,0.469,1,0
txn_001760,3265.01,fashion,COD,50009,2026-01-09T00:07:00,agent_29,118,fashion,4207.74,attr_1,fashion,3265.01,attr_1,user_194,5414.11,footwear,1003,1,0.09,1,1,1,0.027,0,0
txn_001761,6881.83,home,COD,50009,2026-02-28T07:06:00,agent_21,52,home,7160.68,attr_4,home,6881.83,attr_4,user_366,2470.28,home,852,1,0.48,1,1,1,0.336,0,0
txn_001762,3733.24,footwear,prepaid,500010,2026-02-26T15:22:00,agent_51,12,footwear,4870.71,attr_5,footwear,3733.24,attr_5,user_121,3411.15,footwear,1021,1,0.35,1,1,1,0.245,0,0
txn_001763,3085.47,footwear,prepaid,500014,2026-01-26T12:23:00,agent_24,12,footwear,2459.81,attr_4,footwear,3085.47,attr_4,user_29,3860.69,footwear,1087,1,0.84,1,0,1,0.588,0,0
txn_001764,2995.51,fashion,COD,500018,2026-04-18T00:44:00,agent_31,655,fashion,2579.9,attr_1,fashion,2995.51,attr_3,user_440,747.41,fashion,291,1,0.92,1,0,0,0.644,0,0
txn_001765,667.11,flights,COD,500019,2026-05-04T12:03:00,agent_55,27,flights,863.88,attr_1,flights,667.11,attr_1,user_341,1527.91,fashion,1447,1,0.28,1,1,1,0.084,0,0
txn_001766,414.2,fashion,COD,50004,2026-03-05T03:31:00,agent_38,174,fashion,618.93,attr_3,fashion,414.2,attr_3,user_279,3411.85,home,1160,1,0.74,1,1,1,0.222,0,0
txn_001767,2571.66,fashion,COD,50005,2026-01-11T20:17:00,agent_28,38,fashion,3573.27,attr_2,fashion,2571.66,attr_2,user_345,5217.75,fashion,1364,0,0.05,1,1,1,0.035,0,0
txn_001768,8844.27,home,COD,500012,2026-01-18T15:05:00,agent_20,4,electronics,7037.16,attr_4,home,8844.27,attr_4,user_99,660.61,electronics,1016,1,0.11,0,0,1,0.033,1,0
txn_001769,2988.41,footwear,COD,500016,2026-03-30T23:04:00,agent_26,246,footwear,2243.38,attr_3,footwear,2988.41,attr_4,user_350,4909.16,footwear,321,1,0.26,1,0,0,0.182,0,1
txn_001770,2542.87,home,COD,50009,2026-02-21T21:05:00,agent_57,36,home,4020.64,attr_5,home,2542.87,attr_5,user_105,1125.34,home,37,1,0.76,1,1,1,0.532,0,0
txn_001771,4253.2,fashion,COD,50009,2026-04-27T11:30:00,agent_17,6,fashion,6899.57,attr_2,fashion,4253.2,attr_2,user_111,1168.27,fashion,55,1,0.22,1,1,1,0.154,0,0
txn_001772,3597.9,groceries,prepaid,50007,2026-02-01T21:19:00,agent_57,31,groceries,4306.16,attr_3,groceries,3597.9,attr_3,user_53,4081.02,fashion,138,1,0.6,1,1,1,0.18,0,0
txn_001773,2769.87,flights,COD,50002,2026-04-16T08:35:00,agent_58,229,flights,3623.74,attr_2,flights,2769.87,attr_2,user_219,5504.73,groceries,812,1,0.27,1,1,1,0.081,1,0
txn_001774,2271.0,fashion,prepaid,50005,2026-01-24T11:00:00,agent_14,372,fashion,2852.98,attr_4,fashion,2271.0,attr_4,user_265,825.28,fashion,569,1,0.81,1,1,1,0.567,0,0
txn_001775,3836.22,flights,COD,500012,2026-01-19T16:23:00,agent_56,93,flights,3166.48,attr_2,flights,3836.22,attr_2,user_34,1687.39,flights,1327,1,0.91,1,0,1,0.637,1,0
txn_001776,2531.85,flights,prepaid,50004,2026-05-09T21:16:00,agent_27,47,flights,2608.06,attr_5,flights,2531.85,attr_5,user_240,4732.96,fashion,665,1,0.97,1,1,1,0.291,0,0
txn_001777,912.78,groceries,prepaid,50005,2026-02-02T13:03:00,agent_7,224,groceries,920.4,attr_5,groceries,912.78,attr_5,user_441,5351.65,groceries,1047,1,0.17,1,1,1,0.119,0,0
txn_001778,5005.39,electronics,COD,50002,2026-04-06T17:03:00,agent_48,93,electronics,6946.88,attr_5,electronics,5005.39,attr_5,user_286,2979.44,electronics,1459,1,0.86,1,1,1,0.602,0,0
txn_001779,5578.79,groceries,COD,50006,2026-01-02T13:14:00,agent_1,17,groceries,7404.85,attr_4,groceries,5578.79,attr_4,user_264,3895.4,home,568,1,0.05,1,1,1,0.015,0,0
txn_001780,3413.76,fashion,COD,500012,2026-03-30T02:12:00,agent_22,64,fashion,5330.06,attr_4,fashion,3413.76,attr_4,user_357,4454.51,fashion,1259,1,0.67,1,1,1,0.469,0,0
txn_001781,3271.09,flights,COD,50002,2026-04-21T20:26:00,agent_4,31,flights,4007.42,attr_1,flights,3271.09,attr_1,user_111,3065.58,flights,461,1,0.89,1,1,1,0.623,0,0
txn_001782,1435.99,fashion,COD,500015,2026-03-01T16:46:00,agent_3,7,fashion,1060.1,attr_5,fashion,1435.99,attr_5,user_433,2040.95,fashion,136,1,0.04,1,0,1,0.028,1,0
txn_001783,5530.76,electronics,COD,500011,2026-04-10T05:16:00,agent_36,30,electronics,5729.69,attr_2,electronics,5530.76,attr_2,user_81,3133.6,electronics,92,1,0.69,1,1,1,0.483,0,0
txn_001784,800.68,footwear,COD,500014,2026-03-03T09:07:00,agent_24,4,footwear,916.47,attr_3,footwear,800.68,attr_3,user_303,3769.99,footwear,169,1,0.8,1,1,1,0.56,1,0
txn_001785,3715.63,electronics,COD,50009,2026-04-02T20:37:00,agent_26,167,electronics,4221.38,attr_1,electronics,3715.63,attr_1,user_445,516.74,electronics,394,1,0.67,1,1,1,0.469,0,0
txn_001786,7847.94,footwear,prepaid,50007,2026-03-13T14:54:00,agent_57,164,footwear,5329.08,attr_1,footwear,7847.94,attr_1,user_344,1934.73,footwear,1300,1,0.33,1,0,1,0.231,0,0
txn_001787,3375.55,home,COD,50003,2026-04-24T05:31:00,agent_18,76,home,4091.81,attr_1,home,3375.55,attr_1,user_17,2998.68,home,191,1,0.11,1,1,1,0.077,0,0
txn_001788,6589.43,groceries,prepaid,50006,2026-04-02T03:25:00,agent_36,345,groceries,7124.55,attr_1,groceries,6589.43,attr_1,user_457,5940.99,groceries,773,1,0.11,1,1,1,0.077,0,0
txn_001789,5014.76,electronics,COD,50004,2026-02-26T05:11:00,agent_39,46,electronics,6749.13,attr_2,electronics,5014.76,attr_2,user_143,3749.63,electronics,656,1,0.36,1,1,1,0.252,1,0
txn_001790,5333.59,fashion,prepaid,50002,2026-05-13T20:35:00,agent_34,131,fashion,7053.76,attr_3,fashion,5333.59,attr_3,user_214,1483.12,fashion,617,0,0.7,1,1,1,0.49,1,0
txn_001791,2523.79,footwear,prepaid,500015,2026-01-26T18:29:00,agent_10,147,footwear,2244.54,attr_2,footwear,2523.79,attr_5,user_195,626.41,electronics,1253,1,0.89,1,0,0,0.267,1,0
txn_001792,4737.12,groceries,COD,50008,2026-04-21T16:55:00,agent_49,327,groceries,7698.83,attr_3,groceries,4737.12,attr_3,user_44,2099.6,fashion,1330,1,0.83,1,1,1,0.249,0,0
txn_001793,1058.06,flights,COD,500017,2026-01-22T08:06:00,agent_26,102,flights,1606.73,attr_3,flights,1058.06,attr_3,user_378,5063.32,flights,113,1,0.96,1,1,1,0.672,1,0
txn_001794,5025.52,home,COD,50004,2026-02-03T11:19:00,agent_19,157,home,7751.67,attr_3,home,5025.52,attr_3,user_279,4483.3,home,935,1,0.9,1,1,1,0.63,0,1
txn_001795,8255.54,flights,prepaid,500018,2026-03-11T04:45:00,agent_52,3,home,7100.43,attr_3,flights,8255.54,attr_3,user_247,5391.68,home,183,1,0.9,0,0,1,0.27,1,0
txn_001796,7141.26,home,COD,50001,2026-03-29T07:49:00,agent_27,133,home,4505.26,attr_5,home,7141.26,attr_4,user_321,2977.19,electronics,419,1,0.89,1,0,0,0.267,0,0
txn_001797,6670.07,home,COD,50009,2026-03-13T01:48:00,agent_26,18,fashion,4311.0,attr_5,home,6670.07,attr_1,user_121,4501.23,fashion,459,1,0.45,0,0,0,0.135,0,0
txn_001798,3905.63,footwear,COD,50009,2026-04-23T02:17:00,agent_18,340,footwear,5490.26,attr_1,footwear,3905.63,attr_1,user_255,5906.67,footwear,136,1,0.11,1,1,1,0.077,0,0
txn_001799,7150.89,electronics,prepaid,50001,2026-03-10T22:23:00,agent_57,3,electronics,5032.84,attr_3,electronics,7150.89,attr_4,user_204,1646.86,electronics,19,1,0.62,1,0,0,0.434,0,0
txn_001800,6770.17,fashion,prepaid,500012,2026-04-11T05:23:00,agent_17,86,fashion,7963.75,attr_3,fashion,6770.17,attr_3,user_156,2194.59,flights,234,0,0.34,1,1,1,0.102,1,0
txn_001801,5723.73,flights,COD,50008,2026-02-20T02:49:00,agent_38,197,flights,6952.04,attr_1,flights,5723.73,attr_1,user_420,4969.37,footwear,154,0,0.0,1,1,1,0.0,0,0
txn_001802,3572.83,flights,prepaid,500015,2026-01-12T13:39:00,agent_3,140,flights,5619.79,attr_1,flights,3572.83,attr_1,user_151,1147.81,flights,273,1,0.39,1,1,1,0.273,0,1
txn_001803,7164.38,fashion,prepaid,500018,2026-01-12T02:11:00,agent_56,272,fashion,6320.73,attr_1,fashion,7164.38,attr_4,user_73,776.95,fashion,727,1,0.84,1,0,0,0.588,1,0
txn_001804,7438.43,home,prepaid,50008,2026-03-02T21:25:00,agent_1,28,fashion,6268.0,attr_5,home,7438.43,attr_5,user_253,2148.4,electronics,1331,1,0.93,0,0,1,0.279,0,1
txn_001805,3500.71,fashion,COD,50003,2026-05-16T14:48:00,agent_42,66,fashion,5560.03,attr_5,fashion,3500.71,attr_5,user_16,4438.6,flights,1003,1,0.5,1,1,1,0.15,0,0
txn_001806,4037.09,electronics,COD,500015,2026-04-22T19:56:00,agent_2,60,electronics,6680.24,attr_2,electronics,4037.09,attr_2,user_214,620.73,electronics,232,1,0.97,1,1,1,0.679,0,0
txn_001807,744.06,footwear,COD,500010,2026-03-02T07:05:00,agent_44,139,footwear,1085.84,attr_2,footwear,744.06,attr_2,user_417,4459.39,footwear,1226,1,0.86,1,1,1,0.602,0,0
txn_001808,1970.26,groceries,COD,500017,2026-02-16T01:01:00,agent_49,32,groceries,3248.98,attr_4,groceries,1970.26,attr_4,user_450,3233.97,flights,827,1,0.1,1,1,1,0.03,1,0
txn_001809,5532.72,electronics,COD,50008,2026-02-03T15:23:00,agent_29,27,electronics,5776.03,attr_1,electronics,5532.72,attr_1,user_251,2086.85,electronics,286,1,0.17,1,1,1,0.119,1,0
txn_001810,3500.14,home,prepaid,500015,2026-03-29T02:48:00,agent_27,495,home,5487.3,attr_3,home,3500.14,attr_3,user_228,4583.52,home,1407,1,0.07,1,1,1,0.049,0,0
txn_001811,2118.25,home,prepaid,500012,2026-03-02T18:57:00,agent_35,32,home,2896.41,attr_1,home,2118.25,attr_1,user_126,3614.71,groceries,534,1,0.92,1,1,1,0.276,0,0
txn_001812,5490.46,fashion,COD,500011,2026-01-07T02:34:00,agent_33,238,fashion,7936.26,attr_4,fashion,5490.46,attr_4,user_329,3875.9,home,1224,0,0.87,1,1,1,0.261,1,0
txn_001813,9289.0,fashion,prepaid,500019,2026-04-24T02:55:00,agent_20,66,fashion,6732.58,attr_3,fashion,9289.0,attr_3,user_91,2985.77,fashion,43,1,0.66,1,0,1,0.462,0,0
txn_001814,6970.7,footwear,COD,50008,2026-03-12T03:32:00,agent_23,41,footwear,7258.11,attr_3,footwear,6970.7,attr_3,user_497,4554.84,footwear,1431,1,0.17,1,1,1,0.119,1,0
txn_001815,2067.4,fashion,prepaid,500010,2026-04-13T18:40:00,agent_17,182,fashion,2546.97,attr_1,fashion,2067.4,attr_1,user_247,3893.57,fashion,255,1,0.54,1,1,1,0.378,0,0
txn_001816,2846.33,flights,COD,50005,2026-03-29T23:26:00,agent_9,87,flights,4343.17,attr_1,flights,2846.33,attr_1,user_334,5730.96,flights,249,1,0.99,1,1,1,0.693,0,0
txn_001817,2476.12,electronics,COD,500017,2026-05-02T06:56:00,agent_46,187,electronics,2110.17,attr_3,electronics,2476.12,attr_1,user_359,5058.79,electronics,740,1,0.05,1,0,0,0.035,0,0
txn_001818,1377.27,electronics,prepaid,500010,2026-03-27T17:19:00,agent_9,146,electronics,1218.64,attr_2,electronics,1377.27,attr_3,user_218,1080.61,electronics,1496,1,0.21,1,0,0,0.147,0,0
txn_001819,3638.69,flights,prepaid,50004,2026-03-16T14:01:00,agent_35,29,flights,2790.96,attr_2,flights,3638.69,attr_2,user_384,2581.95,flights,730,1,0.73,1,0,1,0.511,0,0
txn_001820,3611.85,groceries,COD,500018,2026-04-10T00:36:00,agent_10,46,groceries,5377.43,attr_2,groceries,3611.85,attr_2,user_32,2810.49,home,914,1,0.08,1,1,1,0.024,0,0
txn_001821,3619.28,electronics,COD,50005,2026-03-25T09:49:00,agent_15,152,electronics,2383.75,attr_2,electronics,3619.28,attr_2,user_423,4837.36,fashion,1018,1,0.6,1,0,1,0.18,1,0
txn_001822,3288.26,electronics,prepaid,50007,2026-03-24T14:05:00,agent_57,11,electronics,3990.94,attr_3,electronics,3288.26,attr_3,user_186,2796.76,electronics,1403,1,0.09,1,1,1,0.063,0,0
txn_001823,6518.63,groceries,COD,500011,2026-02-20T19:03:00,agent_57,49,groceries,6662.99,attr_3,groceries,6518.63,attr_3,user_285,5938.34,footwear,38,1,0.2,1,1,1,0.06,0,0
txn_001824,4367.53,flights,prepaid,500017,2026-02-09T15:44:00,agent_52,316,flights,6565.48,attr_2,flights,4367.53,attr_2,user_65,3054.31,home,456,1,0.85,1,1,1,0.255,0,0
txn_001825,2411.87,footwear,COD,50004,2026-01-26T12:15:00,agent_10,36,footwear,2607.48,attr_3,footwear,2411.87,attr_3,user_96,503.25,home,386,1,0.34,1,1,1,0.102,0,0
txn_001826,5902.39,home,COD,500010,2026-02-22T17:33:00,agent_59,1,home,6305.57,attr_2,home,5902.39,attr_2,user_330,4561.49,home,20,1,0.1,1,1,1,0.07,1,0
txn_001827,3108.33,electronics,COD,500014,2026-04-13T00:46:00,agent_29,69,electronics,3646.32,attr_3,electronics,3108.33,attr_3,user_279,2406.55,electronics,480,1,0.38,1,1,1,0.266,0,0
txn_001828,4737.48,footwear,COD,500015,2026-02-05T08:46:00,agent_40,325,footwear,7781.82,attr_4,footwear,4737.48,attr_4,user_461,1767.01,footwear,1111,1,0.35,1,1,1,0.245,0,0
txn_001829,4530.23,fashion,prepaid,50009,2026-04-08T07:09:00,agent_30,108,fashion,5560.59,attr_4,fashion,4530.23,attr_4,user_273,5698.15,fashion,984,1,0.76,1,1,1,0.532,0,0
txn_001830,2151.76,electronics,COD,50004,2026-03-14T10:24:00,agent_25,22,electronics,2030.49,attr_2,electronics,2151.76,attr_2,user_175,1309.28,electronics,1266,1,0.78,1,0,1,0.546,1,0
txn_001831,5035.34,footwear,COD,50009,2026-03-30T12:57:00,agent_32,26,footwear,6789.93,attr_4,footwear,5035.34,attr_4,user_483,3303.01,footwear,856,1,0.56,1,1,1,0.392,0,0
txn_001832,4500.3,electronics,COD,500016,2026-03-10T06:05:00,agent_59,104,electronics,3545.63,attr_1,electronics,4500.3,attr_1,user_328,2739.11,electronics,1020,1,0.94,1,0,1,0.658,1,0
txn_001833,2815.48,fashion,prepaid,50007,2026-05-11T14:42:00,agent_54,71,fashion,3269.79,attr_5,fashion,2815.48,attr_5,user_248,637.82,fashion,1404,1,0.4,1,1,1,0.28,0,0
txn_001834,5347.74,groceries,prepaid,500010,2026-04-29T08:51:00,agent_4,11,groceries,7611.59,attr_3,groceries,5347.74,attr_3,user_341,5715.54,home,870,1,0.31,1,1,1,0.093,1,0
txn_001835,728.94,home,COD,500019,2026-03-28T06:32:00,agent_25,206,home,1147.33,attr_1,home,728.94,attr_1,user_477,3971.41,flights,1136,1,0.3,1,1,1,0.09,1,0
txn_001836,3431.29,electronics,prepaid,50002,2026-02-27T21:06:00,agent_21,109,electronics,3768.88,attr_3,electronics,3431.29,attr_3,user_5,600.39,electronics,1291,1,0.78,1,1,1,0.546,0,0
txn_001837,5808.41,groceries,COD,50009,2026-01-31T04:38:00,agent_27,183,groceries,4090.45,attr_2,groceries,5808.41,attr_2,user_261,5859.55,footwear,611,1,0.43,1,0,1,0.129,1,0
txn_001838,1838.85,groceries,prepaid,500016,2026-02-28T01:27:00,agent_52,254,groceries,2651.99,attr_2,groceries,1838.85,attr_2,user_408,5955.07,groceries,222,1,0.75,1,1,1,0.525,0,0
txn_001839,3818.25,electronics,prepaid,500017,2026-01-14T13:58:00,agent_33,1,electronics,2998.42,attr_3,electronics,3818.25,attr_2,user_44,4467.51,home,103,0,0.23,1,0,0,0.069,0,1
txn_001840,9151.79,flights,prepaid,500016,2026-03-06T09:55:00,agent_20,123,flights,6011.42,attr_5,flights,9151.79,attr_5,user_362,2649.33,flights,46,1,0.17,1,0,1,0.119,0,0
txn_001841,4310.11,footwear,COD,50007,2026-02-02T20:48:00,agent_29,213,footwear,5048.1,attr_3,footwear,4310.11,attr_3,user_456,5442.8,groceries,644,1,0.88,1,1,1,0.264,0,0
txn_001842,2741.7,flights,COD,500014,2026-04-30T20:58:00,agent_4,354,flights,4338.96,attr_5,flights,2741.7,attr_5,user_91,4132.43,flights,338,1,0.34,1,1,1,0.238,0,0
txn_001843,3274.18,fashion,prepaid,500020,2026-03-19T22:38:00,agent_53,164,fashion,3665.51,attr_5,fashion,3274.18,attr_5,user_9,2161.29,fashion,1154,1,0.77,1,1,1,0.539,0,0
txn_001844,3763.04,footwear,COD,500019,2026-01-08T02:44:00,agent_12,25,footwear,5481.88,attr_2,footwear,3763.04,attr_2,user_136,3590.64,footwear,257,1,0.39,1,1,1,0.273,0,0
txn_001845,4399.33,fashion,prepaid,50006,2026-04-05T23:24:00,agent_33,36,fashion,4783.39,attr_3,fashion,4399.33,attr_3,user_23,736.83,footwear,1254,1,0.0,1,1,1,0.0,1,0
txn_001846,954.3,flights,prepaid,500019,2026-01-04T17:21:00,agent_2,63,flights,598.7,attr_3,flights,954.3,attr_2,user_405,1647.09,home,1015,1,0.81,1,0,0,0.243,1,0
txn_001847,5109.57,electronics,COD,500019,2026-01-30T16:34:00,agent_2,48,electronics,5767.67,attr_4,electronics,5109.57,attr_4,user_98,5444.04,electronics,294,1,0.06,1,1,1,0.042,0,0
txn_001848,8135.66,groceries,prepaid,500014,2026-01-17T22:18:00,agent_44,88,groceries,6557.52,attr_3,groceries,8135.66,attr_3,user_115,996.19,groceries,382,1,0.08,1,0,1,0.056,0,0
txn_001849,2995.8,footwear,prepaid,50008,2026-02-28T11:23:00,agent_57,122,footwear,3028.74,attr_1,footwear,2995.8,attr_1,user_85,3002.13,footwear,1416,1,0.55,1,1,1,0.385,0,0
txn_001850,1132.95,home,COD,50004,2026-02-04T04:04:00,agent_28,207,home,1769.33,attr_1,home,1132.95,attr_1,user_25,4266.57,home,1270,1,0.47,1,1,1,0.329,0,0
txn_001851,3251.42,electronics,COD,500011,2026-05-19T18:05:00,agent_42,154,flights,2096.97,attr_4,electronics,3251.42,attr_2,user_325,5878.54,flights,1499,1,0.63,0,0,0,0.189,0,1
txn_001852,9173.33,flights,COD,500018,2026-04-17T18:47:00,agent_32,192,footwear,6018.35,attr_3,flights,9173.33,attr_1,user_365,3954.27,footwear,362,1,0.98,0,0,0,0.294,0,0
txn_001853,3047.18,flights,prepaid,50006,2026-01-04T05:06:00,agent_57,134,flights,2015.63,attr_2,flights,3047.18,attr_2,user_73,3431.78,electronics,1197,1,0.69,1,0,1,0.207,0,1
txn_001854,819.06,electronics,COD,50003,2026-01-24T10:28:00,agent_52,191,electronics,1134.81,attr_3,electronics,819.06,attr_3,user_210,4174.87,electronics,441,1,0.79,1,1,1,0.553,1,0
txn_001855,3674.31,flights,COD,500020,2026-04-10T13:49:00,agent_59,76,flights,5658.15,attr_1,flights,3674.31,attr_1,user_328,1189.46,flights,700,1,0.47,1,1,1,0.329,0,0
txn_001856,1492.03,fashion,prepaid,500018,2026-01-27T18:59:00,agent_21,174,fashion,1868.09,attr_3,fashion,1492.03,attr_3,user_77,4421.72,home,750,0,0.12,1,1,1,0.036,1,0
txn_001857,6374.35,electronics,prepaid,50002,2026-02-09T13:26:00,agent_23,418,electronics,7188.12,attr_4,electronics,6374.35,attr_4,user_374,5068.65,home,304,1,0.86,1,1,1,0.258,0,0
txn_001858,3490.3,fashion,COD,500011,2026-03-15T23:33:00,agent_29,248,fashion,3649.53,attr_5,fashion,3490.3,attr_5,user_44,4228.5,fashion,1425,1,0.96,1,1,1,0.672,0,0
txn_001859,4522.51,flights,COD,50009,2026-03-06T16:27:00,agent_40,12,flights,6091.7,attr_2,flights,4522.51,attr_2,user_74,1186.75,flights,215,1,0.53,1,1,1,0.371,0,1
txn_001860,7726.66,flights,COD,50007,2026-02-11T04:35:00,agent_18,1,flights,5846.1,attr_5,flights,7726.66,attr_5,user_202,1645.84,flights,1035,1,0.41,1,0,1,0.287,1,0
txn_001861,2771.83,groceries,prepaid,500012,2026-04-10T04:19:00,agent_2,17,groceries,2963.03,attr_5,groceries,2771.83,attr_5,user_52,2549.04,groceries,1444,1,0.12,1,1,1,0.084,0,0
txn_001862,3593.75,fashion,COD,500018,2026-02-14T07:40:00,agent_51,277,fashion,4080.82,attr_3,fashion,3593.75,attr_3,user_309,5820.87,fashion,539,1,0.57,1,1,1,0.399,0,0
txn_001863,3767.45,footwear,prepaid,500011,2026-03-26T16:15:00,agent_2,250,footwear,4225.79,attr_2,footwear,3767.45,attr_2,user_166,1418.17,footwear,906,1,0.96,1,1,1,0.672,0,0
txn_001864,1326.42,groceries,prepaid,500019,2026-01-22T11:55:00,agent_6,107,groceries,1253.08,attr_3,groceries,1326.42,attr_3,user_335,3380.71,groceries,1457,0,0.56,1,0,1,0.392,0,0
txn_001865,4736.73,groceries,COD,500011,2026-03-06T12:35:00,agent_39,132,groceries,7437.67,attr_3,groceries,4736.73,attr_3,user_239,2911.91,groceries,1001,1,0.94,1,1,1,0.658,0,0
txn_001866,1605.3,flights,COD,500020,2026-02-26T09:30:00,agent_34,207,flights,1362.26,attr_3,flights,1605.3,attr_5,user_430,5179.97,electronics,921,1,0.85,1,0,0,0.255,0,0
txn_001867,1009.69,fashion,prepaid,500011,2026-03-13T09:32:00,agent_2,30,fashion,699.79,attr_3,fashion,1009.69,attr_3,user_127,1537.02,fashion,793,1,0.02,1,0,1,0.014,0,1
txn_001868,7163.75,flights,COD,500017,2026-04-01T20:41:00,agent_1,80,flights,5874.55,attr_4,flights,7163.75,attr_3,user_4,3427.91,flights,41,0,0.79,1,0,0,0.553,1,0
txn_001869,10210.38,flights,COD,500019,2026-01-12T20:51:00,agent_30,59,flights,7603.63,attr_2,flights,10210.38,attr_2,user_198,3310.87,fashion,101,1,0.16,1,0,1,0.048,0,0
txn_001870,8679.74,electronics,COD,500016,2026-02-17T07:48:00,agent_19,66,electronics,6920.95,attr_4,electronics,8679.74,attr_4,user_85,4752.49,electronics,1352,1,0.37,1,0,1,0.259,0,0
txn_001871,5904.54,home,prepaid,500010,2026-03-21T10:11:00,agent_13,3,home,4142.49,attr_1,home,5904.54,attr_3,user_373,2013.81,home,331,1,0.28,1,0,0,0.196,1,0
txn_001872,1452.33,groceries,prepaid,500018,2026-05-14T11:51:00,agent_53,122,home,1240.06,attr_1,groceries,1452.33,attr_5,user_9,5389.27,home,471,1,0.9,0,0,0,0.27,0,0
txn_001873,2420.44,home,COD,500011,2026-04-10T03:52:00,agent_18,29,home,2120.68,attr_3,home,2420.44,attr_5,user_376,4088.01,home,1414,1,0.09,1,0,0,0.063,0,0
txn_001874,4353.5,fashion,COD,500013,2026-01-13T20:52:00,agent_19,311,fashion,5756.38,attr_1,fashion,4353.5,attr_1,user_120,1462.4,fashion,500,1,0.23,1,1,1,0.161,0,0
txn_001875,1424.82,flights,prepaid,500010,2026-02-03T05:27:00,agent_41,502,flights,1700.48,attr_4,flights,1424.82,attr_4,user_214,1740.29,footwear,778,1,0.37,1,1,1,0.111,0,0
txn_001876,9509.5,flights,COD,500020,2026-03-27T23:11:00,agent_14,139,home,7585.47,attr_2,flights,9509.5,attr_2,user_82,3191.35,home,1132,0,0.98,0,0,1,0.294,1,0
txn_001877,2138.01,groceries,COD,500019,2026-01-16T13:05:00,agent_3,31,groceries,2293.45,attr_5,groceries,2138.01,attr_5,user_462,4656.35,fashion,620,1,0.62,1,1,1,0.186,1,0
txn_001878,7668.43,electronics,COD,50005,2026-05-17T03:20:00,agent_18,44,electronics,6393.99,attr_5,electronics,7668.43,attr_4,user_377,3728.54,electronics,37,1,0.72,1,0,0,0.504,0,0
txn_001879,5312.59,groceries,COD,50009,2026-04-07T09:18:00,agent_24,289,groceries,7127.68,attr_2,groceries,5312.59,attr_2,user_126,5949.41,groceries,695,1,0.78,1,1,1,0.546,0,0
txn_001880,1693.23,home,COD,50007,2026-02-01T05:40:00,agent_44,14,home,1961.62,attr_1,home,1693.23,attr_1,user_438,4319.57,home,586,1,0.88,1,1,1,0.616,0,0
txn_001881,12415.61,footwear,prepaid,50003,2026-02-05T11:32:00,agent_52,25,flights,7843.18,attr_1,footwear,12415.61,attr_5,user_46,1250.8,flights,1088,1,0.85,0,0,0,0.255,0,1
txn_001882,3107.99,home,prepaid,500011,2026-05-06T15:50:00,agent_47,185,home,3959.39,attr_5,home,3107.99,attr_5,user_266,3526.85,home,947,1,0.64,1,1,1,0.448,0,0
txn_001883,3249.51,groceries,prepaid,500011,2026-05-10T12:10:00,agent_15,7,groceries,4071.52,attr_5,groceries,3249.51,attr_5,user_382,1657.94,groceries,359,1,0.63,1,1,1,0.441,0,0
txn_001884,1239.1,footwear,prepaid,50006,2026-03-28T02:37:00,agent_13,38,footwear,1430.2,attr_2,footwear,1239.1,attr_2,user_499,2301.83,groceries,790,1,0.23,1,1,1,0.069,0,0
txn_001885,2424.73,home,COD,50004,2026-04-19T00:28:00,agent_31,95,home,2138.12,attr_1,home,2424.73,attr_5,user_415,5767.74,home,527,1,0.62,1,0,0,0.434,0,1
txn_001886,3183.05,fashion,prepaid,50004,2026-02-02T01:49:00,agent_40,197,fashion,4512.03,attr_1,fashion,3183.05,attr_1,user_142,2084.6,fashion,668,1,0.92,1,1,1,0.644,0,0
txn_001887,3837.05,home,COD,500015,2026-02-20T22:30:00,agent_33,92,home,4195.92,attr_1,home,3837.05,attr_1,user_64,2417.88,fashion,185,1,0.39,1,1,1,0.117,0,0
txn_001888,2317.63,groceries,COD,500020,2026-02-16T04:26:00,agent_3,3,groceries,2354.96,attr_3,groceries,2317.63,attr_3,user_79,5932.68,fashion,1469,1,0.0,1,1,1,0.0,0,0
txn_001889,7463.13,footwear,prepaid,500019,2026-01-13T16:46:00,agent_57,169,flights,5369.0,attr_4,footwear,7463.13,attr_4,user_44,5111.3,groceries,673,1,0.63,0,0,1,0.189,0,1
txn_001890,3870.6,groceries,prepaid,500012,2026-05-09T05:02:00,agent_3,17,groceries,6200.36,attr_2,groceries,3870.6,attr_2,user_241,2443.37,groceries,1241,0,0.63,1,1,1,0.441,1,0
txn_001891,9740.75,flights,COD,50009,2026-03-14T04:44:00,agent_11,11,flights,6137.04,attr_2,flights,9740.75,attr_3,user_267,2768.07,footwear,1229,1,0.15,1,0,0,0.045,1,0
txn_001892,1516.3,footwear,COD,500013,2026-04-08T03:52:00,agent_8,52,footwear,1144.47,attr_1,footwear,1516.3,attr_1,user_368,2719.0,home,1382,1,0.09,1,0,1,0.027,1,0
txn_001893,764.76,fashion,prepaid,50003,2026-01-15T05:33:00,agent_20,132,fashion,1011.57,attr_3,fashion,764.76,attr_3,user_22,4517.61,fashion,727,1,0.42,1,1,1,0.294,0,0
txn_001894,6933.87,electronics,prepaid,50009,2026-02-28T16:00:00,agent_28,165,electronics,5539.44,attr_1,electronics,6933.87,attr_1,user_101,981.82,electronics,278,1,0.77,1,0,1,0.539,0,0
txn_001895,450.55,groceries,COD,500010,2026-04-01T06:11:00,agent_8,24,groceries,652.52,attr_5,groceries,450.55,attr_5,user_168,1275.55,groceries,875,1,0.22,1,1,1,0.154,1,0
txn_001896,2781.65,electronics,prepaid,50009,2026-03-15T18:35:00,agent_5,18,electronics,1960.39,attr_5,electronics,2781.65,attr_5,user_45,1657.27,footwear,1129,1,0.58,1,0,1,0.174,0,0
txn_001897,9439.1,fashion,prepaid,50002,2026-04-22T00:06:00,agent_57,20,fashion,6932.85,attr_2,fashion,9439.1,attr_1,user_464,5473.65,fashion,1451,1,0.7,1,0,0,0.49,0,0
txn_001898,5063.27,fashion,COD,500018,2026-04-15T10:28:00,agent_57,44,fashion,6405.94,attr_1,fashion,5063.27,attr_1,user_84,3723.59,fashion,836,1,0.56,1,1,1,0.392,0,0
txn_001899,3894.91,electronics,prepaid,50006,2026-04-19T07:19:00,agent_21,289,electronics,5981.29,attr_3,electronics,3894.91,attr_3,user_19,1016.31,electronics,1298,1,0.93,1,1,1,0.651,0,0
txn_001900,9054.92,fashion,COD,500015,2026-05-03T03:55:00,agent_39,292,fashion,7875.53,attr_3,fashion,9054.92,attr_1,user_494,4779.04,fashion,1135,1,0.96,1,0,0,0.672,0,0
txn_001901,6068.95,groceries,prepaid,500011,2026-02-16T01:22:00,agent_3,33,groceries,4950.58,attr_1,groceries,6068.95,attr_1,user_253,2618.16,footwear,741,1,0.75,1,0,1,0.225,0,0
txn_001902,3515.33,groceries,COD,500017,2026-04-03T09:29:00,agent_16,48,groceries,5421.46,attr_3,groceries,3515.33,attr_3,user_287,4662.59,groceries,557,1,0.44,1,1,1,0.308,1,0
txn_001903,9080.01,home,COD,500019,2026-05-04T22:14:00,agent_46,58,home,5941.17,attr_4,home,9080.01,attr_4,user_438,2582.67,home,31,1,0.16,1,0,1,0.112,0,0
txn_001904,2964.65,electronics,COD,500020,2026-02-24T14:34:00,agent_50,20,fashion,2402.02,attr_3,electronics,2964.65,attr_3,user_453,2775.71,fashion,776,1,0.73,0,0,1,0.219,0,0
txn_001905,2203.53,footwear,prepaid,500017,2026-03-20T04:10:00,agent_11,29,footwear,2559.47,attr_5,footwear,2203.53,attr_5,user_161,5002.87,footwear,710,1,0.37,1,1,1,0.259,0,0
txn_001906,6577.93,groceries,COD,50006,2026-02-01T07:33:00,agent_51,19,electronics,4910.74,attr_4,groceries,6577.93,attr_2,user_266,2435.98,electronics,748,1,0.61,0,0,0,0.183,0,0
txn_001907,3813.56,electronics,COD,50004,2026-02-24T07:24:00,agent_59,43,electronics,5582.97,attr_4,electronics,3813.56,attr_4,user_186,1128.39,electronics,960,1,0.82,1,1,1,0.574,1,0
txn_001908,6013.56,groceries,prepaid,500016,2026-03-13T21:31:00,agent_18,111,groceries,4281.96,attr_4,groceries,6013.56,attr_4,user_48,3273.38,groceries,100,1,0.41,1,0,1,0.287,0,1
txn_001909,1755.35,flights,prepaid,500010,2026-04-03T19:12:00,agent_7,48,flights,2097.17,attr_3,flights,1755.35,attr_3,user_446,3175.24,flights,235,1,0.2,1,1,1,0.14,0,0
txn_001910,7074.3,fashion,prepaid,500012,2026-01-23T23:50:00,agent_45,272,fashion,6686.34,attr_5,fashion,7074.3,attr_5,user_479,5463.28,fashion,1430,1,0.07,1,0,1,0.049,0,0
txn_001911,2278.27,flights,prepaid,50005,2026-01-23T13:19:00,agent_23,114,flights,2375.62,attr_4,flights,2278.27,attr_4,user_18,5985.48,footwear,53,1,0.87,1,1,1,0.261,0,0
txn_001912,5959.36,footwear,COD,50003,2026-04-24T13:48:00,agent_3,18,footwear,3900.89,attr_1,footwear,5959.36,attr_5,user_109,4811.33,footwear,1207,0,0.15,1,0,0,0.105,1,0
txn_001913,11175.57,electronics,COD,500016,2026-03-07T22:11:00,agent_28,33,electronics,7261.32,attr_4,electronics,11175.57,attr_4,user_490,1726.55,electronics,339,1,0.03,1,0,1,0.021,1,0
txn_001914,3323.28,electronics,COD,500014,2026-02-26T05:12:00,agent_34,127,electronics,3660.79,attr_2,electronics,3323.28,attr_2,user_197,3359.52,electronics,1040,1,0.74,1,1,1,0.518,1,0
txn_001915,4183.72,fashion,prepaid,50008,2026-02-07T12:42:00,agent_11,184,fashion,3394.19,attr_5,fashion,4183.72,attr_3,user_91,4374.16,fashion,1143,1,0.74,1,0,0,0.518,0,0
txn_001916,663.75,flights,COD,500020,2026-01-04T19:54:00,agent_42,428,flights,869.3,attr_3,flights,663.75,attr_3,user_233,847.51,electronics,168,0,0.66,1,1,1,0.198,1,0
txn_001917,344.46,home,COD,500012,2026-03-09T18:14:00,agent_16,129,home,532.93,attr_5,home,344.46,attr_5,user_459,3885.92,home,366,0,0.19,1,1,1,0.133,1,0
txn_001918,9581.33,fashion,COD,500010,2026-03-01T11:30:00,agent_7,1,fashion,7553.99,attr_3,fashion,9581.33,attr_2,user_213,1665.37,fashion,33,1,0.17,1,0,0,0.119,1,0
txn_001919,2641.44,electronics,COD,50005,2026-01-08T11:35:00,agent_52,0,electronics,3489.69,attr_1,electronics,2641.44,attr_1,user_412,798.53,electronics,661,1,0.19,1,1,1,0.133,0,0
txn_001920,4373.02,groceries,COD,50006,2026-03-19T04:53:00,agent_37,187,groceries,4495.47,attr_1,groceries,4373.02,attr_1,user_409,543.78,groceries,396,1,0.39,1,1,1,0.273,0,0
txn_001921,4511.14,fashion,prepaid,500015,2026-04-19T22:51:00,agent_55,248,fashion,5674.51,attr_4,fashion,4511.14,attr_4,user_304,797.54,fashion,902,1,0.58,1,1,1,0.406,0,0
txn_001922,7190.71,fashion,COD,50009,2026-03-28T00:56:00,agent_39,220,fashion,6498.44,attr_5,fashion,7190.71,attr_4,user_54,5508.62,footwear,530,1,0.11,1,0,0,0.033,0,0
txn_001923,8334.97,home,prepaid,500018,2026-03-18T21:42:00,agent_25,141,home,7522.19,attr_2,home,8334.97,attr_3,user_467,2942.27,electronics,394,1,0.45,1,0,0,0.135,0,0
txn_001924,3002.11,flights,COD,500010,2026-02-24T19:03:00,agent_33,164,fashion,2405.84,attr_3,flights,3002.11,attr_3,user_143,2969.23,flights,266,1,0.35,0,0,1,0.245,0,1
txn_001925,7552.8,home,prepaid,500013,2026-03-04T10:20:00,agent_42,34,home,5159.95,attr_2,home,7552.8,attr_2,user_222,2535.06,home,544,1,0.45,1,0,1,0.315,0,0
txn_001926,2956.19,flights,prepaid,50006,2026-05-06T23:31:00,agent_13,57,flights,3332.24,attr_3,flights,2956.19,attr_3,user_369,3776.25,flights,1183,1,0.01,1,1,1,0.007,0,0
txn_001927,8734.48,fashion,COD,50006,2026-02-01T05:30:00,agent_29,453,fashion,7382.41,attr_2,fashion,8734.48,attr_2,user_43,5335.6,fashion,598,1,0.05,1,0,1,0.035,1,0
txn_001928,4735.91,electronics,prepaid,50004,2026-04-25T13:13:00,agent_42,227,electronics,5699.85,attr_2,electronics,4735.91,attr_2,user_167,1230.12,electronics,1349,1,0.81,1,1,1,0.567,0,0
txn_001929,5133.57,groceries,COD,500010,2026-04-27T17:12:00,agent_25,60,groceries,6433.52,attr_4,groceries,5133.57,attr_4,user_192,5879.73,groceries,1310,1,0.93,1,1,1,0.651,0,0
txn_001930,989.81,flights,COD,50009,2026-04-24T01:25:00,agent_46,132,flights,874.85,attr_4,flights,989.81,attr_1,user_120,4095.38,flights,1001,1,0.34,1,0,0,0.238,0,1
txn_001931,7955.91,flights,prepaid,50002,2026-03-03T12:52:00,agent_18,506,flights,5205.78,attr_2,flights,7955.91,attr_3,user_298,1934.58,flights,232,1,0.72,1,0,0,0.504,1,0
txn_001932,2489.52,home,prepaid,50002,2026-04-13T22:09:00,agent_14,173,electronics,2137.43,attr_2,home,2489.52,attr_5,user_357,1750.13,flights,967,1,0.66,0,0,0,0.198,0,0
txn_001933,3205.49,groceries,prepaid,50008,2026-03-05T23:04:00,agent_27,182,groceries,4242.51,attr_4,groceries,3205.49,attr_4,user_84,3290.12,groceries,263,1,0.15,1,1,1,0.105,0,0
txn_001934,775.41,groceries,COD,500018,2026-03-29T10:09:00,agent_48,187,groceries,1289.38,attr_1,groceries,775.41,attr_1,user_273,2051.22,groceries,263,1,0.11,1,1,1,0.077,0,0
txn_001935,3803.79,electronics,prepaid,500019,2026-01-06T03:37:00,agent_36,282,electronics,5324.69,attr_2,electronics,3803.79,attr_2,user_213,4637.68,electronics,1401,1,0.87,1,1,1,0.609,0,0
txn_001936,5202.11,flights,COD,500013,2026-03-04T07:07:00,agent_10,92,flights,6115.19,attr_2,flights,5202.11,attr_2,user_342,3456.96,home,160,1,0.09,1,1,1,0.027,1,0
txn_001937,5046.47,groceries,prepaid,500013,2026-03-22T19:07:00,agent_49,167,groceries,7899.58,attr_3,groceries,5046.47,attr_3,user_408,5492.2,fashion,1290,1,0.53,1,1,1,0.159,0,0
txn_001938,10090.04,footwear,prepaid,50008,2026-05-16T11:15:00,agent_45,115,footwear,6532.12,attr_3,footwear,10090.04,attr_1,user_204,5680.3,footwear,1267,1,0.16,1,0,0,0.112,0,1
txn_001939,2592.95,flights,prepaid,500019,2026-04-21T18:29:00,agent_41,135,flights,3073.51,attr_2,flights,2592.95,attr_2,user_29,5672.59,flights,1287,0,0.33,1,1,1,0.231,1,0
txn_001940,3433.58,electronics,COD,500018,2026-03-20T15:45:00,agent_22,183,electronics,4336.66,attr_4,electronics,3433.58,attr_4,user_146,3726.67,electronics,1214,1,0.58,1,1,1,0.406,0,0
txn_001941,3288.2,groceries,COD,50007,2026-04-13T14:09:00,agent_32,73,groceries,3995.62,attr_1,groceries,3288.2,attr_1,user_449,3760.7,groceries,557,0,0.51,1,1,1,0.357,1,0
txn_001942,5089.44,electronics,prepaid,500012,2026-01-28T10:54:00,agent_39,34,electronics,3660.19,attr_5,electronics,5089.44,attr_1,user_88,4418.96,electronics,399,0,0.36,1,0,0,0.252,0,1
txn_001943,5460.72,electronics,COD,500014,2026-03-10T20:32:00,agent_54,155,electronics,6621.46,attr_3,electronics,5460.72,attr_3,user_472,1400.12,footwear,774,1,0.71,1,1,1,0.213,1,0
txn_001944,10371.82,fashion,COD,50009,2026-01-01T17:27:00,agent_56,52,fashion,7826.42,attr_3,fashion,10371.82,attr_3,user_479,871.15,fashion,242,0,0.55,1,0,1,0.385,0,0
txn_001945,1802.06,fashion,COD,50004,2026-04-30T03:47:00,agent_34,88,fashion,1555.87,attr_5,fashion,1802.06,attr_5,user_221,2212.86,fashion,1478,1,0.41,1,0,1,0.287,0,0
txn_001946,3523.35,flights,COD,50003,2026-02-26T04:01:00,agent_45,140,flights,2748.22,attr_5,flights,3523.35,attr_1,user_136,822.45,electronics,533,1,0.07,1,0,0,0.021,0,0
txn_001947,1776.72,home,COD,50007,2026-04-30T14:52:00,agent_43,360,home,1795.84,attr_2,home,1776.72,attr_2,user_155,732.06,home,434,1,0.69,1,1,1,0.483,0,0
txn_001948,4672.67,fashion,COD,500010,2026-03-08T10:37:00,agent_8,29,fashion,3062.34,attr_1,fashion,4672.67,attr_1,user_408,3780.05,fashion,1439,1,0.75,1,0,1,0.525,0,0
txn_001949,7143.98,electronics,prepaid,500014,2026-02-17T10:52:00,agent_3,128,electronics,6743.9,attr_4,electronics,7143.98,attr_2,user_295,881.16,flights,93,1,0.83,1,0,0,0.249,0,1
txn_001950,7167.46,electronics,prepaid,50007,2026-01-17T08:11:00,agent_32,164,electronics,5900.32,attr_5,electronics,7167.46,attr_5,user_105,2316.91,electronics,799,1,0.64,1,0,1,0.448,0,0
txn_001951,6958.33,footwear,COD,50008,2026-03-22T07:35:00,agent_17,27,footwear,5903.97,attr_4,footwear,6958.33,attr_4,user_74,5603.83,footwear,252,0,0.51,1,0,1,0.357,1,0
txn_001952,2980.65,electronics,COD,50001,2026-01-01T03:24:00,agent_25,64,electronics,4335.86,attr_1,electronics,2980.65,attr_1,user_303,3027.59,electronics,375,1,0.48,1,1,1,0.336,1,0
txn_001953,502.4,fashion,prepaid,50007,2026-05-08T09:38:00,agent_25,292,fashion,835.28,attr_3,fashion,502.4,attr_3,user_480,5823.9,fashion,799,1,0.26,1,1,1,0.182,0,0
txn_001954,3128.26,footwear,COD,50004,2026-04-07T15:52:00,agent_41,200,footwear,3586.97,attr_4,footwear,3128.26,attr_4,user_268,2889.5,fashion,302,0,0.26,1,1,1,0.078,0,0
txn_001955,2081.76,flights,prepaid,50001,2026-02-16T22:52:00,agent_2,50,flights,2182.05,attr_3,flights,2081.76,attr_3,user_375,3967.14,flights,1246,1,0.42,1,1,1,0.294,0,0
txn_001956,3891.34,groceries,prepaid,500019,2026-04-21T07:16:00,agent_47,264,home,3344.15,attr_2,groceries,3891.34,attr_1,user_492,2877.25,home,42,1,0.51,0,0,0,0.153,0,0
txn_001957,7941.88,groceries,prepaid,500013,2026-04-09T00:26:00,agent_1,54,groceries,5531.41,attr_4,groceries,7941.88,attr_4,user_125,1377.45,groceries,220,1,0.38,1,0,1,0.266,1,0
txn_001958,1675.38,flights,prepaid,50006,2026-04-26T09:31:00,agent_30,71,flights,2434.84,attr_2,flights,1675.38,attr_2,user_342,3171.2,flights,1419,1,0.51,1,1,1,0.357,0,0
txn_001959,4371.78,flights,COD,50004,2026-05-12T21:59:00,agent_24,53,flights,6937.39,attr_4,flights,4371.78,attr_4,user_272,3503.91,flights,742,1,0.53,1,1,1,0.371,1,0
txn_001960,5618.17,flights,prepaid,50008,2026-03-04T06:18:00,agent_42,141,flights,5116.65,attr_4,flights,5618.17,attr_3,user_175,3376.71,flights,474,1,0.44,1,0,0,0.308,0,1
txn_001961,2121.49,fashion,prepaid,500019,2026-03-12T06:58:00,agent_1,16,fashion,2170.82,attr_5,fashion,2121.49,attr_5,user_113,3893.42,fashion,222,1,0.34,1,1,1,0.238,1,0
txn_001962,2707.82,groceries,COD,50007,2026-04-17T14:53:00,agent_9,61,groceries,2393.42,attr_2,groceries,2707.82,attr_2,user_305,4450.64,groceries,958,1,0.34,1,0,1,0.238,0,0
txn_001963,1701.47,fashion,prepaid,500014,2026-02-01T15:01:00,agent_58,200,fashion,2144.28,attr_5,fashion,1701.47,attr_5,user_209,4661.51,fashion,775,1,0.91,1,1,1,0.637,0,0
txn_001964,6900.51,footwear,COD,50009,2026-03-13T05:59:00,agent_30,19,footwear,4419.66,attr_3,footwear,6900.51,attr_3,user_368,2295.18,footwear,1196,1,0.56,1,0,1,0.392,0,1
txn_001965,3403.32,groceries,prepaid,500014,2026-01-20T12:56:00,agent_32,50,groceries,2859.97,attr_5,groceries,3403.32,attr_2,user_367,3011.3,home,921,1,0.96,1,0,0,0.288,0,0
txn_001966,6124.0,groceries,prepaid,500015,2026-03-31T01:55:00,agent_57,69,groceries,4700.69,attr_1,groceries,6124.0,attr_1,user_117,4341.79,electronics,1297,1,0.73,1,0,1,0.219,0,0
txn_001967,1992.23,home,COD,500019,2026-04-05T20:27:00,agent_51,14,home,1999.87,attr_1,home,1992.23,attr_1,user_436,5930.18,home,328,1,0.29,1,1,1,0.203,0,0
txn_001968,5157.64,fashion,prepaid,50005,2026-02-01T20:23:00,agent_40,102,fashion,6003.65,attr_3,fashion,5157.64,attr_3,user_385,4531.18,footwear,1033,1,0.16,1,1,1,0.048,0,0
txn_001969,3791.9,flights,COD,500015,2026-05-12T03:15:00,agent_13,309,flights,2829.44,attr_5,flights,3791.9,attr_5,user_349,1193.52,flights,985,1,0.88,1,0,1,0.616,0,0
txn_001970,3949.51,electronics,COD,500011,2026-02-08T14:25:00,agent_12,165,electronics,2911.21,attr_3,electronics,3949.51,attr_3,user_84,5612.16,electronics,285,0,0.69,1,0,1,0.483,1,0
txn_001971,10044.51,groceries,COD,500017,2026-01-09T04:26:00,agent_24,244,groceries,7759.36,attr_5,groceries,10044.51,attr_5,user_276,4851.97,home,1417,1,0.45,1,0,1,0.135,1,0
txn_001972,2539.69,groceries,COD,50008,2026-01-10T18:10:00,agent_29,60,groceries,2575.83,attr_5,groceries,2539.69,attr_5,user_348,1855.21,groceries,1282,1,0.82,1,1,1,0.574,0,0
txn_001973,1394.36,footwear,COD,500010,2026-04-06T06:08:00,agent_1,249,footwear,1815.15,attr_1,footwear,1394.36,attr_1,user_175,3463.39,home,80,1,0.23,1,1,1,0.069,0,0
txn_001974,1452.69,electronics,COD,500010,2026-01-05T18:52:00,agent_10,13,electronics,2065.8,attr_3,electronics,1452.69,attr_3,user_272,3809.63,electronics,1241,0,0.12,1,1,1,0.084,1,0
txn_001975,2353.65,home,COD,500018,2026-02-08T00:36:00,agent_18,158,groceries,1601.68,attr_3,home,2353.65,attr_4,user_461,4852.99,groceries,204,1,0.67,0,0,0,0.201,0,1
txn_001976,1055.39,footwear,prepaid,50006,2026-05-09T13:30:00,agent_46,17,footwear,1500.76,attr_1,footwear,1055.39,attr_1,user_214,3440.22,footwear,874,1,0.57,1,1,1,0.399,1,0
txn_001977,4056.45,footwear,COD,50009,2026-03-09T01:23:00,agent_45,234,footwear,4264.7,attr_2,footwear,4056.45,attr_2,user_480,5761.19,footwear,273,1,0.82,1,1,1,0.574,0,0
txn_001978,905.83,flights,COD,500016,2026-01-10T05:58:00,agent_17,96,flights,1177.81,attr_3,flights,905.83,attr_3,user_291,987.08,flights,1002,1,0.56,1,1,1,0.392,0,0
txn_001979,2109.07,electronics,COD,500016,2026-01-18T06:21:00,agent_13,142,electronics,2496.62,attr_5,electronics,2109.07,attr_5,user_485,5309.61,flights,868,1,0.11,1,1,1,0.033,1,0
txn_001980,2839.55,fashion,prepaid,50004,2026-02-11T12:03:00,agent_33,100,fashion,3470.91,attr_3,fashion,2839.55,attr_3,user_470,3942.28,fashion,529,1,0.7,1,1,1,0.49,0,0
txn_001981,1892.22,electronics,prepaid,500016,2026-01-31T03:36:00,agent_49,3,electronics,1970.47,attr_4,electronics,1892.22,attr_4,user_131,5803.37,electronics,589,1,0.35,1,1,1,0.245,0,0
txn_001982,1355.97,home,prepaid,500018,2026-03-29T11:58:00,agent_49,206,home,1415.49,attr_3,home,1355.97,attr_3,user_241,605.75,home,1016,1,0.48,1,1,1,0.336,0,0
txn_001983,3252.85,electronics,COD,50005,2026-04-26T17:23:00,agent_33,27,electronics,4078.39,attr_1,electronics,3252.85,attr_1,user_281,5804.14,footwear,130,1,0.45,1,1,1,0.135,0,0
txn_001984,700.83,fashion,prepaid,500017,2026-01-12T10:55:00,agent_36,48,fashion,650.1,attr_2,fashion,700.83,attr_2,user_61,4697.26,fashion,175,1,0.13,1,0,1,0.091,0,0
txn_001985,629.82,footwear,COD,50006,2026-02-06T05:11:00,agent_53,31,footwear,532.14,attr_1,footwear,629.82,attr_2,user_306,4308.03,home,23,1,0.77,1,0,0,0.231,0,1
txn_001986,10115.97,flights,prepaid,500012,2026-04-08T08:33:00,agent_29,17,flights,6498.26,attr_2,flights,10115.97,attr_4,user_258,4161.35,flights,421,1,0.07,1,0,0,0.049,0,0
txn_001987,7693.07,footwear,prepaid,500010,2026-01-08T02:25:00,agent_37,326,footwear,6722.12,attr_5,footwear,7693.07,attr_3,user_241,4754.3,footwear,582,1,0.05,1,0,0,0.035,1,0
txn_001988,3472.03,flights,COD,50005,2026-01-30T12:40:00,agent_16,20,flights,4454.72,attr_3,flights,3472.03,attr_3,user_257,3556.72,flights,46,1,0.11,1,1,1,0.077,0,0
txn_001989,1135.44,home,prepaid,500018,2026-03-24T10:39:00,agent_33,100,home,1444.08,attr_4,home,1135.44,attr_4,user_74,3472.76,home,999,1,0.13,1,1,1,0.091,0,0
txn_001990,1760.7,flights,prepaid,50004,2026-04-24T09:01:00,agent_40,5,flights,1901.23,attr_1,flights,1760.7,attr_1,user_279,1692.92,flights,839,1,0.43,1,1,1,0.301,0,0
txn_001991,7121.39,footwear,COD,500020,2026-04-28T15:08:00,agent_47,24,footwear,7617.49,attr_3,footwear,7121.39,attr_3,user_90,520.41,footwear,239,1,0.84,1,1,1,0.588,0,0
txn_001992,2081.72,electronics,COD,500018,2026-02-19T08:59:00,agent_2,222,electronics,1970.03,attr_2,electronics,2081.72,attr_4,user_378,5920.82,groceries,835,0,0.36,1,0,0,0.108,1,0
txn_001993,4041.28,electronics,COD,500013,2026-03-03T06:59:00,agent_45,0,electronics,6310.34,attr_2,electronics,4041.28,attr_2,user_354,3013.04,electronics,132,1,0.35,1,1,1,0.245,0,0
txn_001994,3184.65,flights,COD,50007,2026-05-14T07:25:00,agent_15,81,flights,4646.55,attr_1,flights,3184.65,attr_1,user_173,2523.59,home,823,1,0.03,1,1,1,0.009,0,0
txn_001995,4508.44,home,prepaid,50005,2026-05-17T21:25:00,agent_18,280,home,5475.65,attr_1,home,4508.44,attr_1,user_453,2812.5,groceries,112,1,0.6,1,1,1,0.18,0,0
txn_001996,3101.08,footwear,COD,50006,2026-04-15T17:27:00,agent_1,157,footwear,4986.43,attr_1,footwear,3101.08,attr_1,user_93,1280.24,footwear,276,1,0.97,1,1,1,0.679,0,0
txn_001997,8145.18,home,prepaid,50008,2026-01-03T02:26:00,agent_9,15,home,5992.8,attr_1,home,8145.18,attr_1,user_101,5467.23,fashion,319,1,0.13,1,0,1,0.039,0,0
txn_001998,5504.62,flights,COD,50002,2026-01-11T10:35:00,agent_28,68,flights,5981.31,attr_4,flights,5504.62,attr_4,user_48,3413.53,flights,1204,1,0.37,1,1,1,0.259,0,0
txn_001999,4733.28,fashion,prepaid,500011,2026-01-30T16:04:00,agent_54,179,fashion,7704.74,attr_1,fashion,4733.28,attr_1,user_245,4799.41,fashion,389,1,0.12,1,1,1,0.084,0,0
txn_002000,1818.75,groceries,prepaid,500014,2026-04-25T10:51:00,agent_15,540,groceries,2004.9,attr_1,groceries,1818.75,attr_1,user_5,5196.34,groceries,1180,1,0.46,1,1,1,0.322,1,0
txn_002001,6233.42,home,prepaid,50008,2026-05-15T17:36:00,agent_58,26,home,6259.84,attr_4,home,6233.42,attr_4,user_267,3686.35,flights,959,1,0.25,1,1,1,0.075,1,0
txn_002002,5623.32,electronics,prepaid,500020,2026-01-20T14:11:00,agent_52,452,electronics,4752.16,attr_3,electronics,5623.32,attr_3,user_257,5725.5,home,1303,1,0.03,1,0,1,0.009,0,0
txn_002003,10087.39,electronics,COD,500014,2026-05-08T20:02:00,agent_10,204,electronics,7197.7,attr_2,electronics,10087.39,attr_1,user_53,4437.96,electronics,1474,1,0.05,1,0,0,0.035,0,0
txn_002004,3796.16,flights,COD,500020,2026-04-01T09:27:00,agent_59,37,flights,2481.69,attr_1,flights,3796.16,attr_1,user_332,5396.97,flights,282,1,0.62,1,0,1,0.434,0,1
txn_002005,4875.2,home,prepaid,50004,2026-01-23T10:43:00,agent_40,54,home,3363.27,attr_1,home,4875.2,attr_5,user_104,5738.28,home,1029,1,0.04,1,0,0,0.028,0,0
txn_002006,555.24,flights,COD,500012,2026-05-15T13:10:00,agent_25,0,flights,682.21,attr_5,flights,555.24,attr_5,user_115,3379.88,flights,1147,0,0.84,1,1,1,0.588,1,0
txn_002007,6905.12,flights,prepaid,50007,2026-02-06T00:37:00,agent_7,21,flights,7975.44,attr_2,flights,6905.12,attr_2,user_155,910.91,flights,1413,1,0.31,1,1,1,0.217,1,0
txn_002008,8311.5,flights,COD,50005,2026-02-07T01:58:00,agent_53,48,groceries,5985.66,attr_3,flights,8311.5,attr_3,user_99,2860.57,groceries,636,1,0.95,0,0,1,0.285,0,0
txn_002009,5275.68,footwear,COD,500015,2026-03-10T21:29:00,agent_25,371,flights,4854.02,attr_1,footwear,5275.68,attr_4,user_25,1933.43,electronics,1325,1,0.15,0,0,0,0.045,0,0
txn_002010,5208.05,groceries,COD,500016,2026-04-11T00:16:00,agent_35,13,groceries,6684.8,attr_4,groceries,5208.05,attr_4,user_230,3330.52,groceries,867,1,0.22,1,1,1,0.154,0,0
txn_002011,4098.83,fashion,COD,50001,2026-04-10T23:24:00,agent_2,62,fashion,2979.9,attr_1,fashion,4098.83,attr_1,user_95,3347.67,fashion,466,1,0.12,1,0,1,0.084,1,0
txn_002012,5629.5,home,COD,500013,2026-02-11T11:53:00,agent_34,293,home,6068.82,attr_2,home,5629.5,attr_2,user_190,580.64,fashion,234,1,0.78,1,1,1,0.234,0,0
txn_002013,3163.03,flights,prepaid,500011,2026-03-09T08:10:00,agent_42,576,flights,4666.81,attr_4,flights,3163.03,attr_4,user_117,1329.13,flights,1370,1,0.14,1,1,1,0.098,0,0
txn_002014,3366.19,home,COD,500011,2026-01-05T08:55:00,agent_50,174,home,2688.3,attr_5,home,3366.19,attr_1,user_253,1786.41,home,863,1,0.37,1,0,0,0.259,0,0
txn_002015,5655.78,groceries,prepaid,500010,2026-04-28T04:54:00,agent_56,54,groceries,7395.42,attr_4,groceries,5655.78,attr_4,user_418,5121.06,groceries,1355,1,0.92,1,1,1,0.644,0,0
txn_002016,4572.82,groceries,prepaid,50009,2026-02-05T04:28:00,agent_15,75,groceries,3631.63,attr_4,groceries,4572.82,attr_4,user_38,5053.62,groceries,652,1,0.86,1,0,1,0.602,0,0
txn_002017,1415.11,fashion,COD,500011,2026-01-06T08:01:00,agent_4,27,fashion,1485.01,attr_5,fashion,1415.11,attr_5,user_388,4306.79,fashion,887,1,0.78,1,1,1,0.546,0,0
txn_002018,2882.88,fashion,prepaid,500018,2026-04-17T02:40:00,agent_7,87,fashion,3170.33,attr_4,fashion,2882.88,attr_4,user_268,4889.59,flights,181,1,0.37,1,1,1,0.111,1,0
txn_002019,4491.38,groceries,COD,500014,2026-01-16T17:39:00,agent_21,243,groceries,3778.02,attr_3,groceries,4491.38,attr_3,user_357,4000.85,groceries,462,0,0.72,1,0,1,0.504,1,0
txn_002020,3361.94,groceries,COD,50004,2026-05-14T04:58:00,agent_26,18,groceries,2372.28,attr_3,groceries,3361.94,attr_2,user_352,1851.12,groceries,430,1,0.47,1,0,0,0.329,0,0
txn_002021,1958.24,groceries,COD,50009,2026-05-01T21:27:00,agent_44,61,groceries,2485.38,attr_4,groceries,1958.24,attr_4,user_163,3021.2,groceries,1095,1,0.74,1,1,1,0.518,1,0
txn_002022,2249.19,flights,COD,50003,2026-03-04T19:35:00,agent_40,41,flights,3694.5,attr_1,flights,2249.19,attr_1,user_65,3865.26,flights,452,1,0.77,1,1,1,0.539,0,0
txn_002023,2669.21,fashion,prepaid,50006,2026-04-22T14:28:00,agent_47,737,fashion,4126.67,attr_2,fashion,2669.21,attr_2,user_381,655.5,fashion,1090,1,0.49,1,1,1,0.343,0,0
txn_002024,3093.81,flights,prepaid,500016,2026-01-28T06:26:00,agent_5,169,fashion,2889.3,attr_4,flights,3093.81,attr_4,user_430,2754.29,fashion,218,1,0.47,0,0,1,0.141,0,0
txn_002025,2782.37,electronics,prepaid,500012,2026-05-18T22:32:00,agent_35,21,electronics,2316.74,attr_2,electronics,2782.37,attr_4,user_470,4309.73,electronics,637,1,0.56,1,0,0,0.392,0,0
txn_002026,5482.45,fashion,prepaid,500011,2026-03-13T06:39:00,agent_28,15,fashion,6231.72,attr_3,fashion,5482.45,attr_3,user_118,4239.44,fashion,1301,1,0.72,1,1,1,0.504,0,0
txn_002027,7031.35,footwear,prepaid,500014,2026-02-28T16:14:00,agent_45,15,footwear,7351.06,attr_3,footwear,7031.35,attr_3,user_24,5934.78,footwear,697,1,0.76,1,1,1,0.532,1,0
txn_002028,4356.28,fashion,prepaid,50003,2026-02-26T10:59:00,agent_23,224,fashion,6716.31,attr_1,fashion,4356.28,attr_1,user_497,5490.94,fashion,638,1,0.82,1,1,1,0.574,0,0
txn_002029,5647.86,flights,COD,50004,2026-03-13T16:20:00,agent_10,111,flights,6980.96,attr_5,flights,5647.86,attr_5,user_243,939.74,flights,952,1,0.8,1,1,1,0.56,1,0
txn_002030,782.38,electronics,prepaid,500017,2026-01-26T23:07:00,agent_49,11,electronics,501.14,attr_3,electronics,782.38,attr_2,user_46,1233.97,electronics,398,1,0.78,1,0,0,0.546,0,1
txn_002031,2984.2,fashion,COD,500015,2026-05-02T11:11:00,agent_49,96,fashion,3875.92,attr_5,fashion,2984.2,attr_5,user_68,601.0,fashion,1487,1,0.35,1,1,1,0.245,0,1
txn_002032,3049.12,fashion,COD,50005,2026-02-24T18:44:00,agent_18,615,fashion,3605.61,attr_3,fashion,3049.12,attr_3,user_370,2709.2,fashion,1258,0,0.68,1,1,1,0.476,0,0
txn_002033,9538.01,flights,COD,500015,2026-02-24T19:07:00,agent_3,362,flights,6176.87,attr_5,flights,9538.01,attr_5,user_295,5611.21,groceries,661,1,0.82,1,0,1,0.246,0,0
txn_002034,9562.07,flights,prepaid,50006,2026-01-01T05:34:00,agent_21,20,flights,6599.87,attr_1,flights,9562.07,attr_1,user_464,594.02,footwear,987,1,0.54,1,0,1,0.162,0,0
txn_002035,5405.47,home,prepaid,500011,2026-04-25T12:36:00,agent_59,86,home,4760.47,attr_1,home,5405.47,attr_5,user_175,5096.49,home,1023,1,0.72,1,0,0,0.504,0,0
txn_002036,1530.97,home,COD,500011,2026-01-06T03:49:00,agent_50,220,home,1561.95,attr_3,home,1530.97,attr_3,user_219,5077.98,home,407,1,0.11,1,1,1,0.077,0,0
txn_002037,4619.92,home,COD,500018,2026-01-01T20:04:00,agent_40,24,home,3153.8,attr_5,home,4619.92,attr_5,user_79,4376.61,home,334,1,0.19,1,0,1,0.133,0,0
txn_002038,1896.21,home,prepaid,50004,2026-05-19T20:35:00,agent_17,25,home,1664.8,attr_5,home,1896.21,attr_5,user_168,3545.02,home,960,1,0.72,1,0,1,0.504,0,0
txn_002039,5375.09,flights,COD,50002,2026-03-12T07:16:00,agent_13,56,flights,7083.32,attr_3,flights,5375.09,attr_3,user_71,5206.15,flights,290,1,0.49,1,1,1,0.343,0,0
txn_002040,1489.43,flights,COD,50001,2026-02-15T07:45:00,agent_32,82,flights,2358.13,attr_5,flights,1489.43,attr_5,user_235,1222.51,flights,615,1,0.22,1,1,1,0.154,1,0
txn_002041,3454.83,home,COD,50004,2026-02-01T21:52:00,agent_25,218,home,3589.91,attr_4,home,3454.83,attr_4,user_383,2193.71,home,284,1,0.54,1,1,1,0.378,0,1
txn_002042,3489.15,home,COD,500012,2026-01-12T10:18:00,agent_42,274,home,4575.18,attr_2,home,3489.15,attr_2,user_475,526.77,home,159,1,0.15,1,1,1,0.105,1,0
txn_002043,1342.26,fashion,COD,50004,2026-02-25T06:55:00,agent_17,183,fashion,1903.29,attr_3,fashion,1342.26,attr_3,user_377,899.23,electronics,913,1,0.89,1,1,1,0.267,0,0
txn_002044,909.99,home,COD,50003,2026-03-25T00:12:00,agent_59,146,home,1033.8,attr_5,home,909.99,attr_5,user_100,3226.87,home,915,1,0.41,1,1,1,0.287,1,0
txn_002045,901.75,flights,prepaid,500011,2026-05-08T13:05:00,agent_14,371,flights,1447.45,attr_5,flights,901.75,attr_5,user_491,4989.47,flights,562,0,0.86,1,1,1,0.602,1,0
txn_002046,878.98,groceries,COD,50006,2026-05-09T11:48:00,agent_36,170,groceries,1071.36,attr_2,groceries,878.98,attr_2,user_379,5827.79,groceries,1116,1,0.29,1,1,1,0.203,0,0
txn_002047,1624.35,footwear,prepaid,50006,2026-01-19T09:15:00,agent_13,43,footwear,1070.38,attr_5,footwear,1624.35,attr_3,user_207,2129.37,footwear,1406,1,0.06,1,0,0,0.042,1,0
txn_002048,3383.21,flights,COD,500012,2026-01-03T15:04:00,agent_16,227,flights,3514.65,attr_1,flights,3383.21,attr_1,user_326,5978.81,groceries,21,1,0.71,1,1,1,0.213,0,0
txn_002049,2655.65,groceries,COD,500015,2026-01-03T08:27:00,agent_36,160,groceries,3683.53,attr_3,groceries,2655.65,attr_3,user_192,1620.9,home,303,1,0.69,1,1,1,0.207,0,0
txn_002050,6045.27,electronics,COD,500016,2026-04-25T19:19:00,agent_48,35,electronics,6111.62,attr_4,electronics,6045.27,attr_4,user_164,5990.77,electronics,908,1,0.62,1,1,1,0.434,0,0
txn_002051,4503.28,groceries,COD,500017,2026-04-23T05:10:00,agent_19,239,groceries,6981.28,attr_2,groceries,4503.28,attr_2,user_419,2619.27,flights,115,1,0.49,1,1,1,0.147,0,0
txn_002052,3437.58,flights,prepaid,500011,2026-04-09T05:36:00,agent_29,39,flights,5580.2,attr_4,flights,3437.58,attr_4,user_392,1834.27,home,1371,1,0.98,1,1,1,0.294,1,0
txn_002053,3822.69,footwear,COD,50005,2026-01-06T19:15:00,agent_27,176,footwear,3841.97,attr_4,footwear,3822.69,attr_4,user_139,1703.93,footwear,118,1,0.63,1,1,1,0.441,0,0
txn_002054,2814.26,fashion,COD,500010,2026-02-14T16:39:00,agent_45,7,fashion,2930.17,attr_2,fashion,2814.26,attr_2,user_362,3694.64,groceries,592,1,0.54,1,1,1,0.162,1,0
txn_002055,4637.99,footwear,prepaid,500010,2026-02-27T09:36:00,agent_18,53,fashion,3313.95,attr_1,footwear,4637.99,attr_1,user_315,4651.83,fashion,189,1,0.58,0,0,1,0.174,0,0
txn_002056,1980.69,footwear,prepaid,50004,2026-03-16T10:08:00,agent_32,187,footwear,1288.24,attr_2,footwear,1980.69,attr_2,user_142,599.81,footwear,961,1,0.76,1,0,1,0.532,0,0
txn_002057,5647.09,fashion,COD,500012,2026-01-17T16:39:00,agent_11,38,home,4577.24,attr_4,fashion,5647.09,attr_3,user_487,3854.84,home,755,1,0.38,0,0,0,0.114,0,0
txn_002058,2126.12,footwear,prepaid,50003,2026-01-28T17:44:00,agent_8,67,footwear,2533.64,attr_2,footwear,2126.12,attr_2,user_222,3700.25,electronics,970,0,0.54,1,1,1,0.162,0,0
txn_002059,6682.88,flights,COD,50006,2026-01-10T03:20:00,agent_53,29,flights,6280.09,attr_4,flights,6682.88,attr_5,user_113,723.88,flights,227,1,0.51,1,0,0,0.357,1,0
txn_002060,5442.07,electronics,prepaid,500014,2026-02-25T00:11:00,agent_25,133,electronics,4578.8,attr_1,electronics,5442.07,attr_1,user_395,5185.85,groceries,919,1,0.62,1,0,1,0.186,0,0
txn_002061,4135.32,home,prepaid,500018,2026-04-12T07:10:00,agent_15,66,home,2905.81,attr_2,home,4135.32,attr_2,user_352,1402.45,home,244,1,0.2,1,0,1,0.14,0,1
txn_002062,3726.62,footwear,COD,500010,2026-02-14T17:44:00,agent_43,67,footwear,4140.03,attr_2,footwear,3726.62,attr_2,user_494,4743.43,footwear,1021,1,0.74,1,1,1,0.518,1,0
txn_002063,3048.89,electronics,COD,500010,2026-03-24T05:05:00,agent_53,126,electronics,4772.05,attr_3,electronics,3048.89,attr_3,user_462,3689.31,electronics,416,1,0.22,1,1,1,0.154,0,0
txn_002064,918.34,fashion,COD,500018,2026-05-05T09:29:00,agent_22,264,footwear,778.98,attr_1,fashion,918.34,attr_1,user_271,2560.95,footwear,731,1,0.94,0,0,1,0.282,0,0
txn_002065,4280.03,electronics,COD,500011,2026-01-01T12:24:00,agent_36,290,electronics,5483.68,attr_3,electronics,4280.03,attr_3,user_413,4845.31,electronics,1300,1,0.8,1,1,1,0.56,0,0
txn_002066,1486.0,fashion,prepaid,500019,2026-01-12T04:38:00,agent_28,41,fashion,1779.86,attr_3,fashion,1486.0,attr_3,user_211,619.67,fashion,1114,1,0.7,1,1,1,0.49,0,0
txn_002067,1965.38,home,COD,50006,2026-04-07T11:10:00,agent_28,87,home,2474.38,attr_1,home,1965.38,attr_1,user_333,1251.24,home,308,1,0.52,1,1,1,0.364,1,0
txn_002068,5174.13,footwear,COD,50008,2026-05-03T12:55:00,agent_2,141,footwear,7239.5,attr_2,footwear,5174.13,attr_2,user_283,1626.48,footwear,710,1,0.94,1,1,1,0.658,0,0
txn_002069,2393.2,footwear,COD,500019,2026-04-12T03:47:00,agent_40,20,footwear,3099.03,attr_2,footwear,2393.2,attr_2,user_446,5682.91,footwear,1120,1,0.17,1,1,1,0.119,1,0
txn_002070,4015.96,fashion,COD,50004,2026-01-01T00:28:00,agent_32,139,fashion,5247.01,attr_1,fashion,4015.96,attr_1,user_187,5414.62,fashion,135,1,0.12,1,1,1,0.084,0,0
txn_002071,4036.66,groceries,COD,50004,2026-01-06T00:42:00,agent_48,59,groceries,4560.39,attr_3,groceries,4036.66,attr_3,user_297,975.36,groceries,1277,1,0.52,1,1,1,0.364,0,0
txn_002072,2322.86,footwear,COD,500014,2026-04-03T19:08:00,agent_17,31,footwear,1625.62,attr_3,footwear,2322.86,attr_3,user_296,4308.03,footwear,1252,1,0.62,1,0,1,0.434,0,0
txn_002073,1147.72,flights,COD,500018,2026-04-13T06:19:00,agent_30,234,flights,994.77,attr_1,flights,1147.72,attr_1,user_339,5577.78,flights,1258,1,0.86,1,0,1,0.602,0,0
txn_002074,9137.19,fashion,COD,500015,2026-01-02T04:09:00,agent_26,36,fashion,6282.22,attr_4,fashion,9137.19,attr_1,user_299,4165.53,fashion,658,1,0.78,1,0,0,0.546,0,0
txn_002075,1315.37,groceries,COD,500014,2026-03-12T04:44:00,agent_13,92,groceries,1373.45,attr_2,groceries,1315.37,attr_2,user_186,5094.61,groceries,282,1,0.86,1,1,1,0.602,0,0
txn_002076,2824.29,electronics,COD,500019,2026-02-24T21:06:00,agent_21,98,electronics,2351.79,attr_4,electronics,2824.29,attr_2,user_14,2365.7,home,1392,1,0.75,1,0,0,0.225,0,0
txn_002077,5343.54,footwear,COD,50001,2026-03-27T01:47:00,agent_30,102,footwear,3453.57,attr_1,footwear,5343.54,attr_2,user_124,4593.29,footwear,846,1,0.61,1,0,0,0.427,0,0
txn_002078,5090.58,groceries,COD,500019,2026-02-01T03:52:00,agent_34,354,groceries,3195.31,attr_1,groceries,5090.58,attr_4,user_159,4928.03,fashion,250,1,0.21,1,0,0,0.063,0,1
txn_002079,2826.01,fashion,prepaid,500011,2026-03-21T05:35:00,agent_19,3,fashion,3172.04,attr_4,fashion,2826.01,attr_4,user_482,742.99,groceries,650,1,0.0,1,1,1,0.0,1,0
txn_002080,3815.08,home,COD,50001,2026-01-31T11:19:00,agent_29,115,home,4987.83,attr_1,home,3815.08,attr_1,user_144,5879.02,home,1318,1,0.23,1,1,1,0.161,1,0
txn_002081,2346.18,fashion,COD,500012,2026-05-05T15:13:00,agent_42,69,fashion,2988.1,attr_1,fashion,2346.18,attr_1,user_324,5880.68,fashion,1458,1,0.9,1,1,1,0.63,0,0
txn_002082,6170.16,home,prepaid,50009,2026-01-23T08:20:00,agent_37,300,home,5670.55,attr_3,home,6170.16,attr_3,user_3,4252.96,home,102,0,0.34,1,0,1,0.238,1,0
txn_002083,1283.19,flights,prepaid,50004,2026-01-17T03:30:00,agent_18,181,home,1003.61,attr_3,flights,1283.19,attr_3,user_177,3804.35,home,510,1,0.14,0,0,1,0.042,0,0
txn_002084,1183.64,fashion,COD,50007,2026-03-16T10:25:00,agent_13,227,fashion,1325.96,attr_1,fashion,1183.64,attr_1,user_138,679.41,groceries,911,1,0.19,1,1,1,0.057,0,0
txn_002085,2493.43,groceries,COD,50002,2026-02-23T04:15:00,agent_3,119,groceries,3156.05,attr_3,groceries,2493.43,attr_3,user_479,1162.19,groceries,788,1,0.57,1,1,1,0.399,0,0
txn_002086,6581.91,groceries,COD,500018,2026-01-05T00:03:00,agent_28,96,flights,6160.75,attr_1,groceries,6581.91,attr_1,user_334,5590.02,flights,1062,1,0.93,0,0,1,0.279,1,0
txn_002087,4321.77,footwear,COD,500015,2026-01-09T11:40:00,agent_10,228,footwear,4895.34,attr_5,footwear,4321.77,attr_5,user_453,2920.35,footwear,1329,1,0.7,1,1,1,0.49,0,0
txn_002088,1588.68,home,prepaid,500020,2026-03-12T01:15:00,agent_54,202,home,1804.78,attr_4,home,1588.68,attr_4,user_37,3173.96,home,581,1,0.76,1,1,1,0.532,1,0
txn_002089,5147.78,fashion,prepaid,500015,2026-01-07T15:54:00,agent_20,124,fashion,7796.32,attr_3,fashion,5147.78,attr_3,user_255,2825.89,electronics,792,1,0.98,1,1,1,0.294,0,0
txn_002090,5384.99,footwear,prepaid,500019,2026-01-05T18:30:00,agent_23,34,footwear,6053.49,attr_5,footwear,5384.99,attr_5,user_433,5457.07,footwear,827,1,0.25,1,1,1,0.175,0,0
txn_002091,3173.03,electronics,prepaid,500015,2026-02-19T16:49:00,agent_33,179,electronics,3491.39,attr_3,electronics,3173.03,attr_3,user_434,893.56,electronics,1356,1,0.7,1,1,1,0.49,0,1
txn_002092,4358.04,groceries,prepaid,500018,2026-05-09T18:50:00,agent_14,85,groceries,6484.34,attr_5,groceries,4358.04,attr_5,user_283,1732.54,groceries,861,1,0.6,1,1,1,0.42,0,0
txn_002093,2537.57,home,prepaid,500014,2026-02-11T19:03:00,agent_48,80,home,2279.95,attr_1,home,2537.57,attr_1,user_89,4037.55,home,997,1,0.31,1,0,1,0.217,0,1
txn_002094,5470.47,electronics,COD,500020,2026-01-10T20:27:00,agent_17,112,electronics,3513.9,attr_1,electronics,5470.47,attr_1,user_415,5197.42,electronics,934,1,0.26,1,0,1,0.182,1,0
txn_002095,3721.95,groceries,COD,500014,2026-01-04T00:08:00,agent_33,275,groceries,4670.46,attr_1,groceries,3721.95,attr_1,user_307,1648.79,groceries,860,1,0.9,1,1,1,0.63,0,0
txn_002096,4101.23,home,COD,50004,2026-05-11T18:36:00,agent_7,266,home,6413.14,attr_5,home,4101.23,attr_5,user_5,5429.93,home,1206,1,0.52,1,1,1,0.364,0,0
txn_002097,3659.77,footwear,COD,50002,2026-02-01T14:02:00,agent_32,51,footwear,4931.5,attr_1,footwear,3659.77,attr_1,user_158,3937.91,footwear,770,1,0.65,1,1,1,0.455,0,0
txn_002098,2577.65,flights,prepaid,50003,2026-02-04T17:22:00,agent_27,29,flights,1804.47,attr_1,flights,2577.65,attr_5,user_95,877.16,flights,1138,0,0.43,1,0,0,0.301,0,1
txn_002099,1670.45,home,COD,500013,2026-03-30T17:29:00,agent_45,65,home,1476.79,attr_1,home,1670.45,attr_1,user_457,5583.93,home,739,1,0.0,1,0,1,0.0,0,1
txn_002100,545.18,home,COD,50005,2026-03-28T23:53:00,agent_24,2,home,610.0,attr_1,home,545.18,attr_1,user_164,3189.73,home,491,1,0.68,1,1,1,0.476,0,0
txn_002101,6122.13,footwear,COD,50001,2026-05-04T11:35:00,agent_43,83,footwear,4425.57,attr_4,footwear,6122.13,attr_1,user_67,3571.27,home,738,1,0.23,1,0,0,0.069,0,0
txn_002102,5871.84,flights,COD,500015,2026-03-09T14:19:00,agent_42,53,flights,7722.37,attr_1,flights,5871.84,attr_1,user_498,5530.04,electronics,1319,1,0.58,1,1,1,0.174,0,0
txn_002103,552.19,home,prepaid,50008,2026-05-08T00:04:00,agent_2,182,home,688.05,attr_5,home,552.19,attr_5,user_258,3136.4,flights,16,1,0.86,1,1,1,0.258,0,0
txn_002104,3443.49,fashion,prepaid,50005,2026-05-14T14:01:00,agent_37,204,fashion,4410.58,attr_2,fashion,3443.49,attr_2,user_84,2918.17,fashion,1025,1,0.55,1,1,1,0.385,0,0
txn_002105,1393.79,electronics,prepaid,50003,2026-02-23T17:17:00,agent_30,12,electronics,1759.48,attr_1,electronics,1393.79,attr_1,user_164,4509.69,electronics,1202,1,0.39,1,1,1,0.273,1,0
txn_002106,2682.88,footwear,prepaid,50001,2026-02-09T05:54:00,agent_13,46,footwear,3299.62,attr_2,footwear,2682.88,attr_2,user_68,5402.65,footwear,1382,1,0.97,1,1,1,0.679,0,0
txn_002107,4561.94,fashion,prepaid,50006,2026-04-23T17:04:00,agent_30,44,fashion,4031.55,attr_1,fashion,4561.94,attr_3,user_398,4038.24,groceries,334,1,0.73,1,0,0,0.219,0,0
txn_002108,2019.5,home,COD,50002,2026-04-27T06:29:00,agent_19,55,home,3054.05,attr_4,home,2019.5,attr_4,user_189,2437.05,home,187,1,0.07,1,1,1,0.049,1,0
txn_002109,4962.33,flights,prepaid,50008,2026-05-02T07:02:00,agent_31,54,flights,6469.83,attr_5,flights,4962.33,attr_5,user_156,1377.48,flights,828,1,0.1,1,1,1,0.07,0,0
txn_002110,3209.02,fashion,prepaid,50009,2026-04-30T18:33:00,agent_39,165,fashion,3577.25,attr_4,fashion,3209.02,attr_4,user_430,5502.41,fashion,201,1,0.59,1,1,1,0.413,0,0
txn_002111,9500.7,electronics,prepaid,500019,2026-02-02T15:43:00,agent_28,4,groceries,7531.1,attr_1,electronics,9500.7,attr_5,user_444,1425.09,groceries,1419,1,0.0,0,0,0,0.0,0,1
txn_002112,3377.91,flights,COD,50004,2026-03-28T20:50:00,agent_12,76,flights,4682.11,attr_3,flights,3377.91,attr_3,user_379,1686.62,flights,1485,1,0.42,1,1,1,0.294,0,0
txn_002113,5918.92,flights,prepaid,50002,2026-03-18T23:44:00,agent_57,69,flights,6125.84,attr_5,flights,5918.92,attr_5,user_50,4859.13,home,1108,1,0.29,1,1,1,0.087,1,0
txn_002114,8461.17,footwear,COD,50006,2026-02-15T07:25:00,agent_53,55,footwear,5869.99,attr_2,footwear,8461.17,attr_2,user_75,934.31,footwear,876,1,0.1,1,0,1,0.07,0,0
txn_002115,10284.84,groceries,prepaid,500020,2026-02-02T13:34:00,agent_34,84,groceries,6929.43,attr_3,groceries,10284.84,attr_2,user_487,5050.96,groceries,729,0,0.81,1,0,0,0.567,1,0
txn_002116,1202.65,fashion,COD,50009,2026-01-30T23:54:00,agent_5,321,fashion,1254.74,attr_2,fashion,1202.65,attr_2,user_63,1589.75,fashion,1348,1,0.23,1,1,1,0.161,1,0
txn_002117,4490.58,fashion,prepaid,500019,2026-01-24T10:48:00,agent_57,9,fashion,7001.04,attr_3,fashion,4490.58,attr_3,user_31,3683.07,flights,1100,1,0.71,1,1,1,0.213,1,0
txn_002118,4961.77,home,prepaid,50008,2026-02-02T00:50:00,agent_3,502,home,5009.35,attr_4,home,4961.77,attr_4,user_223,5203.97,home,383,1,0.81,1,1,1,0.567,0,0
txn_002119,5850.83,electronics,COD,500014,2026-03-14T09:06:00,agent_49,18,electronics,4114.26,attr_4,electronics,5850.83,attr_4,user_156,1821.73,electronics,411,1,0.7,1,0,1,0.49,0,0
txn_002120,3996.07,footwear,COD,50007,2026-02-09T11:22:00,agent_32,58,footwear,5326.8,attr_3,footwear,3996.07,attr_3,user_257,5569.52,footwear,1115,1,0.67,1,1,1,0.469,0,0
txn_002121,1328.47,home,COD,50001,2026-01-25T17:51:00,agent_23,12,home,1399.01,attr_2,home,1328.47,attr_2,user_355,1073.99,home,1006,1,0.95,1,1,1,0.665,0,0
txn_002122,510.4,home,COD,50006,2026-03-01T23:39:00,agent_16,56,home,540.3,attr_5,home,510.4,attr_5,user_313,1317.22,home,280,1,0.79,1,1,1,0.553,1,0
txn_002123,682.66,flights,prepaid,500012,2026-01-15T21:54:00,agent_23,51,flights,1035.05,attr_5,flights,682.66,attr_5,user_366,3349.07,flights,485,1,0.43,1,1,1,0.301,0,0
txn_002124,4839.5,footwear,COD,500012,2026-05-14T14:43:00,agent_51,269,footwear,7556.42,attr_1,footwear,4839.5,attr_1,user_322,1233.17,footwear,1300,1,0.43,1,1,1,0.301,1,0
txn_002125,1958.34,home,prepaid,50006,2026-02-26T14:16:00,agent_7,52,home,1556.48,attr_1,home,1958.34,attr_4,user_293,4162.62,home,43,1,0.95,1,0,0,0.665,0,0
txn_002126,7669.89,footwear,COD,50007,2026-02-18T15:45:00,agent_29,145,footwear,7858.67,attr_2,footwear,7669.89,attr_2,user_398,4282.56,footwear,915,1,0.01,1,1,1,0.007,1,0
txn_002127,2993.4,home,prepaid,500017,2026-04-21T10:13:00,agent_56,157,home,4954.41,attr_5,home,2993.4,attr_5,user_69,3879.3,home,33,1,0.04,1,1,1,0.028,0,0
txn_002128,8207.26,fashion,COD,50008,2026-02-13T14:18:00,agent_38,13,fashion,6488.4,attr_4,fashion,8207.26,attr_2,user_4,5425.54,fashion,396,1,0.55,1,0,0,0.385,1,0
txn_002129,1700.93,electronics,COD,50002,2026-03-24T19:27:00,agent_59,193,electronics,2612.66,attr_4,electronics,1700.93,attr_4,user_351,4850.15,electronics,955,1,0.17,1,1,1,0.119,0,0
txn_002130,1860.1,fashion,COD,50006,2026-01-19T23:23:00,agent_8,162,fashion,1484.76,attr_1,fashion,1860.1,attr_1,user_134,1734.39,fashion,1443,1,0.11,1,0,1,0.077,1,0
txn_002131,2286.82,fashion,prepaid,50007,2026-03-07T14:11:00,agent_54,4,fashion,2788.8,attr_3,fashion,2286.82,attr_3,user_196,5902.68,fashion,663,1,0.01,1,1,1,0.007,1,0
txn_002132,1760.24,groceries,prepaid,500010,2026-05-14T11:44:00,agent_15,126,groceries,2601.83,attr_3,groceries,1760.24,attr_3,user_176,4488.7,groceries,1362,1,0.25,1,1,1,0.175,1,0
txn_002133,4402.3,fashion,prepaid,50001,2026-02-02T18:17:00,agent_26,22,fashion,6047.62,attr_3,fashion,4402.3,attr_3,user_243,5759.79,fashion,526,1,0.29,1,1,1,0.203,1,0
txn_002134,967.39,flights,COD,50008,2026-03-10T02:21:00,agent_47,563,flights,1204.16,attr_1,flights,967.39,attr_1,user_58,3879.99,flights,974,1,0.88,1,1,1,0.616,1,0
txn_002135,2394.44,flights,COD,500012,2026-03-03T12:02:00,agent_4,94,flights,3638.58,attr_5,flights,2394.44,attr_5,user_437,824.46,flights,1436,1,0.01,1,1,1,0.007,0,1
txn_002136,2201.71,electronics,COD,50003,2026-01-05T07:52:00,agent_36,26,electronics,2457.73,attr_1,electronics,2201.71,attr_1,user_490,4615.52,flights,424,1,0.44,1,1,1,0.132,0,0
txn_002137,4913.18,footwear,COD,500020,2026-03-14T00:11:00,agent_29,260,footwear,6241.57,attr_2,footwear,4913.18,attr_2,user_144,525.53,footwear,872,1,0.83,1,1,1,0.581,0,0
txn_002138,1297.14,home,prepaid,50001,2026-01-31T01:54:00,agent_10,10,home,1865.61,attr_5,home,1297.14,attr_5,user_92,4232.59,home,500,1,0.02,1,1,1,0.014,1,0
txn_002139,5869.02,fashion,COD,500011,2026-03-16T06:04:00,agent_30,241,fashion,7084.33,attr_4,fashion,5869.02,attr_4,user_305,4014.53,fashion,780,1,0.9,1,1,1,0.63,0,0
txn_002140,8111.66,groceries,prepaid,50006,2026-01-04T20:04:00,agent_8,77,groceries,7511.38,attr_3,groceries,8111.66,attr_3,user_262,5156.32,groceries,482,0,0.28,1,0,1,0.196,0,0
txn_002141,7851.14,electronics,prepaid,50007,2026-02-25T12:52:00,agent_49,42,electronics,7853.98,attr_4,electronics,7851.14,attr_4,user_34,4352.04,electronics,890,1,0.79,1,1,1,0.553,0,0
txn_002142,11128.42,footwear,prepaid,50005,2026-03-20T10:53:00,agent_45,167,footwear,7089.66,attr_4,footwear,11128.42,attr_4,user_363,2711.69,footwear,815,1,0.58,1,0,1,0.406,0,0
txn_002143,433.15,home,COD,50003,2026-03-30T19:33:00,agent_51,73,home,706.91,attr_4,home,433.15,attr_4,user_138,5342.4,fashion,1398,1,0.52,1,1,1,0.156,1,0
txn_002144,1809.94,fashion,prepaid,50007,2026-03-21T06:42:00,agent_41,23,fashion,2628.76,attr_2,fashion,1809.94,attr_2,user_74,668.11,fashion,137,1,0.63,1,1,1,0.441,0,0
txn_002145,900.24,footwear,COD,500019,2026-02-26T14:24:00,agent_33,51,footwear,1448.24,attr_1,footwear,900.24,attr_1,user_154,1150.37,footwear,937,1,0.06,1,1,1,0.042,0,0
txn_002146,2082.66,fashion,prepaid,50006,2026-01-29T14:18:00,agent_18,32,fashion,2102.8,attr_4,fashion,2082.66,attr_4,user_237,3649.18,fashion,570,1,0.25,1,1,1,0.175,1,0
txn_002147,1197.59,electronics,COD,50001,2026-03-04T10:40:00,agent_24,120,flights,841.47,attr_3,electronics,1197.59,attr_2,user_25,2829.98,flights,1217,1,0.39,0,0,0,0.117,0,1
txn_002148,6008.37,fashion,prepaid,50007,2026-04-01T18:58:00,agent_16,201,fashion,6152.84,attr_3,fashion,6008.37,attr_3,user_178,3630.48,fashion,1053,1,0.09,1,1,1,0.063,0,0
txn_002149,2971.73,fashion,COD,50007,2026-04-22T01:03:00,agent_27,132,fashion,4750.1,attr_1,fashion,2971.73,attr_1,user_296,2637.79,fashion,685,1,0.1,1,1,1,0.07,0,0
txn_002150,2384.39,groceries,COD,500013,2026-04-12T11:02:00,agent_26,24,groceries,3799.28,attr_1,groceries,2384.39,attr_1,user_204,4839.01,groceries,606,1,0.39,1,1,1,0.273,1,0
txn_002151,5009.54,flights,prepaid,50008,2026-02-08T17:55:00,agent_46,21,flights,6947.86,attr_4,flights,5009.54,attr_4,user_476,2643.05,flights,602,1,0.03,1,1,1,0.021,0,0
txn_002152,4143.55,groceries,prepaid,500011,2026-01-24T21:28:00,agent_43,16,groceries,4874.35,attr_3,groceries,4143.55,attr_3,user_284,4481.52,footwear,908,1,0.1,1,1,1,0.03,0,0
txn_002153,1036.74,electronics,COD,500010,2026-01-29T07:58:00,agent_36,15,electronics,1308.88,attr_3,electronics,1036.74,attr_3,user_98,2767.93,electronics,1448,1,0.18,1,1,1,0.126,0,0
txn_002154,4376.82,fashion,prepaid,500020,2026-05-04T11:49:00,agent_33,42,fashion,4729.55,attr_3,fashion,4376.82,attr_3,user_284,4699.12,fashion,192,1,0.57,1,1,1,0.399,0,0
txn_002155,7509.9,fashion,COD,500014,2026-02-09T01:36:00,agent_47,23,fashion,7965.14,attr_3,fashion,7509.9,attr_3,user_69,4065.93,fashion,63,1,0.49,1,1,1,0.343,0,0
txn_002156,5091.48,electronics,COD,50003,2026-04-19T12:07:00,agent_4,171,electronics,3599.15,attr_3,electronics,5091.48,attr_5,user_386,5720.34,electronics,1069,1,0.07,1,0,0,0.049,0,0
txn_002157,6618.78,footwear,prepaid,500018,2026-02-20T13:37:00,agent_45,215,footwear,4435.1,attr_3,footwear,6618.78,attr_5,user_336,1093.27,groceries,1370,0,0.25,1,0,0,0.075,0,1
txn_002158,4824.33,fashion,COD,50002,2026-01-12T07:16:00,agent_52,171,fashion,4964.79,attr_2,fashion,4824.33,attr_2,user_38,5935.12,fashion,732,0,0.35,1,1,1,0.245,1,0
txn_002159,5212.05,fashion,COD,50002,2026-03-11T10:37:00,agent_43,22,fashion,3537.69,attr_3,fashion,5212.05,attr_4,user_422,2140.24,fashion,199,1,0.32,1,0,0,0.224,0,0
txn_002160,4271.04,fashion,prepaid,500013,2026-01-21T10:20:00,agent_24,25,fashion,5886.54,attr_5,fashion,4271.04,attr_5,user_370,4333.87,fashion,658,1,0.4,1,1,1,0.28,0,0
txn_002161,5950.91,home,prepaid,500012,2026-04-27T19:05:00,agent_10,15,home,6628.94,attr_4,home,5950.91,attr_4,user_70,3880.21,home,1122,1,0.05,1,1,1,0.035,0,0
txn_002162,1590.47,footwear,prepaid,500016,2026-05-19T07:29:00,agent_10,46,footwear,2519.36,attr_3,footwear,1590.47,attr_3,user_40,3942.58,footwear,1192,1,0.58,1,1,1,0.406,0,0
txn_002163,5277.36,groceries,prepaid,50002,2026-03-25T06:06:00,agent_55,41,groceries,3538.07,attr_4,groceries,5277.36,attr_4,user_419,4833.35,groceries,384,1,0.49,1,0,1,0.343,0,0
txn_002164,6366.71,flights,prepaid,500015,2026-04-06T07:54:00,agent_12,27,flights,6923.51,attr_2,flights,6366.71,attr_2,user_108,4588.61,flights,874,0,0.42,1,1,1,0.294,1,0
txn_002165,4860.77,fashion,COD,500014,2026-01-11T19:39:00,agent_15,0,fashion,7056.95,attr_1,fashion,4860.77,attr_1,user_365,2224.81,flights,748,1,0.65,1,1,1,0.195,0,0
txn_002166,331.88,flights,prepaid,50009,2026-01-13T16:49:00,agent_8,137,flights,520.88,attr_2,flights,331.88,attr_2,user_290,2438.42,flights,1398,1,0.8,1,1,1,0.56,0,0
txn_002167,6173.27,electronics,prepaid,500015,2026-02-13T04:59:00,agent_12,9,electronics,7391.83,attr_5,electronics,6173.27,attr_5,user_259,4808.56,electronics,199,1,0.3,1,1,1,0.21,1,0
txn_002168,8505.4,flights,COD,500017,2026-03-14T17:22:00,agent_16,36,flights,7967.56,attr_4,flights,8505.4,attr_3,user_186,2928.64,fashion,1292,1,0.01,1,0,0,0.003,0,0
txn_002169,4162.06,footwear,COD,500015,2026-03-21T21:54:00,agent_44,196,footwear,2814.75,attr_2,footwear,4162.06,attr_2,user_200,1022.22,footwear,921,1,0.99,1,0,1,0.693,0,0
txn_002170,1609.14,groceries,COD,500020,2026-03-11T13:36:00,agent_57,5,groceries,2231.56,attr_4,groceries,1609.14,attr_4,user_164,2742.61,footwear,1463,1,0.93,1,1,1,0.279,1,0
txn_002171,4383.58,flights,prepaid,50003,2026-02-11T01:57:00,agent_5,37,flights,6048.05,attr_1,flights,4383.58,attr_1,user_344,3399.14,flights,359,1,0.59,1,1,1,0.413,0,0
txn_002172,5060.96,home,COD,500013,2026-03-22T06:45:00,agent_32,48,home,6521.62,attr_1,home,5060.96,attr_1,user_189,946.32,home,944,1,0.03,1,1,1,0.021,1,0
txn_002173,5553.53,groceries,COD,50002,2026-05-07T12:43:00,agent_36,61,electronics,4811.79,attr_1,groceries,5553.53,attr_1,user_198,1088.46,electronics,1095,1,0.06,0,0,1,0.018,0,0
txn_002174,2829.77,footwear,COD,500020,2026-04-20T10:29:00,agent_38,191,footwear,2540.8,attr_1,footwear,2829.77,attr_1,user_200,5280.58,home,909,1,0.46,1,0,1,0.138,1,0
txn_002175,4141.37,footwear,COD,500011,2026-02-26T18:36:00,agent_12,19,footwear,4339.24,attr_1,footwear,4141.37,attr_1,user_291,4293.97,footwear,1475,1,0.4,1,1,1,0.28,0,0
txn_002176,1203.43,flights,COD,500020,2026-01-15T20:29:00,agent_2,375,flights,1820.18,attr_2,flights,1203.43,attr_2,user_364,5309.94,flights,1481,1,0.98,1,1,1,0.686,1,0
txn_002177,5647.5,electronics,prepaid,50004,2026-05-06T03:39:00,agent_2,254,electronics,3587.86,attr_3,electronics,5647.5,attr_3,user_115,5423.58,flights,204,1,0.54,1,0,1,0.162,0,1
txn_002178,2354.91,flights,prepaid,50004,2026-03-18T02:12:00,agent_35,16,flights,3392.49,attr_4,flights,2354.91,attr_4,user_412,3631.73,flights,628,1,0.38,1,1,1,0.266,0,0
txn_002179,1028.25,footwear,prepaid,50005,2026-01-18T22:10:00,agent_13,267,footwear,1371.34,attr_3,footwear,1028.25,attr_3,user_279,616.92,footwear,286,1,0.95,1,1,1,0.665,0,0
txn_002180,5014.84,home,COD,50004,2026-05-08T22:12:00,agent_33,274,home,6488.87,attr_2,home,5014.84,attr_2,user_38,2300.73,home,603,1,0.46,1,1,1,0.322,0,0
txn_002181,11291.82,flights,prepaid,500015,2026-02-25T01:30:00,agent_16,271,flights,7090.09,attr_3,flights,11291.82,attr_4,user_20,579.91,flights,988,1,0.41,1,0,0,0.287,0,0
txn_002182,3467.13,groceries,prepaid,50007,2026-05-15T15:47:00,agent_6,143,groceries,4075.08,attr_5,groceries,3467.13,attr_5,user_174,5554.5,groceries,580,1,0.33,1,1,1,0.231,0,0
txn_002183,5275.91,fashion,COD,50004,2026-05-07T08:46:00,agent_10,329,fashion,5912.6,attr_5,fashion,5275.91,attr_5,user_146,3253.94,fashion,387,1,0.38,1,1,1,0.266,0,0
txn_002184,3775.51,footwear,COD,500017,2026-03-21T01:15:00,agent_48,13,footwear,3075.87,attr_4,footwear,3775.51,attr_4,user_20,3881.79,footwear,194,1,0.24,1,0,1,0.168,1,0
txn_002185,2877.74,flights,COD,500010,2026-01-24T05:12:00,agent_41,190,flights,3867.01,attr_1,flights,2877.74,attr_1,user_194,729.34,flights,968,1,0.96,1,1,1,0.672,0,0
txn_002186,4149.4,flights,COD,500020,2026-05-16T20:53:00,agent_56,133,flights,4993.86,attr_5,flights,4149.4,attr_5,user_98,3443.86,electronics,182,1,0.26,1,1,1,0.078,0,0
txn_002187,2267.14,flights,COD,500017,2026-01-06T13:55:00,agent_24,53,flights,2423.9,attr_2,flights,2267.14,attr_2,user_495,5445.38,flights,925,1,0.06,1,1,1,0.042,0,0
txn_002188,7400.44,home,COD,500019,2026-03-17T01:19:00,agent_20,155,home,7534.24,attr_1,home,7400.44,attr_1,user_133,1143.83,flights,1022,1,0.86,1,1,1,0.258,0,0
txn_002189,4553.0,flights,prepaid,500020,2026-01-21T08:45:00,agent_34,182,flights,5000.19,attr_1,flights,4553.0,attr_1,user_326,4078.8,flights,933,1,0.61,1,1,1,0.427,0,0
txn_002190,6984.32,groceries,prepaid,500016,2026-01-31T02:11:00,agent_56,14,groceries,7558.27,attr_5,groceries,6984.32,attr_5,user_51,2021.92,home,762,0,0.55,1,1,1,0.165,1,0
txn_002191,8512.94,electronics,prepaid,500019,2026-05-06T22:20:00,agent_47,78,electronics,7248.96,attr_4,electronics,8512.94,attr_4,user_238,5312.76,electronics,1373,1,0.73,1,0,1,0.511,0,0
txn_002192,803.33,footwear,COD,500014,2026-03-13T07:33:00,agent_57,249,footwear,761.71,attr_3,footwear,803.33,attr_1,user_305,5727.09,fashion,1243,1,0.45,1,0,0,0.135,0,0
txn_002193,5416.89,electronics,COD,50002,2026-02-02T17:40:00,agent_23,139,electronics,7255.01,attr_4,electronics,5416.89,attr_4,user_396,2551.15,electronics,57,1,0.22,1,1,1,0.154,0,0
txn_002194,4458.17,footwear,COD,50004,2026-05-03T12:34:00,agent_56,66,footwear,2933.82,attr_3,footwear,4458.17,attr_4,user_146,4921.88,home,212,1,0.6,1,0,0,0.18,1,0
txn_002195,938.81,home,COD,500018,2026-04-20T20:17:00,agent_58,136,home,1175.83,attr_4,home,938.81,attr_4,user_3,523.36,fashion,1379,1,0.62,1,1,1,0.186,0,0
txn_002196,5201.03,home,COD,50002,2026-01-26T20:05:00,agent_1,130,home,5440.41,attr_1,home,5201.03,attr_1,user_311,5421.84,home,144,1,0.51,1,1,1,0.357,0,0
txn_002197,603.33,footwear,prepaid,500010,2026-01-18T22:22:00,agent_21,7,footwear,697.1,attr_2,footwear,603.33,attr_2,user_120,3017.92,footwear,158,1,0.33,1,1,1,0.231,0,0
txn_002198,3227.6,electronics,COD,500017,2026-03-01T04:51:00,agent_43,174,electronics,4518.19,attr_1,electronics,3227.6,attr_1,user_475,1427.47,electronics,104,0,0.57,1,1,1,0.399,1,0
txn_002199,3006.58,fashion,COD,50002,2026-02-19T06:14:00,agent_34,149,fashion,4584.33,attr_5,fashion,3006.58,attr_5,user_407,5511.69,fashion,13,0,0.03,1,1,1,0.021,1,0
txn_002200,872.51,home,COD,500013,2026-02-26T06:29:00,agent_42,101,home,1211.05,attr_1,home,872.51,attr_1,user_155,1009.07,footwear,473,1,0.04,1,1,1,0.012,0,0
txn_002201,1181.6,fashion,prepaid,500020,2026-04-01T16:44:00,agent_32,304,fashion,766.02,attr_2,fashion,1181.6,attr_1,user_298,5207.07,fashion,152,1,0.75,1,0,0,0.525,0,0
txn_002202,5759.79,footwear,COD,500013,2026-03-13T08:55:00,agent_10,122,footwear,6070.81,attr_2,footwear,5759.79,attr_2,user_267,3830.3,footwear,557,1,0.92,1,1,1,0.644,0,0
txn_002203,1441.5,fashion,prepaid,500010,2026-05-15T22:34:00,agent_17,12,fashion,1709.85,attr_2,fashion,1441.5,attr_2,user_182,1287.2,fashion,184,1,0.45,1,1,1,0.315,1,0
txn_002204,3884.9,footwear,prepaid,50005,2026-01-28T00:12:00,agent_37,198,footwear,4340.97,attr_4,footwear,3884.9,attr_4,user_259,2025.99,flights,1188,1,0.91,1,1,1,0.273,0,0
txn_002205,5035.9,flights,COD,500011,2026-01-13T11:13:00,agent_54,40,flights,5182.57,attr_4,flights,5035.9,attr_4,user_359,1494.29,flights,258,1,0.2,1,1,1,0.14,1,0
txn_002206,548.84,home,COD,50007,2026-03-15T03:49:00,agent_31,12,home,550.22,attr_1,home,548.84,attr_1,user_412,1534.44,fashion,596,1,0.32,1,1,1,0.096,0,0
txn_002207,1692.65,home,COD,500017,2026-02-21T19:30:00,agent_27,60,home,1875.42,attr_4,home,1692.65,attr_4,user_382,5777.36,home,603,1,0.91,1,1,1,0.637,0,0
txn_002208,7432.28,electronics,prepaid,50007,2026-04-28T04:50:00,agent_55,4,electronics,4776.43,attr_3,electronics,7432.28,attr_3,user_226,5326.92,electronics,140,1,0.35,1,0,1,0.245,0,0
txn_002209,682.94,electronics,prepaid,50004,2026-02-25T08:27:00,agent_54,64,electronics,853.1,attr_2,electronics,682.94,attr_2,user_234,2343.82,electronics,775,0,0.17,1,1,1,0.119,0,0
txn_002210,3616.46,home,COD,500015,2026-05-19T10:07:00,agent_8,64,home,5333.4,attr_4,home,3616.46,attr_4,user_329,3068.8,home,678,0,0.75,1,1,1,0.525,1,0
txn_002211,4979.64,fashion,prepaid,50006,2026-04-11T04:21:00,agent_15,4,fashion,3279.37,attr_3,fashion,4979.64,attr_1,user_175,5428.04,electronics,751,1,0.86,1,0,0,0.258,1,0
txn_002212,4595.5,footwear,prepaid,500017,2026-02-26T08:56:00,agent_42,95,footwear,3701.96,attr_4,footwear,4595.5,attr_4,user_95,4988.98,electronics,634,0,0.45,1,0,1,0.135,0,1
txn_002213,871.86,home,prepaid,50009,2026-04-19T19:28:00,agent_43,114,home,1036.97,attr_1,home,871.86,attr_1,user_365,2423.49,home,1026,1,0.95,1,1,1,0.665,0,0
txn_002214,7722.31,electronics,prepaid,500014,2026-05-12T07:05:00,agent_17,11,electronics,6605.33,attr_4,electronics,7722.31,attr_5,user_261,4743.1,flights,818,0,0.11,1,0,0,0.033,1,0
txn_002215,4004.11,fashion,prepaid,500017,2026-02-12T08:39:00,agent_20,82,fashion,6581.61,attr_3,fashion,4004.11,attr_3,user_184,1626.12,fashion,115,1,0.02,1,1,1,0.014,0,0
txn_002216,5124.96,fashion,prepaid,500018,2026-03-22T21:45:00,agent_17,248,fashion,6124.51,attr_5,fashion,5124.96,attr_5,user_354,910.72,fashion,1387,1,0.21,1,1,1,0.147,0,0
txn_002217,3685.45,home,COD,500018,2026-04-22T10:25:00,agent_13,15,home,3257.67,attr_2,home,3685.45,attr_2,user_86,1488.43,home,391,1,0.25,1,0,1,0.175,0,0
txn_002218,5340.22,groceries,COD,500010,2026-01-08T23:14:00,agent_53,121,groceries,6698.0,attr_2,groceries,5340.22,attr_2,user_105,3354.53,groceries,1102,1,0.47,1,1,1,0.329,0,0
txn_002219,3905.62,flights,COD,50006,2026-02-23T00:34:00,agent_33,69,flights,5163.35,attr_3,flights,3905.62,attr_3,user_35,3167.36,flights,567,1,0.38,1,1,1,0.266,0,0
txn_002220,2963.27,footwear,prepaid,500020,2026-03-28T04:37:00,agent_55,255,footwear,1873.55,attr_2,footwear,2963.27,attr_2,user_310,3641.4,footwear,1072,1,0.93,1,0,1,0.651,0,1
txn_002221,5076.04,groceries,COD,50007,2026-02-04T08:52:00,agent_14,19,groceries,5120.1,attr_2,groceries,5076.04,attr_2,user_292,2030.5,groceries,381,1,0.1,1,1,1,0.07,0,0
txn_002222,2616.15,fashion,COD,500010,2026-03-16T20:19:00,agent_35,372,fashion,2953.75,attr_5,fashion,2616.15,attr_5,user_419,3324.59,groceries,1200,1,0.72,1,1,1,0.216,1,0
txn_002223,8409.25,home,COD,50004,2026-02-05T03:19:00,agent_7,42,home,5265.27,attr_2,home,8409.25,attr_2,user_6,2026.01,home,321,1,0.42,1,0,1,0.294,1,0
txn_002224,2856.97,flights,prepaid,500013,2026-05-06T15:44:00,agent_18,29,flights,3489.89,attr_3,flights,2856.97,attr_3,user_268,2621.61,flights,387,1,0.29,1,1,1,0.203,0,0
txn_002225,5823.57,flights,prepaid,500015,2026-01-25T02:01:00,agent_16,545,groceries,5473.55,attr_1,flights,5823.57,attr_2,user_308,2646.51,footwear,682,1,0.87,0,0,0,0.261,0,0
txn_002226,2950.51,fashion,prepaid,500015,2026-04-10T00:52:00,agent_53,42,fashion,3262.47,attr_5,fashion,2950.51,attr_5,user_444,1563.67,flights,162,1,0.86,1,1,1,0.258,0,0
txn_002227,4765.12,home,COD,500013,2026-05-03T19:20:00,agent_33,73,home,6811.55,attr_3,home,4765.12,attr_3,user_17,1511.3,home,198,1,0.92,1,1,1,0.644,0,0
txn_002228,4675.78,fashion,COD,50006,2026-02-06T11:16:00,agent_58,302,fashion,3190.55,attr_5,fashion,4675.78,attr_5,user_265,677.31,fashion,289,1,0.9,1,0,1,0.63,0,1
txn_002229,3502.03,home,COD,500019,2026-02-06T12:08:00,agent_44,113,home,4826.88,attr_2,home,3502.03,attr_2,user_165,5534.64,home,1262,1,0.2,1,1,1,0.14,0,0
txn_002230,5350.44,home,COD,50007,2026-01-10T08:52:00,agent_3,110,home,7865.47,attr_5,home,5350.44,attr_5,user_464,987.44,home,387,1,0.1,1,1,1,0.07,0,0
txn_002231,1812.39,flights,COD,50005,2026-04-15T08:01:00,agent_59,112,home,1426.23,attr_2,flights,1812.39,attr_2,user_264,3335.62,home,997,1,0.3,0,0,1,0.09,1,0
txn_002232,5891.79,footwear,prepaid,50004,2026-05-01T09:59:00,agent_34,203,footwear,7105.07,attr_2,footwear,5891.79,attr_2,user_181,2553.04,footwear,572,1,0.23,1,1,1,0.161,0,0
txn_002233,11364.07,groceries,prepaid,50008,2026-04-15T14:46:00,agent_24,63,groceries,7133.65,attr_3,groceries,11364.07,attr_3,user_3,4924.37,footwear,199,1,0.79,1,0,1,0.237,1,0
txn_002234,1285.29,electronics,COD,50002,2026-03-21T15:37:00,agent_25,173,electronics,1314.63,attr_3,electronics,1285.29,attr_3,user_464,4752.02,electronics,485,0,0.83,1,1,1,0.581,1,0
txn_002235,1381.26,electronics,COD,500012,2026-01-07T22:18:00,agent_9,302,electronics,1541.08,attr_3,electronics,1381.26,attr_3,user_212,4521.19,electronics,85,1,0.4,1,1,1,0.28,0,0
txn_002236,7170.21,electronics,COD,500018,2026-01-12T01:54:00,agent_55,18,electronics,7940.65,attr_5,electronics,7170.21,attr_5,user_421,2762.25,electronics,343,1,0.21,1,1,1,0.147,0,0
txn_002237,4311.76,groceries,COD,500019,2026-02-12T07:03:00,agent_50,57,groceries,5405.5,attr_2,groceries,4311.76,attr_2,user_484,5499.42,groceries,229,1,0.86,1,1,1,0.602,1,0
txn_002238,2065.71,home,prepaid,500011,2026-04-28T21:38:00,agent_19,20,home,2694.65,attr_1,home,2065.71,attr_1,user_138,3703.27,home,1016,1,0.75,1,1,1,0.525,1,0
txn_002239,7756.59,footwear,prepaid,50003,2026-03-23T02:20:00,agent_23,129,footwear,5039.64,attr_2,footwear,7756.59,attr_2,user_346,4418.52,footwear,768,1,0.23,1,0,1,0.161,0,0
txn_002240,2449.51,home,COD,50001,2026-05-17T12:18:00,agent_5,27,home,3233.37,attr_1,home,2449.51,attr_1,user_287,2498.62,fashion,1458,0,0.83,1,1,1,0.249,0,0
txn_002241,894.85,footwear,prepaid,50009,2026-04-26T17:44:00,agent_36,201,footwear,1436.46,attr_3,footwear,894.85,attr_3,user_74,3757.69,footwear,1412,1,0.87,1,1,1,0.609,0,0
txn_002242,2295.74,flights,COD,500014,2026-03-11T10:18:00,agent_24,265,flights,2041.37,attr_3,flights,2295.74,attr_3,user_98,3939.05,groceries,57,1,0.14,1,0,1,0.042,0,1
txn_002243,6326.66,groceries,prepaid,500012,2026-05-08T22:47:00,agent_27,11,groceries,7490.41,attr_1,groceries,6326.66,attr_1,user_478,4016.5,groceries,1388,1,0.26,1,1,1,0.182,0,0
txn_002244,7391.6,home,prepaid,50004,2026-05-19T03:28:00,agent_16,1,home,7676.69,attr_4,home,7391.6,attr_4,user_226,1961.84,home,280,1,0.12,1,1,1,0.084,0,0
txn_002245,1384.03,footwear,COD,500020,2026-04-26T22:07:00,agent_37,143,footwear,2120.03,attr_2,footwear,1384.03,attr_2,user_263,3947.9,footwear,999,1,0.4,1,1,1,0.28,0,0
txn_002246,5149.44,groceries,COD,500014,2026-03-12T11:53:00,agent_20,170,groceries,3773.81,attr_3,groceries,5149.44,attr_3,user_307,3285.93,flights,91,0,0.93,1,0,1,0.279,1,0
txn_002247,2489.03,groceries,prepaid,50004,2026-05-06T02:58:00,agent_37,9,groceries,1652.42,attr_1,groceries,2489.03,attr_1,user_491,5612.39,footwear,59,1,0.07,1,0,1,0.021,0,1
txn_002248,7326.49,home,prepaid,50005,2026-03-10T06:34:00,agent_29,237,home,7747.1,attr_2,home,7326.49,attr_2,user_269,1808.53,home,963,1,0.08,1,1,1,0.056,0,0
txn_002249,9686.12,flights,COD,500014,2026-01-06T09:03:00,agent_41,316,flights,7982.86,attr_1,flights,9686.12,attr_3,user_360,767.59,flights,749,1,0.46,1,0,0,0.322,0,0
txn_002250,6419.16,flights,COD,500018,2026-04-15T20:38:00,agent_11,232,flights,4616.79,attr_5,flights,6419.16,attr_3,user_78,4371.99,flights,1450,1,0.16,1,0,0,0.112,0,1
txn_002251,5370.33,electronics,COD,500014,2026-05-13T08:42:00,agent_30,76,electronics,5907.08,attr_3,electronics,5370.33,attr_3,user_6,5987.75,electronics,607,1,0.62,1,1,1,0.434,0,0
txn_002252,1548.06,fashion,COD,500014,2026-04-03T11:07:00,agent_27,7,fashion,1195.22,attr_2,fashion,1548.06,attr_4,user_86,1312.75,flights,473,1,0.66,1,0,0,0.198,1,0
txn_002253,5338.67,home,prepaid,500013,2026-01-09T08:27:00,agent_23,7,home,4101.96,attr_2,home,5338.67,attr_2,user_122,2568.84,home,146,1,0.29,1,0,1,0.203,0,0
txn_002254,2298.57,footwear,prepaid,500012,2026-03-18T10:52:00,agent_5,127,footwear,2341.09,attr_4,footwear,2298.57,attr_4,user_32,3118.58,flights,1097,1,0.96,1,1,1,0.288,0,0
txn_002255,2452.82,footwear,COD,500015,2026-04-16T23:31:00,agent_57,34,footwear,2676.82,attr_2,footwear,2452.82,attr_2,user_131,5852.14,footwear,804,1,0.42,1,1,1,0.294,0,0
txn_002256,7558.71,home,prepaid,500014,2026-01-21T18:39:00,agent_37,33,home,7730.53,attr_5,home,7558.71,attr_5,user_48,3477.58,home,131,1,0.84,1,1,1,0.588,0,0
txn_002257,4198.27,groceries,prepaid,50001,2026-03-23T13:33:00,agent_55,197,groceries,6798.75,attr_3,groceries,4198.27,attr_3,user_203,3514.37,home,511,1,0.75,1,1,1,0.225,0,0
txn_002258,5090.04,groceries,COD,500019,2026-01-28T20:53:00,agent_46,20,groceries,6278.72,attr_3,groceries,5090.04,attr_3,user_182,2954.28,groceries,650,1,0.02,1,1,1,0.014,0,0
txn_002259,6553.85,footwear,prepaid,50009,2026-05-06T08:54:00,agent_40,61,footwear,5273.78,attr_5,footwear,6553.85,attr_1,user_355,2006.24,fashion,685,1,0.22,1,0,0,0.066,0,0
txn_002260,986.12,home,COD,500011,2026-05-12T08:26:00,agent_29,338,home,1259.6,attr_2,home,986.12,attr_2,user_116,2136.68,home,1427,1,0.53,1,1,1,0.371,0,0
txn_002261,5454.07,electronics,prepaid,500017,2026-02-08T07:18:00,agent_34,45,electronics,3597.07,attr_5,electronics,5454.07,attr_5,user_325,1867.67,electronics,1395,0,0.01,1,0,1,0.007,0,0
txn_002262,5096.9,footwear,prepaid,50006,2026-02-21T20:44:00,agent_38,118,footwear,7190.87,attr_4,footwear,5096.9,attr_4,user_338,5429.04,footwear,1031,1,0.1,1,1,1,0.07,0,0
txn_002263,7829.21,fashion,COD,500012,2026-03-13T22:42:00,agent_5,23,fashion,7143.8,attr_5,fashion,7829.21,attr_5,user_263,4316.85,fashion,1117,1,0.41,1,0,1,0.287,1,0
txn_002264,2216.59,flights,prepaid,500013,2026-02-21T18:07:00,agent_43,185,flights,1663.38,attr_5,flights,2216.59,attr_1,user_306,3669.02,flights,621,1,0.11,1,0,0,0.077,0,0
txn_002265,1532.33,fashion,COD,500010,2026-04-28T07:15:00,agent_35,107,fashion,1327.62,attr_1,fashion,1532.33,attr_1,user_393,1055.82,footwear,1391,1,0.45,1,0,1,0.135,0,0
txn_002266,5791.16,footwear,prepaid,500017,2026-01-18T13:08:00,agent_24,113,groceries,5398.76,attr_3,footwear,5791.16,attr_5,user_264,4621.81,fashion,1475,1,0.93,0,0,0,0.279,0,0
txn_002267,2619.78,groceries,COD,500011,2026-03-21T07:49:00,agent_51,373,groceries,3599.33,attr_2,groceries,2619.78,attr_2,user_223,1264.8,groceries,425,0,0.88,1,1,1,0.616,1,0
txn_002268,7693.78,groceries,COD,50004,2026-04-27T06:20:00,agent_23,142,flights,5306.36,attr_2,groceries,7693.78,attr_2,user_20,1298.01,groceries,1102,1,0.93,0,0,1,0.651,1,0
txn_002269,3964.37,groceries,prepaid,50003,2026-01-26T14:39:00,agent_34,22,groceries,4559.34,attr_1,groceries,3964.37,attr_1,user_410,598.29,groceries,52,0,0.22,1,1,1,0.154,0,0
txn_002270,4237.29,flights,prepaid,500015,2026-04-18T15:24:00,agent_26,18,flights,6144.95,attr_4,flights,4237.29,attr_4,user_420,1118.38,flights,837,1,0.96,1,1,1,0.672,1,0
txn_002271,3934.24,groceries,COD,50002,2026-04-28T07:06:00,agent_35,105,footwear,3642.33,attr_4,groceries,3934.24,attr_4,user_70,2834.48,footwear,285,1,0.07,0,0,1,0.021,0,0
txn_002272,1304.07,fashion,prepaid,500013,2026-05-04T11:03:00,agent_24,41,fashion,1346.67,attr_4,fashion,1304.07,attr_4,user_477,2018.53,fashion,521,1,0.63,1,1,1,0.441,0,0
txn_002273,1521.53,electronics,COD,500018,2026-03-22T04:25:00,agent_2,80,electronics,1620.23,attr_1,electronics,1521.53,attr_1,user_352,2146.51,electronics,931,1,0.52,1,1,1,0.364,0,0
txn_002274,3709.45,home,COD,500016,2026-04-29T15:58:00,agent_54,329,home,3884.91,attr_4,home,3709.45,attr_4,user_425,3449.89,home,301,1,0.49,1,1,1,0.343,0,0
txn_002275,3941.83,home,COD,500011,2026-01-02T08:34:00,agent_58,59,home,4886.46,attr_2,home,3941.83,attr_2,user_232,3066.62,home,136,1,0.29,1,1,1,0.203,0,0
txn_002276,2598.82,fashion,prepaid,50004,2026-03-15T05:09:00,agent_33,163,fashion,3139.94,attr_5,fashion,2598.82,attr_5,user_143,3957.31,fashion,1114,1,0.39,1,1,1,0.273,0,0
txn_002277,4451.63,footwear,COD,500012,2026-04-03T22:18:00,agent_31,244,footwear,3827.81,attr_4,footwear,4451.63,attr_4,user_497,2789.62,flights,1303,1,0.48,1,0,1,0.144,1,0
txn_002278,2101.86,electronics,COD,500015,2026-05-12T01:23:00,agent_53,79,electronics,3048.11,attr_1,electronics,2101.86,attr_1,user_362,5462.82,groceries,1005,1,0.39,1,1,1,0.117,1,0
txn_002279,6126.62,flights,COD,50009,2026-02-05T18:46:00,agent_17,26,flights,6844.19,attr_1,flights,6126.62,attr_1,user_166,5427.74,flights,102,1,0.67,1,1,1,0.469,0,0
txn_002280,2354.4,flights,prepaid,500015,2026-05-16T15:01:00,agent_45,143,flights,1591.42,attr_5,flights,2354.4,attr_5,user_10,1710.83,flights,61,1,0.2,1,0,1,0.14,0,0
txn_002281,6030.61,electronics,COD,500020,2026-01-28T14:00:00,agent_1,15,electronics,4830.13,attr_4,electronics,6030.61,attr_4,user_105,1499.4,electronics,1156,1,0.15,1,0,1,0.105,0,0
txn_002282,4339.25,footwear,COD,500010,2026-04-30T09:26:00,agent_42,12,footwear,4712.29,attr_1,footwear,4339.25,attr_1,user_147,5345.45,footwear,283,1,0.98,1,1,1,0.686,0,0
txn_002283,6220.65,home,prepaid,500012,2026-04-28T01:11:00,agent_54,105,home,6267.98,attr_4,home,6220.65,attr_4,user_58,3875.09,home,886,1,0.25,1,1,1,0.175,0,0
txn_002284,3135.04,footwear,prepaid,500014,2026-01-07T00:11:00,agent_54,81,footwear,5022.93,attr_3,footwear,3135.04,attr_3,user_80,3969.48,footwear,1088,1,0.03,1,1,1,0.021,0,0
txn_002285,5802.33,fashion,COD,50003,2026-02-23T05:13:00,agent_26,116,fashion,4779.66,attr_2,fashion,5802.33,attr_5,user_140,5136.79,groceries,1027,1,0.7,1,0,0,0.21,0,1
txn_002286,4810.24,footwear,COD,50004,2026-05-07T08:40:00,agent_49,208,footwear,4984.62,attr_5,footwear,4810.24,attr_5,user_12,934.86,footwear,915,1,0.72,1,1,1,0.504,1,0
txn_002287,2469.45,home,prepaid,50007,2026-04-07T03:02:00,agent_56,50,home,2263.22,attr_2,home,2469.45,attr_2,user_208,4028.44,home,153,1,0.95,1,0,1,0.665,0,0
txn_002288,4300.85,flights,COD,500020,2026-05-06T20:05:00,agent_17,161,flights,5372.08,attr_1,flights,4300.85,attr_1,user_227,3223.28,home,507,1,0.62,1,1,1,0.186,1,0
txn_002289,1292.09,flights,prepaid,50004,2026-03-23T06:11:00,agent_47,11,footwear,838.38,attr_2,flights,1292.09,attr_2,user_486,3713.43,electronics,472,1,0.74,0,0,1,0.222,1,0
txn_002290,2584.54,electronics,COD,500016,2026-01-21T09:32:00,agent_43,128,electronics,2918.1,attr_2,electronics,2584.54,attr_2,user_160,2065.96,electronics,1038,1,0.69,1,1,1,0.483,0,0
txn_002291,11794.96,electronics,prepaid,500016,2026-05-10T20:50:00,agent_54,17,electronics,7715.28,attr_3,electronics,11794.96,attr_5,user_468,5445.62,electronics,756,1,0.36,1,0,0,0.252,0,1
txn_002292,4065.37,footwear,COD,500014,2026-02-25T11:06:00,agent_50,36,footwear,4964.53,attr_5,footwear,4065.37,attr_5,user_312,5818.41,footwear,507,1,0.37,1,1,1,0.259,0,0
txn_002293,3593.92,flights,prepaid,500017,2026-04-02T23:24:00,agent_57,241,flights,4393.51,attr_5,flights,3593.92,attr_5,user_64,1828.8,footwear,435,1,0.02,1,1,1,0.006,0,0
txn_002294,573.33,groceries,prepaid,500019,2026-02-02T10:50:00,agent_49,26,groceries,621.52,attr_2,groceries,573.33,attr_2,user_440,1934.83,groceries,165,1,0.17,1,1,1,0.119,0,0
txn_002295,2225.62,fashion,COD,50006,2026-01-19T10:51:00,agent_12,36,fashion,1656.6,attr_3,fashion,2225.62,attr_3,user_211,2364.85,fashion,184,1,0.86,1,0,1,0.602,0,0
txn_002296,6597.49,fashion,prepaid,500012,2026-04-01T02:18:00,agent_12,40,fashion,4452.42,attr_5,fashion,6597.49,attr_5,user_410,5829.86,fashion,1424,1,0.84,1,0,1,0.588,0,0
txn_002297,10440.63,fashion,prepaid,500015,2026-03-30T20:36:00,agent_12,44,fashion,7102.12,attr_1,fashion,10440.63,attr_1,user_449,4448.74,fashion,1259,1,0.53,1,0,1,0.371,0,0
txn_002298,5666.64,groceries,COD,500015,2026-01-20T10:10:00,agent_28,184,groceries,6023.13,attr_4,groceries,5666.64,attr_4,user_298,3752.43,flights,1312,1,0.51,1,1,1,0.153,1,0
txn_002299,2199.74,flights,COD,500010,2026-05-18T18:20:00,agent_4,75,flights,2881.67,attr_2,flights,2199.74,attr_2,user_143,823.4,flights,183,1,0.08,1,1,1,0.056,0,0
txn_002300,5601.63,groceries,prepaid,50002,2026-03-24T19:47:00,agent_25,58,groceries,6337.11,attr_2,groceries,5601.63,attr_2,user_57,3809.05,groceries,628,1,0.55,1,1,1,0.385,0,0
txn_002301,4564.09,flights,COD,500012,2026-05-02T12:16:00,agent_7,25,flights,6079.04,attr_2,flights,4564.09,attr_2,user_480,4815.63,electronics,1095,1,0.52,1,1,1,0.156,0,0
txn_002302,7547.34,electronics,COD,50007,2026-02-20T01:03:00,agent_22,61,electronics,6985.84,attr_1,electronics,7547.34,attr_3,user_339,4893.72,footwear,481,1,0.45,1,0,0,0.135,0,0
txn_002303,4052.46,footwear,COD,50006,2026-04-16T14:47:00,agent_48,10,footwear,5099.39,attr_3,footwear,4052.46,attr_3,user_80,1037.17,footwear,1144,1,0.32,1,1,1,0.224,1,0
txn_002304,4871.64,electronics,prepaid,500018,2026-05-14T19:08:00,agent_42,81,electronics,6186.6,attr_5,electronics,4871.64,attr_5,user_404,4135.17,electronics,591,1,0.66,1,1,1,0.462,0,0
txn_002305,4228.27,electronics,COD,500015,2026-02-24T05:30:00,agent_15,436,electronics,6425.39,attr_1,electronics,4228.27,attr_1,user_158,2916.54,flights,358,1,0.44,1,1,1,0.132,1,0
txn_002306,810.43,groceries,COD,500011,2026-05-03T07:54:00,agent_41,13,electronics,599.58,attr_3,groceries,810.43,attr_5,user_40,4046.34,footwear,867,0,0.77,0,0,0,0.231,1,0
txn_002307,2985.92,electronics,COD,500015,2026-03-10T00:05:00,agent_11,103,electronics,2527.21,attr_3,electronics,2985.92,attr_3,user_357,2839.84,groceries,13,1,0.44,1,0,1,0.132,0,0
txn_002308,5272.45,electronics,prepaid,500011,2026-03-21T22:58:00,agent_42,34,electronics,5952.38,attr_5,electronics,5272.45,attr_5,user_315,2231.54,electronics,651,1,0.35,1,1,1,0.245,0,0
txn_002309,983.76,flights,COD,500011,2026-05-19T13:53:00,agent_53,116,flights,1334.34,attr_1,flights,983.76,attr_1,user_434,2060.46,flights,418,1,0.27,1,1,1,0.189,0,0
txn_002310,5914.95,electronics,COD,500018,2026-02-24T18:31:00,agent_1,215,electronics,6780.2,attr_2,electronics,5914.95,attr_2,user_84,1660.49,electronics,1209,1,0.91,1,1,1,0.637,1,0
txn_002311,7776.06,fashion,prepaid,500015,2026-01-05T00:56:00,agent_22,2,fashion,5355.31,attr_1,fashion,7776.06,attr_3,user_256,929.9,fashion,1371,1,0.25,1,0,0,0.175,1,0
txn_002312,8833.21,electronics,prepaid,500015,2026-02-03T16:04:00,agent_23,78,electronics,6359.74,attr_3,electronics,8833.21,attr_5,user_326,3145.06,footwear,1287,1,0.35,1,0,0,0.105,0,0
txn_002313,7790.19,electronics,COD,50005,2026-04-01T09:33:00,agent_23,6,electronics,6878.45,attr_5,electronics,7790.19,attr_5,user_400,5671.87,electronics,1040,1,0.87,1,0,1,0.609,1,0
txn_002314,5198.33,groceries,prepaid,500014,2026-05-10T01:56:00,agent_18,143,groceries,5665.35,attr_5,groceries,5198.33,attr_5,user_467,717.83,groceries,653,0,0.09,1,1,1,0.063,1,0
txn_002315,4374.55,flights,prepaid,50002,2026-04-03T03:53:00,agent_38,32,flights,3807.58,attr_5,flights,4374.55,attr_5,user_11,903.52,home,1491,1,0.36,1,0,1,0.108,1,0
txn_002316,4217.69,fashion,prepaid,50007,2026-03-26T07:55:00,agent_2,13,fashion,2992.08,attr_1,fashion,4217.69,attr_1,user_41,1118.32,fashion,198,1,0.13,1,0,1,0.091,0,0
txn_002317,5791.0,groceries,COD,500015,2026-01-15T10:38:00,agent_27,73,groceries,7932.63,attr_1,groceries,5791.0,attr_1,user_354,5733.83,groceries,1469,1,0.68,1,1,1,0.476,0,0
txn_002318,4396.39,fashion,prepaid,500017,2026-04-22T19:53:00,agent_6,20,fashion,5594.35,attr_5,fashion,4396.39,attr_5,user_47,5235.29,fashion,940,1,0.51,1,1,1,0.357,0,0
txn_002319,6737.09,footwear,COD,50004,2026-01-03T01:53:00,agent_49,38,footwear,6137.16,attr_2,footwear,6737.09,attr_2,user_296,3375.82,footwear,950,1,0.73,1,0,1,0.511,0,0
txn_002320,4897.75,footwear,prepaid,500010,2026-02-18T06:53:00,agent_38,52,footwear,5891.98,attr_5,footwear,4897.75,attr_5,user_14,3926.45,footwear,29,1,0.84,1,1,1,0.588,0,0
txn_002321,3372.48,flights,prepaid,500013,2026-02-08T07:28:00,agent_49,5,flights,5598.4,attr_1,flights,3372.48,attr_1,user_384,2156.83,footwear,506,1,0.96,1,1,1,0.288,0,0
txn_002322,3099.76,fashion,COD,500013,2026-01-09T17:10:00,agent_56,135,fashion,2597.86,attr_5,fashion,3099.76,attr_5,user_383,5437.65,groceries,73,1,0.55,1,0,1,0.165,0,0
txn_002323,4771.07,fashion,COD,500010,2026-05-19T06:41:00,agent_7,307,fashion,6496.48,attr_1,fashion,4771.07,attr_1,user_224,4940.11,fashion,933,1,0.71,1,1,1,0.497,0,0
txn_002324,2163.81,fashion,prepaid,50007,2026-04-05T08:00:00,agent_34,38,fashion,2323.85,attr_4,fashion,2163.81,attr_4,user_129,2831.08,fashion,828,1,0.97,1,1,1,0.679,0,0
txn_002325,926.95,home,COD,500018,2026-04-13T20:30:00,agent_57,80,home,1332.38,attr_3,home,926.95,attr_3,user_17,2253.4,flights,1284,1,0.11,1,1,1,0.033,0,0
txn_002326,4071.81,groceries,prepaid,500015,2026-01-09T16:51:00,agent_17,99,groceries,5826.91,attr_4,groceries,4071.81,attr_4,user_438,5986.0,groceries,465,1,0.96,1,1,1,0.672,0,0
txn_002327,6569.73,flights,prepaid,500015,2026-04-08T02:13:00,agent_28,192,flights,6773.56,attr_4,flights,6569.73,attr_4,user_356,709.17,flights,130,1,0.56,1,1,1,0.392,0,0
txn_002328,4951.59,electronics,COD,500020,2026-01-20T02:18:00,agent_38,59,electronics,3554.48,attr_4,electronics,4951.59,attr_2,user_69,3896.22,electronics,63,1,0.09,1,0,0,0.063,0,0
txn_002329,2799.79,electronics,COD,500011,2026-03-13T12:42:00,agent_9,299,electronics,4331.99,attr_3,electronics,2799.79,attr_3,user_35,5242.96,groceries,1073,1,0.23,1,1,1,0.069,0,0
txn_002330,6843.06,footwear,prepaid,50001,2026-03-18T13:48:00,agent_50,38,footwear,4442.74,attr_4,footwear,6843.06,attr_2,user_198,1892.66,fashion,122,1,0.06,1,0,0,0.018,0,0
txn_002331,9455.62,groceries,COD,50006,2026-01-14T11:50:00,agent_11,53,groceries,7311.03,attr_4,groceries,9455.62,attr_4,user_460,900.03,home,1025,1,0.24,1,0,1,0.072,0,0
txn_002332,11214.44,home,prepaid,50007,2026-02-18T01:51:00,agent_53,55,home,7967.8,attr_4,home,11214.44,attr_4,user_40,1723.99,home,484,1,0.24,1,0,1,0.168,0,0
txn_002333,3669.17,home,prepaid,500020,2026-02-14T03:50:00,agent_29,7,home,3246.78,attr_3,home,3669.17,attr_2,user_336,3478.43,footwear,94,0,0.37,1,0,0,0.111,0,1
txn_002334,4866.24,groceries,COD,500010,2026-02-11T06:46:00,agent_32,6,groceries,7969.22,attr_3,groceries,4866.24,attr_3,user_313,4165.99,groceries,1161,1,0.8,1,1,1,0.56,0,0
txn_002335,3562.47,fashion,COD,500015,2026-04-28T04:39:00,agent_37,20,fashion,2649.1,attr_4,fashion,3562.47,attr_2,user_245,2250.22,fashion,1456,1,0.98,1,0,0,0.686,0,1
txn_002336,1730.1,groceries,COD,50008,2026-05-01T03:13:00,agent_59,6,groceries,2113.07,attr_1,groceries,1730.1,attr_1,user_177,3539.08,groceries,446,1,0.92,1,1,1,0.644,0,0
txn_002337,2066.33,home,prepaid,500016,2026-01-28T05:25:00,agent_1,385,groceries,1835.01,attr_5,home,2066.33,attr_5,user_396,1558.06,groceries,342,1,0.51,0,0,1,0.153,0,0
txn_002338,4323.96,footwear,prepaid,50003,2026-05-08T07:25:00,agent_30,170,footwear,3156.63,attr_2,footwear,4323.96,attr_3,user_437,2504.97,footwear,780,1,0.73,1,0,0,0.511,0,0
txn_002339,3110.44,groceries,prepaid,50008,2026-04-03T00:33:00,agent_26,113,groceries,4653.31,attr_5,groceries,3110.44,attr_5,user_287,608.46,groceries,1170,0,0.43,1,1,1,0.301,0,0
txn_002340,5786.14,footwear,COD,500020,2026-01-28T19:55:00,agent_10,146,footwear,7064.24,attr_2,footwear,5786.14,attr_2,user_57,3632.77,footwear,1213,0,0.26,1,1,1,0.182,1,0
txn_002341,1334.68,electronics,COD,50003,2026-03-07T15:27:00,agent_37,556,electronics,1711.76,attr_3,electronics,1334.68,attr_3,user_131,5622.16,flights,1337,0,0.77,1,1,1,0.231,0,0
txn_002342,853.03,flights,prepaid,50004,2026-04-23T19:43:00,agent_11,52,flights,623.63,attr_2,flights,853.03,attr_2,user_213,1115.44,groceries,1107,1,0.52,1,0,1,0.156,0,0
txn_002343,2854.08,groceries,COD,500011,2026-05-06T15:42:00,agent_49,202,groceries,3855.19,attr_3,groceries,2854.08,attr_3,user_288,5215.61,groceries,264,1,0.68,1,1,1,0.476,0,0
txn_002344,8956.04,footwear,COD,500016,2026-02-18T10:49:00,agent_43,618,home,5900.8,attr_1,footwear,8956.04,attr_1,user_180,3526.02,home,1251,1,0.49,0,0,1,0.147,1,0
txn_002345,2960.63,home,COD,50006,2026-03-18T09:42:00,agent_9,169,home,3468.09,attr_4,home,2960.63,attr_4,user_166,1770.44,groceries,478,1,0.13,1,1,1,0.039,0,0
txn_002346,8341.44,home,COD,500014,2026-02-05T09:38:00,agent_25,123,home,5399.73,attr_5,home,8341.44,attr_2,user_266,2291.69,home,900,1,0.91,1,0,0,0.637,0,0
txn_002347,6783.36,flights,COD,500016,2026-02-08T04:11:00,agent_27,66,flights,7753.64,attr_4,flights,6783.36,attr_4,user_432,3177.0,flights,1379,1,0.14,1,1,1,0.098,1,0
txn_002348,2265.01,fashion,COD,500020,2026-02-24T01:34:00,agent_30,48,fashion,3139.85,attr_3,fashion,2265.01,attr_3,user_445,2152.33,fashion,21,1,0.84,1,1,1,0.588,0,0
txn_002349,7399.03,flights,prepaid,50008,2026-01-12T13:57:00,agent_51,26,fashion,5435.22,attr_5,flights,7399.03,attr_4,user_356,1968.88,fashion,557,1,0.94,0,0,0,0.282,0,1
txn_002350,3940.34,footwear,COD,50005,2026-01-30T20:21:00,agent_10,79,footwear,5533.3,attr_4,footwear,3940.34,attr_4,user_318,4539.5,footwear,1172,1,0.14,1,1,1,0.098,1,0
txn_002351,5914.33,groceries,COD,500019,2026-04-17T20:12:00,agent_54,3,groceries,6987.44,attr_5,groceries,5914.33,attr_5,user_453,2148.12,groceries,51,1,0.52,1,1,1,0.364,1,0
txn_002352,4460.22,groceries,prepaid,500013,2026-01-22T20:28:00,agent_27,5,groceries,4101.41,attr_5,groceries,4460.22,attr_4,user_233,1606.77,groceries,213,1,0.82,1,0,0,0.574,1,0
txn_002353,6885.0,flights,COD,50005,2026-03-31T07:30:00,agent_37,172,flights,7521.72,attr_3,flights,6885.0,attr_3,user_229,3288.88,flights,713,1,0.57,1,1,1,0.399,0,0
txn_002354,5306.42,fashion,COD,500014,2026-01-15T11:00:00,agent_16,184,fashion,7989.41,attr_4,fashion,5306.42,attr_4,user_130,1075.11,fashion,465,1,0.32,1,1,1,0.224,1,0
txn_002355,5149.68,electronics,COD,500017,2026-02-26T16:43:00,agent_23,7,electronics,6900.96,attr_3,electronics,5149.68,attr_3,user_384,3738.04,electronics,1361,1,0.09,1,1,1,0.063,1,0
txn_002356,567.42,flights,COD,500014,2026-05-16T13:29:00,agent_14,268,flights,703.58,attr_4,flights,567.42,attr_4,user_160,4345.45,flights,675,1,0.65,1,1,1,0.455,0,0
txn_002357,5019.14,fashion,prepaid,50001,2026-03-18T10:55:00,agent_1,75,fashion,6257.65,attr_3,fashion,5019.14,attr_3,user_145,4774.51,fashion,1320,1,0.16,1,1,1,0.112,0,0
txn_002358,6792.19,electronics,COD,50003,2026-03-02T13:40:00,agent_53,254,electronics,5046.88,attr_4,electronics,6792.19,attr_2,user_147,5151.16,home,440,1,0.23,1,0,0,0.069,0,1
txn_002359,3494.66,home,prepaid,500018,2026-02-09T11:57:00,agent_33,21,home,5764.38,attr_5,home,3494.66,attr_5,user_168,949.23,home,229,1,0.83,1,1,1,0.581,0,0
txn_002360,2290.67,flights,COD,500017,2026-02-16T13:17:00,agent_37,153,flights,2483.98,attr_1,flights,2290.67,attr_1,user_244,4275.91,groceries,1484,1,0.77,1,1,1,0.231,0,0
txn_002361,2862.83,flights,prepaid,500013,2026-05-13T01:16:00,agent_48,128,flights,3017.76,attr_2,flights,2862.83,attr_2,user_231,3294.91,home,959,1,0.87,1,1,1,0.261,0,1
txn_002362,6873.74,footwear,prepaid,500010,2026-04-20T07:39:00,agent_38,84,footwear,6160.69,attr_1,footwear,6873.74,attr_1,user_252,3982.29,footwear,967,1,0.85,1,0,1,0.595,0,0
txn_002363,9145.43,fashion,COD,500019,2026-01-30T11:47:00,agent_52,68,fashion,7220.5,attr_3,fashion,9145.43,attr_2,user_43,3712.47,fashion,521,1,0.34,1,0,0,0.238,1,0
txn_002364,4807.06,electronics,prepaid,50006,2026-05-04T06:52:00,agent_51,202,electronics,5149.59,attr_1,electronics,4807.06,attr_1,user_125,1890.45,electronics,260,1,0.37,1,1,1,0.259,0,0
txn_002365,6849.23,fashion,COD,50008,2026-01-05T01:43:00,agent_54,34,fashion,5925.72,attr_4,fashion,6849.23,attr_5,user_209,1013.3,fashion,100,1,0.57,1,0,0,0.399,1,0
txn_002366,1266.35,electronics,prepaid,500013,2026-01-14T20:04:00,agent_33,9,home,1097.8,attr_5,electronics,1266.35,attr_5,user_110,5861.79,home,541,1,0.67,0,0,1,0.201,0,0
txn_002367,3364.29,flights,COD,500017,2026-03-13T19:11:00,agent_23,66,flights,2719.14,attr_3,flights,3364.29,attr_4,user_268,5362.88,flights,277,1,0.94,1,0,0,0.658,1,0
txn_002368,1057.52,home,prepaid,50002,2026-01-17T08:33:00,agent_45,83,home,1418.47,attr_5,home,1057.52,attr_5,user_376,882.46,fashion,945,1,0.46,1,1,1,0.138,0,0
txn_002369,7754.97,home,prepaid,500020,2026-01-13T15:16:00,agent_12,97,electronics,6778.93,attr_5,home,7754.97,attr_4,user_200,1069.61,electronics,148,1,0.75,0,0,0,0.225,0,0
txn_002370,5111.47,electronics,prepaid,500011,2026-05-19T21:01:00,agent_15,84,electronics,7048.68,attr_2,electronics,5111.47,attr_2,user_321,5990.09,electronics,1251,1,0.76,1,1,1,0.532,1,0
txn_002371,3558.58,home,COD,50007,2026-02-14T04:15:00,agent_47,51,home,3635.38,attr_4,home,3558.58,attr_4,user_454,4461.88,home,35,0,0.7,1,1,1,0.49,1,0
txn_002372,2389.28,fashion,COD,500020,2026-04-15T14:04:00,agent_7,33,fashion,3218.04,attr_5,fashion,2389.28,attr_5,user_420,1718.65,fashion,1047,1,0.89,1,1,1,0.623,0,0
txn_002373,2551.2,home,prepaid,50003,2026-05-12T16:04:00,agent_40,323,home,3331.16,attr_5,home,2551.2,attr_5,user_141,4085.07,home,1445,1,0.22,1,1,1,0.154,0,0
txn_002374,3289.77,fashion,prepaid,500020,2026-04-23T09:33:00,agent_6,96,fashion,2603.3,attr_1,fashion,3289.77,attr_5,user_320,4907.39,fashion,881,1,0.63,1,0,0,0.441,0,0
txn_002375,892.17,electronics,prepaid,500019,2026-03-05T21:13:00,agent_10,7,electronics,1135.41,attr_3,electronics,892.17,attr_3,user_393,4470.32,flights,14,1,0.83,1,1,1,0.249,0,0
txn_002376,8950.55,flights,COD,500019,2026-04-28T21:57:00,agent_14,37,flights,7539.52,attr_1,flights,8950.55,attr_3,user_33,586.5,flights,928,1,0.73,1,0,0,0.511,0,0
txn_002377,6710.07,flights,COD,50008,2026-01-28T14:59:00,agent_6,193,flights,5079.85,attr_5,flights,6710.07,attr_4,user_471,2362.06,fashion,1222,0,0.26,1,0,0,0.078,1,0
txn_002378,7352.27,flights,prepaid,500012,2026-02-26T19:31:00,agent_4,72,flights,4813.08,attr_1,flights,7352.27,attr_4,user_147,530.85,flights,754,1,0.54,1,0,0,0.378,0,1
txn_002379,2518.59,home,COD,500011,2026-04-30T09:19:00,agent_10,154,home,3544.46,attr_1,home,2518.59,attr_1,user_65,1794.46,footwear,1185,1,0.96,1,1,1,0.288,0,0
txn_002380,3159.03,fashion,COD,50007,2026-05-12T19:25:00,agent_47,2,fashion,4798.46,attr_1,fashion,3159.03,attr_1,user_389,3702.12,fashion,1238,0,0.53,1,1,1,0.371,0,0
txn_002381,1433.18,fashion,COD,50007,2026-01-04T00:25:00,agent_56,29,fashion,1119.49,attr_5,fashion,1433.18,attr_5,user_151,2534.56,flights,942,1,0.73,1,0,1,0.219,0,0
txn_002382,2846.42,flights,prepaid,500010,2026-03-10T23:58:00,agent_2,44,flights,2955.42,attr_1,flights,2846.42,attr_1,user_418,913.1,flights,754,1,0.76,1,1,1,0.532,0,0
txn_002383,4251.03,flights,COD,500017,2026-01-03T18:54:00,agent_27,132,flights,4317.17,attr_3,flights,4251.03,attr_3,user_210,5644.21,groceries,209,1,0.36,1,1,1,0.108,1,0
txn_002384,1045.52,fashion,prepaid,50004,2026-04-02T02:36:00,agent_13,150,fashion,1688.9,attr_3,fashion,1045.52,attr_3,user_121,1955.63,fashion,584,1,0.46,1,1,1,0.322,0,0
txn_002385,5023.01,flights,COD,500017,2026-03-22T03:24:00,agent_44,51,flights,7714.27,attr_2,flights,5023.01,attr_2,user_391,4683.54,footwear,485,1,0.83,1,1,1,0.249,0,0
txn_002386,4570.91,fashion,COD,50001,2026-03-09T17:18:00,agent_16,131,fashion,6314.12,attr_4,fashion,4570.91,attr_4,user_299,3929.42,fashion,340,1,0.19,1,1,1,0.133,0,0
txn_002387,1925.09,electronics,COD,50002,2026-04-23T11:40:00,agent_53,63,electronics,2147.37,attr_5,electronics,1925.09,attr_5,user_57,5657.12,electronics,1437,0,0.94,1,1,1,0.658,0,0
txn_002388,7488.5,footwear,COD,50008,2026-01-02T11:36:00,agent_40,144,footwear,5251.18,attr_5,footwear,7488.5,attr_5,user_358,1160.83,footwear,955,0,0.96,1,0,1,0.672,0,0
txn_002389,6011.98,home,prepaid,50005,2026-05-17T15:51:00,agent_23,135,home,6893.36,attr_2,home,6011.98,attr_2,user_172,1599.65,home,104,1,0.94,1,1,1,0.658,1,0
txn_002390,2523.3,flights,COD,500013,2026-05-07T07:07:00,agent_24,62,flights,3338.15,attr_2,flights,2523.3,attr_2,user_303,524.64,flights,383,0,0.78,1,1,1,0.546,0,0
txn_002391,7020.51,electronics,COD,50009,2026-04-01T10:28:00,agent_21,121,electronics,7157.89,attr_2,electronics,7020.51,attr_2,user_309,1641.07,electronics,465,1,0.95,1,1,1,0.665,0,0
txn_002392,5454.05,footwear,COD,50001,2026-02-13T15:36:00,agent_48,52,footwear,6122.4,attr_2,footwear,5454.05,attr_2,user_102,4059.71,footwear,1168,1,0.89,1,1,1,0.623,1,0
txn_002393,1649.08,groceries,COD,50009,2026-02-04T08:33:00,agent_4,21,groceries,1063.38,attr_3,groceries,1649.08,attr_3,user_470,5580.24,groceries,664,1,0.78,1,0,1,0.546,1,0
txn_002394,6325.42,groceries,COD,50003,2026-03-26T11:11:00,agent_28,117,groceries,6972.69,attr_2,groceries,6325.42,attr_2,user_427,529.67,groceries,1226,1,0.17,1,1,1,0.119,0,0
txn_002395,3028.06,home,COD,500018,2026-01-16T21:57:00,agent_59,198,home,3559.23,attr_1,home,3028.06,attr_1,user_420,2423.71,home,912,1,0.44,1,1,1,0.308,0,0
txn_002396,1438.78,flights,prepaid,500017,2026-01-30T23:59:00,agent_27,16,flights,1522.47,attr_4,flights,1438.78,attr_4,user_63,3161.26,flights,370,1,0.93,1,1,1,0.651,0,0
txn_002397,6057.56,fashion,COD,500017,2026-03-16T13:51:00,agent_56,25,footwear,5084.72,attr_4,fashion,6057.56,attr_4,user_156,1500.45,footwear,1477,1,0.33,0,0,1,0.099,0,1
txn_002398,4362.14,electronics,prepaid,500015,2026-01-17T09:10:00,agent_5,122,electronics,4627.65,attr_2,electronics,4362.14,attr_2,user_289,1942.7,electronics,1399,1,0.5,1,1,1,0.35,0,1
txn_002399,3939.21,home,COD,500016,2026-02-27T14:07:00,agent_24,270,home,5318.71,attr_4,home,3939.21,attr_4,user_209,4314.29,home,938,1,0.96,1,1,1,0.672,0,0
txn_002400,1918.02,groceries,prepaid,500010,2026-03-24T18:32:00,agent_4,14,groceries,1496.82,attr_1,groceries,1918.02,attr_1,user_233,3588.01,electronics,778,0,0.96,1,0,1,0.288,1,0
txn_002401,5157.15,fashion,prepaid,500016,2026-04-22T04:45:00,agent_2,20,fashion,4389.86,attr_4,fashion,5157.15,attr_4,user_144,1156.15,home,510,1,0.66,1,0,1,0.198,0,0
txn_002402,3352.37,flights,COD,50001,2026-01-11T09:29:00,agent_5,4,flights,3942.65,attr_5,flights,3352.37,attr_5,user_453,2769.68,flights,1321,1,0.88,1,1,1,0.616,0,0
txn_002403,770.64,home,COD,500016,2026-03-12T01:32:00,agent_3,22,home,991.14,attr_5,home,770.64,attr_5,user_442,3238.0,footwear,921,1,0.38,1,1,1,0.114,1,0
txn_002404,4299.32,footwear,COD,50002,2026-01-03T09:44:00,agent_43,299,footwear,4902.77,attr_4,footwear,4299.32,attr_4,user_255,5642.67,fashion,463,1,0.75,1,1,1,0.225,1,0
txn_002405,5459.45,footwear,prepaid,500018,2026-02-19T22:00:00,agent_49,161,footwear,4286.72,attr_1,footwear,5459.45,attr_1,user_294,970.8,home,340,1,0.69,1,0,1,0.207,0,0
txn_002406,845.37,footwear,prepaid,500015,2026-04-02T23:49:00,agent_7,19,footwear,1138.4,attr_2,footwear,845.37,attr_2,user_36,1409.59,footwear,52,1,0.85,1,1,1,0.595,0,0
txn_002407,3301.12,footwear,COD,50004,2026-02-07T09:11:00,agent_39,71,footwear,3431.11,attr_5,footwear,3301.12,attr_5,user_336,1860.14,flights,1345,0,0.58,1,1,1,0.174,1,0
txn_002408,5979.47,groceries,prepaid,500018,2026-04-29T15:13:00,agent_15,69,groceries,6820.17,attr_4,groceries,5979.47,attr_4,user_101,4098.99,groceries,1024,1,0.34,1,1,1,0.238,0,0
txn_002409,3578.23,flights,prepaid,50005,2026-02-07T14:10:00,agent_23,453,flights,3737.06,attr_3,flights,3578.23,attr_3,user_310,1507.8,flights,1365,1,0.06,1,1,1,0.042,0,0
txn_002410,8838.34,home,prepaid,500011,2026-03-15T05:49:00,agent_25,244,home,6323.92,attr_4,home,8838.34,attr_1,user_163,5894.24,home,487,1,0.74,1,0,0,0.518,0,1
txn_002411,3881.83,flights,prepaid,500016,2026-04-04T18:00:00,agent_56,119,flights,6437.77,attr_4,flights,3881.83,attr_4,user_452,4977.45,flights,784,1,0.4,1,1,1,0.28,0,0
txn_002412,962.01,footwear,COD,500018,2026-02-17T23:09:00,agent_36,62,footwear,1361.33,attr_3,footwear,962.01,attr_3,user_413,3822.35,groceries,418,1,0.79,1,1,1,0.237,0,0
txn_002413,4558.37,groceries,prepaid,50009,2026-02-20T23:08:00,agent_55,72,groceries,5850.97,attr_3,groceries,4558.37,attr_3,user_89,985.29,groceries,292,1,0.6,1,1,1,0.42,0,0
txn_002414,3291.99,fashion,COD,50008,2026-01-16T18:23:00,agent_48,53,fashion,4127.3,attr_1,fashion,3291.99,attr_1,user_62,5371.16,fashion,678,1,0.99,1,1,1,0.693,0,0
txn_002415,5212.32,footwear,prepaid,50006,2026-02-08T16:13:00,agent_27,203,footwear,5463.69,attr_5,footwear,5212.32,attr_5,user_147,2176.36,fashion,529,1,0.46,1,1,1,0.138,1,0
txn_002416,940.39,electronics,COD,50008,2026-04-14T21:46:00,agent_11,37,electronics,1434.52,attr_1,electronics,940.39,attr_1,user_375,5946.31,footwear,1060,1,0.63,1,1,1,0.189,0,0
txn_002417,1989.9,home,prepaid,500015,2026-03-27T12:36:00,agent_44,52,flights,1316.45,attr_5,home,1989.9,attr_1,user_132,1211.98,fashion,848,0,0.66,0,0,0,0.198,1,0
txn_002418,1751.42,groceries,prepaid,50007,2026-04-16T15:13:00,agent_3,15,groceries,1220.18,attr_3,groceries,1751.42,attr_5,user_395,953.27,groceries,625,1,0.5,1,0,0,0.35,0,0
txn_002419,7182.06,footwear,prepaid,500011,2026-05-08T04:03:00,agent_18,257,footwear,7206.28,attr_4,footwear,7182.06,attr_4,user_442,916.9,footwear,377,1,0.71,1,1,1,0.497,0,0
txn_002420,2406.1,flights,COD,500015,2026-03-22T20:24:00,agent_3,83,flights,3767.06,attr_5,flights,2406.1,attr_5,user_432,2061.54,flights,791,1,0.11,1,1,1,0.077,0,0
txn_002421,3873.4,electronics,COD,500011,2026-04-20T21:31:00,agent_33,28,electronics,3898.82,attr_4,electronics,3873.4,attr_4,user_260,1123.88,home,224,1,0.72,1,1,1,0.216,0,0
txn_002422,3664.78,home,COD,500015,2026-04-19T02:14:00,agent_10,24,home,5995.85,attr_2,home,3664.78,attr_2,user_289,1934.7,groceries,1203,1,0.17,1,1,1,0.051,0,0
txn_002423,6797.99,flights,COD,500017,2026-01-22T18:26:00,agent_24,2,flights,4466.24,attr_2,flights,6797.99,attr_2,user_314,5553.86,electronics,1475,1,1.0,1,0,1,0.3,0,0
txn_002424,1772.35,footwear,prepaid,50004,2026-03-10T10:03:00,agent_9,250,footwear,2089.92,attr_3,footwear,1772.35,attr_3,user_255,1696.42,footwear,31,1,0.03,1,1,1,0.021,0,0
txn_002425,1225.03,flights,COD,50006,2026-05-05T13:22:00,agent_37,190,flights,1604.0,attr_2,flights,1225.03,attr_2,user_368,1692.95,flights,804,1,0.08,1,1,1,0.056,0,0
txn_002426,3355.13,home,prepaid,500013,2026-02-01T18:52:00,agent_23,490,home,3894.82,attr_1,home,3355.13,attr_1,user_37,3997.93,home,156,1,0.08,1,1,1,0.056,1,0
txn_002427,4688.72,home,prepaid,500020,2026-03-09T17:05:00,agent_20,1,home,6604.91,attr_4,home,4688.72,attr_4,user_304,4928.82,fashion,707,1,0.87,1,1,1,0.261,0,0
txn_002428,722.48,home,COD,50002,2026-01-18T02:07:00,agent_20,54,home,517.79,attr_2,home,722.48,attr_3,user_179,2505.87,home,175,1,0.27,1,0,0,0.189,0,0
txn_002429,8953.34,home,prepaid,500016,2026-01-04T09:27:00,agent_15,558,home,7267.11,attr_5,home,8953.34,attr_5,user_441,5529.35,home,845,1,0.47,1,0,1,0.329,1,0
txn_002430,1571.89,home,prepaid,500019,2026-05-19T12:40:00,agent_41,86,home,1938.74,attr_2,home,1571.89,attr_2,user_222,1299.16,home,552,1,0.83,1,1,1,0.581,0,0
txn_002431,2429.96,footwear,prepaid,50007,2026-01-08T05:49:00,agent_32,353,footwear,3554.93,attr_2,footwear,2429.96,attr_2,user_345,2434.96,footwear,1240,1,0.54,1,1,1,0.378,0,0
txn_002432,3752.17,electronics,COD,500018,2026-05-15T18:13:00,agent_53,67,electronics,5755.06,attr_1,electronics,3752.17,attr_1,user_203,2606.72,electronics,295,1,0.36,1,1,1,0.252,0,0
txn_002433,4899.31,groceries,COD,500018,2026-03-23T06:53:00,agent_11,79,groceries,5657.26,attr_2,groceries,4899.31,attr_2,user_315,4899.19,groceries,1137,1,0.54,1,1,1,0.378,0,0
txn_002434,6731.3,fashion,COD,500010,2026-02-14T12:49:00,agent_52,189,fashion,4548.72,attr_2,fashion,6731.3,attr_2,user_343,5453.36,home,825,1,0.33,1,0,1,0.099,0,0
txn_002435,5932.15,footwear,COD,50009,2026-01-13T10:53:00,agent_41,32,footwear,4569.31,attr_5,footwear,5932.15,attr_5,user_312,4990.94,fashion,1244,1,0.64,1,0,1,0.192,0,0
txn_002436,8439.05,flights,COD,500017,2026-03-11T09:23:00,agent_6,298,flights,6575.7,attr_2,flights,8439.05,attr_2,user_264,4134.71,flights,952,1,0.23,1,0,1,0.161,1,0
txn_002437,4175.11,home,prepaid,500011,2026-04-27T22:41:00,agent_41,8,home,6397.18,attr_1,home,4175.11,attr_1,user_274,4640.99,groceries,933,1,0.66,1,1,1,0.198,1,0
txn_002438,1990.29,electronics,prepaid,50003,2026-05-13T11:05:00,agent_31,268,electronics,2690.18,attr_3,electronics,1990.29,attr_3,user_12,5828.32,electronics,463,1,0.38,1,1,1,0.266,1,0
txn_002439,2146.2,electronics,COD,50002,2026-02-23T00:59:00,agent_3,47,electronics,2150.52,attr_4,electronics,2146.2,attr_4,user_377,4901.38,footwear,558,1,1.0,1,1,1,0.3,0,0
txn_002440,6538.96,flights,prepaid,500010,2026-01-16T14:11:00,agent_5,184,flights,4679.13,attr_4,flights,6538.96,attr_3,user_130,5092.64,flights,853,1,0.16,1,0,0,0.112,0,0
txn_002441,7108.0,home,prepaid,500016,2026-02-04T07:09:00,agent_22,392,home,7729.08,attr_4,home,7108.0,attr_4,user_498,4159.33,home,1202,1,0.57,1,1,1,0.399,0,0
txn_002442,2173.24,groceries,COD,500017,2026-02-19T01:19:00,agent_7,25,groceries,3120.69,attr_4,groceries,2173.24,attr_4,user_359,3884.55,groceries,651,1,0.45,1,1,1,0.315,0,0
txn_002443,11165.65,groceries,COD,500016,2026-01-11T22:58:00,agent_42,148,groceries,7553.45,attr_5,groceries,11165.65,attr_4,user_488,1908.56,groceries,1480,1,0.79,1,0,0,0.553,1,0
txn_002444,8916.03,flights,COD,500013,2026-02-28T04:16:00,agent_1,270,flights,7520.32,attr_2,flights,8916.03,attr_2,user_341,2291.41,home,693,1,0.76,1,0,1,0.228,0,0
txn_002445,10827.42,electronics,prepaid,50006,2026-05-12T10:59:00,agent_20,97,electronics,7628.41,attr_2,electronics,10827.42,attr_2,user_305,3459.18,electronics,212,1,0.8,1,0,1,0.56,0,0
txn_002446,7383.41,fashion,COD,50004,2026-02-24T07:41:00,agent_41,227,fashion,7940.18,attr_5,fashion,7383.41,attr_5,user_197,1399.06,fashion,1294,1,0.51,1,1,1,0.357,1,0
txn_002447,6813.85,home,COD,50004,2026-03-15T02:25:00,agent_38,302,home,6889.94,attr_4,home,6813.85,attr_4,user_267,5759.62,home,133,1,0.08,1,1,1,0.056,1,0
txn_002448,2606.14,groceries,prepaid,50004,2026-02-08T05:22:00,agent_57,83,groceries,3653.48,attr_1,groceries,2606.14,attr_1,user_231,1860.61,groceries,1157,1,0.6,1,1,1,0.42,0,0
txn_002449,693.7,home,prepaid,500011,2026-03-05T06:08:00,agent_37,236,home,940.29,attr_1,home,693.7,attr_1,user_71,3951.65,fashion,1321,1,0.95,1,1,1,0.285,0,0
txn_002450,4671.45,footwear,COD,500013,2026-03-22T00:11:00,agent_2,283,footwear,7321.82,attr_5,footwear,4671.45,attr_5,user_219,5488.51,electronics,1360,1,0.44,1,1,1,0.132,1,0
txn_002451,8880.54,groceries,prepaid,500020,2026-03-24T17:38:00,agent_37,151,groceries,7935.71,attr_2,groceries,8880.54,attr_5,user_215,1176.29,groceries,1308,1,0.48,1,0,0,0.336,1,0
txn_002452,5321.63,footwear,prepaid,50001,2026-01-21T08:46:00,agent_19,123,footwear,6360.1,attr_2,footwear,5321.63,attr_2,user_114,2228.71,footwear,1333,1,0.35,1,1,1,0.245,0,0
txn_002453,4078.97,fashion,COD,500013,2026-01-04T01:24:00,agent_53,177,fashion,3296.22,attr_1,fashion,4078.97,attr_1,user_321,5549.52,fashion,152,0,0.15,1,0,1,0.105,1,0
txn_002454,5360.57,fashion,prepaid,500015,2026-02-05T03:51:00,agent_53,141,fashion,4104.1,attr_2,fashion,5360.57,attr_2,user_247,5847.61,fashion,275,1,0.14,1,0,1,0.098,0,1
txn_002455,3952.97,flights,COD,50004,2026-02-16T12:38:00,agent_46,93,flights,4748.27,attr_2,flights,3952.97,attr_2,user_379,2298.9,fashion,898,1,0.65,1,1,1,0.195,0,0
txn_002456,446.98,home,prepaid,50008,2026-04-17T08:43:00,agent_43,60,home,606.17,attr_1,home,446.98,attr_1,user_75,5819.17,home,1066,1,0.17,1,1,1,0.119,0,0
txn_002457,7034.14,electronics,prepaid,500011,2026-05-12T10:39:00,agent_40,143,electronics,4458.69,attr_2,electronics,7034.14,attr_2,user_133,4490.45,electronics,460,1,0.92,1,0,1,0.644,0,0
txn_002458,8733.4,home,prepaid,50005,2026-01-07T02:49:00,agent_56,112,home,6570.11,attr_4,home,8733.4,attr_4,user_66,4531.89,home,1141,1,0.2,1,0,1,0.14,0,0
txn_002459,1917.14,fashion,prepaid,50005,2026-05-16T19:05:00,agent_19,46,fashion,1936.46,attr_5,fashion,1917.14,attr_5,user_191,1324.55,footwear,1065,1,0.45,1,1,1,0.135,0,0
txn_002460,2362.07,home,prepaid,50002,2026-05-03T13:13:00,agent_44,12,home,3789.47,attr_1,home,2362.07,attr_1,user_319,3570.95,home,776,1,0.07,1,1,1,0.049,0,0
txn_002461,624.81,home,COD,50005,2026-05-09T01:58:00,agent_15,694,home,760.11,attr_3,home,624.81,attr_3,user_125,3179.62,home,1131,1,0.62,1,1,1,0.434,0,0
txn_002462,5352.51,footwear,COD,50005,2026-01-17T18:47:00,agent_12,142,footwear,7286.67,attr_5,footwear,5352.51,attr_5,user_54,2813.71,electronics,226,1,0.96,1,1,1,0.288,0,0
txn_002463,4029.19,flights,prepaid,50001,2026-02-19T02:46:00,agent_39,60,home,2909.28,attr_3,flights,4029.19,attr_3,user_95,3904.91,home,440,1,0.84,0,0,1,0.252,0,0
txn_002464,2382.42,electronics,COD,500018,2026-01-12T02:56:00,agent_11,21,electronics,2766.04,attr_2,electronics,2382.42,attr_2,user_360,5665.85,electronics,764,1,0.16,1,1,1,0.112,0,0
txn_002465,543.61,electronics,COD,50003,2026-02-12T11:05:00,agent_11,159,electronics,767.78,attr_2,electronics,543.61,attr_2,user_176,2161.95,electronics,138,1,0.11,1,1,1,0.077,0,0
txn_002466,3322.63,flights,prepaid,500011,2026-03-06T21:29:00,agent_56,47,flights,4181.72,attr_1,flights,3322.63,attr_1,user_98,2838.66,flights,17,1,0.92,1,1,1,0.644,0,0
txn_002467,5341.84,electronics,COD,50003,2026-02-07T16:07:00,agent_26,119,electronics,4011.43,attr_3,electronics,5341.84,attr_5,user_142,1472.49,electronics,961,1,0.5,1,0,0,0.35,1,0
txn_002468,1194.81,flights,prepaid,50003,2026-04-26T09:55:00,agent_22,138,flights,1331.31,attr_4,flights,1194.81,attr_4,user_416,1449.32,flights,1409,1,0.88,1,1,1,0.616,0,0
txn_002469,788.03,home,COD,50002,2026-02-13T01:56:00,agent_42,22,home,920.63,attr_3,home,788.03,attr_3,user_464,1489.11,home,1282,1,0.6,1,1,1,0.42,0,0
txn_002470,3473.74,footwear,prepaid,50003,2026-02-09T03:23:00,agent_41,66,footwear,3693.21,attr_4,footwear,3473.74,attr_4,user_114,732.14,groceries,534,1,0.85,1,1,1,0.255,1,0
txn_002471,6270.72,footwear,prepaid,500018,2026-04-11T16:21:00,agent_14,280,footwear,4765.13,attr_4,footwear,6270.72,attr_4,user_379,2573.49,footwear,38,1,0.85,1,0,1,0.595,0,0
txn_002472,2890.0,groceries,COD,500016,2026-03-05T09:23:00,agent_56,128,groceries,3237.81,attr_1,groceries,2890.0,attr_1,user_306,4059.07,groceries,1134,1,0.05,1,1,1,0.035,0,0
txn_002473,4373.38,home,COD,500012,2026-04-16T06:34:00,agent_57,23,home,5531.49,attr_3,home,4373.38,attr_3,user_344,1197.42,home,124,1,0.48,1,1,1,0.336,0,0
txn_002474,2678.55,fashion,COD,500012,2026-04-02T23:27:00,agent_34,68,fashion,3229.28,attr_3,fashion,2678.55,attr_3,user_5,774.57,fashion,1338,1,0.45,1,1,1,0.315,0,0
txn_002475,2046.74,electronics,COD,50006,2026-02-12T00:35:00,agent_33,125,electronics,1593.67,attr_4,electronics,2046.74,attr_4,user_75,1493.66,electronics,120,1,0.81,1,0,1,0.567,1,0
txn_002476,4390.68,fashion,prepaid,500010,2026-05-15T10:43:00,agent_55,129,fashion,3508.66,attr_2,fashion,4390.68,attr_2,user_35,5989.02,fashion,1146,1,0.54,1,0,1,0.378,1,0
txn_002477,10063.0,flights,COD,500010,2026-02-06T06:54:00,agent_59,634,flights,7104.19,attr_4,flights,10063.0,attr_4,user_147,2599.21,electronics,1138,0,0.74,1,0,1,0.222,1,0
txn_002478,891.57,fashion,prepaid,50006,2026-03-15T10:04:00,agent_9,18,fashion,1041.18,attr_4,fashion,891.57,attr_4,user_391,2146.94,fashion,1264,1,0.21,1,1,1,0.147,0,0
txn_002479,5972.62,fashion,prepaid,50007,2026-05-07T07:26:00,agent_15,221,fashion,6914.06,attr_2,fashion,5972.62,attr_2,user_276,5169.5,fashion,1160,0,0.04,1,1,1,0.028,0,0
txn_002480,800.77,home,COD,50006,2026-02-21T10:41:00,agent_2,405,home,910.3,attr_4,home,800.77,attr_4,user_203,4641.69,home,490,1,0.73,1,1,1,0.511,1,0
txn_002481,3076.0,groceries,COD,500013,2026-04-29T06:06:00,agent_54,65,groceries,3460.24,attr_1,groceries,3076.0,attr_1,user_222,2973.95,groceries,164,1,0.24,1,1,1,0.168,1,0
txn_002482,3860.57,footwear,COD,500013,2026-01-12T14:55:00,agent_40,198,footwear,6131.98,attr_4,footwear,3860.57,attr_4,user_68,1894.99,footwear,1182,1,0.89,1,1,1,0.623,0,0
txn_002483,8439.85,home,prepaid,500014,2026-04-18T09:42:00,agent_55,85,flights,6014.46,attr_1,home,8439.85,attr_5,user_41,2942.03,electronics,306,1,0.63,0,0,0,0.189,0,0
txn_002484,3518.86,home,COD,500017,2026-03-28T07:19:00,agent_14,16,home,4921.04,attr_5,home,3518.86,attr_5,user_493,939.16,home,156,1,0.97,1,1,1,0.679,0,1
txn_002485,5009.42,electronics,COD,500013,2026-05-07T11:05:00,agent_50,60,electronics,3627.01,attr_3,electronics,5009.42,attr_4,user_100,1900.3,electronics,1358,1,0.14,1,0,0,0.098,1,0
txn_002486,3421.46,fashion,COD,500013,2026-04-05T20:33:00,agent_36,277,fashion,5155.05,attr_4,fashion,3421.46,attr_4,user_41,2441.76,fashion,892,1,0.15,1,1,1,0.105,0,0
txn_002487,810.89,groceries,COD,500015,2026-03-13T00:02:00,agent_25,106,groceries,1340.6,attr_5,groceries,810.89,attr_5,user_30,2952.91,groceries,728,1,0.98,1,1,1,0.686,0,1
txn_002488,5894.49,groceries,COD,50003,2026-02-10T11:37:00,agent_55,253,groceries,4879.04,attr_5,groceries,5894.49,attr_5,user_347,2680.82,groceries,282,1,0.88,1,0,1,0.616,0,0
txn_002489,7237.35,home,COD,50007,2026-02-05T22:16:00,agent_33,70,home,5572.94,attr_2,home,7237.35,attr_5,user_35,5406.79,home,1168,1,0.49,1,0,0,0.343,0,0
txn_002490,725.99,electronics,COD,500020,2026-02-09T19:09:00,agent_41,26,electronics,1033.57,attr_1,electronics,725.99,attr_1,user_23,503.74,home,256,1,0.83,1,1,1,0.249,0,0
txn_002491,6756.36,electronics,COD,500011,2026-03-10T00:43:00,agent_48,228,electronics,6132.65,attr_1,electronics,6756.36,attr_2,user_14,3435.78,electronics,1003,1,0.65,1,0,0,0.455,0,0
txn_002492,4092.64,groceries,COD,50002,2026-03-02T18:30:00,agent_12,118,groceries,5310.76,attr_5,groceries,4092.64,attr_5,user_9,3187.37,groceries,857,1,0.9,1,1,1,0.63,0,0
txn_002493,3774.9,footwear,COD,500011,2026-03-21T19:55:00,agent_30,128,footwear,5402.29,attr_1,footwear,3774.9,attr_1,user_179,2082.54,footwear,967,1,0.77,1,1,1,0.539,0,0
txn_002494,2009.13,home,COD,500016,2026-02-27T18:33:00,agent_47,72,home,2280.7,attr_1,home,2009.13,attr_1,user_32,4504.57,home,224,1,0.68,1,1,1,0.476,0,0
txn_002495,5135.44,fashion,prepaid,50002,2026-04-02T22:07:00,agent_33,81,fashion,7410.69,attr_3,fashion,5135.44,attr_3,user_240,2535.71,fashion,901,0,0.08,1,1,1,0.056,0,0
txn_002496,4405.33,fashion,prepaid,500014,2026-04-13T23:58:00,agent_31,29,fashion,6645.67,attr_4,fashion,4405.33,attr_4,user_315,1914.16,fashion,37,1,0.47,1,1,1,0.329,0,0
txn_002497,851.65,groceries,COD,50007,2026-01-17T20:08:00,agent_20,32,groceries,672.67,attr_4,groceries,851.65,attr_4,user_368,2774.67,home,1126,1,0.35,1,0,1,0.105,0,0
txn_002498,6350.66,electronics,prepaid,500016,2026-02-09T23:47:00,agent_22,132,electronics,7485.08,attr_4,electronics,6350.66,attr_4,user_368,2920.8,home,139,1,0.56,1,1,1,0.168,0,0
txn_002499,6364.25,fashion,COD,500016,2026-05-15T19:04:00,agent_43,92,fashion,6504.93,attr_3,fashion,6364.25,attr_3,user_243,5581.57,footwear,1219,1,0.58,1,1,1,0.174,1,0
txn_002500,4332.83,fashion,COD,50001,2026-05-18T16:46:00,agent_35,4,fashion,5025.46,attr_1,fashion,4332.83,attr_1,user_70,2983.84,footwear,1181,1,0.86,1,1,1,0.258,1,0
txn_002501,1373.53,fashion,COD,50007,2026-05-18T13:44:00,agent_25,230,fashion,2133.2,attr_5,fashion,1373.53,attr_5,user_45,3295.41,footwear,372,1,0.3,1,1,1,0.09,0,0
txn_002502,8522.98,groceries,prepaid,500016,2026-04-09T02:11:00,agent_43,409,groceries,5547.25,attr_3,groceries,8522.98,attr_2,user_297,3496.25,groceries,939,1,0.98,1,0,0,0.686,1,0
txn_002503,2835.06,groceries,COD,500013,2026-03-07T20:32:00,agent_21,224,groceries,4518.45,attr_2,groceries,2835.06,attr_2,user_147,1390.72,groceries,81,1,0.96,1,1,1,0.672,0,0
txn_002504,6781.12,groceries,COD,500019,2026-03-06T23:37:00,agent_19,52,home,5760.34,attr_4,groceries,6781.12,attr_4,user_124,5338.03,home,1050,1,0.29,0,0,1,0.087,0,0
txn_002505,1382.41,home,prepaid,50006,2026-04-07T13:23:00,agent_16,93,home,1481.98,attr_2,home,1382.41,attr_2,user_152,2088.25,home,914,1,0.99,1,1,1,0.693,1,0
txn_002506,2992.29,fashion,prepaid,500011,2026-02-02T22:42:00,agent_44,303,fashion,3197.25,attr_1,fashion,2992.29,attr_1,user_468,2776.99,fashion,1001,0,0.08,1,1,1,0.056,0,0
txn_002507,3105.3,electronics,prepaid,500013,2026-04-09T01:22:00,agent_28,290,electronics,4163.04,attr_2,electronics,3105.3,attr_2,user_369,3799.94,electronics,1114,1,0.59,1,1,1,0.413,0,0
txn_002508,1929.64,electronics,prepaid,50005,2026-03-25T00:22:00,agent_8,109,electronics,2248.11,attr_5,electronics,1929.64,attr_5,user_327,5066.8,electronics,1263,1,0.86,1,1,1,0.602,0,0
txn_002509,5586.31,electronics,COD,50003,2026-03-18T05:18:00,agent_21,21,electronics,5006.22,attr_1,electronics,5586.31,attr_3,user_460,3502.69,groceries,1097,1,0.7,1,0,0,0.21,1,0
txn_002510,6409.5,footwear,COD,500014,2026-01-02T11:02:00,agent_51,110,footwear,5016.33,attr_1,footwear,6409.5,attr_1,user_25,4865.69,footwear,1380,1,0.28,1,0,1,0.196,1,0
txn_002511,7622.71,groceries,prepaid,500020,2026-05-04T05:57:00,agent_26,245,home,5706.42,attr_4,groceries,7622.71,attr_4,user_106,838.02,flights,685,1,0.2,0,0,1,0.06,0,0
txn_002512,697.08,home,prepaid,500017,2026-01-16T16:47:00,agent_23,122,home,858.73,attr_3,home,697.08,attr_3,user_225,1702.09,flights,846,1,0.24,1,1,1,0.072,0,0
txn_002513,823.97,flights,COD,50006,2026-05-12T04:06:00,agent_20,41,flights,667.46,attr_2,flights,823.97,attr_2,user_271,4130.43,flights,89,1,0.5,1,0,1,0.35,1,0
txn_002514,4074.74,groceries,prepaid,500016,2026-04-13T06:38:00,agent_56,31,groceries,4871.43,attr_2,groceries,4074.74,attr_2,user_91,965.0,groceries,28,1,0.79,1,1,1,0.553,0,0
txn_002515,1258.67,home,COD,50001,2026-02-25T19:22:00,agent_48,31,home,1944.63,attr_3,home,1258.67,attr_3,user_166,3574.01,fashion,1144,1,0.9,1,1,1,0.27,1,0
txn_002516,3171.18,fashion,COD,500018,2026-03-16T12:17:00,agent_54,284,fashion,3403.71,attr_4,fashion,3171.18,attr_4,user_218,894.5,fashion,1352,1,0.73,1,1,1,0.511,0,0
txn_002517,1405.41,flights,prepaid,500018,2026-03-22T05:56:00,agent_39,37,flights,1406.36,attr_3,flights,1405.41,attr_3,user_179,4727.17,flights,28,1,0.61,1,1,1,0.427,0,0
txn_002518,5023.38,home,COD,500014,2026-02-25T13:20:00,agent_19,263,home,3807.93,attr_5,home,5023.38,attr_1,user_237,4104.29,home,142,1,0.88,1,0,0,0.616,0,0
txn_002519,5207.37,footwear,COD,500017,2026-04-17T12:18:00,agent_2,35,footwear,7412.96,attr_1,footwear,5207.37,attr_1,user_182,2605.81,footwear,135,0,0.17,1,1,1,0.119,1,0
txn_002520,3494.9,flights,COD,50004,2026-02-23T07:20:00,agent_4,10,flights,3518.78,attr_3,flights,3494.9,attr_3,user_128,5478.96,groceries,1262,1,0.8,1,1,1,0.24,1,0
txn_002521,3281.8,groceries,prepaid,50009,2026-01-16T19:24:00,agent_18,35,home,2089.24,attr_3,groceries,3281.8,attr_3,user_44,5881.34,home,845,1,0.97,0,0,1,0.291,0,0
txn_002522,1203.51,electronics,prepaid,500016,2026-03-09T01:53:00,agent_57,23,electronics,1965.09,attr_4,electronics,1203.51,attr_4,user_179,5058.58,electronics,1026,1,0.35,1,1,1,0.245,0,0
txn_002523,5942.53,groceries,prepaid,50008,2026-05-01T21:00:00,agent_58,119,groceries,6576.69,attr_4,groceries,5942.53,attr_4,user_419,5307.32,footwear,1483,1,0.49,1,1,1,0.147,1,0
txn_002524,8742.26,fashion,COD,500016,2026-01-02T22:23:00,agent_19,36,fashion,5869.42,attr_1,fashion,8742.26,attr_2,user_2,4812.0,fashion,283,1,0.34,1,0,0,0.238,0,0
txn_002525,1350.35,groceries,COD,50006,2026-03-26T13:51:00,agent_52,132,groceries,1500.5,attr_1,groceries,1350.35,attr_1,user_416,5777.54,groceries,1237,1,0.5,1,1,1,0.35,1,0
txn_002526,9245.37,electronics,prepaid,50003,2026-02-01T13:52:00,agent_21,54,electronics,6069.9,attr_1,electronics,9245.37,attr_4,user_267,4077.27,electronics,1293,1,0.71,1,0,0,0.497,0,0
txn_002527,2415.09,home,COD,50001,2026-04-16T15:59:00,agent_43,12,home,2883.68,attr_1,home,2415.09,attr_1,user_316,5263.78,home,170,1,0.29,1,1,1,0.203,1,0
txn_002528,908.69,home,prepaid,500020,2026-01-05T05:29:00,agent_55,18,home,1395.14,attr_4,home,908.69,attr_4,user_421,707.18,home,800,1,0.58,1,1,1,0.406,0,0
txn_002529,2398.39,footwear,COD,500014,2026-01-01T12:51:00,agent_45,64,footwear,2825.47,attr_5,footwear,2398.39,attr_5,user_53,3560.68,electronics,539,1,0.55,1,1,1,0.165,0,0
txn_002530,9926.11,footwear,prepaid,50004,2026-04-06T02:10:00,agent_28,13,footwear,7569.18,attr_4,footwear,9926.11,attr_2,user_23,4077.22,footwear,1171,1,0.37,1,0,0,0.259,1,0
txn_002531,2579.9,footwear,prepaid,500019,2026-03-07T09:34:00,agent_8,138,footwear,3906.19,attr_5,footwear,2579.9,attr_5,user_355,1446.61,footwear,173,1,0.18,1,1,1,0.126,1,0
txn_002532,6854.31,groceries,COD,50005,2026-04-21T09:06:00,agent_36,34,groceries,4620.77,attr_4,groceries,6854.31,attr_4,user_396,1710.88,groceries,232,0,0.09,1,0,1,0.063,0,0
txn_002533,667.36,home,prepaid,500017,2026-01-25T06:36:00,agent_12,272,home,615.19,attr_3,home,667.36,attr_4,user_106,3602.78,home,1266,1,0.69,1,0,0,0.483,0,0
txn_002534,1455.23,fashion,COD,500015,2026-03-28T15:11:00,agent_18,118,fashion,1945.21,attr_5,fashion,1455.23,attr_5,user_251,1195.23,groceries,969,1,0.08,1,1,1,0.024,0,0
txn_002535,6844.35,fashion,prepaid,500018,2026-04-23T04:31:00,agent_8,96,fashion,6253.82,attr_4,fashion,6844.35,attr_4,user_288,3550.62,electronics,199,1,0.39,1,0,1,0.117,1,0
txn_002536,7425.42,home,COD,500013,2026-01-26T13:25:00,agent_40,65,home,6638.87,attr_3,home,7425.42,attr_3,user_384,5610.88,home,55,1,0.39,1,0,1,0.273,0,0
txn_002537,2044.23,flights,COD,50006,2026-03-27T07:02:00,agent_5,10,flights,2198.85,attr_1,flights,2044.23,attr_1,user_266,4195.79,footwear,82,1,0.35,1,1,1,0.105,1,0
txn_002538,2206.92,flights,COD,500017,2026-05-11T00:34:00,agent_3,7,home,1479.34,attr_1,flights,2206.92,attr_1,user_295,3501.66,home,214,1,0.57,0,0,1,0.171,0,1
txn_002539,3746.88,footwear,prepaid,50007,2026-03-30T01:22:00,agent_31,1,footwear,2658.93,attr_4,footwear,3746.88,attr_2,user_449,2403.97,footwear,1452,1,0.86,1,0,0,0.602,0,0
txn_002540,5633.21,footwear,COD,50003,2026-02-07T09:14:00,agent_53,145,footwear,6355.78,attr_5,footwear,5633.21,attr_5,user_140,3067.71,footwear,726,1,0.02,1,1,1,0.014,0,0
txn_002541,7651.66,footwear,prepaid,500015,2026-04-15T19:49:00,agent_46,16,flights,6601.64,attr_4,footwear,7651.66,attr_5,user_90,2136.54,flights,830,0,0.31,0,0,0,0.093,0,1
txn_002542,6334.83,fashion,COD,500017,2026-03-13T01:35:00,agent_3,46,fashion,6625.82,attr_5,fashion,6334.83,attr_5,user_287,4663.85,fashion,127,0,0.92,1,1,1,0.644,1,0
txn_002543,4693.79,home,COD,500014,2026-02-09T18:40:00,agent_15,34,home,5749.84,attr_5,home,4693.79,attr_5,user_182,830.93,footwear,787,1,0.73,1,1,1,0.219,0,0
txn_002544,1234.37,home,COD,50001,2026-02-09T05:33:00,agent_24,176,home,1916.84,attr_1,home,1234.37,attr_1,user_313,5397.49,home,376,1,0.28,1,1,1,0.196,0,0
txn_002545,3108.76,flights,COD,50008,2026-04-23T16:06:00,agent_39,226,flights,2442.66,attr_1,flights,3108.76,attr_3,user_168,5666.5,flights,898,1,0.86,1,0,0,0.602,1,0
txn_002546,5137.78,fashion,prepaid,500019,2026-02-20T15:54:00,agent_36,593,fashion,6027.54,attr_1,fashion,5137.78,attr_1,user_144,4869.68,fashion,1227,1,0.78,1,1,1,0.546,0,0
txn_002547,8031.16,fashion,prepaid,500011,2026-05-07T19:18:00,agent_17,380,fashion,6963.01,attr_2,fashion,8031.16,attr_2,user_405,5526.89,fashion,1338,1,0.1,1,0,1,0.07,0,0
txn_002548,1596.97,groceries,prepaid,500018,2026-01-09T22:03:00,agent_19,395,fashion,1398.6,attr_3,groceries,1596.97,attr_2,user_308,2385.6,fashion,675,1,0.99,0,0,0,0.297,0,0
txn_002549,1706.99,home,prepaid,50009,2026-03-09T00:43:00,agent_59,4,home,2140.18,attr_2,home,1706.99,attr_2,user_277,2031.19,home,1198,1,0.06,1,1,1,0.042,0,0
txn_002550,6357.57,footwear,COD,500013,2026-03-29T22:46:00,agent_47,76,footwear,6709.12,attr_3,footwear,6357.57,attr_3,user_422,4932.2,footwear,1430,1,0.42,1,1,1,0.294,0,0
txn_002551,5539.7,groceries,COD,500020,2026-03-24T09:18:00,agent_10,276,groceries,6593.13,attr_5,groceries,5539.7,attr_5,user_222,1031.48,footwear,1222,1,0.74,1,1,1,0.222,1,0
txn_002552,7230.84,fashion,COD,500012,2026-04-26T18:31:00,agent_29,64,fashion,7237.3,attr_2,fashion,7230.84,attr_2,user_69,3967.56,fashion,1421,1,0.35,1,1,1,0.245,0,0
txn_002553,1287.52,home,COD,500019,2026-02-02T06:43:00,agent_1,100,home,1076.46,attr_2,home,1287.52,attr_2,user_24,4931.26,home,723,1,0.74,1,0,1,0.518,0,0
txn_002554,3740.0,groceries,COD,500011,2026-05-10T21:16:00,agent_3,51,groceries,5926.47,attr_5,groceries,3740.0,attr_5,user_476,1602.69,groceries,1320,1,0.74,1,1,1,0.518,0,0
txn_002555,3424.82,electronics,prepaid,500013,2026-04-27T14:00:00,agent_32,56,electronics,5521.46,attr_4,electronics,3424.82,attr_4,user_149,3520.2,flights,779,1,0.15,1,1,1,0.045,0,0
txn_002556,3664.35,fashion,prepaid,50001,2026-03-23T16:12:00,agent_27,61,fashion,3408.78,attr_3,fashion,3664.35,attr_2,user_161,929.13,fashion,1229,0,0.49,1,0,0,0.343,0,0
txn_002557,610.57,fashion,prepaid,500017,2026-05-16T01:26:00,agent_43,409,fashion,665.6,attr_1,fashion,610.57,attr_1,user_411,823.52,fashion,1457,0,0.11,1,1,1,0.077,0,0
txn_002558,4618.41,fashion,COD,500013,2026-03-25T15:08:00,agent_14,70,fashion,3099.74,attr_2,fashion,4618.41,attr_3,user_440,4686.16,home,639,0,0.9,1,0,0,0.27,0,0
txn_002559,7327.12,home,COD,50008,2026-04-24T12:42:00,agent_6,391,home,5963.16,attr_2,home,7327.12,attr_2,user_416,2219.18,home,756,1,0.69,1,0,1,0.483,1,0
txn_002560,3951.04,groceries,prepaid,50006,2026-02-18T19:19:00,agent_52,184,groceries,5841.18,attr_4,groceries,3951.04,attr_4,user_337,2195.89,groceries,469,0,0.3,1,1,1,0.21,1,0
txn_002561,3096.26,fashion,COD,500016,2026-05-16T17:53:00,agent_24,2,fashion,2868.78,attr_2,fashion,3096.26,attr_4,user_219,1996.81,fashion,608,0,0.55,1,0,0,0.385,1,0
txn_002562,4322.35,groceries,COD,50005,2026-03-09T01:42:00,agent_13,104,groceries,3217.73,attr_5,groceries,4322.35,attr_1,user_174,2529.07,fashion,739,1,0.56,1,0,0,0.168,0,1
txn_002563,7388.64,groceries,COD,500013,2026-04-12T02:23:00,agent_21,25,groceries,5107.98,attr_2,groceries,7388.64,attr_4,user_25,736.73,footwear,1306,1,0.02,1,0,0,0.006,0,1
txn_002564,5043.07,groceries,prepaid,500012,2026-03-04T18:59:00,agent_20,30,groceries,7141.09,attr_4,groceries,5043.07,attr_4,user_461,5034.88,groceries,138,1,0.09,1,1,1,0.063,0,0
txn_002565,3193.22,fashion,COD,500012,2026-03-13T21:52:00,agent_35,156,fashion,3968.27,attr_5,fashion,3193.22,attr_5,user_349,2601.01,fashion,1165,1,0.25,1,1,1,0.175,0,1
txn_002566,439.11,home,COD,500011,2026-05-18T22:29:00,agent_23,111,home,612.66,attr_4,home,439.11,attr_4,user_406,2527.74,home,385,1,0.62,1,1,1,0.434,0,0
txn_002567,700.29,footwear,prepaid,500019,2026-03-18T17:58:00,agent_51,137,footwear,1033.75,attr_4,footwear,700.29,attr_4,user_447,4685.61,footwear,411,1,0.28,1,1,1,0.196,0,0
txn_002568,3989.15,home,COD,500014,2026-02-26T23:50:00,agent_28,225,fashion,3344.73,attr_3,home,3989.15,attr_2,user_92,1274.41,fashion,662,1,0.6,0,0,0,0.18,0,0
txn_002569,514.89,electronics,COD,500020,2026-04-09T08:59:00,agent_47,37,electronics,817.36,attr_3,electronics,514.89,attr_3,user_191,5929.74,groceries,1476,1,0.5,1,1,1,0.15,0,0
txn_002570,3249.86,electronics,prepaid,50006,2026-02-09T20:37:00,agent_4,145,electronics,3676.13,attr_3,electronics,3249.86,attr_3,user_383,5454.0,electronics,1010,0,0.67,1,1,1,0.469,1,0
txn_002571,5361.14,electronics,COD,50004,2026-02-24T08:19:00,agent_46,63,electronics,3522.49,attr_4,electronics,5361.14,attr_1,user_117,3984.63,electronics,678,1,0.75,1,0,0,0.525,0,0
txn_002572,10017.46,groceries,COD,500016,2026-03-27T18:36:00,agent_43,347,groceries,7213.1,attr_1,groceries,10017.46,attr_1,user_346,3867.26,groceries,1249,1,0.26,1,0,1,0.182,0,0
txn_002573,5133.76,footwear,COD,50004,2026-01-14T15:47:00,agent_7,35,footwear,6663.38,attr_2,footwear,5133.76,attr_2,user_462,745.51,footwear,687,1,0.15,1,1,1,0.105,1,0
txn_002574,4168.33,home,COD,50009,2026-03-29T20:17:00,agent_59,21,home,4297.54,attr_5,home,4168.33,attr_5,user_201,1412.58,electronics,1348,1,0.29,1,1,1,0.087,0,0
txn_002575,5651.79,home,prepaid,50001,2026-01-22T19:36:00,agent_19,46,home,3601.22,attr_3,home,5651.79,attr_4,user_479,3723.13,home,915,1,0.85,1,0,0,0.595,0,0
txn_002576,8952.94,home,prepaid,500014,2026-03-12T23:17:00,agent_11,164,home,6506.04,attr_5,home,8952.94,attr_2,user_154,1231.92,home,1346,1,0.46,1,0,0,0.322,0,1
txn_002577,1655.66,flights,COD,50005,2026-04-25T09:16:00,agent_35,272,flights,1354.16,attr_4,flights,1655.66,attr_2,user_493,3431.64,flights,1243,1,0.68,1,0,0,0.476,1,0
txn_002578,2819.83,footwear,COD,500015,2026-03-28T19:19:00,agent_57,100,footwear,2544.47,attr_2,footwear,2819.83,attr_2,user_415,2516.35,footwear,38,1,0.3,1,0,1,0.21,0,1
txn_002579,9681.85,footwear,prepaid,500019,2026-05-14T02:52:00,agent_12,333,footwear,7761.13,attr_4,footwear,9681.85,attr_4,user_431,4028.18,footwear,265,0,0.86,1,0,1,0.602,1,0
txn_002580,6846.42,footwear,COD,50009,2026-02-09T16:13:00,agent_32,20,footwear,7531.23,attr_5,footwear,6846.42,attr_5,user_428,5272.64,fashion,760,1,0.82,1,1,1,0.246,0,0
txn_002581,2579.05,footwear,COD,50009,2026-03-11T22:57:00,agent_38,23,footwear,2737.38,attr_5,footwear,2579.05,attr_5,user_193,3745.35,footwear,1490,1,0.98,1,1,1,0.686,0,1
txn_002582,11299.67,footwear,COD,50007,2026-03-14T10:47:00,agent_11,3,footwear,7300.48,attr_4,footwear,11299.67,attr_4,user_49,5543.82,footwear,695,1,0.96,1,0,1,0.672,0,0
txn_002583,6075.46,flights,prepaid,500015,2026-02-14T16:27:00,agent_6,134,flights,4107.45,attr_1,flights,6075.46,attr_5,user_159,1511.41,flights,1423,1,0.24,1,0,0,0.168,1,0
txn_002584,2438.11,flights,prepaid,500020,2026-05-02T21:09:00,agent_19,30,flights,2740.52,attr_3,flights,2438.11,attr_3,user_174,4417.0,flights,939,1,0.03,1,1,1,0.021,0,0
txn_002585,1607.49,flights,prepaid,500011,2026-03-08T08:38:00,agent_23,12,flights,1657.21,attr_4,flights,1607.49,attr_4,user_105,3099.58,flights,1033,1,0.01,1,1,1,0.007,1,0
txn_002586,11780.19,groceries,prepaid,500020,2026-01-02T10:34:00,agent_40,204,groceries,7834.14,attr_5,groceries,11780.19,attr_5,user_273,5289.26,groceries,351,1,0.88,1,0,1,0.616,0,1
txn_002587,8044.07,electronics,COD,500017,2026-05-03T04:41:00,agent_25,51,electronics,5964.73,attr_5,electronics,8044.07,attr_5,user_386,2530.23,electronics,755,0,0.88,1,0,1,0.616,1,0
txn_002588,4916.61,footwear,COD,500012,2026-04-17T10:04:00,agent_27,61,footwear,4235.18,attr_3,footwear,4916.61,attr_3,user_432,5691.06,groceries,1427,1,0.6,1,0,1,0.18,0,0
txn_002589,2168.22,flights,prepaid,50006,2026-04-17T00:58:00,agent_34,76,flights,1788.67,attr_2,flights,2168.22,attr_2,user_406,1169.61,flights,357,1,0.94,1,0,1,0.658,0,0
txn_002590,6503.95,electronics,prepaid,500011,2026-05-17T19:23:00,agent_43,39,electronics,4299.47,attr_1,electronics,6503.95,attr_1,user_320,3915.02,fashion,897,0,0.1,1,0,1,0.03,1,0
txn_002591,5695.13,footwear,COD,50008,2026-04-16T11:19:00,agent_44,38,footwear,7439.8,attr_5,footwear,5695.13,attr_5,user_101,1140.26,footwear,610,0,0.76,1,1,1,0.532,1,0
txn_002592,5853.74,flights,prepaid,50006,2026-03-13T06:17:00,agent_12,29,flights,6047.63,attr_1,flights,5853.74,attr_1,user_411,4424.88,flights,1164,1,0.51,1,1,1,0.357,0,0
txn_002593,5331.7,groceries,COD,50007,2026-01-03T18:17:00,agent_54,28,groceries,7450.1,attr_5,groceries,5331.7,attr_5,user_71,2018.34,groceries,573,1,0.05,1,1,1,0.035,0,0
txn_002594,1537.01,flights,prepaid,50004,2026-03-25T11:12:00,agent_50,32,flights,2006.57,attr_5,flights,1537.01,attr_5,user_481,4693.68,flights,903,1,0.84,1,1,1,0.588,0,0
txn_002595,1965.44,home,COD,500014,2026-02-22T09:56:00,agent_10,290,home,1467.1,attr_4,home,1965.44,attr_1,user_76,1499.23,groceries,404,1,0.41,1,0,0,0.123,0,0
txn_002596,1574.63,electronics,prepaid,500013,2026-05-05T11:48:00,agent_8,17,electronics,1944.59,attr_5,electronics,1574.63,attr_5,user_423,3142.46,electronics,911,1,0.35,1,1,1,0.245,0,0
txn_002597,1304.63,home,prepaid,500016,2026-05-09T13:18:00,agent_11,4,home,1416.31,attr_3,home,1304.63,attr_3,user_448,1187.65,footwear,66,1,0.25,1,1,1,0.075,0,0
txn_002598,5097.94,home,prepaid,500014,2026-03-23T10:39:00,agent_56,48,home,6019.16,attr_3,home,5097.94,attr_3,user_215,2239.18,home,402,0,0.54,1,1,1,0.378,1,0
txn_002599,4946.17,footwear,COD,50008,2026-04-21T16:23:00,agent_8,267,footwear,3404.31,attr_3,footwear,4946.17,attr_1,user_458,3003.25,home,1384,1,0.63,1,0,0,0.189,0,1
txn_002600,7111.54,electronics,COD,500014,2026-05-02T18:36:00,agent_59,124,electronics,7548.77,attr_5,electronics,7111.54,attr_5,user_313,1439.14,electronics,819,1,0.62,1,1,1,0.434,1,0
txn_002601,647.13,fashion,COD,50006,2026-05-04T22:21:00,agent_6,239,fashion,717.78,attr_4,fashion,647.13,attr_4,user_281,4191.86,electronics,407,1,0.77,1,1,1,0.231,1,0
txn_002602,1663.68,fashion,COD,50009,2026-03-03T17:43:00,agent_33,105,fashion,1720.7,attr_3,fashion,1663.68,attr_3,user_22,1540.68,fashion,142,1,0.64,1,1,1,0.448,0,0
txn_002603,1527.13,fashion,COD,500011,2026-05-14T17:20:00,agent_13,302,fashion,1648.47,attr_5,fashion,1527.13,attr_5,user_426,5153.93,fashion,216,1,0.13,1,1,1,0.091,0,0
txn_002604,2944.05,flights,COD,500015,2026-01-07T13:17:00,agent_51,143,flights,3035.47,attr_5,flights,2944.05,attr_5,user_396,2198.86,flights,329,1,0.62,1,1,1,0.434,1,0
txn_002605,3822.67,groceries,prepaid,50007,2026-01-03T21:50:00,agent_11,21,groceries,2643.2,attr_5,groceries,3822.67,attr_5,user_50,5460.79,groceries,617,1,0.11,1,0,1,0.077,0,1
txn_002606,1168.59,fashion,prepaid,50003,2026-01-03T15:45:00,agent_47,41,fashion,1505.93,attr_2,fashion,1168.59,attr_2,user_449,2516.63,fashion,338,1,0.08,1,1,1,0.056,0,0
txn_002607,2006.62,groceries,COD,50004,2026-04-22T18:49:00,agent_49,121,groceries,1665.75,attr_1,groceries,2006.62,attr_1,user_102,876.85,groceries,1267,1,0.08,1,0,1,0.056,0,0
txn_002608,5529.28,flights,COD,500016,2026-01-07T15:47:00,agent_24,121,flights,5128.3,attr_1,flights,5529.28,attr_1,user_69,2491.56,fashion,852,1,0.55,1,0,1,0.165,0,0
txn_002609,5520.52,home,prepaid,500010,2026-02-16T23:25:00,agent_27,43,home,6294.15,attr_3,home,5520.52,attr_3,user_498,1554.49,home,569,0,0.32,1,1,1,0.224,0,0
txn_002610,5708.33,home,COD,50002,2026-04-16T12:09:00,agent_25,104,home,7514.17,attr_2,home,5708.33,attr_2,user_215,5761.1,home,1305,1,0.89,1,1,1,0.623,1,0
txn_002611,3694.21,home,prepaid,500020,2026-03-20T06:00:00,agent_37,449,home,3003.44,attr_5,home,3694.21,attr_4,user_447,4657.59,home,150,1,0.29,1,0,0,0.203,1,0
txn_002612,3730.48,electronics,COD,500012,2026-04-27T05:44:00,agent_27,131,electronics,3794.37,attr_1,electronics,3730.48,attr_1,user_26,5258.05,flights,683,1,0.71,1,1,1,0.213,0,0
txn_002613,2052.21,groceries,prepaid,50001,2026-05-02T06:10:00,agent_1,19,groceries,3412.7,attr_1,groceries,2052.21,attr_1,user_212,977.35,groceries,836,1,0.56,1,1,1,0.392,0,0
txn_002614,1314.16,home,COD,500011,2026-04-21T07:34:00,agent_31,211,home,1795.12,attr_5,home,1314.16,attr_5,user_488,5654.01,home,831,1,0.8,1,1,1,0.56,1,0
txn_002615,3164.88,home,prepaid,50002,2026-03-22T11:55:00,agent_1,209,home,2839.9,attr_2,home,3164.88,attr_2,user_440,4482.37,home,1277,1,0.59,1,0,1,0.413,0,0
txn_002616,1777.21,footwear,COD,50004,2026-03-16T12:59:00,agent_19,3,footwear,2154.52,attr_1,footwear,1777.21,attr_1,user_127,825.92,footwear,165,1,0.77,1,1,1,0.539,1,0
txn_002617,7369.63,electronics,prepaid,500012,2026-05-08T11:28:00,agent_13,58,electronics,7554.39,attr_3,electronics,7369.63,attr_3,user_237,1975.78,electronics,126,1,0.93,1,1,1,0.651,0,0
txn_002618,6525.56,electronics,prepaid,50006,2026-02-22T20:53:00,agent_33,203,electronics,5139.99,attr_5,electronics,6525.56,attr_1,user_417,5483.87,groceries,130,1,0.81,1,0,0,0.243,0,0
txn_002619,3173.11,electronics,COD,50005,2026-05-04T14:48:00,agent_55,275,electronics,5027.74,attr_1,electronics,3173.11,attr_1,user_109,2931.05,electronics,1411,1,0.91,1,1,1,0.637,0,0
txn_002620,3631.53,fashion,prepaid,500017,2026-04-12T01:38:00,agent_33,422,fashion,3779.85,attr_2,fashion,3631.53,attr_2,user_289,3732.34,home,299,1,0.18,1,1,1,0.054,0,0
txn_002621,1532.89,groceries,COD,500014,2026-01-13T06:49:00,agent_49,69,groceries,1196.91,attr_3,groceries,1532.89,attr_3,user_208,4359.99,groceries,314,1,0.99,1,0,1,0.693,1,0
txn_002622,4067.43,flights,prepaid,50009,2026-02-06T23:12:00,agent_31,12,flights,2629.5,attr_2,flights,4067.43,attr_1,user_177,5295.52,flights,880,1,0.27,1,0,0,0.189,1,0
txn_002623,2772.46,footwear,prepaid,50005,2026-01-08T06:38:00,agent_28,3,home,1934.94,attr_4,footwear,2772.46,attr_4,user_136,5196.89,home,349,1,0.11,0,0,1,0.033,0,0
txn_002624,6759.54,fashion,COD,500014,2026-01-20T18:49:00,agent_50,15,fashion,6963.16,attr_3,fashion,6759.54,attr_3,user_43,5623.57,fashion,263,1,0.77,1,1,1,0.539,0,0
txn_002625,8148.29,flights,prepaid,500018,2026-03-05T00:53:00,agent_44,226,flights,5969.25,attr_2,flights,8148.29,attr_2,user_276,1188.32,flights,1397,1,0.99,1,0,1,0.693,0,0
txn_002626,4312.62,footwear,prepaid,50003,2026-02-13T10:57:00,agent_11,203,groceries,3889.75,attr_4,footwear,4312.62,attr_4,user_5,2942.08,groceries,1453,0,0.62,0,0,1,0.186,0,1
txn_002627,5155.3,fashion,COD,50009,2026-04-09T09:53:00,agent_47,47,fashion,5938.78,attr_4,fashion,5155.3,attr_4,user_90,1141.55,fashion,1489,1,0.43,1,1,1,0.301,0,0
txn_002628,5112.34,footwear,COD,50009,2026-03-11T15:55:00,agent_48,421,footwear,6274.3,attr_5,footwear,5112.34,attr_5,user_284,2906.14,footwear,1061,1,0.98,1,1,1,0.686,0,0
txn_002629,4594.07,groceries,COD,500018,2026-03-01T21:14:00,agent_7,90,groceries,6499.85,attr_4,groceries,4594.07,attr_4,user_244,1169.8,groceries,90,1,0.21,1,1,1,0.147,0,0
txn_002630,6073.65,home,COD,500020,2026-03-12T02:12:00,agent_49,25,home,4476.57,attr_3,home,6073.65,attr_3,user_374,2053.16,home,1233,1,0.86,1,0,1,0.602,0,1
txn_002631,5848.05,home,COD,50005,2026-02-24T15:58:00,agent_8,0,home,7341.12,attr_5,home,5848.05,attr_5,user_444,3619.54,home,1224,1,0.42,1,1,1,0.294,0,0
txn_002632,1387.5,electronics,prepaid,50007,2026-02-07T16:58:00,agent_7,18,electronics,2256.69,attr_3,electronics,1387.5,attr_3,user_473,5570.99,fashion,1112,0,0.56,1,1,1,0.168,1,0
txn_002633,863.84,fashion,COD,50004,2026-02-18T00:11:00,agent_55,10,fashion,1086.42,attr_3,fashion,863.84,attr_3,user_182,1037.56,flights,1329,1,0.4,1,1,1,0.12,1,0
txn_002634,3377.74,electronics,COD,500012,2026-01-04T13:51:00,agent_8,385,electronics,5198.83,attr_5,electronics,3377.74,attr_5,user_395,2711.44,electronics,370,1,0.71,1,1,1,0.497,0,0
txn_002635,4489.51,flights,COD,500010,2026-04-11T13:55:00,agent_57,131,flights,4889.43,attr_3,flights,4489.51,attr_3,user_203,2046.7,flights,997,0,0.79,1,1,1,0.553,1,0
txn_002636,954.15,flights,COD,500017,2026-04-16T16:23:00,agent_51,88,flights,1421.55,attr_2,flights,954.15,attr_2,user_292,2002.9,flights,1012,1,0.13,1,1,1,0.091,0,0
txn_002637,2653.55,fashion,COD,500012,2026-01-02T12:49:00,agent_56,55,fashion,2803.41,attr_3,fashion,2653.55,attr_3,user_269,5732.83,groceries,918,1,0.73,1,1,1,0.219,0,0
txn_002638,8387.31,fashion,COD,50008,2026-04-22T17:55:00,agent_44,43,fashion,7465.7,attr_1,fashion,8387.31,attr_1,user_245,939.4,fashion,524,1,0.03,1,0,1,0.021,0,0
txn_002639,4474.17,electronics,prepaid,50008,2026-03-29T10:42:00,agent_34,609,electronics,5430.82,attr_1,electronics,4474.17,attr_1,user_276,4920.63,electronics,1481,1,0.05,1,1,1,0.035,0,0
txn_002640,2239.31,flights,COD,500018,2026-04-02T12:05:00,agent_55,173,flights,2916.08,attr_4,flights,2239.31,attr_4,user_389,1865.58,flights,1399,1,0.85,1,1,1,0.595,0,0
txn_002641,1217.18,electronics,prepaid,500015,2026-04-23T05:21:00,agent_20,61,electronics,1255.13,attr_4,electronics,1217.18,attr_4,user_120,3840.44,electronics,941,0,0.12,1,1,1,0.084,0,1
txn_002642,5335.15,electronics,COD,500015,2026-02-10T19:46:00,agent_31,72,electronics,4030.41,attr_2,electronics,5335.15,attr_2,user_159,2833.07,electronics,1444,1,0.7,1,0,1,0.49,0,0
txn_002643,1113.36,home,COD,500010,2026-03-22T23:47:00,agent_9,38,home,1842.19,attr_1,home,1113.36,attr_1,user_309,1074.6,home,178,1,0.29,1,1,1,0.203,1,0
txn_002644,6365.32,groceries,prepaid,500014,2026-04-19T05:55:00,agent_53,82,groceries,4210.13,attr_1,groceries,6365.32,attr_1,user_471,3490.53,fashion,1400,1,0.46,1,0,1,0.138,1,0
txn_002645,3698.7,home,COD,50004,2026-04-11T10:11:00,agent_8,62,home,6048.29,attr_3,home,3698.7,attr_3,user_354,778.58,home,1197,1,0.58,1,1,1,0.406,0,0
txn_002646,5437.36,flights,COD,50002,2026-04-30T12:39:00,agent_58,27,flights,3748.28,attr_5,flights,5437.36,attr_3,user_104,2678.28,flights,1431,1,0.64,1,0,0,0.448,0,0
txn_002647,4524.15,fashion,COD,500020,2026-04-29T14:42:00,agent_30,152,fashion,3083.27,attr_3,fashion,4524.15,attr_4,user_346,1114.82,fashion,1207,1,0.56,1,0,0,0.392,0,1
txn_002648,6912.75,home,COD,500015,2026-05-19T18:45:00,agent_45,133,home,6174.95,attr_2,home,6912.75,attr_2,user_340,4470.02,home,1476,1,0.61,1,0,1,0.427,0,0
txn_002649,6689.67,flights,prepaid,50002,2026-02-05T05:01:00,agent_11,86,flights,7147.32,attr_1,flights,6689.67,attr_1,user_165,1850.65,flights,1132,1,0.09,1,1,1,0.063,0,0
txn_002650,4846.84,electronics,COD,50007,2026-02-17T03:23:00,agent_22,69,electronics,5927.12,attr_2,electronics,4846.84,attr_2,user_119,2148.55,groceries,778,1,0.8,1,1,1,0.24,1,0
txn_002651,4355.54,flights,COD,500018,2026-02-18T01:12:00,agent_20,258,flights,6171.49,attr_4,flights,4355.54,attr_4,user_216,1914.04,flights,422,0,0.04,1,1,1,0.028,0,0
txn_002652,4962.46,footwear,COD,500020,2026-01-16T14:15:00,agent_5,6,footwear,6137.93,attr_5,footwear,4962.46,attr_5,user_67,4790.18,footwear,1468,1,0.84,1,1,1,0.588,1,0
txn_002653,5426.3,electronics,prepaid,50009,2026-01-02T07:29:00,agent_4,46,electronics,4062.52,attr_4,electronics,5426.3,attr_4,user_360,2145.78,electronics,1444,1,0.1,1,0,1,0.07,0,0
txn_002654,3870.95,fashion,COD,50007,2026-01-26T00:54:00,agent_12,77,fashion,2961.35,attr_4,fashion,3870.95,attr_1,user_114,647.35,fashion,1085,1,0.24,1,0,0,0.168,0,0
txn_002655,10593.97,flights,prepaid,500011,2026-04-24T21:19:00,agent_31,184,flights,7147.57,attr_2,flights,10593.97,attr_2,user_110,2936.78,home,1160,1,0.71,1,0,1,0.213,0,0
txn_002656,896.91,fashion,prepaid,500020,2026-01-13T02:49:00,agent_58,184,fashion,1290.8,attr_1,fashion,896.91,attr_1,user_216,3169.77,fashion,520,1,0.1,1,1,1,0.07,0,0
txn_002657,6509.94,electronics,COD,50004,2026-02-16T15:29:00,agent_26,108,electronics,4172.98,attr_3,electronics,6509.94,attr_3,user_53,893.69,electronics,68,1,0.09,1,0,1,0.063,0,1
txn_002658,4978.88,groceries,prepaid,500010,2026-02-11T14:21:00,agent_10,29,groceries,6505.08,attr_1,groceries,4978.88,attr_1,user_174,3753.39,footwear,482,1,0.45,1,1,1,0.135,0,0
txn_002659,5723.86,home,COD,500015,2026-04-16T01:53:00,agent_40,23,home,5870.92,attr_4,home,5723.86,attr_4,user_145,3976.17,electronics,320,1,0.53,1,1,1,0.159,0,0
txn_002660,4487.58,flights,prepaid,50006,2026-02-06T00:05:00,agent_34,61,flights,6792.27,attr_3,flights,4487.58,attr_3,user_222,1790.48,fashion,661,1,0.28,1,1,1,0.084,1,0
txn_002661,9161.91,electronics,prepaid,50005,2026-04-29T03:36:00,agent_56,45,electronics,7872.5,attr_5,electronics,9161.91,attr_5,user_417,2520.72,flights,1037,1,0.82,1,0,1,0.246,1,0
txn_002662,4765.36,footwear,COD,50006,2026-05-10T19:23:00,agent_58,24,footwear,6828.21,attr_3,footwear,4765.36,attr_3,user_380,5015.84,footwear,1036,1,0.39,1,1,1,0.273,1,0
txn_002663,7349.56,flights,COD,500010,2026-02-20T20:48:00,agent_55,218,flights,7613.87,attr_1,flights,7349.56,attr_1,user_120,4427.89,flights,190,1,0.27,1,1,1,0.189,0,0
txn_002664,7939.03,electronics,prepaid,50007,2026-02-14T10:43:00,agent_15,119,electronics,7147.3,attr_3,electronics,7939.03,attr_3,user_168,3369.46,electronics,1431,1,0.17,1,0,1,0.119,0,1
txn_002665,6756.94,electronics,COD,500017,2026-02-15T03:12:00,agent_27,2,electronics,5178.81,attr_2,electronics,6756.94,attr_2,user_213,514.9,flights,641,1,0.67,1,0,1,0.201,1,0
txn_002666,5750.87,home,prepaid,500017,2026-02-12T04:31:00,agent_28,200,home,3928.97,attr_5,home,5750.87,attr_5,user_366,2212.97,home,266,1,0.7,1,0,1,0.49,0,0
txn_002667,575.55,electronics,prepaid,50005,2026-02-18T09:51:00,agent_51,87,electronics,627.78,attr_5,electronics,575.55,attr_5,user_475,3790.82,electronics,568,1,0.75,1,1,1,0.525,0,0
txn_002668,6512.26,groceries,COD,500014,2026-04-22T07:23:00,agent_11,135,groceries,4704.98,attr_5,groceries,6512.26,attr_5,user_481,1529.8,electronics,1497,1,0.19,1,0,1,0.057,1,0
txn_002669,3303.58,groceries,COD,50004,2026-03-18T13:03:00,agent_44,144,groceries,2344.04,attr_4,groceries,3303.58,attr_3,user_450,806.88,groceries,1181,1,0.71,1,0,0,0.497,1,0
txn_002670,8281.29,home,COD,50005,2026-03-13T05:01:00,agent_37,38,home,7740.1,attr_2,home,8281.29,attr_3,user_390,1156.34,footwear,595,1,0.56,1,0,0,0.168,1,0
txn_002671,3537.03,home,prepaid,50002,2026-05-09T22:57:00,agent_42,527,home,2301.87,attr_2,home,3537.03,attr_2,user_289,3675.58,electronics,1142,1,0.92,1,0,1,0.276,0,0
txn_002672,422.69,groceries,COD,50007,2026-05-01T20:34:00,agent_22,17,groceries,660.76,attr_4,groceries,422.69,attr_4,user_346,3121.21,groceries,138,1,0.27,1,1,1,0.189,0,0
txn_002673,6977.2,electronics,COD,50006,2026-01-21T08:14:00,agent_45,38,electronics,6277.06,attr_1,electronics,6977.2,attr_2,user_308,2358.3,electronics,657,1,0.36,1,0,0,0.252,0,0
txn_002674,11618.8,home,COD,50009,2026-04-20T15:48:00,agent_24,31,home,7957.48,attr_4,home,11618.8,attr_4,user_395,3010.04,home,1016,1,0.74,1,0,1,0.518,1,0
txn_002675,3868.83,home,prepaid,50001,2026-02-19T07:29:00,agent_2,167,home,4662.37,attr_2,home,3868.83,attr_2,user_372,4562.1,home,478,1,0.54,1,1,1,0.378,1,0
txn_002676,5687.98,groceries,prepaid,50003,2026-04-29T19:04:00,agent_31,63,groceries,6433.72,attr_4,groceries,5687.98,attr_4,user_479,2475.69,groceries,855,1,0.96,1,1,1,0.672,1,0
txn_002677,1609.31,footwear,COD,50008,2026-01-09T15:14:00,agent_27,192,footwear,1713.4,attr_5,footwear,1609.31,attr_5,user_351,3924.62,footwear,1422,1,0.36,1,1,1,0.252,0,0
txn_002678,4622.89,groceries,COD,50005,2026-05-03T01:43:00,agent_27,53,electronics,4399.83,attr_3,groceries,4622.89,attr_1,user_435,1935.45,electronics,409,1,0.2,0,0,0,0.06,0,1
txn_002679,11289.75,home,prepaid,500015,2026-04-04T18:18:00,agent_52,294,home,7766.77,attr_4,home,11289.75,attr_3,user_320,4947.1,home,1054,0,0.01,1,0,0,0.007,0,1
txn_002680,5002.71,electronics,COD,50005,2026-05-08T11:02:00,agent_36,233,electronics,5408.9,attr_3,electronics,5002.71,attr_3,user_158,3040.41,electronics,489,1,0.6,1,1,1,0.42,0,0
txn_002681,8442.9,flights,prepaid,50006,2026-02-04T01:54:00,agent_21,40,groceries,5919.93,attr_3,flights,8442.9,attr_3,user_23,3674.71,groceries,1297,1,0.04,0,0,1,0.012,0,0
txn_002682,3827.87,groceries,COD,500011,2026-03-20T09:23:00,agent_20,119,groceries,4727.2,attr_2,groceries,3827.87,attr_2,user_177,995.32,groceries,699,0,0.61,1,1,1,0.427,0,0
txn_002683,1828.84,flights,prepaid,500015,2026-03-19T04:51:00,agent_43,233,footwear,1162.13,attr_4,flights,1828.84,attr_4,user_373,4592.56,footwear,262,1,0.31,0,0,1,0.093,0,0
txn_002684,1264.39,flights,prepaid,500019,2026-05-16T23:18:00,agent_26,43,flights,1947.68,attr_5,flights,1264.39,attr_5,user_124,1526.67,flights,689,1,0.1,1,1,1,0.07,0,0
txn_002685,7830.1,electronics,prepaid,500016,2026-03-24T16:33:00,agent_55,74,electronics,6588.57,attr_2,electronics,7830.1,attr_2,user_236,1451.86,electronics,17,1,0.33,1,0,1,0.231,0,0
txn_002686,1803.09,home,prepaid,500010,2026-02-09T17:57:00,agent_31,2,electronics,1709.12,attr_5,home,1803.09,attr_5,user_273,3441.58,home,1029,1,0.58,0,0,1,0.406,1,0
txn_002687,4661.44,footwear,prepaid,50005,2026-02-15T10:04:00,agent_27,94,footwear,2952.25,attr_2,footwear,4661.44,attr_4,user_168,984.61,flights,13,0,0.27,1,0,0,0.081,0,0
txn_002688,5657.11,electronics,prepaid,50007,2026-04-04T03:11:00,agent_59,43,electronics,3551.04,attr_3,electronics,5657.11,attr_3,user_174,1476.16,electronics,558,0,0.02,1,0,1,0.014,0,0
txn_002689,4921.35,footwear,COD,50008,2026-03-14T06:57:00,agent_43,203,footwear,6514.17,attr_1,footwear,4921.35,attr_1,user_453,1436.38,footwear,218,1,0.36,1,1,1,0.252,1,0
txn_002690,6491.16,footwear,prepaid,50008,2026-01-10T01:42:00,agent_55,84,footwear,4762.71,attr_4,footwear,6491.16,attr_3,user_485,5307.9,footwear,574,1,0.05,1,0,0,0.035,0,0
txn_002691,4451.74,groceries,COD,50006,2026-01-16T12:10:00,agent_3,331,groceries,7177.59,attr_2,groceries,4451.74,attr_2,user_161,3517.19,electronics,42,0,0.32,1,1,1,0.096,1,0
txn_002692,3259.74,flights,COD,500019,2026-01-23T15:57:00,agent_16,25,flights,3883.57,attr_1,flights,3259.74,attr_1,user_164,3932.11,flights,574,1,0.39,1,1,1,0.273,1,0
txn_002693,5463.28,electronics,prepaid,500015,2026-01-14T05:45:00,agent_10,224,electronics,6082.42,attr_5,electronics,5463.28,attr_5,user_241,5529.43,electronics,933,1,0.86,1,1,1,0.602,0,0
txn_002694,2206.84,home,prepaid,500015,2026-02-10T20:10:00,agent_31,51,home,3393.62,attr_3,home,2206.84,attr_3,user_6,5573.23,electronics,924,1,0.11,1,1,1,0.033,0,0
txn_002695,6158.85,electronics,prepaid,500015,2026-03-24T07:21:00,agent_29,68,electronics,7901.65,attr_3,electronics,6158.85,attr_3,user_411,5283.1,electronics,404,1,0.99,1,1,1,0.693,0,0
txn_002696,2434.75,footwear,COD,500010,2026-03-17T10:03:00,agent_24,245,footwear,3715.06,attr_3,footwear,2434.75,attr_3,user_242,3573.23,footwear,764,1,0.14,1,1,1,0.098,0,0
txn_002697,5432.55,electronics,COD,50003,2026-02-26T09:21:00,agent_30,127,electronics,6754.4,attr_1,electronics,5432.55,attr_1,user_131,999.76,footwear,516,1,0.23,1,1,1,0.069,1,0
txn_002698,3456.67,electronics,prepaid,50004,2026-02-26T12:55:00,agent_54,27,electronics,5684.35,attr_4,electronics,3456.67,attr_4,user_126,1630.93,electronics,397,1,0.38,1,1,1,0.266,1,0
txn_002699,4729.07,footwear,prepaid,500020,2026-02-14T11:21:00,agent_24,226,footwear,3991.61,attr_4,footwear,4729.07,attr_5,user_449,2077.71,footwear,165,0,0.67,1,0,0,0.469,0,0
txn_002700,10604.51,flights,prepaid,50008,2026-01-26T12:12:00,agent_18,92,flights,7878.47,attr_2,flights,10604.51,attr_4,user_312,5377.92,flights,188,1,0.32,1,0,0,0.224,1,0
txn_002701,6079.9,fashion,COD,500018,2026-02-10T06:06:00,agent_15,110,fashion,7384.6,attr_3,fashion,6079.9,attr_3,user_118,857.25,flights,1086,1,0.15,1,1,1,0.045,0,0
txn_002702,3744.89,footwear,prepaid,500011,2026-03-26T09:37:00,agent_4,71,footwear,4052.82,attr_2,footwear,3744.89,attr_2,user_11,3305.92,footwear,568,1,0.16,1,1,1,0.112,0,0
txn_002703,418.71,footwear,COD,500012,2026-02-08T14:11:00,agent_56,56,footwear,510.82,attr_4,footwear,418.71,attr_4,user_333,1453.63,footwear,584,1,0.76,1,1,1,0.532,0,1
txn_002704,3558.01,groceries,prepaid,50003,2026-04-22T14:25:00,agent_17,154,groceries,4305.27,attr_3,groceries,3558.01,attr_3,user_419,4195.48,fashion,686,1,0.57,1,1,1,0.171,0,0
txn_002705,2386.02,electronics,COD,50004,2026-04-30T19:10:00,agent_19,126,electronics,2681.29,attr_1,electronics,2386.02,attr_1,user_188,1291.77,electronics,737,1,0.54,1,1,1,0.378,0,0
txn_002706,5971.22,fashion,COD,50003,2026-04-07T21:23:00,agent_3,136,fashion,7522.21,attr_4,fashion,5971.22,attr_4,user_455,3234.91,fashion,801,1,0.79,1,1,1,0.553,0,0
txn_002707,10864.1,home,COD,50005,2026-05-02T10:41:00,agent_28,9,home,6893.08,attr_2,home,10864.1,attr_2,user_304,790.61,fashion,1039,1,0.42,1,0,1,0.126,1,0
txn_002708,1843.46,footwear,prepaid,50008,2026-01-22T08:47:00,agent_8,249,footwear,2404.1,attr_1,footwear,1843.46,attr_1,user_212,5815.53,fashion,696,1,0.67,1,1,1,0.201,0,0
txn_002709,10102.74,fashion,COD,50004,2026-04-30T17:47:00,agent_57,31,fashion,6611.83,attr_2,fashion,10102.74,attr_2,user_469,3072.89,fashion,786,1,0.88,1,0,1,0.616,0,0
txn_002710,3775.47,groceries,COD,50009,2026-04-27T14:54:00,agent_39,5,footwear,2767.26,attr_3,groceries,3775.47,attr_3,user_152,2880.45,footwear,393,1,0.97,0,0,1,0.291,0,0
txn_002711,2108.76,home,COD,50002,2026-01-25T20:22:00,agent_34,10,home,2732.53,attr_3,home,2108.76,attr_3,user_181,4094.54,home,815,1,0.15,1,1,1,0.105,1,0
txn_002712,5411.33,flights,COD,50003,2026-01-24T23:20:00,agent_51,146,flights,5875.16,attr_3,flights,5411.33,attr_3,user_211,5307.95,flights,463,1,0.02,1,1,1,0.014,0,0
txn_002713,5894.0,footwear,prepaid,50003,2026-02-07T00:55:00,agent_51,17,footwear,7618.54,attr_2,footwear,5894.0,attr_2,user_357,3407.74,footwear,193,1,0.54,1,1,1,0.378,0,1
txn_002714,2358.82,home,COD,500013,2026-01-26T12:09:00,agent_54,229,home,1613.66,attr_1,home,2358.82,attr_1,user_373,3319.42,fashion,133,1,0.72,1,0,1,0.216,0,1
txn_002715,9824.89,groceries,COD,50004,2026-04-15T00:41:00,agent_48,101,home,6743.01,attr_4,groceries,9824.89,attr_1,user_496,3415.42,home,565,1,0.26,0,0,0,0.078,1,0
txn_002716,4192.45,groceries,prepaid,500015,2026-01-06T11:38:00,agent_15,35,groceries,5035.89,attr_4,groceries,4192.45,attr_4,user_165,2175.31,electronics,533,1,0.1,1,1,1,0.03,0,0
txn_002717,6964.86,groceries,prepaid,500018,2026-03-19T06:21:00,agent_12,176,groceries,4989.77,attr_3,groceries,6964.86,attr_3,user_197,1655.62,footwear,1421,0,0.98,1,0,1,0.294,1,0
txn_002718,946.7,fashion,COD,500019,2026-04-09T11:27:00,agent_52,186,fashion,1034.83,attr_2,fashion,946.7,attr_2,user_406,4349.71,footwear,1133,1,0.87,1,1,1,0.261,1,0
txn_002719,2000.57,footwear,COD,50004,2026-02-14T05:37:00,agent_47,13,footwear,2938.39,attr_1,footwear,2000.57,attr_1,user_381,4758.33,footwear,1102,1,0.48,1,1,1,0.336,1,0
txn_002720,4559.46,home,COD,50002,2026-02-16T21:10:00,agent_50,288,home,6559.73,attr_1,home,4559.46,attr_1,user_468,1814.14,home,1029,1,0.17,1,1,1,0.119,1,0
txn_002721,3274.53,fashion,COD,50008,2026-03-24T02:02:00,agent_4,52,fashion,3543.84,attr_4,fashion,3274.53,attr_4,user_303,1657.8,flights,1352,1,0.72,1,1,1,0.216,1,0
txn_002722,1287.24,electronics,prepaid,50003,2026-04-24T10:56:00,agent_40,20,electronics,1661.05,attr_4,electronics,1287.24,attr_4,user_460,3731.02,fashion,731,0,0.82,1,1,1,0.246,0,0
txn_002723,1373.56,electronics,prepaid,500020,2026-02-27T01:14:00,agent_3,66,electronics,1673.82,attr_4,electronics,1373.56,attr_4,user_239,636.84,electronics,344,1,0.34,1,1,1,0.238,0,0
txn_002724,2507.17,home,COD,500018,2026-05-12T14:44:00,agent_51,42,home,1802.18,attr_1,home,2507.17,attr_1,user_232,3857.55,home,913,0,0.79,1,0,1,0.553,1,0
txn_002725,2603.11,groceries,COD,500016,2026-05-19T15:45:00,agent_1,148,groceries,3467.31,attr_4,groceries,2603.11,attr_4,user_18,3249.23,groceries,182,1,0.85,1,1,1,0.595,0,0
txn_002726,4553.91,footwear,COD,50002,2026-05-10T01:26:00,agent_24,139,footwear,6384.13,attr_1,footwear,4553.91,attr_1,user_433,1015.25,footwear,265,1,0.6,1,1,1,0.42,0,0
txn_002727,1172.03,footwear,prepaid,500011,2026-03-29T05:31:00,agent_29,145,footwear,1261.49,attr_5,footwear,1172.03,attr_5,user_352,5419.86,footwear,1429,1,0.91,1,1,1,0.637,0,0
txn_002728,2449.95,electronics,prepaid,500011,2026-05-10T08:07:00,agent_35,18,electronics,3659.34,attr_5,electronics,2449.95,attr_5,user_346,1499.59,electronics,125,0,0.6,1,1,1,0.42,1,0
txn_002729,1551.01,fashion,prepaid,50002,2026-05-18T10:54:00,agent_44,82,fashion,2463.58,attr_5,fashion,1551.01,attr_5,user_314,4408.8,fashion,18,1,0.34,1,1,1,0.238,0,0
txn_002730,855.49,fashion,COD,50003,2026-03-28T23:29:00,agent_53,82,fashion,999.47,attr_2,fashion,855.49,attr_2,user_462,1755.81,fashion,918,0,0.48,1,1,1,0.336,0,0
txn_002731,1587.24,footwear,COD,500019,2026-01-16T23:08:00,agent_11,47,flights,1229.33,attr_2,footwear,1587.24,attr_2,user_217,1518.26,flights,460,1,0.8,0,0,1,0.24,0,1
txn_002732,9018.79,footwear,COD,500012,2026-03-20T13:30:00,agent_2,162,electronics,7948.72,attr_5,footwear,9018.79,attr_3,user_328,1410.15,electronics,1425,1,0.37,0,0,0,0.111,0,1
txn_002733,5149.56,footwear,COD,500011,2026-04-14T01:06:00,agent_38,350,footwear,5931.33,attr_1,footwear,5149.56,attr_1,user_18,1206.06,footwear,660,1,0.84,1,1,1,0.588,0,0
txn_002734,5427.36,home,COD,50004,2026-05-15T19:54:00,agent_8,24,home,3438.73,attr_1,home,5427.36,attr_5,user_125,1630.07,home,397,1,0.1,1,0,0,0.07,1,0
txn_002735,1323.84,electronics,prepaid,500018,2026-05-06T18:24:00,agent_38,24,electronics,2200.05,attr_2,electronics,1323.84,attr_2,user_70,4154.52,electronics,876,1,0.88,1,1,1,0.616,0,0
txn_002736,2384.33,footwear,prepaid,50007,2026-03-03T15:54:00,agent_46,5,footwear,2848.66,attr_4,footwear,2384.33,attr_4,user_115,4417.82,footwear,706,1,0.89,1,1,1,0.623,0,0
txn_002737,4042.2,fashion,COD,50005,2026-01-04T10:29:00,agent_11,1,fashion,5301.76,attr_3,fashion,4042.2,attr_3,user_260,5209.02,fashion,1350,1,0.75,1,1,1,0.525,0,0
txn_002738,765.02,home,prepaid,500011,2026-01-21T01:21:00,agent_21,61,home,1054.52,attr_1,home,765.02,attr_1,user_22,3814.36,home,1272,1,0.57,1,1,1,0.399,0,0
txn_002739,9856.3,flights,COD,500013,2026-01-22T15:30:00,agent_59,9,flights,7190.42,attr_2,flights,9856.3,attr_2,user_215,2798.17,flights,376,1,0.37,1,0,1,0.259,0,1
txn_002740,4233.78,fashion,prepaid,50005,2026-04-05T20:33:00,agent_51,81,fashion,5001.39,attr_4,fashion,4233.78,attr_4,user_207,4903.22,fashion,126,1,0.98,1,1,1,0.686,0,0
txn_002741,5033.29,home,COD,500011,2026-01-14T06:59:00,agent_30,346,home,3528.22,attr_4,home,5033.29,attr_4,user_201,2817.6,home,1350,1,0.02,1,0,1,0.014,0,0
txn_002742,6232.2,flights,COD,500016,2026-05-09T10:18:00,agent_59,29,flights,5550.95,attr_5,flights,6232.2,attr_3,user_94,1465.97,flights,1385,1,0.91,1,0,0,0.637,1,0
txn_002743,7140.31,fashion,prepaid,500018,2026-02-19T06:22:00,agent_17,435,fashion,7578.08,attr_5,fashion,7140.31,attr_5,user_117,4500.78,fashion,261,1,0.25,1,1,1,0.175,0,0
txn_002744,5821.11,electronics,prepaid,50007,2026-01-08T02:08:00,agent_5,70,electronics,7400.59,attr_2,electronics,5821.11,attr_2,user_3,2397.0,electronics,1158,1,0.52,1,1,1,0.364,0,0
txn_002745,7780.32,home,prepaid,500010,2026-01-04T13:09:00,agent_36,94,home,7928.37,attr_5,home,7780.32,attr_5,user_15,3300.01,home,1324,1,0.47,1,1,1,0.329,1,0
txn_002746,3834.04,flights,COD,50006,2026-04-08T07:27:00,agent_12,419,flights,4975.06,attr_4,flights,3834.04,attr_4,user_209,2441.72,flights,221,1,0.39,1,1,1,0.273,1,0
txn_002747,5704.94,electronics,prepaid,50004,2026-03-01T02:24:00,agent_34,150,electronics,5953.69,attr_2,electronics,5704.94,attr_2,user_425,3938.54,electronics,401,1,0.74,1,1,1,0.518,0,0
txn_002748,5640.48,fashion,COD,50004,2026-03-11T05:09:00,agent_13,86,fashion,4660.74,attr_1,fashion,5640.48,attr_1,user_382,2204.33,fashion,1352,1,0.74,1,0,1,0.518,0,0
txn_002749,8092.03,footwear,COD,50003,2026-03-04T08:30:00,agent_12,97,flights,6089.01,attr_2,footwear,8092.03,attr_2,user_56,4354.24,groceries,1141,1,0.51,0,0,1,0.153,1,0
txn_002750,1104.72,home,prepaid,500014,2026-03-03T04:36:00,agent_18,9,home,1267.83,attr_3,home,1104.72,attr_3,user_18,3102.09,home,205,1,0.31,1,1,1,0.217,1,0
txn_002751,4788.83,flights,prepaid,500010,2026-04-08T13:12:00,agent_5,225,flights,4838.16,attr_2,flights,4788.83,attr_2,user_211,3238.48,flights,444,1,0.84,1,1,1,0.588,0,0
txn_002752,8056.06,electronics,prepaid,500019,2026-05-05T22:02:00,agent_46,49,electronics,6347.34,attr_4,electronics,8056.06,attr_4,user_327,3848.59,electronics,210,0,0.07,1,0,1,0.049,1,0
txn_002753,3131.2,flights,prepaid,500011,2026-03-23T22:19:00,agent_36,147,flights,3411.67,attr_5,flights,3131.2,attr_5,user_275,1902.77,fashion,1262,0,0.22,1,1,1,0.066,0,0
txn_002754,2190.06,groceries,prepaid,50003,2026-01-14T09:43:00,agent_31,317,groceries,2051.84,attr_1,groceries,2190.06,attr_2,user_488,2545.13,groceries,840,1,0.85,1,0,0,0.595,0,1
txn_002755,2953.27,fashion,prepaid,50007,2026-04-23T21:37:00,agent_9,74,fashion,3796.62,attr_3,fashion,2953.27,attr_3,user_377,3931.24,fashion,438,1,0.71,1,1,1,0.497,0,0
txn_002756,2654.33,home,prepaid,50004,2026-01-12T05:08:00,agent_32,25,home,3977.28,attr_2,home,2654.33,attr_2,user_423,4860.93,home,404,0,0.94,1,1,1,0.658,0,0
txn_002757,2591.66,footwear,COD,50007,2026-05-15T05:26:00,agent_16,133,footwear,1630.43,attr_5,footwear,2591.66,attr_2,user_340,3663.07,flights,1175,1,0.36,1,0,0,0.108,1,0
txn_002758,4477.96,home,prepaid,500010,2026-01-15T15:25:00,agent_57,91,home,5968.95,attr_4,home,4477.96,attr_4,user_241,1203.8,electronics,1023,1,0.77,1,1,1,0.231,0,0
txn_002759,1965.74,home,COD,500010,2026-01-19T04:34:00,agent_27,9,home,3225.25,attr_3,home,1965.74,attr_3,user_31,3305.14,home,1030,1,0.44,1,1,1,0.308,0,0
txn_002760,5284.12,electronics,prepaid,500017,2026-03-25T21:11:00,agent_51,28,electronics,5371.5,attr_5,electronics,5284.12,attr_5,user_324,5544.82,electronics,1022,1,0.1,1,1,1,0.07,0,0
txn_002761,2164.85,home,COD,50004,2026-02-18T08:06:00,agent_44,53,home,3278.46,attr_3,home,2164.85,attr_3,user_309,5370.32,home,928,1,0.47,1,1,1,0.329,1,0
txn_002762,4598.54,home,prepaid,500012,2026-04-03T17:27:00,agent_3,55,home,5249.11,attr_5,home,4598.54,attr_5,user_395,2861.57,home,18,1,0.97,1,1,1,0.679,0,0
txn_002763,889.8,fashion,COD,50003,2026-02-16T22:46:00,agent_43,105,fashion,1226.63,attr_1,fashion,889.8,attr_1,user_182,5077.11,flights,491,1,0.96,1,1,1,0.288,0,0
txn_002764,6965.8,electronics,prepaid,500019,2026-01-26T03:39:00,agent_52,77,electronics,7646.72,attr_3,electronics,6965.8,attr_3,user_119,911.14,electronics,1344,1,0.07,1,1,1,0.049,1,0
txn_002765,5590.06,fashion,COD,50005,2026-02-09T23:03:00,agent_5,62,fashion,6537.89,attr_2,fashion,5590.06,attr_2,user_215,2720.82,fashion,651,1,0.99,1,1,1,0.693,0,0
txn_002766,375.14,flights,prepaid,500013,2026-02-25T12:29:00,agent_32,65,flights,585.65,attr_1,flights,375.14,attr_1,user_459,2553.24,flights,1323,1,0.33,1,1,1,0.231,0,0
txn_002767,3136.41,flights,prepaid,50001,2026-04-15T17:54:00,agent_53,26,flights,4411.1,attr_2,flights,3136.41,attr_2,user_98,1998.23,flights,768,1,0.39,1,1,1,0.273,0,0
txn_002768,1779.87,electronics,COD,500020,2026-02-02T00:50:00,agent_5,123,electronics,2788.32,attr_4,electronics,1779.87,attr_4,user_204,636.91,electronics,618,1,0.48,1,1,1,0.336,0,0
txn_002769,3655.82,fashion,COD,500020,2026-04-08T23:12:00,agent_54,133,fashion,5654.16,attr_2,fashion,3655.82,attr_2,user_89,3270.53,fashion,849,1,0.97,1,1,1,0.679,0,0
txn_002770,636.76,home,prepaid,500017,2026-04-23T10:33:00,agent_41,17,home,943.23,attr_1,home,636.76,attr_1,user_380,4655.52,home,251,1,0.39,1,1,1,0.273,0,0
txn_002771,11391.97,home,prepaid,50005,2026-02-28T06:24:00,agent_46,105,home,7153.93,attr_1,home,11391.97,attr_3,user_249,2407.47,fashion,292,0,0.95,1,0,0,0.285,0,1
txn_002772,796.78,flights,COD,500015,2026-04-25T06:01:00,agent_46,16,flights,1261.37,attr_5,flights,796.78,attr_5,user_463,518.02,flights,1241,1,0.15,1,1,1,0.105,1,0
txn_002773,4761.77,electronics,prepaid,500011,2026-04-14T22:03:00,agent_40,15,electronics,6354.38,attr_3,electronics,4761.77,attr_3,user_25,3714.42,electronics,694,1,0.83,1,1,1,0.581,0,0
txn_002774,2519.94,flights,COD,50007,2026-01-29T00:04:00,agent_1,110,flights,2057.27,attr_2,flights,2519.94,attr_2,user_240,5889.23,flights,760,1,0.58,1,0,1,0.406,0,0
txn_002775,2195.43,home,prepaid,500017,2026-04-11T23:21:00,agent_39,197,home,3644.01,attr_2,home,2195.43,attr_2,user_137,1057.36,home,1339,1,0.77,1,1,1,0.539,0,0
txn_002776,6943.55,home,COD,500013,2026-02-23T02:15:00,agent_46,8,home,5349.64,attr_1,home,6943.55,attr_1,user_470,2911.16,home,867,1,0.49,1,0,1,0.343,1,0
txn_002777,2584.98,groceries,COD,50004,2026-03-19T02:37:00,agent_29,217,groceries,2718.97,attr_3,groceries,2584.98,attr_3,user_445,4690.71,groceries,1435,1,0.76,1,1,1,0.532,1,0
txn_002778,4718.31,groceries,prepaid,500015,2026-04-28T13:43:00,agent_35,20,groceries,4079.07,attr_3,groceries,4718.31,attr_3,user_165,3843.89,groceries,913,1,0.62,1,0,1,0.434,0,0
txn_002779,6252.66,footwear,COD,50002,2026-04-08T22:28:00,agent_49,30,footwear,7062.78,attr_4,footwear,6252.66,attr_4,user_183,4090.61,footwear,630,1,0.13,1,1,1,0.091,0,0
txn_002780,3177.09,flights,COD,50005,2026-02-13T09:40:00,agent_50,105,flights,3925.73,attr_2,flights,3177.09,attr_2,user_301,1356.88,flights,407,1,0.34,1,1,1,0.238,0,0
txn_002781,1481.19,footwear,prepaid,500015,2026-03-11T07:19:00,agent_31,233,footwear,2250.06,attr_3,footwear,1481.19,attr_3,user_95,2888.58,footwear,1205,1,0.13,1,1,1,0.091,0,0
txn_002782,599.14,home,COD,500018,2026-03-24T00:42:00,agent_2,85,home,860.26,attr_4,home,599.14,attr_4,user_321,4512.67,home,905,1,0.49,1,1,1,0.343,0,0
txn_002783,8823.39,home,COD,500017,2026-02-11T18:05:00,agent_4,126,home,6894.34,attr_4,home,8823.39,attr_1,user_219,5180.17,home,171,1,0.96,1,0,0,0.672,1,0
txn_002784,1198.56,home,prepaid,500019,2026-02-24T15:46:00,agent_19,179,home,1322.49,attr_4,home,1198.56,attr_4,user_55,1439.0,home,1439,1,0.11,1,1,1,0.077,0,0
txn_002785,5842.18,groceries,COD,500013,2026-01-21T17:40:00,agent_36,107,groceries,4547.37,attr_2,groceries,5842.18,attr_2,user_110,5047.31,groceries,660,1,0.29,1,0,1,0.203,0,1
txn_002786,7515.15,fashion,prepaid,500014,2026-01-21T21:39:00,agent_13,118,fashion,5217.4,attr_1,fashion,7515.15,attr_1,user_99,2082.93,fashion,1491,1,0.73,1,0,1,0.511,0,0
txn_002787,6912.56,footwear,COD,50008,2026-02-23T11:48:00,agent_52,103,footwear,5661.53,attr_4,footwear,6912.56,attr_3,user_222,1513.4,footwear,622,1,0.92,1,0,0,0.644,1,0
txn_002788,7027.95,footwear,COD,500016,2026-02-21T13:16:00,agent_53,81,footwear,4464.14,attr_3,footwear,7027.95,attr_4,user_481,918.38,footwear,1080,1,0.17,1,0,0,0.119,0,0
txn_002789,3612.31,fashion,prepaid,50002,2026-05-04T23:06:00,agent_59,50,fashion,5058.94,attr_4,fashion,3612.31,attr_4,user_368,5132.6,home,1236,1,0.39,1,1,1,0.117,0,0
txn_002790,8837.11,groceries,prepaid,50002,2026-03-16T04:58:00,agent_20,168,groceries,6962.09,attr_2,groceries,8837.11,attr_2,user_375,3969.04,groceries,1274,1,0.08,1,0,1,0.056,0,0
txn_002791,5139.54,fashion,COD,50009,2026-02-07T11:38:00,agent_28,291,fashion,5305.68,attr_4,fashion,5139.54,attr_4,user_417,1699.94,fashion,1136,1,0.11,1,1,1,0.077,0,0
txn_002792,6752.12,groceries,prepaid,50009,2026-02-25T02:25:00,agent_44,185,groceries,5046.76,attr_5,groceries,6752.12,attr_5,user_495,5716.21,groceries,356,1,0.0,1,0,1,0.0,0,0
txn_002793,1127.17,footwear,prepaid,50002,2026-03-24T23:38:00,agent_21,70,footwear,1459.6,attr_5,footwear,1127.17,attr_5,user_196,1498.19,footwear,1413,1,0.49,1,1,1,0.343,0,0
txn_002794,3562.56,footwear,COD,500015,2026-04-22T03:16:00,agent_38,93,footwear,4510.63,attr_3,footwear,3562.56,attr_3,user_355,3047.32,footwear,850,1,0.78,1,1,1,0.546,0,0
txn_002795,4807.08,electronics,COD,50001,2026-01-01T01:38:00,agent_59,27,electronics,5970.07,attr_5,electronics,4807.08,attr_5,user_48,3903.41,electronics,117,1,0.53,1,1,1,0.371,0,0
txn_002796,2731.64,flights,COD,50007,2026-01-08T07:54:00,agent_50,11,flights,4486.04,attr_2,flights,2731.64,attr_2,user_20,1861.29,flights,1084,1,0.07,1,1,1,0.049,1,0
txn_002797,3050.15,flights,COD,50008,2026-03-06T13:52:00,agent_47,90,flights,2211.16,attr_3,flights,3050.15,attr_3,user_152,1831.93,flights,1057,1,0.89,1,0,1,0.623,0,1
txn_002798,8035.37,groceries,COD,50004,2026-03-11T08:37:00,agent_45,176,footwear,6227.38,attr_5,groceries,8035.37,attr_5,user_285,5858.3,footwear,1283,0,0.57,0,0,1,0.171,0,0
txn_002799,1263.75,electronics,COD,500019,2026-04-07T10:21:00,agent_37,388,electronics,1776.72,attr_1,electronics,1263.75,attr_1,user_459,3390.27,electronics,326,1,0.26,1,1,1,0.182,0,0
txn_002800,2891.7,fashion,prepaid,500016,2026-02-15T22:44:00,agent_18,151,fashion,2920.07,attr_3,fashion,2891.7,attr_3,user_359,4478.42,fashion,1129,1,0.51,1,1,1,0.357,0,0
txn_002801,3008.28,home,prepaid,50001,2026-03-31T09:36:00,agent_3,78,home,2532.11,attr_5,home,3008.28,attr_5,user_222,3584.09,home,1045,1,0.52,1,0,1,0.364,0,1
txn_002802,1729.07,footwear,COD,50007,2026-01-08T23:36:00,agent_40,139,footwear,1924.16,attr_1,footwear,1729.07,attr_1,user_395,5374.3,footwear,707,0,0.25,1,1,1,0.175,1,0
txn_002803,704.79,home,COD,50006,2026-03-23T02:24:00,agent_55,219,home,792.87,attr_2,home,704.79,attr_2,user_292,5248.33,home,282,0,0.66,1,1,1,0.462,0,0
txn_002804,3607.01,home,COD,50001,2026-04-08T23:34:00,agent_42,14,home,4688.53,attr_4,home,3607.01,attr_4,user_416,4639.93,home,433,1,0.26,1,1,1,0.182,0,0
txn_002805,2039.43,groceries,prepaid,500010,2026-01-24T23:08:00,agent_54,64,groceries,2692.67,attr_1,groceries,2039.43,attr_1,user_294,3009.22,groceries,589,1,0.02,1,1,1,0.014,0,0
txn_002806,7941.66,electronics,COD,50001,2026-05-03T17:43:00,agent_36,17,electronics,5179.87,attr_5,electronics,7941.66,attr_1,user_82,2365.54,electronics,623,1,0.74,1,0,0,0.518,1,0
txn_002807,2334.95,fashion,COD,50007,2026-05-18T04:27:00,agent_10,76,fashion,2710.36,attr_4,fashion,2334.95,attr_4,user_69,4124.59,fashion,924,1,0.22,1,1,1,0.154,1,0
txn_002808,3942.06,flights,prepaid,50008,2026-03-08T20:41:00,agent_14,11,flights,5426.33,attr_4,flights,3942.06,attr_4,user_452,4895.34,flights,253,1,0.96,1,1,1,0.672,1,0
txn_002809,5108.79,groceries,COD,500014,2026-01-12T17:58:00,agent_43,138,groceries,7591.29,attr_1,groceries,5108.79,attr_1,user_112,3764.93,groceries,1106,1,0.66,1,1,1,0.462,1,0
txn_002810,5060.57,fashion,COD,50004,2026-01-24T09:06:00,agent_4,36,fashion,5750.57,attr_5,fashion,5060.57,attr_5,user_9,664.57,fashion,1194,1,0.66,1,1,1,0.462,1,0
txn_002811,3392.62,groceries,COD,500010,2026-03-08T09:26:00,agent_50,85,groceries,4618.83,attr_2,groceries,3392.62,attr_2,user_134,4910.65,groceries,451,1,0.76,1,1,1,0.532,0,0
txn_002812,3556.27,groceries,prepaid,500017,2026-04-10T11:28:00,agent_14,122,groceries,4396.5,attr_2,groceries,3556.27,attr_2,user_33,4301.85,groceries,650,1,0.39,1,1,1,0.273,0,0
txn_002813,7266.41,home,COD,500017,2026-04-23T23:39:00,agent_58,37,home,6576.58,attr_2,home,7266.41,attr_2,user_422,3026.84,home,148,1,0.69,1,0,1,0.483,0,0
txn_002814,2776.83,electronics,prepaid,500020,2026-04-23T02:56:00,agent_14,160,electronics,1970.95,attr_2,electronics,2776.83,attr_2,user_183,3979.89,fashion,1082,1,0.16,1,0,1,0.048,0,0
txn_002815,6852.15,fashion,COD,50002,2026-03-13T19:27:00,agent_14,1,fashion,5552.78,attr_1,fashion,6852.15,attr_2,user_293,1415.1,home,1021,1,0.23,1,0,0,0.069,0,0
txn_002816,3140.97,fashion,prepaid,50002,2026-04-05T05:12:00,agent_14,0,fashion,3485.99,attr_5,fashion,3140.97,attr_5,user_6,1484.67,fashion,229,1,0.05,1,1,1,0.035,0,0
txn_002817,5934.2,home,COD,50008,2026-02-18T17:06:00,agent_5,62,home,4629.43,attr_3,home,5934.2,attr_2,user_17,2563.51,electronics,934,1,0.05,1,0,0,0.015,0,1
txn_002818,3429.24,home,COD,500015,2026-04-02T10:26:00,agent_34,12,home,4928.58,attr_5,home,3429.24,attr_5,user_38,4689.59,home,282,1,0.75,1,1,1,0.525,0,0
txn_002819,6434.65,flights,prepaid,50005,2026-01-13T04:39:00,agent_7,167,flights,4056.96,attr_5,flights,6434.65,attr_2,user_391,5364.87,flights,1375,1,0.61,1,0,0,0.427,0,0
txn_002820,3177.08,home,COD,50002,2026-04-23T01:41:00,agent_43,188,home,5023.14,attr_5,home,3177.08,attr_5,user_390,5783.92,groceries,1439,1,0.3,1,1,1,0.09,0,0
txn_002821,3205.4,home,prepaid,500014,2026-02-25T21:06:00,agent_20,34,home,3301.33,attr_3,home,3205.4,attr_3,user_301,5898.42,home,83,1,0.84,1,1,1,0.588,0,0
txn_002822,2482.24,fashion,COD,50009,2026-04-02T07:33:00,agent_29,219,fashion,2954.65,attr_5,fashion,2482.24,attr_5,user_482,3007.55,fashion,516,1,0.3,1,1,1,0.21,0,0
txn_002823,4937.78,fashion,prepaid,500010,2026-02-03T00:35:00,agent_5,54,fashion,6423.32,attr_5,fashion,4937.78,attr_5,user_413,1562.12,fashion,1032,1,0.14,1,1,1,0.098,0,0
txn_002824,5885.94,flights,prepaid,500017,2026-03-26T21:16:00,agent_47,99,flights,4522.59,attr_1,flights,5885.94,attr_5,user_325,4910.94,flights,322,0,0.74,1,0,0,0.518,1,0
txn_002825,4301.74,groceries,COD,500018,2026-02-27T11:25:00,agent_4,125,groceries,4978.68,attr_3,groceries,4301.74,attr_3,user_168,5156.3,groceries,553,1,0.23,1,1,1,0.161,0,0
txn_002826,3725.65,electronics,COD,500020,2026-04-23T06:33:00,agent_45,143,electronics,5231.35,attr_3,electronics,3725.65,attr_3,user_214,5875.08,home,385,1,0.53,1,1,1,0.159,0,0
txn_002827,4743.68,home,COD,500013,2026-04-01T00:33:00,agent_43,53,home,7647.27,attr_2,home,4743.68,attr_2,user_313,1449.82,home,1173,1,0.45,1,1,1,0.315,0,0
txn_002828,8244.12,electronics,prepaid,50008,2026-02-22T19:43:00,agent_3,72,electronics,7317.07,attr_1,electronics,8244.12,attr_1,user_53,4728.17,electronics,945,1,0.33,1,0,1,0.231,0,0
txn_002829,6994.51,home,prepaid,50005,2026-05-04T02:22:00,agent_36,47,home,5471.18,attr_1,home,6994.51,attr_2,user_371,4662.28,home,341,0,0.52,1,0,0,0.364,1,0
txn_002830,6502.26,groceries,COD,500014,2026-03-14T22:15:00,agent_34,6,groceries,6983.28,attr_3,groceries,6502.26,attr_3,user_204,5809.11,groceries,891,0,0.72,1,1,1,0.504,1,0
txn_002831,5178.75,electronics,prepaid,500018,2026-01-14T21:17:00,agent_13,91,electronics,3508.57,attr_5,electronics,5178.75,attr_5,user_415,4506.9,electronics,591,1,0.06,1,0,1,0.042,0,0
txn_002832,4020.85,fashion,COD,500012,2026-02-16T19:44:00,agent_1,9,home,3380.56,attr_2,fashion,4020.85,attr_2,user_488,3480.8,home,356,1,0.43,0,0,1,0.129,1,0
txn_002833,6179.3,home,COD,50002,2026-04-19T09:15:00,agent_23,96,home,6575.45,attr_4,home,6179.3,attr_4,user_472,3316.11,home,769,1,0.81,1,1,1,0.567,0,0
txn_002834,1826.26,home,prepaid,500013,2026-02-07T03:48:00,agent_34,223,home,2526.75,attr_1,home,1826.26,attr_1,user_56,4513.3,home,800,1,0.24,1,1,1,0.168,0,0
txn_002835,6537.87,footwear,COD,50007,2026-01-10T19:17:00,agent_17,112,footwear,5025.26,attr_2,footwear,6537.87,attr_2,user_461,807.0,footwear,1439,0,0.74,1,0,1,0.518,1,0
txn_002836,2628.71,electronics,prepaid,500015,2026-04-25T12:04:00,agent_40,54,electronics,3726.71,attr_3,electronics,2628.71,attr_3,user_166,5150.96,electronics,24,1,0.44,1,1,1,0.308,0,0
txn_002837,3789.7,electronics,prepaid,500015,2026-03-27T01:11:00,agent_52,20,electronics,4639.91,attr_4,electronics,3789.7,attr_4,user_377,554.91,footwear,39,1,0.15,1,1,1,0.045,0,0
txn_002838,1157.85,footwear,COD,500017,2026-04-27T22:59:00,agent_42,265,footwear,1748.42,attr_4,footwear,1157.85,attr_4,user_375,3182.12,footwear,850,1,0.44,1,1,1,0.308,0,1
txn_002839,8164.8,groceries,COD,500016,2026-02-14T09:58:00,agent_20,335,electronics,5683.68,attr_1,groceries,8164.8,attr_1,user_30,610.06,home,938,0,0.44,0,0,1,0.132,0,0
txn_002840,2730.86,fashion,COD,500019,2026-04-04T12:42:00,agent_6,288,fashion,2925.6,attr_1,fashion,2730.86,attr_1,user_453,1471.05,fashion,389,0,0.82,1,1,1,0.574,0,0
txn_002841,1384.07,fashion,prepaid,500014,2026-04-26T07:14:00,agent_21,46,fashion,1032.04,attr_4,fashion,1384.07,attr_1,user_14,2015.47,flights,1406,1,0.06,1,0,0,0.018,0,0
txn_002842,1122.33,footwear,COD,500013,2026-02-07T09:23:00,agent_28,74,footwear,851.04,attr_2,footwear,1122.33,attr_2,user_21,3466.59,footwear,963,1,0.1,1,0,1,0.07,0,1
txn_002843,4772.77,fashion,prepaid,500015,2026-01-01T20:09:00,agent_18,24,fashion,5133.35,attr_4,fashion,4772.77,attr_4,user_395,1135.16,fashion,1101,1,0.73,1,1,1,0.511,0,0
txn_002844,8244.61,footwear,COD,50002,2026-01-09T01:47:00,agent_7,8,footwear,6094.31,attr_3,footwear,8244.61,attr_2,user_493,3446.0,footwear,84,1,0.61,1,0,0,0.427,1,0
txn_002845,8929.76,electronics,COD,500020,2026-02-02T03:38:00,agent_25,163,electronics,7516.22,attr_4,electronics,8929.76,attr_5,user_460,2408.95,electronics,1401,1,0.17,1,0,0,0.119,1,0
txn_002846,6622.84,home,COD,50009,2026-03-10T10:57:00,agent_14,57,home,6882.54,attr_2,home,6622.84,attr_2,user_429,4141.1,fashion,1171,0,0.66,1,1,1,0.198,1,0
txn_002847,4522.33,flights,COD,500020,2026-03-23T15:15:00,agent_31,252,flights,6782.91,attr_5,flights,4522.33,attr_5,user_38,2724.95,flights,325,1,0.4,1,1,1,0.28,1,0
txn_002848,4012.19,footwear,COD,500012,2026-01-17T05:26:00,agent_32,144,footwear,3346.47,attr_5,footwear,4012.19,attr_3,user_414,5993.68,footwear,1444,1,0.71,1,0,0,0.497,0,0
txn_002849,905.43,fashion,COD,500013,2026-03-26T10:45:00,agent_28,133,fashion,1386.96,attr_3,fashion,905.43,attr_3,user_129,4041.1,fashion,1030,1,0.73,1,1,1,0.511,0,0
txn_002850,2354.69,flights,COD,500011,2026-03-28T10:42:00,agent_55,125,flights,3135.2,attr_1,flights,2354.69,attr_1,user_499,5807.55,flights,1372,1,0.23,1,1,1,0.161,0,0
txn_002851,3573.46,flights,COD,50001,2026-05-01T14:04:00,agent_51,58,flights,4724.03,attr_4,flights,3573.46,attr_4,user_238,5000.99,flights,224,1,0.42,1,1,1,0.294,0,0
txn_002852,1904.83,groceries,COD,500015,2026-02-04T15:14:00,agent_30,37,groceries,2558.83,attr_4,groceries,1904.83,attr_4,user_106,4033.96,groceries,1141,1,0.01,1,1,1,0.007,0,0
txn_002853,3049.27,fashion,prepaid,500011,2026-03-27T02:28:00,agent_56,39,fashion,3214.06,attr_2,fashion,3049.27,attr_2,user_48,3461.1,fashion,16,1,0.08,1,1,1,0.056,0,0
txn_002854,890.47,home,prepaid,500010,2026-01-18T10:40:00,agent_41,44,home,1130.44,attr_3,home,890.47,attr_3,user_487,3513.59,electronics,538,1,0.34,1,1,1,0.102,0,0
txn_002855,5719.51,footwear,COD,500010,2026-04-28T23:01:00,agent_34,72,footwear,7655.61,attr_4,footwear,5719.51,attr_4,user_47,2238.39,electronics,33,1,0.43,1,1,1,0.129,0,0
txn_002856,4590.58,flights,prepaid,50003,2026-03-01T10:09:00,agent_11,29,flights,5513.27,attr_2,flights,4590.58,attr_2,user_253,4922.13,flights,509,1,0.21,1,1,1,0.147,0,0
txn_002857,2543.98,fashion,prepaid,500014,2026-01-30T15:42:00,agent_28,127,fashion,2156.7,attr_1,fashion,2543.98,attr_2,user_107,4006.21,home,961,1,0.39,1,0,0,0.117,0,0
txn_002858,3503.02,groceries,prepaid,500012,2026-05-14T05:01:00,agent_38,20,groceries,5698.89,attr_3,groceries,3503.02,attr_3,user_242,1600.55,groceries,411,1,0.21,1,1,1,0.147,0,0
txn_002859,1343.52,home,prepaid,50007,2026-01-15T11:07:00,agent_29,217,home,1921.39,attr_5,home,1343.52,attr_5,user_473,3428.16,flights,328,1,0.97,1,1,1,0.291,1,0
txn_002860,5318.63,fashion,COD,50009,2026-02-21T11:14:00,agent_44,222,fashion,3770.57,attr_3,fashion,5318.63,attr_3,user_136,4876.62,electronics,1459,1,0.13,1,0,1,0.039,0,0
txn_002861,6040.97,home,prepaid,500018,2026-01-05T22:29:00,agent_11,511,home,6384.08,attr_4,home,6040.97,attr_4,user_28,2636.63,home,394,1,0.12,1,1,1,0.084,0,0
txn_002862,2082.2,groceries,prepaid,500020,2026-04-13T01:38:00,agent_16,170,groceries,2493.6,attr_3,groceries,2082.2,attr_3,user_86,4299.16,groceries,1239,1,0.42,1,1,1,0.294,0,0
txn_002863,5844.95,fashion,COD,50005,2026-02-06T13:25:00,agent_42,16,fashion,4290.43,attr_2,fashion,5844.95,attr_2,user_131,904.68,electronics,688,1,0.74,1,0,1,0.222,1,0
txn_002864,3018.16,fashion,COD,50006,2026-05-13T18:11:00,agent_49,186,fashion,2707.96,attr_1,fashion,3018.16,attr_4,user_455,788.1,fashion,1160,1,0.32,1,0,0,0.224,0,0
txn_002865,4810.44,home,prepaid,50006,2026-03-19T12:08:00,agent_44,11,home,6183.6,attr_3,home,4810.44,attr_3,user_69,2461.46,home,883,1,0.57,1,1,1,0.399,1,0
txn_002866,534.0,flights,COD,50004,2026-04-19T01:34:00,agent_7,66,flights,776.71,attr_3,flights,534.0,attr_3,user_397,2795.83,flights,1271,1,0.78,1,1,1,0.546,0,0
txn_002867,1883.22,fashion,COD,50004,2026-03-30T10:55:00,agent_23,515,fashion,1605.11,attr_5,fashion,1883.22,attr_5,user_171,5873.57,footwear,511,1,0.4,1,0,1,0.12,1,0
txn_002868,2104.81,footwear,COD,500020,2026-02-27T16:06:00,agent_25,26,footwear,3477.83,attr_5,footwear,2104.81,attr_5,user_366,1090.95,footwear,1372,1,0.92,1,1,1,0.644,0,0
txn_002869,9624.17,electronics,prepaid,500012,2026-01-28T09:08:00,agent_48,224,electronics,7521.37,attr_3,electronics,9624.17,attr_3,user_414,5427.36,electronics,514,1,0.56,1,0,1,0.392,0,0
txn_002870,9321.87,fashion,prepaid,500012,2026-02-18T09:31:00,agent_51,171,fashion,7293.8,attr_1,fashion,9321.87,attr_5,user_430,2196.45,flights,267,1,0.78,1,0,0,0.234,0,1
txn_002871,2675.28,footwear,COD,500013,2026-04-25T17:53:00,agent_43,367,footwear,1877.97,attr_2,footwear,2675.28,attr_1,user_486,3517.3,footwear,230,1,0.9,1,0,0,0.63,1,0
txn_002872,733.5,footwear,COD,50002,2026-04-19T03:03:00,agent_17,136,footwear,775.28,attr_2,footwear,733.5,attr_2,user_431,5144.89,footwear,964,1,0.5,1,1,1,0.35,0,0
txn_002873,3550.07,fashion,COD,500015,2026-04-21T23:49:00,agent_16,106,fashion,4199.06,attr_3,fashion,3550.07,attr_3,user_374,1308.24,fashion,161,1,0.57,1,1,1,0.399,0,0
txn_002874,2940.4,home,prepaid,500015,2026-04-03T22:02:00,agent_46,70,home,4770.8,attr_4,home,2940.4,attr_4,user_441,1043.77,home,741,1,0.91,1,1,1,0.637,0,0
txn_002875,1201.32,flights,prepaid,500014,2026-05-07T10:29:00,agent_37,62,flights,1588.51,attr_1,flights,1201.32,attr_1,user_101,964.18,flights,385,1,0.95,1,1,1,0.665,0,0
txn_002876,3613.67,electronics,COD,500010,2026-04-08T23:48:00,agent_45,48,electronics,3686.17,attr_1,electronics,3613.67,attr_1,user_324,5503.02,electronics,227,1,0.9,1,1,1,0.63,1,0
txn_002877,6248.5,fashion,prepaid,50001,2026-04-20T04:18:00,agent_13,269,fashion,5424.96,attr_2,fashion,6248.5,attr_2,user_247,2327.99,fashion,216,1,0.7,1,0,1,0.49,0,0
txn_002878,5223.54,footwear,COD,500020,2026-05-15T19:50:00,agent_34,41,footwear,6381.6,attr_3,footwear,5223.54,attr_3,user_181,5846.05,footwear,1167,1,0.78,1,1,1,0.546,0,0
txn_002879,5395.19,home,prepaid,500020,2026-03-25T03:20:00,agent_54,95,home,4256.11,attr_5,home,5395.19,attr_5,user_204,3730.95,home,71,1,0.22,1,0,1,0.154,0,1
txn_002880,2498.51,groceries,prepaid,50009,2026-03-23T06:05:00,agent_59,202,groceries,3012.92,attr_5,groceries,2498.51,attr_5,user_82,4649.64,footwear,995,0,0.87,1,1,1,0.261,1,0
txn_002881,9293.93,home,prepaid,50003,2026-01-01T05:18:00,agent_46,72,home,6532.48,attr_5,home,9293.93,attr_5,user_117,3187.09,home,652,1,0.44,1,0,1,0.308,0,1
txn_002882,5340.51,groceries,prepaid,50005,2026-05-10T14:14:00,agent_4,240,groceries,5497.91,attr_3,groceries,5340.51,attr_3,user_30,4146.43,fashion,805,1,0.86,1,1,1,0.258,0,0
txn_002883,2608.04,electronics,prepaid,500014,2026-05-04T16:54:00,agent_15,406,electronics,4035.83,attr_3,electronics,2608.04,attr_3,user_7,742.98,electronics,685,1,0.64,1,1,1,0.448,1,0
txn_002884,2125.56,fashion,COD,50004,2026-03-06T23:34:00,agent_53,17,fashion,2476.33,attr_3,fashion,2125.56,attr_3,user_148,5036.26,fashion,165,1,0.84,1,1,1,0.588,0,0
txn_002885,5835.61,fashion,prepaid,500012,2026-05-08T19:08:00,agent_35,462,fashion,7663.79,attr_3,fashion,5835.61,attr_3,user_294,616.73,fashion,1355,1,0.62,1,1,1,0.434,0,0
txn_002886,1653.88,electronics,COD,50008,2026-03-05T22:34:00,agent_47,31,electronics,1684.05,attr_4,electronics,1653.88,attr_4,user_473,1709.04,electronics,519,1,0.86,1,1,1,0.602,0,0
txn_002887,1925.83,footwear,COD,50009,2026-01-30T11:00:00,agent_50,170,footwear,2604.75,attr_5,footwear,1925.83,attr_5,user_345,1858.57,footwear,1094,1,0.93,1,1,1,0.651,0,0
txn_002888,5682.04,home,COD,50007,2026-02-14T08:35:00,agent_33,134,home,7690.94,attr_5,home,5682.04,attr_5,user_126,2655.92,home,308,1,0.36,1,1,1,0.252,0,0
txn_002889,6119.93,footwear,COD,500010,2026-01-07T03:03:00,agent_38,12,footwear,7479.14,attr_3,footwear,6119.93,attr_3,user_18,4666.51,groceries,26,1,0.19,1,1,1,0.057,1,0
txn_002890,2880.67,footwear,prepaid,500012,2026-03-31T21:44:00,agent_48,62,footwear,2656.92,attr_1,footwear,2880.67,attr_1,user_427,5260.49,footwear,1124,1,0.38,1,0,1,0.266,0,0
txn_002891,6284.55,home,prepaid,500010,2026-03-31T18:43:00,agent_59,294,home,7396.87,attr_5,home,6284.55,attr_5,user_101,2009.54,flights,426,1,0.22,1,1,1,0.066,1,0
txn_002892,364.72,groceries,prepaid,50006,2026-05-07T00:09:00,agent_54,218,groceries,516.88,attr_1,groceries,364.72,attr_1,user_200,2907.66,groceries,318,1,0.29,1,1,1,0.203,0,0
txn_002893,6984.69,flights,COD,50002,2026-01-20T22:34:00,agent_16,72,flights,7332.75,attr_3,flights,6984.69,attr_3,user_361,2975.98,flights,347,1,0.22,1,1,1,0.154,1,0
txn_002894,1170.53,flights,prepaid,500014,2026-04-22T07:01:00,agent_43,206,flights,1467.96,attr_3,flights,1170.53,attr_3,user_49,1392.8,flights,526,1,0.83,1,1,1,0.581,0,0
txn_002895,5453.45,home,COD,50005,2026-04-17T16:17:00,agent_37,30,home,3756.69,attr_4,home,5453.45,attr_5,user_436,847.54,home,320,1,0.4,1,0,0,0.28,0,1
txn_002896,752.69,groceries,prepaid,500013,2026-04-11T11:31:00,agent_32,23,groceries,948.64,attr_3,groceries,752.69,attr_3,user_87,2635.0,flights,519,1,0.01,1,1,1,0.003,0,0
txn_002897,8311.68,electronics,prepaid,50003,2026-02-20T23:21:00,agent_15,103,electronics,7884.16,attr_1,electronics,8311.68,attr_1,user_35,4275.14,groceries,242,1,0.54,1,0,1,0.162,0,0
txn_002898,4818.62,groceries,COD,50005,2026-02-14T10:46:00,agent_56,34,groceries,6322.95,attr_3,groceries,4818.62,attr_3,user_491,1469.19,groceries,135,1,0.05,1,1,1,0.035,0,0
txn_002899,1432.64,fashion,prepaid,50002,2026-04-12T15:24:00,agent_35,27,fashion,1731.9,attr_1,fashion,1432.64,attr_1,user_106,3551.72,fashion,207,1,0.25,1,1,1,0.175,0,0
txn_002900,4917.78,home,COD,50001,2026-05-18T18:12:00,agent_4,92,home,3476.28,attr_4,home,4917.78,attr_2,user_44,2528.74,home,686,1,0.3,1,0,0,0.21,1,0
txn_002901,1054.36,groceries,prepaid,500014,2026-03-22T23:29:00,agent_7,92,groceries,1078.19,attr_1,groceries,1054.36,attr_1,user_75,3610.6,fashion,1094,0,0.63,1,1,1,0.189,0,1
txn_002902,9471.37,groceries,prepaid,500019,2026-02-18T17:50:00,agent_11,148,electronics,7699.03,attr_3,groceries,9471.37,attr_3,user_345,2942.8,electronics,206,1,0.59,0,0,1,0.177,1,0
txn_002903,1383.64,home,COD,500020,2026-03-30T03:40:00,agent_34,89,home,1542.61,attr_4,home,1383.64,attr_4,user_60,1143.13,home,1118,1,0.31,1,1,1,0.217,1,0
txn_002904,3486.54,electronics,COD,50009,2026-03-27T01:18:00,agent_57,333,electronics,4015.82,attr_3,electronics,3486.54,attr_3,user_416,4680.37,electronics,816,0,0.44,1,1,1,0.308,0,0
txn_002905,4172.65,home,prepaid,500020,2026-03-25T03:56:00,agent_20,33,home,5573.36,attr_5,home,4172.65,attr_5,user_199,2779.57,home,226,1,0.29,1,1,1,0.203,1,0
txn_002906,638.41,fashion,prepaid,50006,2026-04-06T15:01:00,agent_2,87,fashion,816.94,attr_4,fashion,638.41,attr_4,user_133,510.16,fashion,344,1,0.23,1,1,1,0.161,0,0
txn_002907,3930.6,groceries,COD,50008,2026-03-21T07:37:00,agent_57,113,groceries,4918.54,attr_5,groceries,3930.6,attr_5,user_128,1973.69,groceries,35,1,1.0,1,1,1,0.7,1,0
txn_002908,933.22,electronics,prepaid,500011,2026-03-14T20:05:00,agent_37,123,electronics,1258.64,attr_1,electronics,933.22,attr_1,user_360,1754.95,electronics,938,1,0.67,1,1,1,0.469,0,0
txn_002909,4872.29,home,prepaid,500011,2026-05-01T12:05:00,agent_57,49,home,6600.07,attr_3,home,4872.29,attr_3,user_474,5789.59,flights,388,1,0.13,1,1,1,0.039,0,1
txn_002910,1964.37,home,COD,500010,2026-01-03T13:17:00,agent_57,227,home,2727.2,attr_2,home,1964.37,attr_2,user_91,2211.36,home,83,0,0.58,1,1,1,0.406,1,0
txn_002911,709.41,fashion,COD,500015,2026-01-02T18:38:00,agent_32,225,fashion,1115.91,attr_1,fashion,709.41,attr_1,user_215,4809.94,flights,911,1,0.45,1,1,1,0.135,0,0
txn_002912,5814.59,groceries,prepaid,500019,2026-04-30T15:06:00,agent_51,79,groceries,4857.77,attr_3,groceries,5814.59,attr_1,user_102,5815.84,groceries,575,1,0.59,1,0,0,0.413,0,0
txn_002913,3230.9,home,prepaid,500020,2026-04-26T06:04:00,agent_54,173,electronics,2835.16,attr_1,home,3230.9,attr_2,user_144,557.1,electronics,773,1,0.5,0,0,0,0.15,0,0
txn_002914,10839.47,home,prepaid,500011,2026-03-24T13:25:00,agent_12,51,home,7207.19,attr_5,home,10839.47,attr_5,user_296,5199.17,home,826,1,0.2,1,0,1,0.14,0,0
txn_002915,4059.75,flights,COD,50001,2026-02-22T09:18:00,agent_2,23,flights,2594.01,attr_4,flights,4059.75,attr_4,user_304,2688.57,flights,262,1,0.06,1,0,1,0.042,1,0
txn_002916,11106.69,footwear,COD,500013,2026-03-22T07:56:00,agent_30,5,footwear,7391.83,attr_1,footwear,11106.69,attr_1,user_232,4770.9,footwear,1248,1,0.1,1,0,1,0.07,1,0
txn_002917,768.76,flights,COD,500011,2026-05-16T05:22:00,agent_58,158,flights,1205.24,attr_3,flights,768.76,attr_3,user_318,1315.74,home,1239,1,0.18,1,1,1,0.054,0,0
txn_002918,3109.32,home,COD,500013,2026-01-21T04:08:00,agent_22,138,home,4909.24,attr_3,home,3109.32,attr_3,user_377,5332.8,home,824,1,0.18,1,1,1,0.126,0,0
txn_002919,4364.71,fashion,prepaid,50004,2026-05-08T07:02:00,agent_24,5,fashion,5666.61,attr_3,fashion,4364.71,attr_3,user_352,4845.61,fashion,576,1,0.39,1,1,1,0.273,0,0
txn_002920,1476.55,footwear,COD,50006,2026-05-08T04:01:00,agent_20,116,footwear,1172.27,attr_1,footwear,1476.55,attr_1,user_14,2118.12,footwear,576,1,0.02,1,0,1,0.014,0,0
txn_002921,5600.96,electronics,prepaid,50004,2026-01-03T01:43:00,agent_15,99,electronics,4722.55,attr_1,electronics,5600.96,attr_4,user_293,2396.7,groceries,577,1,0.0,1,0,0,0.0,0,1
txn_002922,4847.27,footwear,prepaid,50008,2026-04-20T20:28:00,agent_11,399,footwear,4206.93,attr_3,footwear,4847.27,attr_3,user_404,5410.25,footwear,631,1,0.37,1,0,1,0.259,0,1
txn_002923,1007.16,home,COD,500014,2026-01-21T14:05:00,agent_46,119,home,1338.77,attr_5,home,1007.16,attr_5,user_230,2449.25,home,1235,1,0.66,1,1,1,0.462,0,0
txn_002924,1718.58,flights,COD,500015,2026-01-19T12:28:00,agent_41,20,flights,2417.31,attr_1,flights,1718.58,attr_1,user_470,1127.26,flights,702,1,0.27,1,1,1,0.189,1,0
txn_002925,4894.71,home,COD,500020,2026-04-19T22:46:00,agent_16,47,home,5120.34,attr_1,home,4894.71,attr_1,user_164,2401.67,home,1453,0,0.13,1,1,1,0.091,0,0
txn_002926,6659.48,groceries,COD,500013,2026-01-05T05:12:00,agent_7,235,groceries,7345.27,attr_2,groceries,6659.48,attr_2,user_70,1725.61,groceries,542,1,0.78,1,1,1,0.546,1,0
txn_002927,4533.25,home,prepaid,50003,2026-03-10T05:58:00,agent_4,7,home,5807.92,attr_3,home,4533.25,attr_3,user_158,1059.12,home,133,1,0.21,1,1,1,0.147,0,0
txn_002928,4506.6,footwear,prepaid,500015,2026-01-10T03:01:00,agent_45,57,footwear,6560.31,attr_4,footwear,4506.6,attr_4,user_97,5810.26,footwear,1306,1,0.58,1,1,1,0.406,0,0
txn_002929,3804.28,groceries,prepaid,500014,2026-01-14T11:44:00,agent_28,264,groceries,5044.38,attr_4,groceries,3804.28,attr_4,user_310,623.91,groceries,261,0,0.86,1,1,1,0.602,0,0
txn_002930,9539.46,flights,prepaid,500011,2026-04-06T17:42:00,agent_35,142,flights,7536.64,attr_2,flights,9539.46,attr_4,user_268,5597.68,flights,793,1,0.9,1,0,0,0.63,0,0
txn_002931,5039.56,groceries,prepaid,50004,2026-03-17T13:57:00,agent_54,11,groceries,6672.4,attr_1,groceries,5039.56,attr_1,user_464,928.66,groceries,198,1,0.07,1,1,1,0.049,0,0
txn_002932,1011.24,flights,COD,500018,2026-02-25T04:09:00,agent_58,261,flights,689.88,attr_4,flights,1011.24,attr_4,user_32,1977.07,flights,872,1,0.96,1,0,1,0.672,0,0
txn_002933,2641.63,footwear,COD,50001,2026-02-24T18:46:00,agent_42,195,groceries,1945.79,attr_4,footwear,2641.63,attr_4,user_490,3911.16,footwear,95,1,0.11,0,0,1,0.077,0,1
txn_002934,4626.96,fashion,prepaid,50009,2026-05-12T11:18:00,agent_6,2,fashion,6189.49,attr_3,fashion,4626.96,attr_3,user_384,5759.55,footwear,156,1,0.52,1,1,1,0.156,0,0
txn_002935,8054.27,footwear,prepaid,50008,2026-01-03T09:26:00,agent_34,1,footwear,6315.63,attr_5,footwear,8054.27,attr_5,user_261,2356.38,footwear,609,0,0.4,1,0,1,0.28,1,0
txn_002936,10024.33,flights,prepaid,500013,2026-01-17T22:46:00,agent_1,86,flights,6537.61,attr_1,flights,10024.33,attr_4,user_34,770.5,groceries,1043,1,0.04,1,0,0,0.012,0,0
txn_002937,918.54,fashion,prepaid,50002,2026-03-14T00:48:00,agent_19,77,fashion,1370.95,attr_3,fashion,918.54,attr_3,user_152,3329.8,fashion,877,1,0.66,1,1,1,0.462,0,0
txn_002938,5440.63,flights,COD,500019,2026-03-17T06:27:00,agent_36,442,flights,6365.47,attr_3,flights,5440.63,attr_3,user_266,1201.09,flights,141,0,0.29,1,1,1,0.203,1,0
txn_002939,3430.5,fashion,COD,500019,2026-04-07T05:00:00,agent_4,35,fashion,4524.19,attr_2,fashion,3430.5,attr_2,user_24,2914.8,fashion,620,1,0.25,1,1,1,0.175,0,1
txn_002940,4900.67,fashion,prepaid,50005,2026-04-03T15:04:00,agent_54,126,fashion,7936.08,attr_1,fashion,4900.67,attr_1,user_496,1926.78,flights,978,0,0.55,1,1,1,0.165,1,0
txn_002941,1387.7,footwear,COD,500010,2026-01-05T17:53:00,agent_57,167,footwear,1447.34,attr_2,footwear,1387.7,attr_2,user_391,1277.22,footwear,692,1,0.72,1,1,1,0.504,0,0
txn_002942,1137.28,groceries,COD,500011,2026-05-16T04:26:00,agent_36,42,groceries,899.54,attr_3,groceries,1137.28,attr_3,user_480,834.22,flights,213,1,0.94,1,0,1,0.282,1,0
txn_002943,9709.86,fashion,prepaid,500011,2026-01-04T04:29:00,agent_28,16,fashion,7172.96,attr_4,fashion,9709.86,attr_4,user_49,5904.71,fashion,1355,1,0.32,1,0,1,0.224,1,0
txn_002944,7456.98,electronics,COD,50009,2026-02-12T04:44:00,agent_27,14,electronics,7760.55,attr_2,electronics,7456.98,attr_2,user_466,5632.88,electronics,544,1,0.99,1,1,1,0.693,1,0
txn_002945,7064.97,home,COD,500011,2026-02-26T14:44:00,agent_31,53,home,6189.92,attr_3,home,7064.97,attr_4,user_367,1368.77,home,280,1,0.4,1,0,0,0.28,0,0
txn_002946,3963.07,footwear,COD,50002,2026-05-13T14:12:00,agent_42,55,footwear,5992.63,attr_2,footwear,3963.07,attr_2,user_282,2460.51,footwear,21,1,0.24,1,1,1,0.168,0,0
txn_002947,5615.23,groceries,COD,500016,2026-03-18T14:50:00,agent_6,21,groceries,3871.67,attr_2,groceries,5615.23,attr_3,user_231,3930.12,groceries,363,1,0.72,1,0,0,0.504,1,0
txn_002948,1146.89,electronics,COD,500012,2026-04-05T01:49:00,agent_58,125,electronics,1885.64,attr_5,electronics,1146.89,attr_5,user_353,3591.14,electronics,681,1,0.61,1,1,1,0.427,1,0
txn_002949,3287.52,footwear,COD,50006,2026-04-08T21:43:00,agent_23,309,footwear,4687.69,attr_3,footwear,3287.52,attr_3,user_434,804.84,footwear,446,1,0.72,1,1,1,0.504,1,0
txn_002950,9628.79,home,prepaid,50008,2026-04-12T22:08:00,agent_27,119,home,6982.44,attr_5,home,9628.79,attr_3,user_274,2643.13,flights,897,1,0.5,1,0,0,0.15,0,0
txn_002951,9102.46,groceries,prepaid,50007,2026-04-01T14:58:00,agent_38,17,groceries,6538.62,attr_2,groceries,9102.46,attr_2,user_165,5408.49,electronics,702,1,0.18,1,0,1,0.054,0,0
txn_002952,3385.4,electronics,prepaid,500016,2026-03-07T11:22:00,agent_25,178,electronics,2928.71,attr_3,electronics,3385.4,attr_3,user_147,5493.23,electronics,544,1,0.32,1,0,1,0.224,0,0
txn_002953,2107.54,groceries,COD,50008,2026-03-25T21:04:00,agent_8,285,groceries,1510.38,attr_4,groceries,2107.54,attr_2,user_99,1438.26,groceries,1010,0,0.68,1,0,0,0.476,0,1
txn_002954,1486.03,flights,prepaid,50008,2026-04-20T12:15:00,agent_43,79,flights,2425.8,attr_5,flights,1486.03,attr_5,user_118,2312.36,flights,1276,1,0.29,1,1,1,0.203,0,0
txn_002955,2895.14,home,prepaid,50008,2026-05-04T15:56:00,agent_43,72,flights,1940.91,attr_2,home,2895.14,attr_2,user_201,772.43,flights,780,1,0.62,0,0,1,0.186,0,1
txn_002956,4960.31,footwear,COD,500011,2026-01-26T05:57:00,agent_41,32,footwear,4669.66,attr_5,footwear,4960.31,attr_5,user_55,5731.3,footwear,414,1,0.07,1,0,1,0.049,1,0
txn_002957,9920.43,fashion,prepaid,500013,2026-04-03T03:33:00,agent_21,201,fashion,6975.92,attr_2,fashion,9920.43,attr_2,user_355,1665.27,fashion,707,1,0.08,1,0,1,0.056,0,0
txn_002958,2089.87,flights,prepaid,500017,2026-01-07T07:16:00,agent_17,113,flights,3109.17,attr_1,flights,2089.87,attr_1,user_156,2789.98,footwear,945,1,0.22,1,1,1,0.066,0,0
txn_002959,4814.38,electronics,COD,50002,2026-04-01T10:29:00,agent_16,131,electronics,5696.16,attr_3,electronics,4814.38,attr_3,user_178,610.44,electronics,339,1,0.82,1,1,1,0.574,0,0
txn_002960,3069.03,groceries,prepaid,50009,2026-02-12T16:00:00,agent_41,148,groceries,3503.37,attr_3,groceries,3069.03,attr_3,user_327,5654.33,groceries,735,1,0.78,1,1,1,0.546,0,0
txn_002961,2971.73,flights,prepaid,500020,2026-01-06T00:01:00,agent_57,162,flights,3066.38,attr_4,flights,2971.73,attr_4,user_65,2239.32,groceries,310,1,0.41,1,1,1,0.123,0,0
txn_002962,5266.67,home,COD,500011,2026-03-01T10:04:00,agent_51,378,fashion,3381.84,attr_5,home,5266.67,attr_3,user_207,4882.16,electronics,1452,1,0.31,0,0,0,0.093,1,0
txn_002963,5552.06,flights,prepaid,500010,2026-02-21T16:28:00,agent_14,33,flights,6293.28,attr_2,flights,5552.06,attr_2,user_85,4566.64,flights,795,1,0.43,1,1,1,0.301,1,0
txn_002964,8964.6,electronics,COD,500017,2026-03-21T10:09:00,agent_28,57,electronics,7026.2,attr_2,electronics,8964.6,attr_1,user_391,5941.34,electronics,1188,1,0.52,1,0,0,0.364,0,1
txn_002965,6707.75,footwear,COD,50007,2026-03-05T22:58:00,agent_26,27,footwear,6315.94,attr_1,footwear,6707.75,attr_4,user_26,3290.66,footwear,93,1,0.52,1,0,0,0.364,1,0
txn_002966,1628.83,home,COD,500013,2026-04-15T21:03:00,agent_40,206,home,1895.09,attr_1,home,1628.83,attr_1,user_148,1707.39,electronics,532,1,0.14,1,1,1,0.042,0,0
txn_002967,2882.05,flights,prepaid,500013,2026-05-15T13:23:00,agent_34,2,flights,4672.07,attr_2,flights,2882.05,attr_2,user_339,1728.2,home,301,1,0.52,1,1,1,0.156,1,0
txn_002968,4236.97,electronics,COD,500012,2026-03-31T06:17:00,agent_45,170,electronics,4835.66,attr_3,electronics,4236.97,attr_3,user_302,4434.75,electronics,760,0,0.7,1,1,1,0.49,1,0
txn_002969,6293.93,fashion,prepaid,500018,2026-03-19T10:44:00,agent_20,139,fashion,5006.18,attr_4,fashion,6293.93,attr_1,user_181,5149.88,electronics,1386,1,0.71,1,0,0,0.213,0,0
txn_002970,2703.48,electronics,COD,500011,2026-02-01T01:04:00,agent_40,69,electronics,3022.29,attr_4,electronics,2703.48,attr_4,user_433,1476.73,footwear,1008,1,0.38,1,1,1,0.114,0,0
txn_002971,6896.19,footwear,prepaid,50007,2026-02-18T10:04:00,agent_17,173,footwear,5813.06,attr_1,footwear,6896.19,attr_1,user_218,3293.48,footwear,947,1,0.98,1,0,1,0.686,0,0
txn_002972,1743.65,home,COD,500017,2026-03-25T19:55:00,agent_59,2,home,2125.08,attr_1,home,1743.65,attr_1,user_308,994.3,home,324,1,0.36,1,1,1,0.252,1,0
txn_002973,7698.7,home,COD,50003,2026-04-24T14:48:00,agent_48,304,footwear,6569.04,attr_5,home,7698.7,attr_5,user_19,1527.34,home,1209,1,0.67,0,0,1,0.469,0,0
txn_002974,4286.25,fashion,COD,500019,2026-03-17T19:53:00,agent_46,53,fashion,6475.91,attr_3,fashion,4286.25,attr_3,user_69,2575.07,fashion,698,0,0.21,1,1,1,0.147,1,0
txn_002975,5616.57,home,prepaid,500014,2026-04-24T07:51:00,agent_9,203,home,5969.17,attr_3,home,5616.57,attr_3,user_8,3918.07,home,1141,1,0.63,1,1,1,0.441,0,0
txn_002976,10146.18,flights,COD,500020,2026-01-06T06:38:00,agent_58,60,flights,6355.41,attr_4,flights,10146.18,attr_3,user_71,771.81,flights,768,1,0.6,1,0,0,0.42,0,0
txn_002977,4502.82,electronics,COD,500017,2026-01-14T15:15:00,agent_31,412,electronics,4285.09,attr_2,electronics,4502.82,attr_2,user_60,3761.34,electronics,380,0,0.67,1,0,1,0.469,0,0
txn_002978,6510.02,footwear,COD,500010,2026-05-19T20:30:00,agent_35,88,footwear,4780.92,attr_5,footwear,6510.02,attr_5,user_96,3065.21,footwear,1424,1,0.32,1,0,1,0.224,0,0
txn_002979,5524.06,electronics,COD,500017,2026-05-17T02:41:00,agent_45,117,electronics,7824.76,attr_2,electronics,5524.06,attr_2,user_145,2781.28,fashion,453,1,0.85,1,1,1,0.255,0,0
txn_002980,5168.31,flights,COD,50005,2026-02-02T06:58:00,agent_32,141,flights,7854.45,attr_3,flights,5168.31,attr_3,user_342,2756.94,flights,69,1,0.34,1,1,1,0.238,0,0
txn_002981,1878.91,groceries,prepaid,50001,2026-02-01T00:23:00,agent_49,102,groceries,2617.58,attr_4,groceries,1878.91,attr_4,user_317,953.47,groceries,19,1,0.31,1,1,1,0.217,0,0
txn_002982,3699.22,groceries,prepaid,50004,2026-02-19T10:41:00,agent_5,225,groceries,4433.78,attr_4,groceries,3699.22,attr_4,user_246,5880.6,groceries,1499,1,0.26,1,1,1,0.182,0,0
txn_002983,3767.37,fashion,prepaid,500014,2026-02-13T03:11:00,agent_23,532,fashion,4355.25,attr_1,fashion,3767.37,attr_1,user_102,4339.18,flights,1120,1,0.45,1,1,1,0.135,0,0
txn_002984,4872.31,groceries,prepaid,500013,2026-04-11T14:13:00,agent_25,82,groceries,7821.66,attr_2,groceries,4872.31,attr_2,user_485,1481.85,groceries,1461,1,0.34,1,1,1,0.238,0,0
txn_002985,2997.63,groceries,COD,500014,2026-03-12T20:18:00,agent_13,10,groceries,3386.92,attr_1,groceries,2997.63,attr_1,user_309,1233.41,groceries,555,1,0.29,1,1,1,0.203,1,0
txn_002986,4044.73,fashion,prepaid,500014,2026-04-18T22:02:00,agent_36,91,fashion,6042.46,attr_3,fashion,4044.73,attr_3,user_217,5529.33,home,924,1,0.33,1,1,1,0.099,0,0
txn_002987,6614.86,home,COD,500015,2026-01-09T09:06:00,agent_24,97,home,7222.83,attr_5,home,6614.86,attr_5,user_370,3901.2,groceries,326,1,0.14,1,1,1,0.042,1,0
txn_002988,3635.21,flights,COD,500015,2026-05-04T21:45:00,agent_52,57,flights,2615.25,attr_2,flights,3635.21,attr_1,user_175,3324.52,flights,1299,1,0.15,1,0,0,0.105,0,1
txn_002989,3734.28,home,prepaid,50002,2026-05-06T14:09:00,agent_30,143,home,4085.03,attr_2,home,3734.28,attr_2,user_421,2794.92,flights,1177,1,0.02,1,1,1,0.006,0,0
txn_002990,757.62,fashion,COD,500020,2026-04-01T00:23:00,agent_57,6,flights,561.9,attr_5,fashion,757.62,attr_4,user_495,4991.7,flights,644,1,0.19,0,0,0,0.057,0,1
txn_002991,8759.54,flights,COD,500015,2026-04-13T13:21:00,agent_15,297,flights,6971.17,attr_5,flights,8759.54,attr_5,user_209,2474.95,electronics,141,1,0.53,1,0,1,0.159,1,0
txn_002992,4803.89,groceries,prepaid,500013,2026-01-14T02:44:00,agent_17,193,groceries,5529.53,attr_4,groceries,4803.89,attr_4,user_160,4606.24,groceries,702,1,0.98,1,1,1,0.686,0,0
txn_002993,2359.13,fashion,prepaid,50007,2026-04-04T02:35:00,agent_33,66,fashion,3486.1,attr_3,fashion,2359.13,attr_3,user_225,5196.32,electronics,1221,1,0.48,1,1,1,0.144,0,0
txn_002994,5045.42,fashion,COD,50004,2026-05-07T16:44:00,agent_51,122,fashion,5380.81,attr_3,fashion,5045.42,attr_3,user_353,1778.74,fashion,631,1,0.87,1,1,1,0.609,1,0
txn_002995,6361.56,fashion,prepaid,500016,2026-04-24T14:38:00,agent_8,338,fashion,7780.26,attr_1,fashion,6361.56,attr_1,user_77,2173.91,fashion,789,1,0.81,1,1,1,0.567,0,0
txn_002996,6187.44,footwear,COD,500018,2026-04-15T23:42:00,agent_23,25,footwear,7810.59,attr_5,footwear,6187.44,attr_5,user_316,1598.64,electronics,29,1,0.33,1,1,1,0.099,0,0
txn_002997,8333.15,groceries,prepaid,50007,2026-04-18T10:18:00,agent_54,82,groceries,7594.39,attr_4,groceries,8333.15,attr_4,user_161,5010.47,electronics,347,1,0.08,1,0,1,0.024,0,1
txn_002998,1082.63,groceries,COD,50001,2026-03-19T02:26:00,agent_13,50,groceries,1593.43,attr_1,groceries,1082.63,attr_1,user_143,1636.27,groceries,790,1,0.91,1,1,1,0.637,0,0
txn_002999,5475.28,electronics,COD,500018,2026-02-14T07:22:00,agent_58,62,electronics,6002.46,attr_4,electronics,5475.28,attr_4,user_150,5831.45,footwear,601,1,0.16,1,1,1,0.048,1,0
txn_003000,5399.87,home,COD,500012,2026-04-05T22:21:00,agent_13,863,home,6731.85,attr_1,home,5399.87,attr_1,user_127,2079.04,home,288,1,0.42,1,1,1,0.294,0,0
txn_003001,1360.58,flights,prepaid,50001,2026-05-12T07:08:00,agent_15,87,flights,2108.44,attr_5,flights,1360.58,attr_5,user_322,3690.57,flights,1332,1,0.14,1,1,1,0.098,0,0
txn_003002,4551.02,electronics,COD,500015,2026-03-12T18:06:00,agent_44,200,electronics,2878.22,attr_4,electronics,4551.02,attr_4,user_42,1824.52,electronics,1180,1,0.62,1,0,1,0.434,0,0
txn_003003,409.95,flights,prepaid,50005,2026-01-01T07:07:00,agent_36,80,flights,507.57,attr_5,flights,409.95,attr_5,user_258,4183.25,electronics,1282,1,0.93,1,1,1,0.279,0,0
txn_003004,6106.51,home,COD,500016,2026-04-19T20:04:00,agent_31,149,home,6829.8,attr_5,home,6106.51,attr_5,user_312,5058.29,home,1415,1,0.04,1,1,1,0.028,0,0
txn_003005,6915.26,flights,COD,50006,2026-04-15T10:24:00,agent_49,101,flights,7105.45,attr_5,flights,6915.26,attr_5,user_269,5423.99,flights,1420,1,0.08,1,1,1,0.056,0,0
txn_003006,5885.45,flights,prepaid,50003,2026-03-14T14:12:00,agent_42,34,flights,5421.52,attr_5,flights,5885.45,attr_2,user_453,1948.31,flights,702,1,0.68,1,0,0,0.476,0,0
txn_003007,2157.21,home,prepaid,50006,2026-04-02T20:52:00,agent_41,51,home,2390.84,attr_4,home,2157.21,attr_4,user_273,4544.65,home,204,1,0.81,1,1,1,0.567,0,0
txn_003008,1759.45,footwear,COD,50008,2026-01-25T00:31:00,agent_47,145,footwear,1398.7,attr_4,footwear,1759.45,attr_4,user_218,4748.28,footwear,1393,1,0.43,1,0,1,0.301,0,0
txn_003009,5841.33,groceries,prepaid,50009,2026-01-27T09:43:00,agent_43,157,groceries,4212.0,attr_3,groceries,5841.33,attr_5,user_29,3144.37,groceries,1309,1,0.02,1,0,0,0.014,0,1
txn_003010,2398.25,footwear,COD,50009,2026-02-25T13:07:00,agent_58,25,footwear,2844.92,attr_4,footwear,2398.25,attr_4,user_433,5411.37,footwear,476,1,0.41,1,1,1,0.287,0,0
txn_003011,558.43,flights,prepaid,500013,2026-01-27T09:25:00,agent_24,72,flights,691.75,attr_5,flights,558.43,attr_5,user_20,5813.04,flights,236,1,0.87,1,1,1,0.609,0,0
txn_003012,10021.82,fashion,COD,500010,2026-01-23T15:14:00,agent_1,370,fashion,6439.91,attr_5,fashion,10021.82,attr_1,user_88,4992.48,fashion,30,1,0.53,1,0,0,0.371,0,0
txn_003013,4473.67,fashion,COD,50005,2026-03-17T10:55:00,agent_33,38,fashion,2822.46,attr_5,fashion,4473.67,attr_5,user_404,1725.3,fashion,979,1,0.65,1,0,1,0.455,0,0
txn_003014,10150.3,electronics,prepaid,50002,2026-03-16T16:02:00,agent_54,262,electronics,6779.66,attr_2,electronics,10150.3,attr_1,user_166,991.45,electronics,562,1,0.64,1,0,0,0.448,0,0
txn_003015,906.7,footwear,COD,500019,2026-02-20T05:50:00,agent_49,63,footwear,847.85,attr_5,footwear,906.7,attr_5,user_188,3490.17,footwear,960,1,0.02,1,0,1,0.014,0,0
txn_003016,6039.77,home,prepaid,500019,2026-03-13T01:06:00,agent_10,197,home,6983.4,attr_2,home,6039.77,attr_2,user_302,588.59,home,895,0,0.31,1,1,1,0.217,0,0
txn_003017,3126.32,fashion,prepaid,50005,2026-03-21T16:23:00,agent_1,11,fashion,4329.47,attr_4,fashion,3126.32,attr_4,user_342,3783.37,footwear,82,1,0.8,1,1,1,0.24,0,0
txn_003018,4002.66,groceries,COD,50006,2026-05-17T05:20:00,agent_49,0,groceries,5621.23,attr_4,groceries,4002.66,attr_4,user_22,646.62,groceries,555,1,0.77,1,1,1,0.539,1,0
txn_003019,4247.86,home,COD,500017,2026-02-23T12:55:00,agent_29,67,home,5311.2,attr_4,home,4247.86,attr_4,user_216,3605.88,home,239,1,0.83,1,1,1,0.581,0,0
txn_003020,1132.03,footwear,COD,50005,2026-01-13T18:22:00,agent_36,11,footwear,925.68,attr_4,footwear,1132.03,attr_1,user_231,1558.11,footwear,72,1,0.48,1,0,0,0.336,1,0
txn_003021,6849.82,electronics,prepaid,50007,2026-01-03T09:43:00,agent_40,218,electronics,7267.04,attr_5,electronics,6849.82,attr_5,user_189,1222.7,electronics,976,1,0.74,1,1,1,0.518,1,0
txn_003022,4264.86,flights,COD,50003,2026-05-18T11:10:00,agent_44,3,flights,3729.53,attr_1,flights,4264.86,attr_1,user_471,3561.69,flights,27,1,0.33,1,0,1,0.231,0,0
txn_003023,9511.95,flights,prepaid,50008,2026-02-03T05:26:00,agent_39,132,flights,7345.3,attr_1,flights,9511.95,attr_1,user_339,3549.89,flights,968,1,0.06,1,0,1,0.042,0,0
txn_003024,3904.22,flights,COD,500019,2026-02-22T12:53:00,agent_8,85,flights,5760.05,attr_4,flights,3904.22,attr_4,user_382,4946.54,flights,942,1,0.93,1,1,1,0.651,0,0
txn_003025,5638.3,groceries,COD,500011,2026-05-14T09:18:00,agent_15,97,groceries,3688.47,attr_2,groceries,5638.3,attr_2,user_163,4686.15,groceries,1402,1,0.77,1,0,1,0.539,0,0
txn_003026,6654.73,fashion,COD,50001,2026-05-11T02:51:00,agent_48,40,fashion,6747.63,attr_4,fashion,6654.73,attr_4,user_409,3574.71,fashion,1361,1,0.35,1,1,1,0.245,0,0
txn_003027,4714.7,fashion,prepaid,500014,2026-04-17T17:39:00,agent_40,59,fashion,6042.6,attr_1,fashion,4714.7,attr_1,user_393,2705.13,fashion,414,1,0.46,1,1,1,0.322,0,0
txn_003028,3903.6,fashion,COD,50008,2026-01-20T23:40:00,agent_27,18,fashion,5471.12,attr_4,fashion,3903.6,attr_4,user_7,4817.41,fashion,1134,1,0.27,1,1,1,0.189,1,0
txn_003029,2861.76,flights,prepaid,50004,2026-04-13T07:17:00,agent_10,30,flights,3420.81,attr_1,flights,2861.76,attr_1,user_478,3744.27,electronics,528,1,0.94,1,1,1,0.282,0,1
txn_003030,4162.74,electronics,COD,500014,2026-04-03T21:28:00,agent_59,79,electronics,3447.16,attr_2,electronics,4162.74,attr_2,user_442,966.93,electronics,832,1,0.12,1,0,1,0.084,0,0
txn_003031,1204.9,fashion,prepaid,500019,2026-01-29T17:16:00,agent_40,20,fashion,1930.35,attr_3,fashion,1204.9,attr_3,user_129,4368.17,fashion,365,1,0.87,1,1,1,0.609,0,0
txn_003032,1229.51,fashion,prepaid,50006,2026-01-19T07:16:00,agent_20,153,fashion,840.79,attr_2,fashion,1229.51,attr_2,user_206,4170.81,fashion,294,1,0.6,1,0,1,0.42,0,0
txn_003033,3835.76,fashion,COD,50003,2026-03-14T13:17:00,agent_46,83,electronics,2775.65,attr_5,fashion,3835.76,attr_5,user_98,5932.49,electronics,360,1,0.06,0,0,1,0.018,0,1
txn_003034,10876.8,groceries,COD,50009,2026-03-25T17:40:00,agent_27,1,groceries,7451.41,attr_4,groceries,10876.8,attr_1,user_104,3213.1,home,310,1,0.23,1,0,0,0.069,1,0
txn_003035,5363.7,home,COD,500014,2026-04-30T12:51:00,agent_38,71,home,4615.3,attr_1,home,5363.7,attr_1,user_16,4860.95,home,1382,1,0.45,1,0,1,0.315,0,0
txn_003036,3797.19,electronics,prepaid,50006,2026-04-29T16:38:00,agent_34,43,home,2883.25,attr_4,electronics,3797.19,attr_4,user_99,2023.59,electronics,401,1,0.94,0,0,1,0.658,1,0
txn_003037,1539.02,home,COD,50008,2026-01-30T16:45:00,agent_16,69,home,1768.16,attr_1,home,1539.02,attr_1,user_378,827.94,home,254,1,0.64,1,1,1,0.448,1,0
txn_003038,3274.9,fashion,prepaid,500010,2026-01-31T21:00:00,agent_1,8,fashion,3397.33,attr_3,fashion,3274.9,attr_3,user_456,2909.02,fashion,1368,1,0.76,1,1,1,0.532,0,0
txn_003039,2368.24,groceries,COD,500012,2026-02-27T22:15:00,agent_30,195,groceries,2612.87,attr_4,groceries,2368.24,attr_4,user_369,3402.58,fashion,969,1,0.97,1,1,1,0.291,1,0
txn_003040,2133.71,home,prepaid,500014,2026-03-01T21:40:00,agent_59,99,home,2931.38,attr_4,home,2133.71,attr_4,user_172,5565.88,home,1351,1,0.8,1,1,1,0.56,0,0
txn_003041,4821.75,flights,prepaid,50004,2026-02-15T01:23:00,agent_6,147,footwear,4452.41,attr_4,flights,4821.75,attr_4,user_294,4291.53,footwear,756,1,0.97,0,0,1,0.291,0,0
txn_003042,1661.81,groceries,COD,50004,2026-05-12T08:28:00,agent_55,9,groceries,2525.17,attr_1,groceries,1661.81,attr_1,user_228,2718.26,electronics,574,1,0.12,1,1,1,0.036,1,0
txn_003043,2521.7,home,prepaid,50007,2026-05-15T22:28:00,agent_8,2,home,2908.98,attr_2,home,2521.7,attr_2,user_451,5950.55,flights,943,1,0.55,1,1,1,0.165,1,0
txn_003044,1890.02,groceries,prepaid,50005,2026-05-17T07:41:00,agent_55,135,groceries,2153.9,attr_2,groceries,1890.02,attr_2,user_383,1490.27,groceries,1415,0,0.02,1,1,1,0.014,0,0
txn_003045,1885.96,fashion,COD,50002,2026-02-04T08:46:00,agent_35,125,fashion,2041.68,attr_4,fashion,1885.96,attr_4,user_37,820.34,fashion,841,1,0.74,1,1,1,0.518,1,0
txn_003046,3832.37,electronics,prepaid,50003,2026-04-23T19:51:00,agent_44,187,electronics,3600.44,attr_1,electronics,3832.37,attr_1,user_256,4874.99,groceries,1013,1,0.55,1,0,1,0.165,0,0
txn_003047,1684.84,groceries,COD,500011,2026-05-06T10:44:00,agent_47,52,groceries,2545.02,attr_2,groceries,1684.84,attr_2,user_90,3799.56,groceries,734,1,0.47,1,1,1,0.329,0,0
txn_003048,3888.65,groceries,COD,500011,2026-01-26T04:50:00,agent_3,230,groceries,4682.03,attr_2,groceries,3888.65,attr_2,user_263,3726.16,groceries,57,1,0.24,1,1,1,0.168,0,0
txn_003049,6690.2,electronics,prepaid,50009,2026-01-24T01:32:00,agent_33,92,electronics,5451.08,attr_5,electronics,6690.2,attr_5,user_303,651.83,home,1283,1,0.76,1,0,1,0.228,0,0
txn_003050,5127.53,flights,COD,500011,2026-04-14T19:35:00,agent_53,124,flights,7900.62,attr_3,flights,5127.53,attr_3,user_118,5930.14,groceries,701,0,0.78,1,1,1,0.234,0,0
txn_003051,2911.07,footwear,prepaid,500016,2026-04-23T11:04:00,agent_14,190,footwear,3749.23,attr_1,footwear,2911.07,attr_1,user_432,1797.91,footwear,1098,1,0.81,1,1,1,0.567,0,1
txn_003052,5181.43,fashion,COD,50007,2026-02-25T12:01:00,agent_39,110,fashion,5430.98,attr_3,fashion,5181.43,attr_3,user_274,1581.97,fashion,1131,1,0.62,1,1,1,0.434,0,0
txn_003053,2577.11,home,COD,500018,2026-04-11T18:32:00,agent_36,48,home,1652.23,attr_2,home,2577.11,attr_2,user_344,5418.64,home,1195,1,0.67,1,0,1,0.469,1,0
txn_003054,2085.97,fashion,COD,500012,2026-03-20T05:40:00,agent_19,34,fashion,2221.55,attr_1,fashion,2085.97,attr_1,user_123,5978.79,flights,985,1,0.71,1,1,1,0.213,0,0
txn_003055,3604.0,fashion,prepaid,500011,2026-01-19T22:21:00,agent_45,225,fashion,2527.66,attr_5,fashion,3604.0,attr_4,user_348,1180.83,fashion,479,1,0.86,1,0,0,0.602,0,0
txn_003056,6347.64,home,prepaid,500011,2026-04-19T21:58:00,agent_34,251,home,5998.4,attr_1,home,6347.64,attr_1,user_141,3116.31,groceries,659,1,0.68,1,0,1,0.204,1,0
txn_003057,7036.5,home,COD,500013,2026-04-14T20:08:00,agent_43,34,home,5304.25,attr_2,home,7036.5,attr_2,user_434,1425.45,home,794,1,0.82,1,0,1,0.574,1,0
txn_003058,11739.77,electronics,COD,50005,2026-03-29T02:37:00,agent_56,101,electronics,7859.62,attr_5,electronics,11739.77,attr_4,user_38,1889.88,fashion,811,1,0.06,1,0,0,0.018,0,0
txn_003059,5509.11,groceries,prepaid,500010,2026-03-20T12:53:00,agent_55,22,groceries,7694.48,attr_1,groceries,5509.11,attr_1,user_495,5141.2,groceries,191,1,0.54,1,1,1,0.378,0,0
txn_003060,6738.4,electronics,prepaid,500016,2026-04-02T08:20:00,agent_48,103,electronics,7932.11,attr_3,electronics,6738.4,attr_3,user_199,4935.14,electronics,1311,1,0.6,1,1,1,0.42,0,0
txn_003061,6443.81,groceries,prepaid,500012,2026-05-06T08:29:00,agent_12,6,groceries,7665.91,attr_3,groceries,6443.81,attr_3,user_66,3625.07,groceries,90,1,0.53,1,1,1,0.371,1,0
txn_003062,7097.55,electronics,prepaid,500011,2026-01-18T18:03:00,agent_11,62,electronics,4723.07,attr_2,electronics,7097.55,attr_5,user_3,3877.27,electronics,540,1,0.28,1,0,0,0.196,0,0
txn_003063,4167.87,footwear,COD,500018,2026-01-18T01:40:00,agent_7,177,footwear,6422.43,attr_4,footwear,4167.87,attr_4,user_488,4483.6,groceries,944,1,0.52,1,1,1,0.156,0,0
txn_003064,3054.02,home,COD,500019,2026-03-14T10:17:00,agent_44,5,home,4389.3,attr_1,home,3054.02,attr_1,user_483,5039.21,footwear,712,1,0.77,1,1,1,0.231,0,1
txn_003065,2152.65,home,prepaid,500020,2026-03-25T17:15:00,agent_37,28,home,3486.16,attr_4,home,2152.65,attr_4,user_86,5924.42,home,138,1,0.77,1,1,1,0.539,0,0
txn_003066,988.49,flights,COD,50004,2026-04-09T16:47:00,agent_51,17,flights,1264.11,attr_2,flights,988.49,attr_2,user_49,5585.4,flights,847,1,0.41,1,1,1,0.287,0,0
txn_003067,3209.17,flights,COD,500015,2026-05-05T18:49:00,agent_19,69,flights,3424.73,attr_1,flights,3209.17,attr_1,user_302,1153.72,flights,876,1,0.37,1,1,1,0.259,0,0
txn_003068,507.38,home,prepaid,500011,2026-03-05T12:00:00,agent_42,113,home,745.68,attr_5,home,507.38,attr_5,user_374,4053.36,home,78,0,0.73,1,1,1,0.511,0,1
txn_003069,1013.73,home,prepaid,500012,2026-01-09T01:15:00,agent_34,104,home,1153.44,attr_4,home,1013.73,attr_4,user_237,5808.11,home,352,1,0.02,1,1,1,0.014,0,0
txn_003070,3245.5,fashion,COD,50002,2026-04-17T06:38:00,agent_39,67,fashion,4618.07,attr_1,fashion,3245.5,attr_1,user_160,4321.45,fashion,308,1,0.94,1,1,1,0.658,0,0
txn_003071,2450.35,fashion,prepaid,500020,2026-03-20T21:27:00,agent_35,129,fashion,2678.91,attr_5,fashion,2450.35,attr_5,user_264,927.7,electronics,1469,1,0.99,1,1,1,0.297,0,0
txn_003072,4242.14,electronics,COD,500014,2026-01-18T02:38:00,agent_7,185,electronics,6706.88,attr_4,electronics,4242.14,attr_4,user_27,3024.79,electronics,877,1,0.93,1,1,1,0.651,0,0
txn_003073,2584.98,groceries,COD,500016,2026-01-15T03:27:00,agent_1,180,groceries,2991.35,attr_2,groceries,2584.98,attr_2,user_18,5769.97,home,907,1,0.79,1,1,1,0.237,0,0
txn_003074,3426.72,electronics,COD,50008,2026-01-01T01:19:00,agent_5,267,fashion,2540.64,attr_1,electronics,3426.72,attr_1,user_120,752.34,fashion,1469,1,0.41,0,0,1,0.123,0,0
txn_003075,3981.31,electronics,COD,500010,2026-04-29T17:18:00,agent_5,160,footwear,2591.49,attr_2,electronics,3981.31,attr_2,user_390,5165.84,footwear,125,1,0.76,0,0,1,0.228,1,0
txn_003076,5371.92,electronics,prepaid,50008,2026-02-22T19:48:00,agent_33,12,electronics,6057.92,attr_3,electronics,5371.92,attr_3,user_406,3423.48,electronics,71,1,0.42,1,1,1,0.294,1,0
txn_003077,5072.41,flights,prepaid,500010,2026-04-19T12:00:00,agent_53,65,flights,7529.07,attr_4,flights,5072.41,attr_4,user_52,2777.19,flights,219,1,0.42,1,1,1,0.294,0,0
txn_003078,7235.38,home,COD,500010,2026-04-14T02:53:00,agent_49,282,home,7935.01,attr_1,home,7235.38,attr_1,user_2,5259.61,home,1452,1,0.34,1,1,1,0.238,1,0
txn_003079,5159.65,groceries,prepaid,50006,2026-05-10T03:59:00,agent_44,154,groceries,3969.2,attr_5,groceries,5159.65,attr_5,user_145,2893.91,groceries,751,0,0.27,1,0,1,0.189,1,0
txn_003080,2262.81,electronics,COD,50009,2026-04-30T19:29:00,agent_45,124,electronics,1623.48,attr_2,electronics,2262.81,attr_2,user_364,3693.62,electronics,912,1,0.29,1,0,1,0.203,0,0
txn_003081,969.76,flights,COD,50003,2026-05-10T19:37:00,agent_30,3,flights,706.5,attr_5,flights,969.76,attr_5,user_60,1494.63,flights,729,1,0.01,1,0,1,0.007,1,0
txn_003082,4654.48,groceries,COD,50006,2026-03-19T06:04:00,agent_45,3,groceries,5828.36,attr_3,groceries,4654.48,attr_3,user_161,4156.46,groceries,410,1,0.38,1,1,1,0.266,0,0
txn_003083,931.68,electronics,prepaid,500019,2026-03-12T07:25:00,agent_29,212,electronics,1070.16,attr_1,electronics,931.68,attr_1,user_212,3687.1,electronics,1106,1,0.56,1,1,1,0.392,1,0
txn_003084,2126.55,home,prepaid,500012,2026-04-15T22:59:00,agent_57,163,home,2228.24,attr_2,home,2126.55,attr_2,user_59,943.99,home,391,0,0.21,1,1,1,0.147,1,0
txn_003085,5031.44,footwear,prepaid,50007,2026-04-22T02:13:00,agent_56,79,footwear,5762.76,attr_2,footwear,5031.44,attr_2,user_337,5557.55,footwear,1416,1,0.6,1,1,1,0.42,0,0
txn_003086,6247.98,groceries,COD,50009,2026-03-22T23:05:00,agent_47,68,groceries,5704.23,attr_4,groceries,6247.98,attr_4,user_71,3480.49,electronics,1303,1,0.92,1,0,1,0.276,0,0
txn_003087,2359.35,fashion,prepaid,50003,2026-03-15T23:15:00,agent_28,16,fashion,1752.28,attr_1,fashion,2359.35,attr_1,user_427,1270.02,electronics,804,1,0.03,1,0,1,0.009,0,0
txn_003088,8491.18,home,COD,50005,2026-02-27T22:15:00,agent_8,72,home,7448.89,attr_1,home,8491.18,attr_1,user_446,5546.01,home,184,1,0.1,1,0,1,0.07,0,0
txn_003089,2148.75,groceries,COD,50008,2026-02-24T19:33:00,agent_8,86,groceries,2912.06,attr_1,groceries,2148.75,attr_1,user_430,3904.42,groceries,784,1,0.57,1,1,1,0.399,1,0
txn_003090,6247.49,groceries,prepaid,500014,2026-01-26T22:28:00,agent_2,27,groceries,7469.94,attr_4,groceries,6247.49,attr_4,user_61,2015.74,footwear,1013,1,0.58,1,1,1,0.174,0,0
txn_003091,1679.93,flights,COD,50008,2026-02-19T10:31:00,agent_43,13,flights,1466.76,attr_4,flights,1679.93,attr_4,user_361,1944.79,flights,926,1,0.49,1,0,1,0.343,0,0
txn_003092,1490.38,flights,prepaid,500012,2026-03-31T08:53:00,agent_13,119,flights,1702.9,attr_2,flights,1490.38,attr_2,user_238,4225.97,fashion,1308,1,0.31,1,1,1,0.093,0,0
txn_003093,6217.16,fashion,prepaid,500020,2026-02-16T04:50:00,agent_1,96,fashion,6527.45,attr_2,fashion,6217.16,attr_2,user_121,2118.51,footwear,1170,1,0.94,1,1,1,0.282,0,0
txn_003094,1772.07,groceries,prepaid,50004,2026-01-24T02:30:00,agent_39,323,groceries,1467.3,attr_5,groceries,1772.07,attr_5,user_117,3460.56,groceries,121,0,0.59,1,0,1,0.413,0,0
txn_003095,9554.57,flights,COD,500015,2026-02-28T21:49:00,agent_56,29,flights,7267.6,attr_3,flights,9554.57,attr_3,user_191,1451.55,flights,773,1,0.08,1,0,1,0.056,0,0
txn_003096,5807.87,electronics,prepaid,50004,2026-03-30T06:24:00,agent_7,265,electronics,7955.61,attr_4,electronics,5807.87,attr_4,user_194,2761.79,electronics,854,1,0.88,1,1,1,0.616,0,0
txn_003097,2589.68,fashion,COD,500010,2026-03-08T21:07:00,agent_22,205,fashion,4090.15,attr_1,fashion,2589.68,attr_1,user_426,4200.14,fashion,266,1,0.79,1,1,1,0.553,0,0
txn_003098,4515.98,footwear,COD,500019,2026-01-02T00:25:00,agent_8,68,footwear,3282.99,attr_5,footwear,4515.98,attr_4,user_485,2717.2,footwear,1007,1,0.43,1,0,0,0.301,1,0
txn_003099,4232.11,fashion,prepaid,500010,2026-03-08T20:04:00,agent_45,6,fashion,5151.63,attr_3,fashion,4232.11,attr_3,user_150,760.63,fashion,221,1,0.61,1,1,1,0.427,0,0
txn_003100,3748.88,groceries,COD,500010,2026-01-22T07:41:00,agent_54,94,groceries,2500.31,attr_2,groceries,3748.88,attr_4,user_419,2559.83,groceries,1116,1,0.72,1,0,0,0.504,0,0
txn_003101,5485.25,fashion,COD,500012,2026-03-18T12:21:00,agent_4,190,fashion,7986.82,attr_4,fashion,5485.25,attr_4,user_342,1426.94,fashion,592,1,0.79,1,1,1,0.553,0,0
txn_003102,5117.82,groceries,COD,500018,2026-04-04T04:03:00,agent_36,214,groceries,5536.82,attr_5,groceries,5117.82,attr_5,user_6,4747.61,home,122,1,0.31,1,1,1,0.093,0,1
txn_003103,2059.02,flights,prepaid,50002,2026-05-13T07:52:00,agent_34,324,flights,2885.86,attr_5,flights,2059.02,attr_5,user_453,3509.52,flights,821,1,0.82,1,1,1,0.574,0,0
txn_003104,4145.45,home,COD,50001,2026-01-20T16:49:00,agent_41,111,home,4936.72,attr_5,home,4145.45,attr_5,user_345,2147.04,home,619,1,0.24,1,1,1,0.168,1,0
txn_003105,2789.28,flights,COD,500011,2026-04-10T11:06:00,agent_20,148,flights,3959.9,attr_2,flights,2789.28,attr_2,user_35,1689.41,flights,417,1,0.89,1,1,1,0.623,1,0
txn_003106,7249.45,home,prepaid,50005,2026-03-16T03:09:00,agent_57,137,home,5065.35,attr_3,home,7249.45,attr_4,user_307,946.01,home,961,1,0.78,1,0,0,0.546,0,0
txn_003107,1530.01,flights,COD,50002,2026-02-11T19:29:00,agent_12,25,flights,2295.8,attr_1,flights,1530.01,attr_1,user_188,5062.29,flights,1292,1,0.81,1,1,1,0.567,0,0
txn_003108,5343.03,home,prepaid,500019,2026-05-10T09:19:00,agent_47,26,home,5909.02,attr_3,home,5343.03,attr_3,user_391,5523.22,home,152,1,0.66,1,1,1,0.462,0,0
txn_003109,2373.93,electronics,COD,50004,2026-01-24T23:19:00,agent_25,29,electronics,2173.2,attr_3,electronics,2373.93,attr_1,user_205,3315.55,electronics,1189,1,0.27,1,0,0,0.189,0,1
txn_003110,6332.33,home,COD,50003,2026-01-24T15:37:00,agent_12,11,home,7211.4,attr_3,home,6332.33,attr_3,user_286,1939.39,home,1346,1,0.77,1,1,1,0.539,1,0
txn_003111,2746.31,electronics,COD,500019,2026-03-01T23:56:00,agent_41,96,electronics,3620.64,attr_3,electronics,2746.31,attr_3,user_257,3948.6,electronics,80,1,0.31,1,1,1,0.217,0,0
txn_003112,7056.9,fashion,prepaid,500018,2026-04-18T15:28:00,agent_22,69,fashion,6060.87,attr_4,fashion,7056.9,attr_4,user_29,2129.09,fashion,962,1,0.1,1,0,1,0.07,0,0
txn_003113,5298.76,fashion,prepaid,50001,2026-01-07T11:16:00,agent_56,110,fashion,7905.54,attr_2,fashion,5298.76,attr_2,user_41,3342.45,fashion,1144,1,0.72,1,1,1,0.504,1,0
txn_003114,2086.93,footwear,prepaid,500010,2026-04-05T03:27:00,agent_31,12,footwear,1692.27,attr_1,footwear,2086.93,attr_1,user_365,1753.58,fashion,151,1,0.73,1,0,1,0.219,1,0
txn_003115,797.29,footwear,prepaid,50005,2026-05-01T13:39:00,agent_12,84,footwear,818.78,attr_5,footwear,797.29,attr_5,user_127,2382.3,footwear,152,1,0.92,1,1,1,0.644,1,0
txn_003116,2175.18,footwear,COD,500011,2026-04-29T19:34:00,agent_18,71,footwear,2018.39,attr_2,footwear,2175.18,attr_2,user_269,4566.44,home,1201,1,0.04,1,0,1,0.012,0,0
txn_003117,3410.86,home,COD,50009,2026-03-12T01:12:00,agent_57,212,home,5024.34,attr_1,home,3410.86,attr_1,user_185,1798.96,fashion,504,0,0.1,1,1,1,0.03,0,0
txn_003118,3170.76,electronics,prepaid,500017,2026-04-18T05:41:00,agent_59,90,electronics,4553.35,attr_3,electronics,3170.76,attr_3,user_306,5843.22,fashion,273,1,0.78,1,1,1,0.234,0,0
txn_003119,6795.06,flights,COD,50001,2026-02-06T21:30:00,agent_56,8,flights,5355.47,attr_2,flights,6795.06,attr_4,user_89,3546.27,flights,942,1,0.14,1,0,0,0.098,1,0
txn_003120,863.99,fashion,COD,50008,2026-03-06T07:14:00,agent_10,172,fashion,1234.08,attr_1,fashion,863.99,attr_1,user_6,3041.81,home,1155,1,0.89,1,1,1,0.267,0,0
txn_003121,4227.62,home,prepaid,50002,2026-03-16T11:53:00,agent_2,106,home,6760.37,attr_4,home,4227.62,attr_4,user_56,3719.05,home,1404,1,0.79,1,1,1,0.553,0,0
txn_003122,3698.73,fashion,COD,50002,2026-05-12T15:14:00,agent_34,107,fashion,5159.11,attr_4,fashion,3698.73,attr_4,user_410,3303.77,fashion,1024,1,0.83,1,1,1,0.581,0,0
txn_003123,3861.26,flights,COD,500019,2026-02-08T14:34:00,agent_30,58,flights,3131.98,attr_2,flights,3861.26,attr_2,user_157,2840.66,fashion,612,1,0.29,1,0,1,0.087,0,1
txn_003124,3144.79,flights,COD,500018,2026-03-20T23:06:00,agent_41,84,flights,4460.12,attr_5,flights,3144.79,attr_5,user_232,4421.0,flights,1102,1,0.28,1,1,1,0.196,0,0
txn_003125,3099.24,fashion,COD,500011,2026-05-09T12:05:00,agent_23,73,fashion,5063.8,attr_2,fashion,3099.24,attr_2,user_90,2600.1,fashion,1228,1,0.58,1,1,1,0.406,1,0
txn_003126,4215.78,fashion,COD,500014,2026-02-19T02:03:00,agent_18,66,fashion,6379.03,attr_2,fashion,4215.78,attr_2,user_338,2825.89,electronics,747,1,0.53,1,1,1,0.159,0,0
txn_003127,1357.73,footwear,prepaid,500014,2026-04-23T10:07:00,agent_43,14,footwear,2256.91,attr_3,footwear,1357.73,attr_3,user_253,1744.65,footwear,292,0,0.7,1,1,1,0.49,1,0
txn_003128,2205.97,home,prepaid,500015,2026-03-09T03:23:00,agent_49,255,home,3249.84,attr_1,home,2205.97,attr_1,user_493,1932.37,home,930,1,0.1,1,1,1,0.07,0,1
txn_003129,7561.15,groceries,prepaid,500011,2026-01-09T09:46:00,agent_30,18,groceries,4867.8,attr_1,groceries,7561.15,attr_1,user_192,5372.55,home,712,1,0.39,1,0,1,0.117,0,1
txn_003130,3391.57,electronics,prepaid,500018,2026-02-11T06:40:00,agent_30,233,electronics,5628.79,attr_3,electronics,3391.57,attr_3,user_337,4910.8,electronics,309,1,0.47,1,1,1,0.329,0,0
txn_003131,9899.62,electronics,prepaid,500017,2026-04-15T21:06:00,agent_10,198,electronics,6587.47,attr_2,electronics,9899.62,attr_3,user_226,4314.62,home,339,0,0.5,1,0,0,0.15,1,0
txn_003132,1784.55,fashion,prepaid,500011,2026-03-24T08:37:00,agent_25,97,fashion,2332.82,attr_1,fashion,1784.55,attr_1,user_241,2191.67,fashion,1013,0,0.99,1,1,1,0.693,1,0
txn_003133,2595.13,home,prepaid,500014,2026-04-26T20:57:00,agent_34,96,home,3279.65,attr_2,home,2595.13,attr_2,user_310,2428.92,home,901,1,0.38,1,1,1,0.266,1,0
txn_003134,3102.57,electronics,prepaid,50001,2026-03-04T22:06:00,agent_34,43,electronics,2914.31,attr_2,electronics,3102.57,attr_4,user_445,4059.98,electronics,1339,1,0.66,1,0,0,0.462,0,0
txn_003135,4683.15,footwear,prepaid,500010,2026-02-28T02:50:00,agent_27,26,footwear,7261.85,attr_5,footwear,4683.15,attr_5,user_242,3874.17,footwear,903,1,0.22,1,1,1,0.154,0,0
txn_003136,1295.66,home,COD,50004,2026-04-19T03:09:00,agent_12,139,home,1300.91,attr_2,home,1295.66,attr_2,user_420,627.56,home,1235,1,0.35,1,1,1,0.245,0,0
txn_003137,1485.43,electronics,prepaid,50007,2026-01-09T08:45:00,agent_54,44,electronics,932.27,attr_3,electronics,1485.43,attr_3,user_56,1969.96,electronics,199,1,0.76,1,0,1,0.532,0,0
txn_003138,7508.43,groceries,prepaid,500011,2026-03-02T18:23:00,agent_39,26,fashion,4787.86,attr_1,groceries,7508.43,attr_1,user_284,5907.02,fashion,168,1,0.21,0,0,1,0.063,0,1
txn_003139,499.92,fashion,prepaid,500014,2026-01-21T09:11:00,agent_7,105,fashion,532.18,attr_4,fashion,499.92,attr_4,user_68,1805.07,fashion,674,1,0.06,1,1,1,0.042,0,0
txn_003140,891.2,footwear,COD,50007,2026-04-06T17:11:00,agent_33,287,footwear,682.68,attr_3,footwear,891.2,attr_3,user_32,5197.67,footwear,835,1,0.22,1,0,1,0.154,0,0
txn_003141,3516.64,home,COD,50007,2026-04-06T01:24:00,agent_55,11,home,3969.18,attr_4,home,3516.64,attr_4,user_491,2946.46,home,1010,1,0.99,1,1,1,0.693,1,0
txn_003142,4957.84,groceries,COD,50004,2026-04-17T15:37:00,agent_38,13,groceries,6926.41,attr_4,groceries,4957.84,attr_4,user_178,1772.07,groceries,937,1,0.61,1,1,1,0.427,1,0
txn_003143,1026.85,footwear,prepaid,500018,2026-04-07T17:06:00,agent_53,48,footwear,1382.04,attr_2,footwear,1026.85,attr_2,user_405,5905.92,footwear,410,1,0.01,1,1,1,0.007,0,0
txn_003144,1261.42,electronics,prepaid,500014,2026-04-15T23:59:00,agent_40,220,electronics,1673.07,attr_1,electronics,1261.42,attr_1,user_91,685.99,footwear,926,1,0.11,1,1,1,0.033,0,0
txn_003145,2648.6,groceries,prepaid,500013,2026-03-13T17:02:00,agent_43,157,groceries,2002.14,attr_1,groceries,2648.6,attr_1,user_305,3798.81,groceries,443,1,0.81,1,0,1,0.567,0,0
txn_003146,1319.87,footwear,prepaid,50008,2026-02-21T08:14:00,agent_31,136,footwear,1861.94,attr_3,footwear,1319.87,attr_3,user_374,2362.49,footwear,237,1,0.91,1,1,1,0.637,0,0
txn_003147,3189.98,home,prepaid,500013,2026-05-16T06:20:00,agent_42,47,home,4548.94,attr_1,home,3189.98,attr_1,user_348,5987.21,home,219,0,0.46,1,1,1,0.322,0,0
txn_003148,2043.53,flights,prepaid,500014,2026-03-16T17:26:00,agent_46,35,flights,2625.11,attr_1,flights,2043.53,attr_1,user_212,5667.17,flights,318,1,0.59,1,1,1,0.413,0,0
txn_003149,6381.59,footwear,prepaid,500011,2026-01-05T10:13:00,agent_53,83,footwear,7614.26,attr_5,footwear,6381.59,attr_5,user_442,4768.8,home,517,1,0.15,1,1,1,0.045,0,0
txn_003150,6779.65,footwear,COD,50009,2026-04-21T08:12:00,agent_28,81,footwear,7582.87,attr_1,footwear,6779.65,attr_1,user_386,5128.39,footwear,1280,1,0.92,1,1,1,0.644,1,0
txn_003151,11244.06,groceries,COD,50002,2026-01-16T02:59:00,agent_42,26,groceries,7841.41,attr_4,groceries,11244.06,attr_4,user_329,1439.37,groceries,41,1,0.1,1,0,1,0.07,0,1
txn_003152,3411.78,footwear,prepaid,50003,2026-05-09T05:29:00,agent_41,199,footwear,3623.94,attr_3,footwear,3411.78,attr_3,user_296,5459.68,electronics,791,1,0.36,1,1,1,0.108,0,1
txn_003153,6064.5,home,COD,50004,2026-03-26T07:50:00,agent_38,93,flights,5091.76,attr_4,home,6064.5,attr_3,user_335,799.49,flights,393,1,0.79,0,0,0,0.237,0,0
txn_003154,5118.89,fashion,prepaid,50005,2026-01-25T02:51:00,agent_42,10,fashion,5338.31,attr_3,fashion,5118.89,attr_3,user_125,5389.48,fashion,1229,0,0.16,1,1,1,0.112,1,0
txn_003155,3886.0,fashion,prepaid,500018,2026-02-18T08:34:00,agent_36,299,fashion,4055.03,attr_2,fashion,3886.0,attr_2,user_189,1071.76,fashion,1416,1,0.14,1,1,1,0.098,0,0
txn_003156,3571.76,electronics,prepaid,500010,2026-01-15T03:39:00,agent_54,26,electronics,5363.95,attr_4,electronics,3571.76,attr_4,user_332,2005.75,electronics,1193,1,0.53,1,1,1,0.371,0,0
txn_003157,3223.9,footwear,prepaid,500016,2026-04-12T10:22:00,agent_18,49,footwear,3983.67,attr_1,footwear,3223.9,attr_1,user_311,4505.97,footwear,904,1,0.45,1,1,1,0.315,0,0
txn_003158,2631.97,electronics,COD,500017,2026-01-04T23:14:00,agent_44,196,electronics,2655.83,attr_3,electronics,2631.97,attr_3,user_431,2663.27,electronics,797,1,0.06,1,1,1,0.042,0,0
txn_003159,3803.93,footwear,prepaid,500017,2026-03-31T13:04:00,agent_43,64,footwear,4876.89,attr_2,footwear,3803.93,attr_2,user_150,986.44,footwear,1351,1,0.65,1,1,1,0.455,0,0
txn_003160,1650.09,footwear,COD,500011,2026-02-02T05:12:00,agent_36,9,electronics,1521.99,attr_4,footwear,1650.09,attr_4,user_449,1914.73,home,514,1,0.81,0,0,1,0.243,1,0
txn_003161,5306.61,home,prepaid,50007,2026-02-22T20:42:00,agent_45,9,home,7407.83,attr_4,home,5306.61,attr_4,user_213,1482.32,groceries,1115,1,0.5,1,1,1,0.15,1,0
txn_003162,3170.49,electronics,prepaid,50001,2026-02-07T03:18:00,agent_39,33,electronics,4051.71,attr_2,electronics,3170.49,attr_2,user_243,689.43,electronics,403,1,0.81,1,1,1,0.567,0,0
txn_003163,853.36,footwear,prepaid,50003,2026-03-06T07:35:00,agent_24,7,footwear,921.56,attr_3,footwear,853.36,attr_3,user_277,4562.21,footwear,238,0,0.18,1,1,1,0.126,1,0
txn_003164,2350.43,electronics,COD,50005,2026-01-19T20:50:00,agent_48,89,electronics,2551.66,attr_5,electronics,2350.43,attr_5,user_389,3443.22,electronics,691,1,0.54,1,1,1,0.378,0,0
txn_003165,1042.04,fashion,prepaid,50005,2026-05-04T23:29:00,agent_38,33,fashion,1182.53,attr_2,fashion,1042.04,attr_2,user_199,1499.07,fashion,1123,1,0.95,1,1,1,0.665,0,0
txn_003166,741.94,home,COD,500012,2026-03-25T00:02:00,agent_27,67,home,910.19,attr_4,home,741.94,attr_4,user_236,5715.83,electronics,1321,1,0.65,1,1,1,0.195,0,0
txn_003167,3112.3,fashion,COD,50001,2026-01-24T02:39:00,agent_21,249,fashion,4985.75,attr_3,fashion,3112.3,attr_3,user_358,5819.74,footwear,1070,1,0.29,1,1,1,0.087,1,0
txn_003168,6829.23,footwear,prepaid,50008,2026-03-05T02:54:00,agent_18,121,footwear,7884.93,attr_3,footwear,6829.23,attr_3,user_430,3112.09,footwear,1462,1,0.33,1,1,1,0.231,1,0
txn_003169,1216.46,groceries,COD,500010,2026-04-03T09:56:00,agent_35,440,groceries,1906.43,attr_3,groceries,1216.46,attr_3,user_17,639.79,groceries,67,1,0.59,1,1,1,0.413,1,0
txn_003170,3597.64,footwear,prepaid,50003,2026-05-12T11:48:00,agent_6,16,footwear,4218.04,attr_3,footwear,3597.64,attr_3,user_417,1792.93,footwear,1132,1,0.21,1,1,1,0.147,0,0
txn_003171,1911.17,home,prepaid,500014,2026-03-03T07:57:00,agent_19,121,home,2748.29,attr_1,home,1911.17,attr_1,user_92,1382.22,home,1364,1,0.55,1,1,1,0.385,1,0
txn_003172,1596.13,fashion,prepaid,500016,2026-03-03T02:18:00,agent_53,179,fashion,2069.94,attr_4,fashion,1596.13,attr_4,user_343,1949.93,fashion,1405,1,0.4,1,1,1,0.28,0,0
txn_003173,874.01,flights,COD,500019,2026-03-04T07:24:00,agent_48,159,flights,549.73,attr_1,flights,874.01,attr_1,user_34,2040.8,flights,597,1,0.23,1,0,1,0.161,0,1
txn_003174,2008.14,groceries,COD,50002,2026-04-15T04:11:00,agent_27,18,groceries,2349.29,attr_2,groceries,2008.14,attr_2,user_19,2509.24,groceries,707,1,0.85,1,1,1,0.595,1,0
txn_003175,809.61,fashion,COD,50005,2026-01-07T06:42:00,agent_27,113,fashion,710.31,attr_4,fashion,809.61,attr_4,user_121,1158.99,fashion,613,1,0.83,1,0,1,0.581,0,0
txn_003176,870.55,footwear,prepaid,500018,2026-01-01T13:40:00,agent_43,203,footwear,997.68,attr_2,footwear,870.55,attr_2,user_164,1444.51,footwear,978,1,0.22,1,1,1,0.154,0,0
txn_003177,1885.97,footwear,prepaid,500013,2026-04-07T01:57:00,agent_14,22,footwear,2990.43,attr_3,footwear,1885.97,attr_3,user_113,5441.86,footwear,1324,1,0.53,1,1,1,0.371,0,0
txn_003178,5561.34,home,COD,50008,2026-05-10T17:34:00,agent_27,75,home,3785.04,attr_3,home,5561.34,attr_2,user_291,4294.91,home,1315,1,0.54,1,0,0,0.378,1,0
txn_003179,6070.74,flights,COD,50009,2026-03-20T23:13:00,agent_6,37,flights,4117.95,attr_5,flights,6070.74,attr_5,user_397,3449.26,flights,512,1,0.37,1,0,1,0.259,0,0
txn_003180,2049.73,groceries,COD,500011,2026-01-03T20:52:00,agent_4,35,groceries,3083.25,attr_4,groceries,2049.73,attr_4,user_98,5572.58,electronics,802,1,0.93,1,1,1,0.279,0,0
txn_003181,5101.87,flights,COD,500016,2026-05-06T03:57:00,agent_3,21,flights,6397.44,attr_2,flights,5101.87,attr_2,user_344,2320.75,flights,123,1,0.98,1,1,1,0.686,0,0
txn_003182,6520.23,footwear,prepaid,500015,2026-01-24T20:55:00,agent_44,56,footwear,4407.88,attr_1,footwear,6520.23,attr_2,user_32,5111.8,electronics,1274,1,0.66,1,0,0,0.198,0,1
txn_003183,1511.59,flights,prepaid,500014,2026-03-04T21:42:00,agent_2,48,flights,1514.65,attr_1,flights,1511.59,attr_1,user_324,1924.33,flights,1423,1,0.27,1,1,1,0.189,0,0
txn_003184,2805.09,footwear,prepaid,50008,2026-05-06T14:44:00,agent_54,241,footwear,2526.04,attr_1,footwear,2805.09,attr_2,user_240,4561.16,footwear,769,1,0.99,1,0,0,0.693,0,1
txn_003185,4942.51,flights,prepaid,50008,2026-01-13T22:59:00,agent_4,54,flights,3962.9,attr_5,flights,4942.51,attr_4,user_41,1810.72,flights,543,1,0.52,1,0,0,0.364,0,0
txn_003186,8346.45,groceries,prepaid,500020,2026-01-25T09:18:00,agent_10,33,groceries,6727.86,attr_3,groceries,8346.45,attr_1,user_327,763.48,groceries,977,1,0.07,1,0,0,0.049,0,0
txn_003187,4887.19,fashion,COD,500017,2026-03-30T22:51:00,agent_21,243,fashion,6191.27,attr_5,fashion,4887.19,attr_5,user_235,4541.27,electronics,189,1,0.34,1,1,1,0.102,0,0
txn_003188,3011.44,flights,COD,500016,2026-04-27T08:05:00,agent_55,128,flights,3166.43,attr_5,flights,3011.44,attr_5,user_95,3794.07,flights,646,1,0.34,1,1,1,0.238,0,0
txn_003189,7255.57,electronics,prepaid,500013,2026-03-09T21:41:00,agent_36,142,electronics,7813.18,attr_4,electronics,7255.57,attr_4,user_38,2768.82,electronics,1260,1,0.75,1,1,1,0.525,0,0
txn_003190,4659.67,footwear,prepaid,500015,2026-02-24T01:16:00,agent_56,569,footwear,3545.75,attr_2,footwear,4659.67,attr_1,user_92,1064.69,footwear,1191,1,0.17,1,0,0,0.119,0,0
txn_003191,1864.29,electronics,prepaid,500011,2026-03-06T01:06:00,agent_49,118,electronics,2929.43,attr_1,electronics,1864.29,attr_1,user_432,4129.8,electronics,840,1,0.17,1,1,1,0.119,0,0
txn_003192,1071.02,flights,COD,50006,2026-05-01T04:56:00,agent_27,21,flights,1409.66,attr_5,flights,1071.02,attr_5,user_262,824.83,footwear,391,1,0.78,1,1,1,0.234,0,0
txn_003193,3124.38,home,prepaid,500011,2026-03-12T21:43:00,agent_58,165,home,4936.72,attr_4,home,3124.38,attr_4,user_300,2913.31,electronics,1121,1,0.5,1,1,1,0.15,0,0
txn_003194,3932.41,footwear,prepaid,500015,2026-05-12T10:10:00,agent_51,1,footwear,2557.03,attr_2,footwear,3932.41,attr_2,user_225,2544.56,footwear,1448,1,0.89,1,0,1,0.623,0,0
txn_003195,1062.79,fashion,prepaid,500019,2026-04-25T13:58:00,agent_29,81,fashion,1612.0,attr_5,fashion,1062.79,attr_5,user_153,597.04,fashion,789,1,0.44,1,1,1,0.308,0,0
txn_003196,5762.99,flights,prepaid,500010,2026-05-10T07:22:00,agent_33,95,flights,6139.5,attr_2,flights,5762.99,attr_2,user_104,5306.69,flights,1443,0,0.9,1,1,1,0.63,0,0
txn_003197,4937.9,footwear,COD,500018,2026-02-04T01:31:00,agent_30,53,footwear,4296.46,attr_3,footwear,4937.9,attr_1,user_283,1505.04,flights,597,1,0.16,1,0,0,0.048,0,0
txn_003198,3207.93,home,COD,50009,2026-01-19T13:03:00,agent_40,325,home,3595.37,attr_4,home,3207.93,attr_4,user_249,3027.12,home,749,1,0.46,1,1,1,0.322,1,0
txn_003199,2044.21,groceries,prepaid,500010,2026-02-16T13:52:00,agent_39,116,groceries,2555.9,attr_5,groceries,2044.21,attr_5,user_470,3226.18,groceries,894,1,0.62,1,1,1,0.434,0,0
txn_003200,2852.85,home,prepaid,500018,2026-04-05T21:29:00,agent_1,74,home,3796.27,attr_3,home,2852.85,attr_3,user_410,2421.96,home,557,1,0.42,1,1,1,0.294,0,0
txn_003201,2444.47,flights,COD,500016,2026-01-23T19:59:00,agent_4,97,flights,3225.5,attr_2,flights,2444.47,attr_2,user_458,1813.19,flights,351,1,0.63,1,1,1,0.441,0,0
txn_003202,4993.86,home,COD,500011,2026-04-12T14:57:00,agent_41,203,home,6380.57,attr_1,home,4993.86,attr_1,user_322,2746.78,home,546,1,0.56,1,1,1,0.392,0,0
txn_003203,5350.0,home,COD,50006,2026-01-24T03:17:00,agent_6,36,home,7999.19,attr_5,home,5350.0,attr_5,user_443,708.55,home,903,1,0.88,1,1,1,0.616,1,0
txn_003204,1511.64,footwear,prepaid,50002,2026-03-29T00:27:00,agent_14,31,footwear,2135.9,attr_1,footwear,1511.64,attr_1,user_108,5096.44,footwear,754,1,0.18,1,1,1,0.126,0,0
txn_003205,10877.27,electronics,prepaid,50003,2026-03-23T22:55:00,agent_52,116,electronics,6941.64,attr_1,electronics,10877.27,attr_1,user_200,4797.89,electronics,846,0,0.36,1,0,1,0.252,0,0
txn_003206,4891.73,fashion,COD,50008,2026-03-15T22:16:00,agent_32,154,fashion,6040.67,attr_4,fashion,4891.73,attr_4,user_182,2969.15,fashion,742,1,0.07,1,1,1,0.049,0,0
txn_003207,1930.46,electronics,COD,500016,2026-01-21T18:45:00,agent_29,174,electronics,2091.45,attr_3,electronics,1930.46,attr_3,user_435,5231.17,footwear,354,1,0.93,1,1,1,0.279,0,0
txn_003208,8339.01,groceries,COD,500017,2026-02-11T15:19:00,agent_2,25,groceries,6848.07,attr_5,groceries,8339.01,attr_3,user_457,4794.15,groceries,796,1,0.15,1,0,0,0.105,1,0
txn_003209,756.62,fashion,COD,500014,2026-01-19T14:43:00,agent_43,172,fashion,810.12,attr_5,fashion,756.62,attr_5,user_52,506.94,fashion,155,1,0.64,1,1,1,0.448,0,0
txn_003210,5092.01,home,COD,50001,2026-04-28T11:01:00,agent_23,1,home,5658.53,attr_2,home,5092.01,attr_2,user_244,3404.86,home,432,1,0.54,1,1,1,0.378,0,0
txn_003211,2919.16,fashion,COD,500018,2026-04-04T04:37:00,agent_22,145,fashion,4311.19,attr_5,fashion,2919.16,attr_5,user_36,2902.07,fashion,654,1,0.94,1,1,1,0.658,0,0
txn_003212,1372.5,home,COD,500014,2026-03-14T03:38:00,agent_4,60,home,976.43,attr_2,home,1372.5,attr_2,user_72,5406.98,home,831,1,0.77,1,0,1,0.539,0,0
txn_003213,5591.8,groceries,prepaid,50006,2026-02-20T14:17:00,agent_49,105,groceries,6571.43,attr_2,groceries,5591.8,attr_2,user_233,4528.44,groceries,351,1,0.34,1,1,1,0.238,0,0
txn_003214,11473.53,home,prepaid,500020,2026-02-20T23:34:00,agent_51,7,home,7932.1,attr_5,home,11473.53,attr_5,user_112,3919.51,electronics,927,0,0.85,1,0,1,0.255,0,0
txn_003215,6461.74,footwear,COD,50005,2026-02-25T11:48:00,agent_3,142,electronics,5320.75,attr_3,footwear,6461.74,attr_3,user_191,3516.92,electronics,1366,1,0.12,0,0,1,0.036,0,0
txn_003216,5522.35,fashion,COD,50004,2026-04-21T07:20:00,agent_59,57,fashion,5783.83,attr_5,fashion,5522.35,attr_5,user_117,4645.38,fashion,662,1,0.31,1,1,1,0.217,0,0
txn_003217,4896.35,electronics,COD,50001,2026-02-19T01:10:00,agent_47,63,electronics,7112.85,attr_1,electronics,4896.35,attr_1,user_236,2600.19,electronics,419,1,0.68,1,1,1,0.476,0,0
txn_003218,4980.81,footwear,prepaid,500014,2026-04-03T15:29:00,agent_41,191,footwear,5239.72,attr_1,footwear,4980.81,attr_1,user_302,4755.23,footwear,401,1,0.82,1,1,1,0.574,0,0
txn_003219,2934.89,groceries,COD,500015,2026-02-09T08:34:00,agent_33,49,groceries,4781.94,attr_5,groceries,2934.89,attr_5,user_426,1011.07,groceries,954,1,0.19,1,1,1,0.133,0,0
txn_003220,785.57,fashion,COD,50008,2026-01-16T12:18:00,agent_18,54,fashion,707.62,attr_1,fashion,785.57,attr_1,user_149,2645.31,fashion,490,1,0.43,1,0,1,0.301,0,0
txn_003221,6539.41,footwear,COD,500010,2026-02-16T05:19:00,agent_39,3,footwear,7194.5,attr_2,footwear,6539.41,attr_2,user_244,4386.59,footwear,864,1,0.36,1,1,1,0.252,1,0
txn_003222,2686.94,electronics,prepaid,500016,2026-05-09T16:13:00,agent_21,206,electronics,3160.13,attr_3,electronics,2686.94,attr_3,user_368,2756.3,electronics,776,1,0.61,1,1,1,0.427,0,0
txn_003223,2265.22,flights,prepaid,500011,2026-04-07T16:32:00,agent_48,274,flights,3136.36,attr_1,flights,2265.22,attr_1,user_360,5903.57,flights,601,1,0.61,1,1,1,0.427,0,0
txn_003224,3442.0,flights,COD,50004,2026-01-16T01:59:00,agent_21,26,flights,3005.45,attr_3,flights,3442.0,attr_3,user_100,1762.74,flights,1281,1,0.66,1,0,1,0.462,0,0
txn_003225,5701.79,footwear,COD,500017,2026-03-07T18:56:00,agent_44,246,flights,4709.19,attr_3,footwear,5701.79,attr_3,user_348,3008.97,flights,1255,1,0.41,0,0,1,0.123,0,0
txn_003226,3671.44,footwear,COD,50001,2026-01-13T12:39:00,agent_43,92,footwear,4351.25,attr_4,footwear,3671.44,attr_4,user_247,4694.9,footwear,271,1,0.9,1,1,1,0.63,0,0
txn_003227,820.43,fashion,prepaid,50005,2026-03-12T05:41:00,agent_14,31,electronics,640.15,attr_1,fashion,820.43,attr_1,user_220,1131.66,electronics,30,1,0.81,0,0,1,0.243,0,0
txn_003228,10098.18,footwear,prepaid,50004,2026-04-09T17:52:00,agent_34,75,footwear,7779.33,attr_5,footwear,10098.18,attr_5,user_141,1718.57,groceries,320,1,0.72,1,0,1,0.216,0,0
txn_003229,4535.97,electronics,prepaid,50009,2026-04-06T00:50:00,agent_55,93,electronics,5446.52,attr_4,electronics,4535.97,attr_4,user_497,3197.18,electronics,1095,1,0.35,1,1,1,0.245,0,0
txn_003230,4529.37,home,COD,50004,2026-05-12T03:11:00,agent_51,25,home,5251.35,attr_2,home,4529.37,attr_2,user_311,4234.19,home,1012,1,0.45,1,1,1,0.315,0,0
txn_003231,3341.81,electronics,COD,50008,2026-01-19T20:35:00,agent_26,65,electronics,2736.79,attr_1,electronics,3341.81,attr_5,user_273,3071.12,electronics,377,1,0.93,1,0,0,0.651,0,0
txn_003232,5167.81,groceries,prepaid,500012,2026-05-10T18:00:00,agent_28,94,groceries,7899.89,attr_4,groceries,5167.81,attr_4,user_433,3190.82,groceries,1289,1,0.76,1,1,1,0.532,1,0
txn_003233,1923.63,flights,prepaid,500020,2026-03-21T11:54:00,agent_38,158,flights,2064.0,attr_1,flights,1923.63,attr_1,user_17,3186.23,flights,1026,1,0.5,1,1,1,0.35,0,0
txn_003234,2443.74,footwear,prepaid,500014,2026-05-06T12:53:00,agent_42,26,footwear,3629.51,attr_1,footwear,2443.74,attr_1,user_240,2764.6,footwear,1152,1,0.27,1,1,1,0.189,0,0
txn_003235,2664.82,electronics,COD,500014,2026-03-26T08:40:00,agent_18,145,electronics,1749.07,attr_2,electronics,2664.82,attr_3,user_137,5921.13,electronics,1111,1,0.24,1,0,0,0.168,1,0
txn_003236,7095.72,groceries,prepaid,500019,2026-02-09T02:53:00,agent_24,219,groceries,7276.19,attr_2,groceries,7095.72,attr_2,user_452,4161.18,fashion,160,1,0.66,1,1,1,0.198,0,0
txn_003237,2480.88,flights,prepaid,500010,2026-01-07T01:55:00,agent_57,23,flights,3846.53,attr_4,flights,2480.88,attr_4,user_201,908.51,flights,329,1,0.81,1,1,1,0.567,0,0
txn_003238,9179.94,electronics,prepaid,50007,2026-04-29T05:37:00,agent_1,239,electronics,7511.19,attr_4,electronics,9179.94,attr_4,user_190,3353.88,electronics,910,1,0.43,1,0,1,0.301,1,0
txn_003239,4624.64,footwear,prepaid,50005,2026-02-04T16:52:00,agent_23,134,footwear,3164.32,attr_2,footwear,4624.64,attr_4,user_63,4924.27,footwear,964,1,0.47,1,0,0,0.329,0,0
txn_003240,4067.04,electronics,COD,500014,2026-02-20T12:48:00,agent_10,136,electronics,5936.45,attr_1,electronics,4067.04,attr_1,user_406,1092.59,electronics,990,1,0.79,1,1,1,0.553,0,0
txn_003241,6105.43,home,prepaid,500011,2026-03-19T03:21:00,agent_14,106,home,7718.02,attr_5,home,6105.43,attr_5,user_120,4548.36,home,1383,1,0.37,1,1,1,0.259,0,0
txn_003242,5200.05,home,COD,50009,2026-02-06T19:10:00,agent_44,460,home,4004.15,attr_5,home,5200.05,attr_3,user_118,5668.06,home,752,1,0.94,1,0,0,0.658,0,0
txn_003243,3482.43,groceries,prepaid,500013,2026-04-23T04:17:00,agent_47,67,groceries,4283.8,attr_3,groceries,3482.43,attr_3,user_447,2676.53,groceries,979,1,0.08,1,1,1,0.056,0,0
txn_003244,4593.77,footwear,COD,50008,2026-02-09T12:47:00,agent_37,79,footwear,5470.88,attr_4,footwear,4593.77,attr_4,user_212,5370.79,footwear,1193,1,0.13,1,1,1,0.091,1,0
txn_003245,8212.08,groceries,COD,500011,2026-04-20T10:29:00,agent_58,106,groceries,7682.0,attr_2,groceries,8212.08,attr_2,user_275,1333.12,groceries,681,0,0.46,1,0,1,0.322,1,0
txn_003246,4007.79,home,COD,500015,2026-04-15T00:21:00,agent_43,8,fashion,3636.14,attr_5,home,4007.79,attr_2,user_73,3283.8,groceries,1364,1,0.23,0,0,0,0.069,1,0
txn_003247,759.91,footwear,COD,500014,2026-03-11T23:20:00,agent_18,155,footwear,874.0,attr_1,footwear,759.91,attr_1,user_197,4806.7,footwear,638,1,0.5,1,1,1,0.35,0,0
txn_003248,3307.05,home,COD,50005,2026-02-26T12:30:00,agent_23,11,home,5219.23,attr_2,home,3307.05,attr_2,user_225,4718.59,home,1219,1,0.97,1,1,1,0.679,0,0
txn_003249,4831.55,footwear,COD,500015,2026-04-06T14:27:00,agent_58,294,footwear,5804.07,attr_1,footwear,4831.55,attr_1,user_264,4514.72,footwear,752,1,0.4,1,1,1,0.28,0,0
txn_003250,6525.22,fashion,COD,500014,2026-03-17T12:42:00,agent_1,52,fashion,6565.63,attr_2,fashion,6525.22,attr_2,user_130,5758.35,flights,1492,1,0.2,1,1,1,0.06,0,0
txn_003251,2227.26,groceries,COD,500016,2026-04-20T15:21:00,agent_12,133,groceries,2956.83,attr_1,groceries,2227.26,attr_1,user_280,2742.53,flights,566,0,0.94,1,1,1,0.282,1,0
txn_003252,4102.47,home,COD,500013,2026-01-23T23:33:00,agent_3,69,home,5767.04,attr_4,home,4102.47,attr_4,user_396,5380.87,home,403,1,0.81,1,1,1,0.567,0,0
txn_003253,6294.39,flights,prepaid,500010,2026-01-24T04:05:00,agent_3,109,flights,6747.97,attr_2,flights,6294.39,attr_2,user_375,2913.73,flights,298,1,0.75,1,1,1,0.525,0,0
txn_003254,2280.9,fashion,COD,500015,2026-04-18T23:14:00,agent_58,0,fashion,3412.01,attr_1,fashion,2280.9,attr_1,user_123,2902.97,fashion,1151,1,0.0,1,1,1,0.0,1,0
txn_003255,4927.93,flights,prepaid,500016,2026-02-02T05:35:00,agent_37,326,flights,3186.19,attr_3,flights,4927.93,attr_2,user_318,3625.23,flights,500,1,0.54,1,0,0,0.378,0,1
txn_003256,3697.23,flights,prepaid,500013,2026-02-20T08:41:00,agent_2,84,flights,4916.52,attr_4,flights,3697.23,attr_4,user_385,4349.4,flights,850,1,0.17,1,1,1,0.119,0,0
txn_003257,4902.26,footwear,COD,50003,2026-02-01T11:26:00,agent_40,95,footwear,5418.5,attr_2,footwear,4902.26,attr_2,user_18,2277.73,electronics,1350,0,0.02,1,1,1,0.006,1,0
txn_003258,3015.66,fashion,prepaid,500017,2026-02-13T05:57:00,agent_19,2,electronics,2189.45,attr_4,fashion,3015.66,attr_4,user_196,3811.67,fashion,228,0,0.21,0,0,1,0.147,1,0
txn_003259,4642.59,groceries,prepaid,50002,2026-05-17T16:08:00,agent_34,73,groceries,6531.48,attr_1,groceries,4642.59,attr_1,user_49,5302.02,groceries,137,1,0.79,1,1,1,0.553,1,0
txn_003260,1893.97,groceries,prepaid,50008,2026-02-04T23:42:00,agent_37,143,groceries,1447.84,attr_1,groceries,1893.97,attr_1,user_158,2350.21,groceries,929,0,0.75,1,0,1,0.525,1,0
txn_003261,698.17,footwear,COD,50003,2026-03-19T01:43:00,agent_15,12,footwear,936.53,attr_3,footwear,698.17,attr_3,user_294,3417.54,footwear,133,1,0.0,1,1,1,0.0,0,0
txn_003262,961.25,electronics,COD,50009,2026-02-07T22:00:00,agent_21,159,electronics,1034.28,attr_1,electronics,961.25,attr_1,user_316,3043.84,electronics,1362,1,0.22,1,1,1,0.154,0,0
txn_003263,1267.19,home,COD,500016,2026-03-31T06:49:00,agent_28,32,home,1458.29,attr_4,home,1267.19,attr_4,user_439,2718.48,home,1086,0,0.37,1,1,1,0.259,1,0
txn_003264,7682.06,home,COD,500012,2026-02-06T17:24:00,agent_14,134,home,6551.36,attr_4,home,7682.06,attr_4,user_493,1397.07,home,61,1,0.3,1,0,1,0.21,0,0
txn_003265,2307.38,flights,prepaid,500014,2026-04-25T14:25:00,agent_38,16,flights,2624.48,attr_5,flights,2307.38,attr_5,user_376,3443.17,flights,779,1,0.74,1,1,1,0.518,0,0
txn_003266,3664.13,footwear,COD,50004,2026-02-08T04:34:00,agent_25,209,footwear,3830.58,attr_4,footwear,3664.13,attr_4,user_178,637.6,footwear,276,1,0.4,1,1,1,0.28,1,0
txn_003267,4936.74,footwear,COD,500016,2026-03-10T02:26:00,agent_52,112,footwear,5310.85,attr_5,footwear,4936.74,attr_5,user_276,4825.74,footwear,915,1,0.66,1,1,1,0.462,0,0
txn_003268,2101.79,fashion,COD,50002,2026-05-03T08:15:00,agent_30,24,fashion,1387.96,attr_3,fashion,2101.79,attr_1,user_466,1932.59,fashion,1046,1,0.93,1,0,0,0.651,0,1
txn_003269,3277.06,footwear,COD,500020,2026-03-27T05:51:00,agent_35,28,footwear,3333.42,attr_2,footwear,3277.06,attr_2,user_449,737.98,footwear,1413,1,0.15,1,1,1,0.105,0,0
txn_003270,6083.91,home,COD,500014,2026-03-18T15:01:00,agent_49,117,home,4334.27,attr_4,home,6083.91,attr_1,user_418,3215.78,home,177,1,0.35,1,0,0,0.245,0,0
txn_003271,5270.57,flights,COD,500020,2026-04-11T01:39:00,agent_57,17,flights,6506.53,attr_2,flights,5270.57,attr_2,user_24,4602.26,flights,1466,0,0.28,1,1,1,0.196,1,0
txn_003272,2256.89,groceries,prepaid,500014,2026-03-06T20:31:00,agent_17,135,groceries,3009.69,attr_3,groceries,2256.89,attr_3,user_306,2741.22,groceries,1145,1,0.55,1,1,1,0.385,0,0
txn_003273,5538.75,flights,COD,500016,2026-03-11T23:11:00,agent_3,14,flights,6213.27,attr_4,flights,5538.75,attr_4,user_412,4812.23,flights,1309,1,0.8,1,1,1,0.56,0,0
txn_003274,2914.85,footwear,COD,50003,2026-05-03T05:11:00,agent_43,125,footwear,4730.43,attr_5,footwear,2914.85,attr_5,user_43,3584.55,footwear,1273,1,0.86,1,1,1,0.602,0,0
txn_003275,2698.6,flights,COD,500010,2026-05-11T21:10:00,agent_55,18,flights,3825.21,attr_5,flights,2698.6,attr_5,user_4,4121.34,flights,144,1,0.38,1,1,1,0.266,0,0
txn_003276,6562.72,flights,COD,50005,2026-04-27T16:07:00,agent_31,91,flights,6673.97,attr_4,flights,6562.72,attr_4,user_6,4803.39,flights,718,0,0.1,1,1,1,0.07,1,0
txn_003277,1016.92,electronics,COD,500014,2026-05-16T22:32:00,agent_43,87,electronics,768.52,attr_2,electronics,1016.92,attr_2,user_200,2812.83,electronics,218,1,0.15,1,0,1,0.105,0,0
txn_003278,5720.7,electronics,COD,50009,2026-02-27T10:22:00,agent_18,54,electronics,6684.94,attr_1,electronics,5720.7,attr_1,user_351,3477.97,fashion,872,1,0.16,1,1,1,0.048,1,0
txn_003279,2454.73,flights,COD,500016,2026-05-14T10:21:00,agent_58,134,flights,2455.07,attr_4,flights,2454.73,attr_4,user_262,2177.52,flights,736,1,0.6,1,1,1,0.42,0,0
txn_003280,4907.85,electronics,COD,50007,2026-01-14T19:38:00,agent_44,26,electronics,6905.68,attr_1,electronics,4907.85,attr_1,user_36,1988.66,electronics,1256,1,0.69,1,1,1,0.483,0,0
txn_003281,1108.65,fashion,prepaid,500019,2026-01-11T22:37:00,agent_5,34,fashion,1577.11,attr_1,fashion,1108.65,attr_1,user_254,1357.99,fashion,1028,1,0.14,1,1,1,0.098,0,0
txn_003282,3418.78,flights,COD,500010,2026-02-07T06:31:00,agent_55,206,flights,5232.06,attr_1,flights,3418.78,attr_1,user_413,1621.16,electronics,726,1,0.11,1,1,1,0.033,0,0
txn_003283,9271.71,footwear,prepaid,500018,2026-01-07T23:56:00,agent_40,33,footwear,6230.56,attr_2,footwear,9271.71,attr_3,user_47,2787.4,footwear,1242,1,0.61,1,0,0,0.427,0,0
txn_003284,993.49,groceries,COD,500017,2026-04-07T15:38:00,agent_43,3,groceries,1332.05,attr_4,groceries,993.49,attr_4,user_282,1419.54,electronics,1148,0,0.3,1,1,1,0.09,1,0
txn_003285,1446.0,home,COD,50002,2026-03-15T11:48:00,agent_13,135,home,1262.32,attr_4,home,1446.0,attr_4,user_126,3503.53,home,747,1,0.29,1,0,1,0.203,0,0
txn_003286,2656.49,home,prepaid,500011,2026-02-13T00:13:00,agent_30,70,home,3676.74,attr_4,home,2656.49,attr_4,user_443,1481.26,home,1039,1,0.6,1,1,1,0.42,0,0
txn_003287,3464.58,flights,prepaid,50004,2026-03-27T18:49:00,agent_31,231,flights,4233.04,attr_4,flights,3464.58,attr_4,user_407,908.2,flights,10,1,0.03,1,1,1,0.021,1,0
txn_003288,880.04,flights,COD,50001,2026-01-29T00:55:00,agent_2,320,flights,817.3,attr_2,flights,880.04,attr_2,user_429,3703.29,flights,1211,1,0.9,1,0,1,0.63,0,0
txn_003289,787.32,flights,prepaid,50007,2026-01-26T12:04:00,agent_7,197,flights,1021.67,attr_1,flights,787.32,attr_1,user_358,532.48,flights,1275,0,0.8,1,1,1,0.56,0,0
txn_003290,7022.17,fashion,prepaid,500016,2026-02-03T16:13:00,agent_54,165,fashion,5992.94,attr_3,fashion,7022.17,attr_3,user_118,1568.51,fashion,1341,1,0.93,1,0,1,0.651,0,0
txn_003291,6865.4,flights,COD,50008,2026-02-12T22:09:00,agent_27,42,fashion,5901.67,attr_4,flights,6865.4,attr_4,user_32,1068.53,electronics,1080,1,0.75,0,0,1,0.225,0,1
txn_003292,1637.73,groceries,COD,500017,2026-01-07T04:47:00,agent_33,168,groceries,2341.52,attr_4,groceries,1637.73,attr_4,user_458,3577.7,groceries,137,1,0.28,1,1,1,0.196,1,0
txn_003293,779.57,fashion,COD,50002,2026-02-26T05:34:00,agent_27,72,fashion,893.54,attr_2,fashion,779.57,attr_2,user_115,1766.98,fashion,996,1,0.37,1,1,1,0.259,0,0
txn_003294,1915.99,footwear,prepaid,500019,2026-03-20T08:51:00,agent_33,337,footwear,2803.47,attr_4,footwear,1915.99,attr_4,user_384,5291.17,footwear,1150,1,0.1,1,1,1,0.07,0,0
txn_003295,5124.76,electronics,prepaid,50001,2026-04-13T15:52:00,agent_33,74,electronics,7427.36,attr_1,electronics,5124.76,attr_1,user_284,3648.78,electronics,264,1,0.33,1,1,1,0.231,0,0
txn_003296,4282.0,groceries,prepaid,500012,2026-03-10T17:34:00,agent_45,145,groceries,5563.63,attr_4,groceries,4282.0,attr_4,user_113,1980.85,electronics,722,1,0.38,1,1,1,0.114,0,0
txn_003297,3637.2,home,COD,500011,2026-05-17T16:03:00,agent_5,10,home,5031.13,attr_3,home,3637.2,attr_3,user_219,3004.67,home,347,1,0.67,1,1,1,0.469,1,0
txn_003298,10364.83,footwear,COD,500018,2026-01-20T02:44:00,agent_55,287,home,6787.47,attr_5,footwear,10364.83,attr_5,user_417,2148.26,home,266,1,0.6,0,0,1,0.18,0,0
txn_003299,5994.99,flights,prepaid,500019,2026-02-14T22:00:00,agent_12,321,flights,7037.08,attr_2,flights,5994.99,attr_2,user_96,3171.46,fashion,967,1,0.72,1,1,1,0.216,0,0
txn_003300,6111.58,fashion,prepaid,50007,2026-04-22T22:55:00,agent_49,91,fashion,4202.03,attr_4,fashion,6111.58,attr_2,user_280,688.03,flights,832,1,0.62,1,0,0,0.186,1,0
txn_003301,6357.85,home,COD,50005,2026-02-12T20:53:00,agent_48,186,home,7522.13,attr_3,home,6357.85,attr_3,user_185,5374.4,home,630,1,0.39,1,1,1,0.273,1,0
txn_003302,1731.19,electronics,COD,500020,2026-05-01T09:07:00,agent_28,1,electronics,2052.17,attr_1,electronics,1731.19,attr_1,user_328,3903.9,electronics,917,1,0.65,1,1,1,0.455,1,0
txn_003303,5383.94,flights,prepaid,50007,2026-04-03T08:52:00,agent_59,14,flights,5544.12,attr_3,flights,5383.94,attr_3,user_117,4719.74,flights,289,1,0.81,1,1,1,0.567,1,0
txn_003304,2584.63,electronics,prepaid,500013,2026-01-31T06:38:00,agent_51,175,electronics,3776.83,attr_3,electronics,2584.63,attr_3,user_401,3049.82,electronics,467,1,0.72,1,1,1,0.504,1,0
txn_003305,513.78,home,prepaid,500019,2026-04-15T05:02:00,agent_22,201,home,852.35,attr_5,home,513.78,attr_5,user_117,5194.75,home,271,1,0.5,1,1,1,0.35,0,0
txn_003306,4645.38,flights,prepaid,50005,2026-02-19T14:17:00,agent_33,129,groceries,4228.75,attr_2,flights,4645.38,attr_2,user_11,3247.0,groceries,1183,1,0.64,0,0,1,0.192,0,0
txn_003307,4029.98,electronics,COD,50008,2026-01-01T04:35:00,agent_2,115,electronics,4502.76,attr_1,electronics,4029.98,attr_1,user_85,5214.8,electronics,1123,1,0.64,1,1,1,0.448,1,0
txn_003308,2580.25,home,COD,500020,2026-01-28T04:28:00,agent_29,175,home,2810.06,attr_2,home,2580.25,attr_2,user_250,2908.43,home,543,1,0.28,1,1,1,0.196,1,0
txn_003309,2561.54,electronics,COD,50002,2026-03-01T07:07:00,agent_30,311,electronics,2919.97,attr_4,electronics,2561.54,attr_4,user_387,2166.06,electronics,677,1,0.39,1,1,1,0.273,0,0
txn_003310,3506.89,flights,prepaid,500010,2026-04-19T13:05:00,agent_38,22,flights,4863.56,attr_1,flights,3506.89,attr_1,user_73,565.12,flights,66,1,0.04,1,1,1,0.028,0,0
txn_003311,2672.69,groceries,prepaid,50009,2026-04-15T11:11:00,agent_50,23,groceries,3365.08,attr_5,groceries,2672.69,attr_5,user_1,4252.05,fashion,841,1,0.88,1,1,1,0.264,0,0
txn_003312,4882.84,fashion,COD,50006,2026-05-13T10:24:00,agent_42,224,fashion,3777.85,attr_3,fashion,4882.84,attr_3,user_7,4193.79,flights,513,1,0.18,1,0,1,0.054,0,1
txn_003313,1545.88,flights,prepaid,50007,2026-01-14T09:44:00,agent_48,328,flights,1154.17,attr_1,flights,1545.88,attr_1,user_294,4633.31,flights,944,1,0.31,1,0,1,0.217,1,0
txn_003314,5990.95,flights,prepaid,50006,2026-04-23T07:47:00,agent_21,292,flights,7849.15,attr_4,flights,5990.95,attr_4,user_432,1641.68,flights,846,1,0.19,1,1,1,0.133,0,0
txn_003315,1834.4,home,COD,500018,2026-04-09T01:04:00,agent_54,266,home,1334.21,attr_1,home,1834.4,attr_5,user_181,1972.01,home,1396,1,0.29,1,0,0,0.203,1,0
txn_003316,701.35,footwear,prepaid,500019,2026-03-12T12:27:00,agent_54,42,footwear,725.98,attr_3,footwear,701.35,attr_3,user_72,5328.28,footwear,1464,1,1.0,1,1,1,0.7,0,0
txn_003317,7286.23,fashion,COD,500019,2026-03-30T06:08:00,agent_59,28,fashion,7441.46,attr_2,fashion,7286.23,attr_2,user_496,4594.28,fashion,43,0,0.4,1,1,1,0.28,0,0
txn_003318,1039.28,groceries,prepaid,50004,2026-01-06T15:38:00,agent_23,34,groceries,1066.73,attr_3,groceries,1039.28,attr_3,user_65,1629.1,groceries,157,1,0.58,1,1,1,0.406,0,0
txn_003319,6885.7,footwear,prepaid,50003,2026-05-11T12:50:00,agent_55,130,groceries,5759.57,attr_4,footwear,6885.7,attr_5,user_420,5974.34,groceries,1170,0,0.71,0,0,0,0.213,1,0
txn_003320,10609.4,flights,prepaid,50006,2026-03-28T10:20:00,agent_27,1,flights,7641.64,attr_1,flights,10609.4,attr_1,user_193,3366.0,flights,49,1,0.74,1,0,1,0.518,1,0
txn_003321,4204.38,fashion,COD,50005,2026-01-10T20:33:00,agent_8,28,fashion,5869.95,attr_2,fashion,4204.38,attr_2,user_148,5847.0,fashion,462,1,0.09,1,1,1,0.063,0,0
txn_003322,5043.89,flights,prepaid,500011,2026-02-06T16:45:00,agent_27,226,flights,6462.89,attr_2,flights,5043.89,attr_2,user_70,1207.56,flights,147,1,0.2,1,1,1,0.14,0,0
txn_003323,6601.47,electronics,prepaid,500012,2026-03-17T08:57:00,agent_31,136,electronics,5238.74,attr_3,electronics,6601.47,attr_3,user_81,1832.09,home,1426,0,0.14,1,0,1,0.042,1,0
txn_003324,1411.95,electronics,prepaid,50001,2026-05-16T08:43:00,agent_57,50,electronics,2332.82,attr_1,electronics,1411.95,attr_1,user_62,4674.81,electronics,416,1,0.72,1,1,1,0.504,0,0
txn_003325,3839.51,footwear,prepaid,500014,2026-02-16T16:05:00,agent_35,54,footwear,5248.06,attr_3,footwear,3839.51,attr_3,user_241,3096.67,groceries,786,1,0.44,1,1,1,0.132,0,0
txn_003326,4149.28,footwear,prepaid,50002,2026-03-22T21:36:00,agent_51,0,footwear,4754.89,attr_3,footwear,4149.28,attr_3,user_279,2205.2,footwear,154,1,0.54,1,1,1,0.378,0,0
txn_003327,2344.7,flights,prepaid,500011,2026-03-01T13:31:00,agent_42,191,flights,2477.29,attr_3,flights,2344.7,attr_3,user_197,1956.67,flights,887,1,0.71,1,1,1,0.497,0,0
txn_003328,2538.1,fashion,COD,500020,2026-01-23T06:51:00,agent_21,74,fashion,3409.69,attr_1,fashion,2538.1,attr_1,user_414,5514.17,fashion,759,1,0.58,1,1,1,0.406,0,0
txn_003329,4029.27,footwear,COD,500012,2026-02-03T06:00:00,agent_59,161,footwear,6685.88,attr_1,footwear,4029.27,attr_1,user_457,4304.13,footwear,812,1,0.18,1,1,1,0.126,0,0
txn_003330,4197.54,footwear,COD,50002,2026-04-08T22:37:00,agent_18,136,footwear,5662.32,attr_2,footwear,4197.54,attr_2,user_61,2784.32,footwear,482,1,0.92,1,1,1,0.644,0,0
txn_003331,2127.81,flights,COD,500014,2026-01-20T04:42:00,agent_9,135,flights,3449.29,attr_3,flights,2127.81,attr_3,user_317,2025.59,flights,1030,1,0.32,1,1,1,0.224,0,0
txn_003332,4835.75,fashion,prepaid,500012,2026-02-03T11:40:00,agent_21,1,fashion,7217.2,attr_5,fashion,4835.75,attr_5,user_467,848.95,fashion,827,1,0.34,1,1,1,0.238,0,0
txn_003333,853.07,fashion,COD,500020,2026-01-24T02:02:00,agent_58,54,fashion,584.17,attr_4,fashion,853.07,attr_5,user_38,1255.13,fashion,1012,1,0.65,1,0,0,0.455,0,1
txn_003334,3066.58,flights,COD,50007,2026-01-27T14:50:00,agent_55,34,flights,3646.79,attr_3,flights,3066.58,attr_3,user_86,3488.79,flights,596,1,0.01,1,1,1,0.007,1,0
txn_003335,4417.74,flights,COD,50009,2026-02-03T05:55:00,agent_55,237,flights,2886.1,attr_2,flights,4417.74,attr_2,user_406,1993.89,flights,1382,1,0.85,1,0,1,0.595,1,0
txn_003336,3279.07,electronics,prepaid,50005,2026-04-28T22:34:00,agent_58,14,electronics,4789.08,attr_3,electronics,3279.07,attr_3,user_328,4488.96,flights,1239,1,0.18,1,1,1,0.054,1,0
txn_003337,1628.36,groceries,COD,500012,2026-02-20T10:20:00,agent_35,40,groceries,1156.47,attr_2,groceries,1628.36,attr_2,user_75,5874.58,groceries,772,1,0.15,1,0,1,0.105,0,0
txn_003338,2869.26,groceries,COD,50005,2026-03-18T04:21:00,agent_24,14,groceries,3171.94,attr_1,groceries,2869.26,attr_1,user_414,1726.97,groceries,962,1,0.44,1,1,1,0.308,1,0
txn_003339,4855.4,home,prepaid,500012,2026-02-05T18:12:00,agent_40,17,home,7206.89,attr_4,home,4855.4,attr_4,user_164,1571.34,home,531,1,0.04,1,1,1,0.028,0,0
txn_003340,3680.88,footwear,COD,50009,2026-03-15T07:16:00,agent_38,139,footwear,6038.26,attr_4,footwear,3680.88,attr_4,user_115,1012.76,footwear,546,1,0.98,1,1,1,0.686,0,0
txn_003341,1489.9,footwear,prepaid,50006,2026-01-27T22:39:00,agent_59,0,footwear,2228.99,attr_1,footwear,1489.9,attr_1,user_295,5893.95,footwear,375,1,0.42,1,1,1,0.294,0,0
txn_003342,3142.39,flights,prepaid,500015,2026-02-05T04:38:00,agent_3,83,flights,3391.23,attr_5,flights,3142.39,attr_5,user_274,502.59,flights,819,1,0.96,1,1,1,0.672,0,0
txn_003343,3087.13,groceries,COD,500011,2026-04-15T16:51:00,agent_34,78,groceries,2390.43,attr_1,groceries,3087.13,attr_1,user_22,4947.7,footwear,373,1,0.29,1,0,1,0.087,0,0
txn_003344,3298.38,home,COD,50007,2026-03-21T11:36:00,agent_12,24,home,5304.01,attr_5,home,3298.38,attr_5,user_238,1807.89,home,524,1,0.84,1,1,1,0.588,0,0
txn_003345,10308.72,flights,COD,500016,2026-03-28T20:32:00,agent_44,42,flights,7639.54,attr_3,flights,10308.72,attr_3,user_437,2015.37,fashion,311,1,0.62,1,0,1,0.186,0,0
txn_003346,961.74,electronics,prepaid,500019,2026-02-07T03:32:00,agent_35,49,electronics,1414.42,attr_4,electronics,961.74,attr_4,user_126,5554.54,fashion,1048,1,0.41,1,1,1,0.123,0,0
txn_003347,11178.53,home,COD,500011,2026-02-15T12:32:00,agent_19,215,home,7372.49,attr_5,home,11178.53,attr_5,user_294,2325.04,home,460,1,0.63,1,0,1,0.441,0,0
txn_003348,433.16,groceries,COD,500010,2026-04-20T04:58:00,agent_5,93,groceries,540.43,attr_1,groceries,433.16,attr_1,user_206,3674.88,groceries,149,1,0.59,1,1,1,0.413,0,0
txn_003349,5131.53,footwear,COD,500019,2026-01-23T08:46:00,agent_11,161,footwear,7003.8,attr_2,footwear,5131.53,attr_2,user_67,2892.05,footwear,221,1,0.54,1,1,1,0.378,1,0
txn_003350,5036.65,electronics,COD,500019,2026-02-22T17:48:00,agent_32,351,electronics,6021.25,attr_3,electronics,5036.65,attr_3,user_219,5938.7,electronics,281,1,0.35,1,1,1,0.245,0,0
txn_003351,1127.36,flights,prepaid,50006,2026-05-18T04:53:00,agent_40,261,flights,975.67,attr_5,flights,1127.36,attr_5,user_108,4820.18,home,381,1,0.63,1,0,1,0.189,0,0
txn_003352,10907.49,flights,COD,500014,2026-04-26T11:34:00,agent_56,102,flights,6855.33,attr_1,flights,10907.49,attr_1,user_488,5838.62,flights,1106,1,0.7,1,0,1,0.49,0,1
txn_003353,598.28,groceries,COD,500010,2026-02-23T12:15:00,agent_19,162,home,533.59,attr_1,groceries,598.28,attr_1,user_173,2176.76,home,209,1,0.25,0,0,1,0.075,0,0
txn_003354,3178.03,electronics,prepaid,500020,2026-04-23T20:29:00,agent_45,25,electronics,3958.5,attr_1,electronics,3178.03,attr_1,user_300,5036.49,electronics,1434,1,0.5,1,1,1,0.35,0,0
txn_003355,2543.17,groceries,COD,500013,2026-01-02T14:40:00,agent_23,85,home,2417.32,attr_4,groceries,2543.17,attr_4,user_198,739.12,home,774,1,0.62,0,0,1,0.186,1,0
txn_003356,8860.52,flights,prepaid,50004,2026-05-08T21:45:00,agent_37,159,flights,6375.62,attr_3,flights,8860.52,attr_2,user_477,2106.73,flights,139,0,0.24,1,0,0,0.168,0,0
txn_003357,872.14,home,prepaid,500018,2026-04-28T11:41:00,agent_10,79,home,1357.44,attr_4,home,872.14,attr_4,user_457,2191.52,home,783,1,0.83,1,1,1,0.581,0,0
txn_003358,5604.1,fashion,prepaid,50008,2026-04-14T19:42:00,agent_21,4,fashion,6455.14,attr_3,fashion,5604.1,attr_3,user_260,1953.98,groceries,619,1,0.42,1,1,1,0.126,0,0
txn_003359,5463.94,footwear,prepaid,500015,2026-02-19T01:11:00,agent_8,426,footwear,4243.52,attr_2,footwear,5463.94,attr_3,user_203,4559.9,home,1368,1,0.5,1,0,0,0.15,0,1
txn_003360,2652.72,flights,COD,50001,2026-02-01T16:11:00,agent_25,218,flights,1804.01,attr_4,flights,2652.72,attr_2,user_125,4030.72,flights,239,1,0.98,1,0,0,0.686,0,1
txn_003361,1665.28,footwear,prepaid,500012,2026-05-05T04:43:00,agent_2,160,footwear,1766.7,attr_4,footwear,1665.28,attr_4,user_246,946.8,footwear,799,1,0.68,1,1,1,0.476,0,0
txn_003362,1112.89,electronics,prepaid,500010,2026-04-26T05:51:00,agent_10,207,home,749.75,attr_5,electronics,1112.89,attr_3,user_172,4929.08,home,1289,1,0.98,0,0,0,0.294,0,1
txn_003363,8366.12,electronics,COD,50009,2026-03-09T21:27:00,agent_56,56,electronics,6072.63,attr_3,electronics,8366.12,attr_2,user_206,1133.19,electronics,256,0,0.88,1,0,0,0.616,1,0
txn_003364,2701.62,footwear,prepaid,500018,2026-04-01T00:00:00,agent_19,168,footwear,3603.47,attr_2,footwear,2701.62,attr_2,user_348,1728.22,footwear,640,1,0.63,1,1,1,0.441,0,0
txn_003365,928.67,footwear,COD,500018,2026-02-23T21:49:00,agent_5,9,footwear,759.91,attr_1,footwear,928.67,attr_4,user_471,2344.76,footwear,119,0,0.59,1,0,0,0.413,0,0
txn_003366,5476.91,footwear,prepaid,50006,2026-02-26T10:24:00,agent_40,100,footwear,3782.58,attr_5,footwear,5476.91,attr_5,user_372,1819.56,electronics,1006,0,0.68,1,0,1,0.204,1,0
txn_003367,6020.28,flights,COD,500013,2026-02-02T00:41:00,agent_58,190,flights,7791.87,attr_3,flights,6020.28,attr_3,user_279,1561.86,fashion,787,1,0.67,1,1,1,0.201,1,0
txn_003368,7351.81,home,COD,500016,2026-05-14T00:36:00,agent_53,12,home,7417.54,attr_4,home,7351.81,attr_4,user_32,5536.21,home,1399,1,0.52,1,1,1,0.364,1,0
txn_003369,1568.8,home,COD,500020,2026-01-11T22:22:00,agent_20,123,home,2030.5,attr_5,home,1568.8,attr_5,user_153,3115.23,home,944,1,0.95,1,1,1,0.665,0,0
txn_003370,6795.63,electronics,prepaid,50004,2026-03-16T10:13:00,agent_58,106,electronics,7732.32,attr_4,electronics,6795.63,attr_4,user_29,5344.7,electronics,1397,1,0.39,1,1,1,0.273,1,0
txn_003371,8196.29,home,COD,500020,2026-01-14T11:42:00,agent_39,348,home,6734.03,attr_1,home,8196.29,attr_1,user_296,503.52,home,471,1,0.05,1,0,1,0.035,1,0
txn_003372,1347.92,electronics,prepaid,500015,2026-01-27T04:41:00,agent_42,80,electronics,1721.97,attr_5,electronics,1347.92,attr_5,user_380,2277.49,electronics,1065,1,0.37,1,1,1,0.259,1,0
txn_003373,5792.63,flights,COD,50007,2026-05-12T13:32:00,agent_14,59,flights,3813.71,attr_1,flights,5792.63,attr_1,user_385,762.87,home,1314,0,0.18,1,0,1,0.054,1,0
txn_003374,2859.5,fashion,prepaid,500012,2026-01-18T05:15:00,agent_43,86,fashion,3587.31,attr_2,fashion,2859.5,attr_2,user_461,4617.67,fashion,718,1,0.12,1,1,1,0.084,0,0
txn_003375,4046.76,home,COD,50008,2026-05-09T01:20:00,agent_29,338,home,4143.69,attr_4,home,4046.76,attr_4,user_143,3610.42,flights,439,1,0.16,1,1,1,0.048,0,0
txn_003376,6373.69,home,COD,500020,2026-02-25T01:56:00,agent_45,225,home,4640.62,attr_1,home,6373.69,attr_1,user_130,2392.56,home,649,1,0.45,1,0,1,0.315,1,0
txn_003377,2502.33,fashion,prepaid,50002,2026-04-23T18:48:00,agent_59,174,fashion,2885.22,attr_5,fashion,2502.33,attr_5,user_194,4839.66,home,709,1,0.69,1,1,1,0.207,0,0
txn_003378,7790.93,electronics,COD,500013,2026-03-04T22:10:00,agent_35,132,electronics,5292.23,attr_4,electronics,7790.93,attr_4,user_152,1275.1,electronics,269,1,0.39,1,0,1,0.273,0,0
txn_003379,2666.93,footwear,COD,500020,2026-05-08T13:29:00,agent_59,35,footwear,3335.25,attr_4,footwear,2666.93,attr_4,user_100,3366.42,footwear,1433,1,0.15,1,1,1,0.105,1,0
txn_003380,4251.71,fashion,COD,500019,2026-01-02T01:13:00,agent_4,248,fashion,5622.66,attr_3,fashion,4251.71,attr_3,user_54,2776.59,fashion,261,1,0.17,1,1,1,0.119,0,0
txn_003381,3786.38,fashion,COD,50003,2026-01-05T15:05:00,agent_30,192,fashion,2656.01,attr_1,fashion,3786.38,attr_4,user_379,4536.18,fashion,1310,1,0.2,1,0,0,0.14,0,0
txn_003382,706.41,electronics,prepaid,50001,2026-04-22T15:56:00,agent_18,74,electronics,843.58,attr_2,electronics,706.41,attr_2,user_420,5422.83,electronics,124,1,0.95,1,1,1,0.665,0,0
txn_003383,4977.36,flights,COD,50007,2026-03-11T14:27:00,agent_25,46,flights,5637.74,attr_3,flights,4977.36,attr_3,user_279,3096.24,footwear,704,1,0.02,1,1,1,0.006,0,0
txn_003384,3515.45,groceries,COD,500016,2026-01-12T14:41:00,agent_41,85,groceries,4494.32,attr_5,groceries,3515.45,attr_5,user_189,818.51,groceries,523,1,0.39,1,1,1,0.273,0,0
txn_003385,5366.42,groceries,prepaid,50006,2026-03-19T11:59:00,agent_46,578,footwear,3730.75,attr_4,groceries,5366.42,attr_4,user_203,4623.81,fashion,494,0,0.41,0,0,1,0.123,1,0
txn_003386,2190.75,electronics,COD,50004,2026-01-10T11:50:00,agent_42,147,electronics,2328.37,attr_5,electronics,2190.75,attr_5,user_287,2906.95,electronics,821,1,0.01,1,1,1,0.007,1,0
txn_003387,4763.51,fashion,COD,50007,2026-05-16T08:30:00,agent_44,131,fashion,5283.21,attr_3,fashion,4763.51,attr_3,user_454,5213.77,fashion,166,1,0.61,1,1,1,0.427,0,0
txn_003388,585.41,groceries,prepaid,50004,2026-01-19T22:16:00,agent_52,316,groceries,553.14,attr_2,groceries,585.41,attr_1,user_478,2710.34,home,57,1,0.56,1,0,0,0.168,0,0
txn_003389,2352.43,electronics,COD,500020,2026-01-29T02:45:00,agent_3,209,electronics,3831.44,attr_2,electronics,2352.43,attr_2,user_207,3664.72,electronics,1288,1,0.77,1,1,1,0.539,0,0
txn_003390,668.29,groceries,prepaid,500017,2026-03-26T00:46:00,agent_57,151,groceries,1111.35,attr_5,groceries,668.29,attr_5,user_135,4166.69,electronics,1199,1,0.94,1,1,1,0.282,0,0
txn_003391,990.48,electronics,COD,500011,2026-02-28T06:06:00,agent_30,64,electronics,1046.76,attr_4,electronics,990.48,attr_4,user_489,632.51,electronics,582,1,0.48,1,1,1,0.336,0,0
txn_003392,3767.48,electronics,COD,50005,2026-02-12T21:17:00,agent_2,95,electronics,5583.23,attr_1,electronics,3767.48,attr_1,user_28,5213.46,electronics,971,1,0.87,1,1,1,0.609,1,0
txn_003393,6714.27,groceries,prepaid,50002,2026-05-09T21:55:00,agent_40,52,groceries,4197.97,attr_1,groceries,6714.27,attr_1,user_376,1234.1,groceries,1452,1,0.79,1,0,1,0.553,0,0
txn_003394,2573.32,footwear,prepaid,500014,2026-01-10T17:03:00,agent_8,22,footwear,3193.51,attr_1,footwear,2573.32,attr_1,user_219,957.64,footwear,676,1,0.08,1,1,1,0.056,0,0
txn_003395,6590.46,footwear,prepaid,500017,2026-01-29T02:23:00,agent_20,87,footwear,7631.44,attr_5,footwear,6590.46,attr_5,user_295,1231.26,footwear,198,1,0.12,1,1,1,0.084,0,0
txn_003396,604.67,electronics,COD,50001,2026-04-23T17:24:00,agent_17,152,electronics,721.29,attr_4,electronics,604.67,attr_4,user_81,3824.39,electronics,921,1,0.11,1,1,1,0.077,0,0
txn_003397,3373.25,fashion,prepaid,50002,2026-01-25T09:16:00,agent_5,96,fashion,3975.82,attr_3,fashion,3373.25,attr_3,user_280,3479.77,fashion,297,1,0.04,1,1,1,0.028,0,1
txn_003398,2325.41,fashion,COD,50009,2026-05-07T10:05:00,agent_22,193,fashion,3624.51,attr_3,fashion,2325.41,attr_3,user_95,1946.9,groceries,685,1,0.15,1,1,1,0.045,0,0
txn_003399,4848.59,groceries,prepaid,500017,2026-03-24T20:38:00,agent_59,47,groceries,5351.91,attr_5,groceries,4848.59,attr_5,user_66,1783.38,groceries,457,1,0.18,1,1,1,0.126,0,0
txn_003400,8018.01,electronics,COD,50001,2026-04-03T20:11:00,agent_13,98,electronics,5580.34,attr_2,electronics,8018.01,attr_3,user_247,5552.13,electronics,1481,1,0.02,1,0,0,0.014,0,1
txn_003401,5825.52,electronics,COD,50005,2026-04-18T06:34:00,agent_2,267,electronics,5349.42,attr_2,electronics,5825.52,attr_1,user_189,2434.03,electronics,663,1,0.67,1,0,0,0.469,0,0
txn_003402,2549.99,home,COD,50004,2026-03-10T20:00:00,agent_28,269,home,2129.73,attr_1,home,2549.99,attr_3,user_466,633.2,home,359,1,0.45,1,0,0,0.315,0,0
txn_003403,1696.92,home,COD,500019,2026-04-15T00:40:00,agent_58,83,home,2285.11,attr_1,home,1696.92,attr_1,user_45,3754.71,home,806,1,0.6,1,1,1,0.42,0,0
txn_003404,8525.33,footwear,COD,50003,2026-03-15T14:53:00,agent_46,3,footwear,6796.73,attr_4,footwear,8525.33,attr_1,user_166,3524.22,electronics,241,1,0.47,1,0,0,0.141,1,0
txn_003405,1766.17,flights,prepaid,50004,2026-04-09T12:56:00,agent_23,24,flights,2558.95,attr_1,flights,1766.17,attr_1,user_151,2830.76,groceries,979,1,0.14,1,1,1,0.042,0,0
txn_003406,1963.72,footwear,prepaid,50001,2026-02-22T15:33:00,agent_32,164,footwear,2835.0,attr_5,footwear,1963.72,attr_5,user_51,5430.76,footwear,1100,1,0.52,1,1,1,0.364,0,0
txn_003407,3630.45,flights,COD,500011,2026-01-13T20:45:00,agent_22,312,flights,4099.19,attr_4,flights,3630.45,attr_4,user_325,5960.62,electronics,551,1,0.78,1,1,1,0.234,1,0
txn_003408,9012.87,electronics,prepaid,500015,2026-02-26T14:49:00,agent_59,258,electronics,7135.92,attr_3,electronics,9012.87,attr_3,user_224,1990.17,flights,320,1,0.9,1,0,1,0.27,0,0
txn_003409,674.52,footwear,COD,500020,2026-02-07T07:28:00,agent_43,211,footwear,979.5,attr_1,footwear,674.52,attr_1,user_413,2422.29,footwear,1188,1,0.89,1,1,1,0.623,0,0
txn_003410,773.9,electronics,prepaid,500020,2026-04-02T11:43:00,agent_39,30,electronics,514.51,attr_2,electronics,773.9,attr_2,user_469,1747.88,groceries,710,1,0.61,1,0,1,0.183,0,1
txn_003411,8184.45,home,COD,500015,2026-04-02T11:08:00,agent_23,20,home,7654.47,attr_1,home,8184.45,attr_4,user_157,2285.81,home,253,0,0.39,1,0,0,0.273,1,0
txn_003412,6973.25,electronics,prepaid,500016,2026-04-28T15:18:00,agent_39,118,groceries,5116.22,attr_1,electronics,6973.25,attr_1,user_426,5219.51,groceries,1205,1,0.1,0,0,1,0.03,0,0
txn_003413,4527.37,fashion,COD,500016,2026-02-17T14:48:00,agent_25,61,fashion,5204.83,attr_3,fashion,4527.37,attr_3,user_478,4715.43,fashion,275,1,0.63,1,1,1,0.441,0,0
txn_003414,8796.38,electronics,COD,500011,2026-05-01T05:23:00,agent_34,40,electronics,7293.89,attr_5,electronics,8796.38,attr_1,user_448,4185.22,electronics,1440,1,0.52,1,0,0,0.364,1,0
txn_003415,6793.07,fashion,COD,500015,2026-05-14T02:32:00,agent_43,110,fashion,4550.54,attr_3,fashion,6793.07,attr_1,user_174,5219.91,fashion,588,1,0.96,1,0,0,0.672,0,0
txn_003416,1342.72,fashion,prepaid,500016,2026-02-14T01:28:00,agent_25,212,fashion,1105.11,attr_4,fashion,1342.72,attr_5,user_272,609.79,fashion,1366,1,0.65,1,0,0,0.455,0,1
txn_003417,3808.54,electronics,prepaid,50006,2026-05-01T22:26:00,agent_3,27,electronics,4519.82,attr_2,electronics,3808.54,attr_2,user_42,517.19,home,1134,1,1.0,1,1,1,0.3,0,0
txn_003418,3434.24,flights,prepaid,500016,2026-05-18T09:46:00,agent_54,17,flights,4922.95,attr_4,flights,3434.24,attr_4,user_191,870.51,flights,1091,1,0.1,1,1,1,0.07,0,0
txn_003419,2078.24,home,COD,500017,2026-03-31T04:05:00,agent_24,158,home,2303.71,attr_4,home,2078.24,attr_4,user_83,5313.9,home,89,1,0.5,1,1,1,0.35,0,0
txn_003420,1154.95,groceries,prepaid,500011,2026-01-22T20:14:00,agent_52,42,groceries,1569.07,attr_2,groceries,1154.95,attr_2,user_412,4637.75,groceries,347,1,0.18,1,1,1,0.126,0,0
txn_003421,7710.87,electronics,prepaid,500013,2026-04-27T17:31:00,agent_48,6,electronics,6176.28,attr_5,electronics,7710.87,attr_2,user_478,4365.89,home,627,1,0.57,1,0,0,0.171,0,0
txn_003422,1518.59,groceries,COD,500011,2026-01-20T01:19:00,agent_51,187,groceries,1035.74,attr_4,groceries,1518.59,attr_4,user_250,4856.24,groceries,1476,1,0.61,1,0,1,0.427,0,0
txn_003423,5601.13,groceries,COD,500018,2026-02-15T10:21:00,agent_59,195,groceries,4686.54,attr_4,groceries,5601.13,attr_3,user_267,5953.58,groceries,527,1,0.98,1,0,0,0.686,1,0
txn_003424,4311.32,footwear,prepaid,500013,2026-05-18T00:20:00,agent_13,568,footwear,5531.79,attr_2,footwear,4311.32,attr_2,user_71,4212.95,home,600,0,0.81,1,1,1,0.243,1,0
txn_003425,2257.18,footwear,COD,500011,2026-01-28T15:03:00,agent_34,135,footwear,3645.96,attr_4,footwear,2257.18,attr_4,user_62,555.02,footwear,923,1,0.68,1,1,1,0.476,0,0
txn_003426,5713.82,home,COD,500015,2026-05-07T06:11:00,agent_42,39,home,3773.6,attr_1,home,5713.82,attr_1,user_459,4847.87,fashion,330,1,0.72,1,0,1,0.216,0,0
txn_003427,2329.57,footwear,COD,500015,2026-01-27T20:58:00,agent_27,128,footwear,3140.91,attr_5,footwear,2329.57,attr_5,user_213,5764.74,groceries,547,1,0.28,1,1,1,0.084,0,0
txn_003428,1059.46,electronics,COD,500011,2026-02-17T15:36:00,agent_16,74,electronics,1288.2,attr_1,electronics,1059.46,attr_1,user_428,968.21,electronics,742,0,0.92,1,1,1,0.644,1,0
txn_003429,3520.41,footwear,COD,50006,2026-05-09T10:46:00,agent_26,38,footwear,3094.41,attr_2,footwear,3520.41,attr_3,user_445,5288.22,footwear,1442,1,0.68,1,0,0,0.476,0,0
txn_003430,3470.47,footwear,prepaid,500015,2026-01-14T16:34:00,agent_12,14,footwear,2926.67,attr_1,footwear,3470.47,attr_1,user_354,2637.01,footwear,484,1,0.17,1,0,1,0.119,0,0
txn_003431,4950.29,fashion,prepaid,500014,2026-04-03T01:32:00,agent_56,153,fashion,6141.43,attr_4,fashion,4950.29,attr_4,user_434,2442.97,fashion,944,1,0.63,1,1,1,0.441,1,0
txn_003432,9374.65,home,prepaid,50004,2026-01-03T20:35:00,agent_15,33,home,6647.91,attr_3,home,9374.65,attr_3,user_3,3961.86,home,568,0,0.9,1,0,1,0.63,1,0
txn_003433,10001.72,footwear,COD,50003,2026-04-24T22:46:00,agent_26,24,footwear,7476.55,attr_4,footwear,10001.72,attr_4,user_209,2126.37,footwear,788,1,0.87,1,0,1,0.609,1,0
txn_003434,10837.48,flights,prepaid,500013,2026-02-15T09:11:00,agent_46,65,flights,6868.32,attr_3,flights,10837.48,attr_5,user_389,1246.32,flights,858,1,0.12,1,0,0,0.084,0,0
txn_003435,371.21,footwear,prepaid,500018,2026-03-29T19:34:00,agent_18,42,footwear,535.66,attr_4,footwear,371.21,attr_4,user_18,5473.14,footwear,801,1,0.42,1,1,1,0.294,0,0
txn_003436,1382.3,electronics,COD,50001,2026-01-20T19:05:00,agent_10,9,electronics,2055.01,attr_2,electronics,1382.3,attr_2,user_372,5515.52,electronics,921,1,0.82,1,1,1,0.574,1,0
txn_003437,5614.87,flights,prepaid,50007,2026-02-18T09:14:00,agent_5,352,flights,6820.85,attr_3,flights,5614.87,attr_3,user_173,1378.25,home,1322,1,0.64,1,1,1,0.192,0,0
txn_003438,1602.04,fashion,COD,50001,2026-02-19T13:02:00,agent_13,8,fashion,1631.65,attr_2,fashion,1602.04,attr_2,user_447,2923.21,fashion,1180,1,0.04,1,1,1,0.028,1,0
txn_003439,3237.76,electronics,prepaid,50001,2026-04-10T00:43:00,agent_28,346,electronics,3424.82,attr_1,electronics,3237.76,attr_1,user_338,5934.94,electronics,484,1,0.75,1,1,1,0.525,0,0
txn_003440,2471.99,electronics,COD,50004,2026-01-01T21:34:00,agent_53,19,electronics,2607.38,attr_5,electronics,2471.99,attr_5,user_286,4887.15,home,929,0,0.54,1,1,1,0.162,1,0
txn_003441,2323.77,home,prepaid,500015,2026-04-14T10:15:00,agent_53,181,home,3215.6,attr_3,home,2323.77,attr_3,user_391,2470.26,home,873,1,0.57,1,1,1,0.399,0,0
txn_003442,6173.99,groceries,prepaid,50005,2026-05-19T11:03:00,agent_58,14,groceries,7830.5,attr_4,groceries,6173.99,attr_4,user_284,5252.27,electronics,1448,1,0.61,1,1,1,0.183,1,0
txn_003443,1860.86,flights,COD,500012,2026-02-15T14:10:00,agent_13,85,flights,2143.13,attr_1,flights,1860.86,attr_1,user_185,3511.47,flights,1003,1,0.38,1,1,1,0.266,0,0
txn_003444,741.92,fashion,COD,500018,2026-04-05T17:27:00,agent_12,302,fashion,657.23,attr_4,fashion,741.92,attr_2,user_139,2315.52,fashion,1159,1,0.03,1,0,0,0.021,0,0
txn_003445,1003.77,flights,prepaid,500016,2026-05-01T20:09:00,agent_35,513,flights,1520.96,attr_5,flights,1003.77,attr_5,user_351,1412.88,home,828,1,0.74,1,1,1,0.222,0,0
txn_003446,6889.45,groceries,prepaid,50003,2026-05-02T10:44:00,agent_19,56,groceries,7133.29,attr_5,groceries,6889.45,attr_5,user_133,2567.82,groceries,1067,1,0.16,1,1,1,0.112,0,0
txn_003447,663.16,home,COD,500019,2026-04-06T12:20:00,agent_6,29,home,765.79,attr_2,home,663.16,attr_2,user_252,1903.05,home,309,0,0.35,1,1,1,0.245,1,0
txn_003448,4692.64,footwear,COD,50009,2026-04-29T06:55:00,agent_27,19,footwear,5807.27,attr_5,footwear,4692.64,attr_5,user_25,921.18,home,580,1,0.45,1,1,1,0.135,0,0
txn_003449,3449.36,flights,COD,500017,2026-04-07T15:04:00,agent_44,28,flights,3020.49,attr_3,flights,3449.36,attr_5,user_433,5001.72,flights,402,1,0.35,1,0,0,0.245,1,0
txn_003450,2069.34,footwear,COD,50004,2026-01-23T07:02:00,agent_51,70,footwear,1477.68,attr_5,footwear,2069.34,attr_1,user_115,2896.37,footwear,708,1,0.1,1,0,0,0.07,0,0
txn_003451,1962.39,fashion,prepaid,50007,2026-05-12T14:10:00,agent_7,404,fashion,2199.46,attr_1,fashion,1962.39,attr_1,user_128,2214.85,fashion,1231,1,0.36,1,1,1,0.252,0,0
txn_003452,3382.34,fashion,prepaid,50005,2026-03-05T02:02:00,agent_57,16,fashion,5325.98,attr_1,fashion,3382.34,attr_1,user_494,3021.49,fashion,1492,1,0.11,1,1,1,0.077,0,0
txn_003453,9141.88,groceries,COD,50007,2026-03-18T06:26:00,agent_39,312,groceries,7046.72,attr_4,groceries,9141.88,attr_5,user_469,1440.06,groceries,1062,1,0.39,1,0,0,0.273,0,0
txn_003454,598.33,electronics,COD,500018,2026-02-12T10:51:00,agent_16,66,electronics,738.86,attr_4,electronics,598.33,attr_4,user_32,1109.84,electronics,1118,1,0.95,1,1,1,0.665,0,0
txn_003455,2413.39,electronics,COD,500017,2026-01-10T16:28:00,agent_1,184,electronics,3309.02,attr_5,electronics,2413.39,attr_5,user_262,1198.04,electronics,1099,1,0.82,1,1,1,0.574,0,0
txn_003456,5173.68,groceries,prepaid,50008,2026-02-04T08:21:00,agent_29,223,groceries,6810.17,attr_2,groceries,5173.68,attr_2,user_394,2600.98,footwear,969,0,0.25,1,1,1,0.075,0,0
txn_003457,7870.82,fashion,COD,500020,2026-05-09T14:52:00,agent_33,20,fashion,6802.51,attr_1,fashion,7870.82,attr_1,user_182,5291.89,fashion,426,1,0.18,1,0,1,0.126,1,0
txn_003458,5102.38,footwear,COD,500013,2026-02-28T16:04:00,agent_4,137,footwear,6100.03,attr_3,footwear,5102.38,attr_3,user_180,2144.1,footwear,1332,1,0.87,1,1,1,0.609,0,0
txn_003459,1431.08,electronics,prepaid,500014,2026-03-21T12:15:00,agent_55,706,electronics,1809.26,attr_1,electronics,1431.08,attr_1,user_436,610.91,electronics,1308,1,0.23,1,1,1,0.161,0,0
txn_003460,3765.02,footwear,COD,50005,2026-01-08T10:11:00,agent_29,89,footwear,4509.63,attr_2,footwear,3765.02,attr_2,user_314,3469.18,footwear,781,0,0.05,1,1,1,0.035,1,0
txn_003461,2414.89,flights,COD,500013,2026-01-20T05:27:00,agent_25,99,flights,2577.91,attr_4,flights,2414.89,attr_4,user_271,3836.21,electronics,1046,1,0.45,1,1,1,0.135,0,0
txn_003462,5591.31,electronics,prepaid,500017,2026-05-11T16:58:00,agent_47,22,electronics,7707.08,attr_4,electronics,5591.31,attr_4,user_404,5744.62,electronics,77,1,0.96,1,1,1,0.672,0,0
txn_003463,3254.96,footwear,prepaid,50008,2026-03-04T20:13:00,agent_47,186,footwear,4848.97,attr_5,footwear,3254.96,attr_5,user_122,3250.52,fashion,1191,0,0.8,1,1,1,0.24,1,0
txn_003464,2916.36,groceries,COD,500018,2026-02-10T11:58:00,agent_36,23,groceries,4412.27,attr_1,groceries,2916.36,attr_1,user_272,1925.29,home,445,1,0.25,1,1,1,0.075,1,0
txn_003465,4201.46,electronics,COD,50008,2026-03-14T00:14:00,agent_34,100,electronics,5694.28,attr_5,electronics,4201.46,attr_5,user_263,3649.98,groceries,1124,1,0.29,1,1,1,0.087,0,0
txn_003466,2647.99,footwear,COD,500012,2026-05-08T20:06:00,agent_17,24,footwear,3257.94,attr_3,footwear,2647.99,attr_3,user_225,2352.27,flights,881,1,0.22,1,1,1,0.066,0,0
txn_003467,2214.17,home,prepaid,50005,2026-04-09T07:51:00,agent_49,50,home,2492.3,attr_1,home,2214.17,attr_1,user_44,5493.16,home,952,1,0.63,1,1,1,0.441,0,0
txn_003468,1365.73,flights,COD,50007,2026-01-04T14:08:00,agent_30,402,flights,1501.47,attr_5,flights,1365.73,attr_5,user_482,672.9,fashion,437,1,0.38,1,1,1,0.114,0,0
txn_003469,9126.71,fashion,COD,500015,2026-03-09T18:05:00,agent_8,457,fashion,6176.92,attr_1,fashion,9126.71,attr_1,user_80,2749.19,fashion,1460,1,0.04,1,0,1,0.028,0,0
txn_003470,1507.05,fashion,COD,50002,2026-01-12T19:21:00,agent_12,16,fashion,1906.76,attr_4,fashion,1507.05,attr_4,user_368,3846.15,fashion,382,1,0.14,1,1,1,0.098,0,0
txn_003471,6972.02,fashion,COD,50002,2026-03-26T12:06:00,agent_59,137,fashion,5483.71,attr_1,fashion,6972.02,attr_3,user_366,3149.63,footwear,1255,1,0.47,1,0,0,0.141,0,0
txn_003472,5916.58,home,COD,500017,2026-04-13T11:36:00,agent_17,150,home,7436.18,attr_1,home,5916.58,attr_1,user_14,3957.35,home,1207,1,0.95,1,1,1,0.665,0,0
txn_003473,3439.64,footwear,prepaid,50006,2026-01-01T03:28:00,agent_6,12,footwear,5449.03,attr_2,footwear,3439.64,attr_2,user_224,5248.92,footwear,334,1,0.48,1,1,1,0.336,1,0
txn_003474,505.62,home,prepaid,500018,2026-02-26T14:22:00,agent_43,2,home,685.58,attr_4,home,505.62,attr_4,user_461,1010.4,home,1050,1,0.49,1,1,1,0.343,1,0
txn_003475,1997.42,electronics,COD,500014,2026-04-23T21:58:00,agent_4,391,electronics,2694.9,attr_5,electronics,1997.42,attr_5,user_311,1942.07,electronics,1101,1,0.17,1,1,1,0.119,0,0
txn_003476,4133.43,flights,COD,50004,2026-03-04T04:18:00,agent_15,26,flights,2666.61,attr_4,flights,4133.43,attr_4,user_348,1511.17,flights,790,1,0.85,1,0,1,0.595,0,0
txn_003477,650.93,footwear,COD,500013,2026-05-03T16:16:00,agent_39,51,footwear,745.93,attr_2,footwear,650.93,attr_2,user_347,5663.84,home,494,0,0.97,1,1,1,0.291,1,0
txn_003478,6279.34,groceries,COD,500011,2026-01-21T12:50:00,agent_28,6,groceries,7906.37,attr_4,groceries,6279.34,attr_4,user_192,3918.13,groceries,85,1,0.28,1,1,1,0.196,1,0
txn_003479,3942.07,electronics,prepaid,50008,2026-03-04T07:43:00,agent_25,598,electronics,3344.3,attr_5,electronics,3942.07,attr_5,user_404,5863.74,electronics,946,1,0.43,1,0,1,0.301,0,0
txn_003480,1479.35,footwear,COD,50009,2026-02-08T09:32:00,agent_18,82,footwear,1514.72,attr_3,footwear,1479.35,attr_3,user_356,4860.44,footwear,11,1,0.2,1,1,1,0.14,1,0
txn_003481,2623.93,footwear,prepaid,500013,2026-03-25T02:44:00,agent_44,287,footwear,1932.23,attr_2,footwear,2623.93,attr_5,user_5,1384.44,footwear,1409,1,0.33,1,0,0,0.231,0,0
txn_003482,1651.28,electronics,COD,50009,2026-01-31T04:45:00,agent_53,14,electronics,1817.84,attr_4,electronics,1651.28,attr_4,user_344,1683.16,electronics,1315,1,0.13,1,1,1,0.091,1,0
txn_003483,11443.01,flights,COD,50002,2026-01-13T15:58:00,agent_26,5,flights,7287.83,attr_3,flights,11443.01,attr_3,user_158,5565.71,flights,445,1,0.59,1,0,1,0.413,1,0
txn_003484,2036.55,footwear,COD,500018,2026-04-17T00:49:00,agent_26,38,footwear,3380.19,attr_1,footwear,2036.55,attr_1,user_224,1447.08,electronics,1235,1,0.58,1,1,1,0.174,0,0
txn_003485,3627.87,groceries,prepaid,500016,2026-05-05T19:53:00,agent_58,130,groceries,4665.53,attr_3,groceries,3627.87,attr_3,user_325,1414.52,groceries,709,1,0.93,1,1,1,0.651,0,0
txn_003486,5788.28,flights,COD,50009,2026-03-22T15:42:00,agent_42,618,flights,7775.35,attr_4,flights,5788.28,attr_4,user_135,5762.84,home,1010,1,0.28,1,1,1,0.084,0,0
txn_003487,997.62,groceries,COD,50007,2026-02-25T12:46:00,agent_36,228,groceries,690.33,attr_5,groceries,997.62,attr_5,user_121,5111.24,flights,189,1,0.31,1,0,1,0.093,0,0
txn_003488,3836.53,groceries,prepaid,50002,2026-03-07T21:58:00,agent_26,13,groceries,5369.79,attr_2,groceries,3836.53,attr_2,user_484,899.56,groceries,122,1,0.67,1,1,1,0.469,1,0
txn_003489,6481.97,fashion,prepaid,50002,2026-04-03T23:33:00,agent_30,5,fashion,5894.48,attr_3,fashion,6481.97,attr_2,user_389,4147.0,fashion,319,1,0.32,1,0,0,0.224,1,0
txn_003490,2550.44,groceries,prepaid,50004,2026-04-03T03:19:00,agent_44,51,groceries,2626.87,attr_1,groceries,2550.44,attr_1,user_19,3127.82,groceries,1057,1,0.53,1,1,1,0.371,1,0
txn_003491,571.43,electronics,prepaid,50006,2026-04-27T04:25:00,agent_52,43,electronics,700.23,attr_2,electronics,571.43,attr_2,user_303,2907.54,flights,1413,1,0.82,1,1,1,0.246,1,0
txn_003492,4268.86,home,prepaid,500020,2026-01-08T23:47:00,agent_19,246,home,6929.58,attr_3,home,4268.86,attr_3,user_27,5246.38,home,511,1,0.02,1,1,1,0.014,0,0
txn_003493,4396.95,home,prepaid,500010,2026-04-04T15:37:00,agent_39,293,home,5540.91,attr_1,home,4396.95,attr_1,user_72,5616.48,home,1471,1,0.68,1,1,1,0.476,0,0
txn_003494,3859.2,groceries,prepaid,50007,2026-01-05T21:17:00,agent_56,1,groceries,4327.96,attr_3,groceries,3859.2,attr_3,user_445,1802.38,electronics,430,1,0.53,1,1,1,0.159,1,0
txn_003495,6391.32,groceries,COD,500015,2026-05-15T22:47:00,agent_58,156,groceries,4164.64,attr_4,groceries,6391.32,attr_4,user_49,2127.32,footwear,634,1,0.4,1,0,1,0.12,0,0
txn_003496,6671.05,footwear,COD,500011,2026-02-07T01:21:00,agent_12,6,footwear,6915.17,attr_2,footwear,6671.05,attr_2,user_277,5403.39,footwear,1092,1,0.98,1,1,1,0.686,1,0
txn_003497,5412.85,home,COD,50004,2026-05-13T08:04:00,agent_13,241,home,3789.03,attr_4,home,5412.85,attr_4,user_480,3568.18,home,687,1,0.45,1,0,1,0.315,0,0
txn_003498,1304.04,groceries,COD,500019,2026-03-21T05:14:00,agent_17,351,groceries,953.71,attr_4,groceries,1304.04,attr_1,user_203,823.12,groceries,1361,1,0.11,1,0,0,0.077,0,0
txn_003499,3271.39,electronics,prepaid,500013,2026-01-08T14:13:00,agent_35,22,electronics,3916.8,attr_4,electronics,3271.39,attr_4,user_356,4437.59,electronics,1474,1,0.29,1,1,1,0.203,0,0
txn_003500,9468.27,home,COD,500019,2026-01-19T00:13:00,agent_44,293,home,7980.84,attr_3,home,9468.27,attr_1,user_83,5993.09,fashion,1276,1,0.36,1,0,0,0.108,0,1
txn_003501,4431.03,home,prepaid,500012,2026-04-22T19:55:00,agent_39,63,home,3665.43,attr_2,home,4431.03,attr_5,user_337,3461.98,home,754,1,0.38,1,0,0,0.266,0,1
txn_003502,4943.86,electronics,COD,50001,2026-03-26T21:50:00,agent_39,17,electronics,3149.18,attr_1,electronics,4943.86,attr_3,user_308,4666.73,fashion,283,0,0.82,1,0,0,0.246,1,0
txn_003503,863.28,flights,prepaid,500015,2026-02-08T14:16:00,agent_50,40,flights,962.93,attr_1,flights,863.28,attr_1,user_115,5703.72,fashion,46,1,0.15,1,1,1,0.045,0,0
txn_003504,11757.55,footwear,prepaid,50001,2026-01-27T01:50:00,agent_16,12,footwear,7920.25,attr_5,footwear,11757.55,attr_5,user_338,3659.49,footwear,458,1,0.77,1,0,1,0.539,1,0
txn_003505,1655.08,fashion,COD,500018,2026-01-05T11:11:00,agent_24,198,fashion,2303.83,attr_5,fashion,1655.08,attr_5,user_315,5578.19,electronics,65,1,0.63,1,1,1,0.189,1,0
txn_003506,5765.12,fashion,COD,500019,2026-02-21T16:02:00,agent_50,118,fashion,7132.44,attr_3,fashion,5765.12,attr_3,user_352,4988.84,fashion,926,1,0.18,1,1,1,0.126,0,0
txn_003507,2794.45,fashion,prepaid,50005,2026-03-20T04:36:00,agent_18,521,fashion,3362.05,attr_4,fashion,2794.45,attr_4,user_374,5409.99,fashion,1222,1,0.88,1,1,1,0.616,0,0
txn_003508,5227.48,flights,prepaid,500017,2026-04-26T15:14:00,agent_24,237,flights,3673.71,attr_1,flights,5227.48,attr_2,user_302,3103.06,flights,1207,1,0.88,1,0,0,0.616,0,0
txn_003509,3523.61,home,prepaid,50001,2026-03-31T03:50:00,agent_27,65,home,2922.41,attr_2,home,3523.61,attr_1,user_354,1909.7,home,86,1,0.86,1,0,0,0.602,0,0
txn_003510,949.44,fashion,prepaid,50006,2026-01-17T05:43:00,agent_30,280,fashion,1445.12,attr_5,fashion,949.44,attr_5,user_280,3528.58,fashion,1498,1,0.69,1,1,1,0.483,0,0
txn_003511,1100.31,electronics,COD,50007,2026-05-16T03:56:00,agent_21,4,electronics,687.91,attr_2,electronics,1100.31,attr_2,user_317,3860.13,electronics,1366,1,0.27,1,0,1,0.189,1,0
txn_003512,2962.53,home,COD,500016,2026-04-21T01:35:00,agent_25,107,home,3873.54,attr_4,home,2962.53,attr_4,user_495,5915.01,home,211,1,0.56,1,1,1,0.392,0,0
txn_003513,5143.55,groceries,COD,500010,2026-02-20T00:47:00,agent_7,27,groceries,7430.06,attr_5,groceries,5143.55,attr_5,user_209,3575.64,fashion,184,1,0.05,1,1,1,0.015,1,0
txn_003514,5510.23,home,prepaid,500016,2026-03-31T22:41:00,agent_24,67,home,6737.15,attr_4,home,5510.23,attr_4,user_110,1436.84,fashion,846,1,0.85,1,1,1,0.255,0,0
txn_003515,1948.62,fashion,COD,50007,2026-02-05T10:21:00,agent_14,153,fashion,1273.08,attr_3,fashion,1948.62,attr_3,user_398,2997.16,home,1379,1,0.26,1,0,1,0.078,0,0
txn_003516,3515.58,groceries,prepaid,50008,2026-01-22T12:49:00,agent_35,10,groceries,5583.63,attr_2,groceries,3515.58,attr_2,user_200,3717.32,home,691,1,0.85,1,1,1,0.255,0,0
txn_003517,7572.29,groceries,prepaid,50009,2026-02-20T09:56:00,agent_1,45,groceries,7776.97,attr_2,groceries,7572.29,attr_2,user_302,803.4,groceries,282,1,0.78,1,1,1,0.546,0,0
txn_003518,4568.57,fashion,COD,500013,2026-01-05T23:59:00,agent_48,95,fashion,7445.45,attr_5,fashion,4568.57,attr_5,user_193,1873.92,fashion,1056,1,0.39,1,1,1,0.273,1,0
txn_003519,2372.54,electronics,prepaid,500011,2026-04-07T22:33:00,agent_9,26,electronics,3176.52,attr_3,electronics,2372.54,attr_3,user_189,551.87,electronics,47,1,0.83,1,1,1,0.581,0,0
txn_003520,8704.37,fashion,COD,500019,2026-01-08T04:45:00,agent_1,172,fashion,7128.75,attr_4,fashion,8704.37,attr_5,user_361,1098.44,fashion,562,1,0.29,1,0,0,0.203,0,0
txn_003521,3479.67,fashion,COD,500010,2026-04-15T21:29:00,agent_51,70,fashion,4027.85,attr_1,fashion,3479.67,attr_1,user_398,3866.87,footwear,1379,1,0.39,1,1,1,0.117,0,0
txn_003522,3925.59,flights,COD,500012,2026-04-23T02:10:00,agent_14,35,flights,5175.44,attr_1,flights,3925.59,attr_1,user_143,3090.22,flights,1209,1,0.45,1,1,1,0.315,0,0
txn_003523,3786.06,groceries,COD,50006,2026-02-16T19:20:00,agent_15,211,groceries,4560.55,attr_3,groceries,3786.06,attr_3,user_262,2891.23,groceries,959,1,0.47,1,1,1,0.329,0,0
txn_003524,4627.12,electronics,COD,500012,2026-04-24T11:13:00,agent_39,51,electronics,3708.0,attr_3,electronics,4627.12,attr_3,user_434,2084.51,electronics,535,1,0.68,1,0,1,0.476,1,0
txn_003525,1773.83,footwear,COD,500016,2026-01-27T07:02:00,agent_51,75,footwear,2723.72,attr_4,footwear,1773.83,attr_4,user_177,1101.94,footwear,544,1,0.4,1,1,1,0.28,0,0
txn_003526,1812.19,groceries,prepaid,500020,2026-02-25T17:36:00,agent_51,6,groceries,1714.52,attr_2,groceries,1812.19,attr_4,user_481,5149.57,groceries,447,1,0.12,1,0,0,0.084,1,0
txn_003527,3758.76,groceries,COD,50007,2026-01-19T22:21:00,agent_28,10,groceries,4002.86,attr_4,groceries,3758.76,attr_4,user_352,3050.53,groceries,823,1,0.36,1,1,1,0.252,1,0
txn_003528,7900.22,groceries,prepaid,50009,2026-04-04T12:18:00,agent_36,628,groceries,6263.7,attr_3,groceries,7900.22,attr_4,user_201,2604.69,groceries,667,1,0.98,1,0,0,0.686,1,0
txn_003529,6502.35,groceries,COD,500017,2026-04-19T21:28:00,agent_28,48,groceries,4462.68,attr_4,groceries,6502.35,attr_3,user_209,1304.34,groceries,1364,1,0.25,1,0,0,0.175,0,0
txn_003530,4529.56,fashion,COD,50003,2026-02-15T12:35:00,agent_21,560,fashion,5512.66,attr_1,fashion,4529.56,attr_1,user_486,660.89,home,876,1,0.11,1,1,1,0.033,0,0
txn_003531,2973.34,home,prepaid,500016,2026-05-14T23:03:00,agent_59,19,home,4668.62,attr_3,home,2973.34,attr_3,user_255,4537.13,home,456,1,0.96,1,1,1,0.672,0,0
txn_003532,7114.0,fashion,prepaid,50005,2026-05-04T22:13:00,agent_5,300,fashion,4480.04,attr_3,fashion,7114.0,attr_3,user_454,4763.04,fashion,1265,1,0.3,1,0,1,0.21,0,0
txn_003533,1306.76,groceries,prepaid,500011,2026-04-24T03:42:00,agent_38,0,groceries,1699.93,attr_4,groceries,1306.76,attr_4,user_215,1072.08,groceries,171,1,0.49,1,1,1,0.343,0,0
txn_003534,3284.21,electronics,prepaid,500013,2026-04-15T04:51:00,agent_23,57,electronics,2962.63,attr_4,electronics,3284.21,attr_2,user_324,4569.94,fashion,1007,1,0.27,1,0,0,0.081,0,1
txn_003535,3708.0,flights,prepaid,500013,2026-01-23T00:32:00,agent_54,177,flights,5512.05,attr_3,flights,3708.0,attr_3,user_241,3611.26,groceries,545,1,0.43,1,1,1,0.129,0,0
txn_003536,7312.76,fashion,prepaid,50007,2026-03-01T13:06:00,agent_4,21,fashion,7505.92,attr_4,fashion,7312.76,attr_4,user_133,5023.89,fashion,1158,1,0.79,1,1,1,0.553,0,0
txn_003537,1803.13,home,COD,50008,2026-04-22T23:36:00,agent_39,166,home,1206.57,attr_5,home,1803.13,attr_5,user_58,2488.13,home,1247,1,0.3,1,0,1,0.21,0,1
txn_003538,4613.14,electronics,prepaid,500013,2026-01-21T22:54:00,agent_47,64,electronics,4707.23,attr_5,electronics,4613.14,attr_5,user_456,1439.28,electronics,803,1,0.36,1,1,1,0.252,0,1
txn_003539,11642.28,flights,COD,50006,2026-03-14T22:59:00,agent_2,43,groceries,7575.32,attr_3,flights,11642.28,attr_4,user_129,4924.75,groceries,671,1,0.16,0,0,0,0.048,0,0
txn_003540,4176.01,groceries,prepaid,50002,2026-05-06T21:52:00,agent_32,43,groceries,6672.91,attr_1,groceries,4176.01,attr_1,user_420,5974.52,groceries,634,1,0.29,1,1,1,0.203,0,0
txn_003541,3034.41,groceries,prepaid,500019,2026-04-28T12:56:00,agent_59,73,groceries,2591.31,attr_3,groceries,3034.41,attr_2,user_367,2180.76,groceries,961,1,0.89,1,0,0,0.623,0,0
txn_003542,3225.05,groceries,prepaid,50009,2026-01-06T06:27:00,agent_39,125,groceries,5214.03,attr_5,groceries,3225.05,attr_5,user_91,1635.17,groceries,1301,1,0.24,1,1,1,0.168,0,0
txn_003543,8454.59,home,COD,50006,2026-04-17T12:57:00,agent_55,3,electronics,6903.41,attr_5,home,8454.59,attr_2,user_194,1463.0,electronics,655,1,0.95,0,0,0,0.285,1,0
txn_003544,2160.67,footwear,COD,50004,2026-04-30T18:04:00,agent_9,59,footwear,2280.77,attr_3,footwear,2160.67,attr_3,user_311,3886.17,footwear,201,1,0.28,1,1,1,0.196,0,0
txn_003545,4665.52,electronics,COD,500020,2026-05-17T21:37:00,agent_29,44,electronics,5769.43,attr_1,electronics,4665.52,attr_1,user_307,1921.58,electronics,1089,1,0.63,1,1,1,0.441,0,0
txn_003546,1649.93,home,prepaid,500017,2026-02-25T07:11:00,agent_26,322,home,1138.72,attr_5,home,1649.93,attr_1,user_352,5506.96,home,1303,1,0.28,1,0,0,0.196,0,1
txn_003547,12000.08,flights,COD,50006,2026-05-13T04:59:00,agent_22,243,flights,7923.25,attr_4,flights,12000.08,attr_4,user_335,4960.01,flights,1234,1,0.13,1,0,1,0.091,0,1
txn_003548,1665.03,electronics,prepaid,500017,2026-02-06T21:08:00,agent_44,94,electronics,1862.48,attr_2,electronics,1665.03,attr_2,user_445,5905.78,electronics,59,1,0.3,1,1,1,0.21,0,1
txn_003549,4682.77,groceries,COD,50005,2026-04-28T04:41:00,agent_51,29,groceries,6174.51,attr_3,groceries,4682.77,attr_3,user_18,2068.94,groceries,1257,1,0.36,1,1,1,0.252,1,0
txn_003550,4486.96,electronics,prepaid,50007,2026-04-23T16:47:00,agent_24,323,electronics,4903.06,attr_2,electronics,4486.96,attr_2,user_295,2489.1,electronics,747,1,0.36,1,1,1,0.252,1,0
txn_003551,7854.01,fashion,prepaid,50007,2026-01-21T22:15:00,agent_44,478,fashion,6184.44,attr_1,fashion,7854.01,attr_3,user_196,3670.5,fashion,552,1,0.92,1,0,0,0.644,0,0
txn_003552,2168.95,fashion,prepaid,500011,2026-02-27T00:26:00,agent_10,192,fashion,2186.06,attr_1,fashion,2168.95,attr_1,user_49,1035.25,home,409,1,0.54,1,1,1,0.162,0,0
txn_003553,7314.12,flights,COD,50007,2026-04-12T18:50:00,agent_55,112,flights,7353.92,attr_5,flights,7314.12,attr_5,user_168,5161.69,electronics,952,1,0.8,1,1,1,0.24,0,0
txn_003554,1462.93,fashion,COD,50001,2026-05-11T22:19:00,agent_9,87,fashion,2095.73,attr_1,fashion,1462.93,attr_1,user_308,1394.14,fashion,201,1,0.84,1,1,1,0.588,0,0
txn_003555,662.17,groceries,COD,50004,2026-05-14T16:18:00,agent_45,281,footwear,512.91,attr_2,groceries,662.17,attr_2,user_485,1053.53,groceries,1417,0,0.73,0,0,1,0.511,0,0
txn_003556,1125.16,flights,COD,50009,2026-02-20T22:13:00,agent_33,320,flights,1392.22,attr_4,flights,1125.16,attr_4,user_302,1414.05,flights,799,1,0.98,1,1,1,0.686,0,0
txn_003557,4055.12,groceries,COD,500018,2026-03-31T01:01:00,agent_31,19,groceries,5630.39,attr_5,groceries,4055.12,attr_5,user_485,2045.37,groceries,1152,1,0.61,1,1,1,0.427,0,0
txn_003558,1577.23,home,COD,500018,2026-02-03T15:17:00,agent_4,293,home,1683.82,attr_5,home,1577.23,attr_5,user_431,2524.59,home,859,1,0.39,1,1,1,0.273,0,0
txn_003559,2568.23,footwear,prepaid,500017,2026-01-19T12:36:00,agent_13,140,footwear,3617.79,attr_2,footwear,2568.23,attr_2,user_49,3088.84,footwear,1380,1,0.82,1,1,1,0.574,0,0
txn_003560,3790.24,home,prepaid,500013,2026-01-02T05:27:00,agent_54,182,home,3146.85,attr_1,home,3790.24,attr_1,user_411,5484.98,flights,356,1,0.65,1,0,1,0.195,0,0
txn_003561,1427.2,electronics,COD,50002,2026-03-26T09:45:00,agent_3,93,electronics,1572.42,attr_5,electronics,1427.2,attr_5,user_113,965.79,electronics,1436,1,0.71,1,1,1,0.497,0,0
txn_003562,4596.93,flights,prepaid,500010,2026-03-29T21:50:00,agent_46,172,flights,6303.31,attr_1,flights,4596.93,attr_1,user_217,5161.07,flights,583,0,0.13,1,1,1,0.091,0,0
txn_003563,4033.35,fashion,COD,500014,2026-03-07T15:10:00,agent_51,0,fashion,5139.57,attr_2,fashion,4033.35,attr_2,user_61,4347.67,fashion,223,1,0.28,1,1,1,0.196,0,1
txn_003564,1303.42,electronics,COD,50008,2026-01-30T04:24:00,agent_22,8,electronics,1715.1,attr_5,electronics,1303.42,attr_5,user_202,846.88,electronics,1493,0,0.57,1,1,1,0.399,1,0
txn_003565,1909.41,fashion,prepaid,50003,2026-02-14T15:38:00,agent_14,352,fashion,2344.92,attr_4,fashion,1909.41,attr_4,user_494,3106.69,fashion,1012,1,0.7,1,1,1,0.49,0,0
txn_003566,2937.4,flights,prepaid,500015,2026-03-31T07:33:00,agent_3,32,flights,4322.61,attr_4,flights,2937.4,attr_4,user_488,3933.76,groceries,1351,1,0.23,1,1,1,0.069,0,0
txn_003567,867.39,home,COD,500020,2026-02-13T08:26:00,agent_22,93,home,788.09,attr_1,home,867.39,attr_1,user_413,2911.98,footwear,1101,1,0.03,1,0,1,0.009,0,0
txn_003568,5582.62,fashion,COD,50009,2026-03-18T20:40:00,agent_45,76,fashion,6421.88,attr_3,fashion,5582.62,attr_3,user_76,3798.56,groceries,903,1,0.33,1,1,1,0.099,0,0
txn_003569,2023.16,footwear,COD,500015,2026-01-28T18:19:00,agent_19,374,footwear,2863.7,attr_1,footwear,2023.16,attr_1,user_160,5098.77,footwear,1381,1,0.86,1,1,1,0.602,0,0
txn_003570,11218.54,footwear,COD,50006,2026-01-31T02:23:00,agent_28,84,footwear,7755.7,attr_1,footwear,11218.54,attr_1,user_234,4685.33,footwear,656,1,0.88,1,0,1,0.616,1,0
txn_003571,4328.81,footwear,COD,500011,2026-03-03T23:51:00,agent_5,218,footwear,6559.95,attr_2,footwear,4328.81,attr_2,user_485,1172.7,footwear,1495,1,0.63,1,1,1,0.441,0,0
txn_003572,10292.46,flights,COD,50001,2026-04-02T23:47:00,agent_26,113,flights,7081.68,attr_3,flights,10292.46,attr_2,user_47,2267.29,flights,311,1,0.27,1,0,0,0.189,0,1
txn_003573,4299.27,fashion,COD,50004,2026-05-03T15:30:00,agent_59,11,footwear,3244.1,attr_1,fashion,4299.27,attr_4,user_263,795.51,footwear,347,1,0.49,0,0,0,0.147,1,0
txn_003574,2885.19,fashion,prepaid,500010,2026-04-14T13:26:00,agent_54,45,fashion,4193.06,attr_3,fashion,2885.19,attr_3,user_94,2544.95,groceries,235,1,0.12,1,1,1,0.036,1,0
txn_003575,1080.44,flights,prepaid,50009,2026-02-12T12:43:00,agent_40,78,flights,1775.86,attr_3,flights,1080.44,attr_3,user_470,2174.98,flights,953,1,0.49,1,1,1,0.343,0,0
txn_003576,1944.41,electronics,COD,500020,2026-01-10T21:09:00,agent_27,14,electronics,2181.82,attr_1,electronics,1944.41,attr_1,user_225,5766.44,electronics,503,1,0.57,1,1,1,0.399,0,0
txn_003577,8484.43,fashion,COD,500017,2026-04-10T06:42:00,agent_50,163,fashion,6061.31,attr_3,fashion,8484.43,attr_4,user_133,2820.5,flights,1395,1,0.71,1,0,0,0.213,0,1
txn_003578,5050.07,home,COD,500015,2026-03-12T00:45:00,agent_42,95,fashion,4450.7,attr_3,home,5050.07,attr_3,user_134,4096.16,fashion,947,1,0.36,0,0,1,0.108,0,1
txn_003579,1549.57,home,COD,50008,2026-03-07T04:52:00,agent_7,89,home,1090.87,attr_4,home,1549.57,attr_5,user_340,4280.2,groceries,413,1,0.38,1,0,0,0.114,0,0
txn_003580,1154.69,home,prepaid,500014,2026-05-03T02:27:00,agent_24,791,home,1041.56,attr_4,home,1154.69,attr_4,user_376,4693.79,home,1125,1,0.68,1,0,1,0.476,0,1
txn_003581,4121.23,groceries,prepaid,500012,2026-01-09T22:56:00,agent_31,57,groceries,5792.05,attr_4,groceries,4121.23,attr_4,user_356,988.62,groceries,1490,1,0.0,1,1,1,0.0,0,1
txn_003582,2260.41,fashion,prepaid,500019,2026-04-14T23:37:00,agent_52,51,fashion,2043.53,attr_5,fashion,2260.41,attr_3,user_320,871.89,fashion,320,1,0.96,1,0,0,0.672,0,0
txn_003583,11551.88,fashion,prepaid,500014,2026-04-16T16:09:00,agent_24,184,fashion,7441.54,attr_1,fashion,11551.88,attr_1,user_405,3773.34,electronics,134,1,0.03,1,0,1,0.009,0,0
txn_003584,8355.33,electronics,COD,500013,2026-01-20T22:03:00,agent_34,35,electronics,5683.78,attr_3,electronics,8355.33,attr_3,user_24,3515.91,home,589,1,0.61,1,0,1,0.183,0,0
txn_003585,2910.72,electronics,COD,50007,2026-04-02T18:00:00,agent_45,289,electronics,4490.84,attr_5,electronics,2910.72,attr_5,user_451,2616.93,home,415,1,0.78,1,1,1,0.234,1,0
txn_003586,7699.32,flights,prepaid,500013,2026-05-12T11:23:00,agent_5,125,flights,5267.15,attr_4,flights,7699.32,attr_4,user_407,3363.57,flights,1461,1,0.54,1,0,1,0.378,0,0
txn_003587,7776.28,home,COD,500016,2026-01-03T19:21:00,agent_47,364,home,6471.82,attr_2,home,7776.28,attr_4,user_111,4634.16,home,917,1,0.46,1,0,0,0.322,0,0
txn_003588,5244.69,fashion,prepaid,50004,2026-05-16T14:45:00,agent_2,11,fashion,7680.65,attr_5,fashion,5244.69,attr_5,user_436,3261.68,fashion,431,1,0.88,1,1,1,0.616,1,0
txn_003589,5033.21,footwear,prepaid,500018,2026-04-20T20:17:00,agent_29,29,groceries,4360.32,attr_2,footwear,5033.21,attr_1,user_441,2824.4,groceries,724,1,0.84,0,0,0,0.252,1,0
txn_003590,7849.73,footwear,prepaid,50004,2026-03-26T17:24:00,agent_48,41,footwear,5608.75,attr_4,footwear,7849.73,attr_1,user_220,3648.87,footwear,1043,0,0.34,1,0,0,0.238,0,0
txn_003591,6592.57,groceries,COD,500020,2026-05-03T01:31:00,agent_45,6,groceries,6856.92,attr_1,groceries,6592.57,attr_1,user_381,4697.28,groceries,751,1,0.29,1,1,1,0.203,0,0
txn_003592,3927.93,footwear,COD,50006,2026-04-17T23:23:00,agent_46,12,footwear,3427.01,attr_3,footwear,3927.93,attr_3,user_474,2631.45,footwear,529,1,0.51,1,0,1,0.357,1,0
txn_003593,2832.76,footwear,COD,500018,2026-04-26T09:32:00,agent_15,20,footwear,2376.19,attr_2,footwear,2832.76,attr_2,user_496,3686.42,footwear,1188,1,0.46,1,0,1,0.322,0,0
txn_003594,2386.54,footwear,prepaid,50009,2026-04-12T02:36:00,agent_12,118,footwear,3029.69,attr_5,footwear,2386.54,attr_5,user_145,1428.56,footwear,1187,1,0.78,1,1,1,0.546,1,0
txn_003595,6736.0,flights,COD,50006,2026-03-13T08:53:00,agent_22,71,flights,5873.1,attr_3,flights,6736.0,attr_2,user_184,4937.12,flights,779,1,0.02,1,0,0,0.014,0,0
txn_003596,735.7,groceries,COD,500019,2026-04-26T17:58:00,agent_11,174,groceries,1069.73,attr_1,groceries,735.7,attr_1,user_11,4301.13,groceries,553,1,0.38,1,1,1,0.266,1,0
txn_003597,1709.31,fashion,COD,500011,2026-03-03T12:49:00,agent_10,103,fashion,2430.19,attr_5,fashion,1709.31,attr_5,user_394,3262.55,home,703,1,0.15,1,1,1,0.045,0,0
txn_003598,4752.25,footwear,COD,50002,2026-03-10T09:23:00,agent_36,216,footwear,7795.76,attr_1,footwear,4752.25,attr_1,user_108,2965.7,footwear,972,1,0.58,1,1,1,0.406,0,0
txn_003599,6245.78,groceries,COD,50003,2026-05-09T16:38:00,agent_11,75,groceries,4693.89,attr_4,groceries,6245.78,attr_3,user_320,1265.5,groceries,913,0,0.45,1,0,0,0.315,1,0
txn_003600,6326.88,flights,COD,50003,2026-04-05T09:04:00,agent_32,49,flights,6521.02,attr_5,flights,6326.88,attr_5,user_465,4921.46,flights,500,1,0.36,1,1,1,0.252,0,0
txn_003601,3916.03,fashion,prepaid,500019,2026-01-01T23:39:00,agent_49,130,fashion,4318.76,attr_1,fashion,3916.03,attr_1,user_193,5897.4,groceries,1233,1,0.03,1,1,1,0.009,0,0
txn_003602,2587.03,flights,prepaid,50007,2026-01-22T23:10:00,agent_45,199,flights,3536.66,attr_1,flights,2587.03,attr_1,user_330,1057.55,flights,530,1,0.18,1,1,1,0.126,1,0
txn_003603,873.26,groceries,COD,50008,2026-04-08T21:54:00,agent_41,42,groceries,945.95,attr_3,groceries,873.26,attr_3,user_96,5175.0,fashion,822,1,0.32,1,1,1,0.096,0,0
txn_003604,7865.7,footwear,COD,500020,2026-03-12T09:14:00,agent_21,15,footwear,6742.4,attr_3,footwear,7865.7,attr_3,user_402,1843.62,footwear,1157,1,0.5,1,0,1,0.35,1,0
txn_003605,3846.44,electronics,prepaid,50003,2026-02-09T15:22:00,agent_37,5,electronics,4160.14,attr_2,electronics,3846.44,attr_2,user_274,5579.48,fashion,1351,1,0.42,1,1,1,0.126,1,0
txn_003606,421.01,footwear,prepaid,500015,2026-03-02T16:30:00,agent_36,18,footwear,502.09,attr_4,footwear,421.01,attr_4,user_215,2949.51,home,1308,0,0.35,1,1,1,0.105,1,0
txn_003607,5726.34,electronics,COD,50004,2026-03-22T04:56:00,agent_27,89,electronics,6498.2,attr_4,electronics,5726.34,attr_4,user_54,4444.12,home,156,1,0.26,1,1,1,0.078,0,0
txn_003608,2130.97,groceries,COD,500014,2026-04-27T02:22:00,agent_3,60,groceries,2943.56,attr_1,groceries,2130.97,attr_1,user_479,4574.11,groceries,1228,0,0.41,1,1,1,0.287,1,0
txn_003609,1291.77,home,prepaid,50003,2026-01-03T11:58:00,agent_20,188,home,1898.66,attr_2,home,1291.77,attr_2,user_37,3940.84,home,103,1,0.98,1,1,1,0.686,0,0
txn_003610,5846.17,electronics,COD,500015,2026-04-21T11:37:00,agent_17,104,electronics,5865.61,attr_4,electronics,5846.17,attr_4,user_262,5702.31,footwear,60,1,0.82,1,1,1,0.246,1,0
txn_003611,5219.16,electronics,COD,500012,2026-05-14T13:03:00,agent_12,78,footwear,3580.07,attr_1,electronics,5219.16,attr_5,user_233,5103.84,footwear,457,1,0.68,0,0,0,0.204,0,0
txn_003612,6237.25,flights,COD,500010,2026-01-08T01:01:00,agent_1,11,flights,3988.15,attr_5,flights,6237.25,attr_5,user_83,2245.22,electronics,482,1,0.71,1,0,1,0.213,1,0
txn_003613,1266.03,electronics,COD,50001,2026-01-26T17:24:00,agent_47,54,electronics,1938.22,attr_1,electronics,1266.03,attr_1,user_470,5082.45,electronics,943,1,0.86,1,1,1,0.602,0,0
txn_003614,2130.46,home,prepaid,50006,2026-05-01T11:10:00,agent_5,235,home,2561.08,attr_1,home,2130.46,attr_1,user_350,1868.36,groceries,1194,1,0.06,1,1,1,0.018,0,0
txn_003615,2789.23,groceries,COD,50004,2026-02-22T22:19:00,agent_46,6,groceries,2421.81,attr_3,groceries,2789.23,attr_3,user_344,2334.81,groceries,380,1,0.34,1,0,1,0.238,1,0
txn_003616,6630.67,electronics,COD,500011,2026-02-09T17:35:00,agent_48,547,electronics,7464.02,attr_5,electronics,6630.67,attr_5,user_275,5823.47,flights,362,1,0.6,1,1,1,0.18,1,0
txn_003617,5274.9,fashion,COD,500017,2026-03-06T22:31:00,agent_18,10,fashion,6934.03,attr_4,fashion,5274.9,attr_4,user_356,5071.23,fashion,1126,1,0.45,1,1,1,0.315,1,0
txn_003618,7226.57,electronics,prepaid,50007,2026-03-01T00:10:00,agent_41,32,electronics,7783.14,attr_1,electronics,7226.57,attr_1,user_154,5187.49,electronics,391,1,0.82,1,1,1,0.574,0,1
txn_003619,7343.9,home,prepaid,50002,2026-03-26T11:51:00,agent_15,139,electronics,5267.22,attr_3,home,7343.9,attr_2,user_424,1657.64,electronics,360,1,0.3,0,0,0,0.09,0,0
txn_003620,3710.62,electronics,COD,50001,2026-04-05T11:18:00,agent_18,210,fashion,3497.45,attr_3,electronics,3710.62,attr_3,user_12,2440.24,fashion,1281,1,0.29,0,0,1,0.087,0,1
txn_003621,1123.27,footwear,COD,500011,2026-03-17T21:23:00,agent_53,121,footwear,1379.45,attr_1,footwear,1123.27,attr_1,user_269,5065.03,electronics,548,1,0.68,1,1,1,0.204,0,0
txn_003622,7355.43,flights,prepaid,50006,2026-03-27T17:48:00,agent_5,66,groceries,4645.35,attr_2,flights,7355.43,attr_1,user_98,3473.67,groceries,733,1,0.82,0,0,0,0.246,1,0
txn_003623,5451.4,footwear,prepaid,50004,2026-03-11T02:45:00,agent_52,188,footwear,7956.12,attr_5,footwear,5451.4,attr_5,user_352,5660.7,footwear,1473,1,0.78,1,1,1,0.546,0,0
txn_003624,435.79,electronics,COD,50003,2026-02-03T15:12:00,agent_25,59,electronics,560.26,attr_5,electronics,435.79,attr_5,user_221,3474.76,flights,1443,1,0.54,1,1,1,0.162,0,0
txn_003625,4431.0,fashion,prepaid,50007,2026-05-04T05:25:00,agent_15,213,fashion,3515.36,attr_3,fashion,4431.0,attr_2,user_201,3460.46,fashion,943,1,0.75,1,0,0,0.525,0,0
txn_003626,5540.02,footwear,COD,500017,2026-03-29T22:49:00,agent_52,52,footwear,4915.65,attr_5,footwear,5540.02,attr_5,user_63,4685.0,flights,1343,1,0.63,1,0,1,0.189,0,0
txn_003627,1462.82,electronics,prepaid,500014,2026-01-27T14:42:00,agent_41,56,electronics,2327.9,attr_4,electronics,1462.82,attr_4,user_121,1162.19,electronics,1463,1,0.18,1,1,1,0.126,0,0
txn_003628,2912.78,flights,COD,50004,2026-05-13T17:09:00,agent_30,12,flights,3108.85,attr_5,flights,2912.78,attr_5,user_417,905.22,flights,707,1,0.89,1,1,1,0.623,1,0
txn_003629,10646.78,footwear,COD,500014,2026-01-17T02:19:00,agent_29,12,footwear,7063.09,attr_4,footwear,10646.78,attr_4,user_68,2499.11,footwear,1130,0,0.4,1,0,1,0.28,1,0
txn_003630,5437.09,footwear,COD,50009,2026-04-05T00:21:00,agent_58,266,footwear,6060.19,attr_2,footwear,5437.09,attr_2,user_399,5565.24,fashion,259,1,0.52,1,1,1,0.156,0,0
txn_003631,5631.82,home,COD,500017,2026-03-02T08:31:00,agent_48,119,home,6973.45,attr_1,home,5631.82,attr_1,user_177,3056.46,home,1367,1,0.81,1,1,1,0.567,1,0
txn_003632,9578.01,flights,prepaid,50003,2026-02-12T07:32:00,agent_34,41,flights,7970.85,attr_3,flights,9578.01,attr_3,user_474,1143.28,flights,576,1,0.3,1,0,1,0.21,0,0
txn_003633,4322.37,groceries,prepaid,50005,2026-03-23T21:26:00,agent_47,12,groceries,3947.41,attr_4,groceries,4322.37,attr_4,user_186,4661.82,groceries,70,1,0.5,1,0,1,0.35,0,0
txn_003634,4105.25,fashion,prepaid,500018,2026-02-28T12:51:00,agent_17,60,fashion,4169.04,attr_3,fashion,4105.25,attr_3,user_94,5914.34,flights,1073,0,0.15,1,1,1,0.045,0,0
txn_003635,6792.35,fashion,prepaid,500015,2026-02-09T18:54:00,agent_6,84,fashion,7272.96,attr_5,fashion,6792.35,attr_5,user_322,5672.74,fashion,50,0,0.93,1,1,1,0.651,1,0
txn_003636,1530.43,electronics,prepaid,50001,2026-04-14T21:28:00,agent_29,99,electronics,2496.41,attr_2,electronics,1530.43,attr_2,user_22,4747.35,electronics,575,0,0.56,1,1,1,0.392,0,0
txn_003637,2719.81,footwear,COD,50008,2026-04-30T02:30:00,agent_19,108,footwear,3649.06,attr_2,footwear,2719.81,attr_2,user_465,4587.71,footwear,1165,1,0.85,1,1,1,0.595,0,0
txn_003638,4410.86,groceries,prepaid,50006,2026-01-23T02:02:00,agent_1,56,groceries,6964.78,attr_1,groceries,4410.86,attr_1,user_33,4323.1,groceries,436,0,0.48,1,1,1,0.336,1,0
txn_003639,2394.84,flights,COD,50001,2026-03-19T17:11:00,agent_48,498,flights,2771.2,attr_3,flights,2394.84,attr_3,user_79,4098.27,flights,1121,1,0.52,1,1,1,0.364,0,0
txn_003640,6110.82,home,prepaid,50009,2026-04-13T23:24:00,agent_57,88,home,6312.93,attr_5,home,6110.82,attr_5,user_489,4829.73,home,563,1,0.65,1,1,1,0.455,0,0
txn_003641,1892.15,footwear,COD,50006,2026-03-03T09:40:00,agent_18,310,footwear,2485.54,attr_5,footwear,1892.15,attr_5,user_335,5956.27,groceries,382,0,0.84,1,1,1,0.252,0,0
txn_003642,826.97,flights,COD,50009,2026-04-22T05:53:00,agent_59,68,flights,1304.37,attr_1,flights,826.97,attr_1,user_427,5048.26,flights,1136,0,0.52,1,1,1,0.364,0,0
txn_003643,11714.97,groceries,prepaid,500011,2026-04-23T05:28:00,agent_8,219,groceries,7641.25,attr_4,groceries,11714.97,attr_4,user_60,2206.0,groceries,1342,1,0.11,1,0,1,0.077,0,0
txn_003644,7192.71,flights,prepaid,500018,2026-01-09T03:02:00,agent_33,11,flights,7734.25,attr_2,flights,7192.71,attr_2,user_458,1650.89,flights,174,1,0.49,1,1,1,0.343,1,0
txn_003645,5092.22,home,prepaid,500012,2026-03-31T15:10:00,agent_20,142,home,6271.97,attr_1,home,5092.22,attr_1,user_314,4533.24,groceries,1066,0,0.24,1,1,1,0.072,1,0
txn_003646,7764.42,home,prepaid,500020,2026-01-27T02:21:00,agent_19,8,home,7933.82,attr_1,home,7764.42,attr_1,user_269,4334.93,home,539,1,0.65,1,1,1,0.455,0,0
txn_003647,4748.76,electronics,COD,500016,2026-03-25T15:01:00,agent_33,52,electronics,7683.06,attr_5,electronics,4748.76,attr_5,user_238,3664.14,electronics,107,1,0.4,1,1,1,0.28,0,0
txn_003648,5521.24,electronics,COD,50008,2026-03-19T05:25:00,agent_11,385,electronics,4169.85,attr_5,electronics,5521.24,attr_3,user_258,4860.11,footwear,430,1,1.0,1,0,0,0.3,1,0
txn_003649,2727.09,electronics,COD,500016,2026-01-21T05:48:00,agent_14,52,electronics,2554.8,attr_3,electronics,2727.09,attr_3,user_196,4553.51,electronics,1201,1,0.17,1,0,1,0.119,0,0
txn_003650,6187.08,fashion,COD,500013,2026-03-14T07:28:00,agent_45,181,fashion,6499.38,attr_2,fashion,6187.08,attr_2,user_206,1713.59,fashion,414,1,0.75,1,1,1,0.525,0,0
txn_003651,6541.39,groceries,COD,50007,2026-04-14T07:42:00,agent_49,41,groceries,7257.32,attr_4,groceries,6541.39,attr_4,user_382,524.73,groceries,1212,1,0.07,1,1,1,0.049,1,0
txn_003652,4390.0,home,prepaid,500019,2026-03-16T17:31:00,agent_14,5,home,4738.05,attr_4,home,4390.0,attr_4,user_222,4644.87,home,612,1,0.67,1,1,1,0.469,0,0
txn_003653,3116.07,groceries,COD,50007,2026-04-10T03:07:00,agent_55,205,groceries,2795.57,attr_5,groceries,3116.07,attr_5,user_476,5987.73,flights,1332,1,0.02,1,0,1,0.006,1,0
txn_003654,5215.83,fashion,COD,50003,2026-04-25T14:20:00,agent_22,41,fashion,5282.22,attr_3,fashion,5215.83,attr_3,user_356,2031.5,fashion,692,1,0.63,1,1,1,0.441,1,0
txn_003655,10318.94,flights,COD,500010,2026-05-15T20:52:00,agent_59,33,flights,7004.34,attr_2,flights,10318.94,attr_2,user_150,5711.35,flights,1161,1,0.74,1,0,1,0.518,1,0
txn_003656,5123.44,flights,COD,50001,2026-02-06T18:16:00,agent_6,39,flights,3377.98,attr_4,flights,5123.44,attr_5,user_147,1671.97,flights,169,1,0.2,1,0,0,0.14,0,0
txn_003657,7197.11,fashion,prepaid,500010,2026-02-24T02:41:00,agent_26,172,fashion,6212.16,attr_1,fashion,7197.11,attr_3,user_428,1120.98,footwear,480,0,0.29,1,0,0,0.087,1,0
txn_003658,2337.48,footwear,COD,500013,2026-04-13T09:08:00,agent_10,240,footwear,3501.44,attr_4,footwear,2337.48,attr_4,user_188,5191.56,footwear,1333,1,0.73,1,1,1,0.511,1,0
txn_003659,2463.76,home,prepaid,50002,2026-05-07T15:56:00,agent_35,68,home,2750.23,attr_3,home,2463.76,attr_3,user_170,2824.24,footwear,1291,1,0.31,1,1,1,0.093,0,0
txn_003660,2176.17,groceries,prepaid,500018,2026-03-08T22:50:00,agent_24,235,groceries,3390.52,attr_5,groceries,2176.17,attr_5,user_152,3265.48,groceries,810,1,0.19,1,1,1,0.133,0,0
txn_003661,5188.22,home,COD,500010,2026-04-13T06:22:00,agent_40,11,home,5658.75,attr_3,home,5188.22,attr_3,user_175,5081.85,home,430,0,0.65,1,1,1,0.455,1,0
txn_003662,8742.35,fashion,COD,50006,2026-04-12T12:05:00,agent_13,106,fashion,6541.06,attr_2,fashion,8742.35,attr_2,user_282,886.07,fashion,468,1,0.67,1,0,1,0.469,0,0
txn_003663,5584.98,fashion,prepaid,50007,2026-02-21T08:42:00,agent_5,32,fashion,4320.77,attr_5,fashion,5584.98,attr_5,user_268,1804.73,fashion,739,1,0.58,1,0,1,0.406,0,0
txn_003664,2673.03,groceries,prepaid,500020,2026-05-11T15:36:00,agent_16,26,groceries,3005.38,attr_1,groceries,2673.03,attr_1,user_209,5238.72,home,936,1,0.71,1,1,1,0.213,0,0
txn_003665,2779.28,electronics,COD,500020,2026-04-29T12:29:00,agent_13,12,electronics,2055.34,attr_4,electronics,2779.28,attr_3,user_212,2507.1,footwear,493,0,0.11,1,0,0,0.033,1,0
txn_003666,4575.87,flights,COD,500012,2026-01-17T10:58:00,agent_4,227,flights,3217.82,attr_2,flights,4575.87,attr_2,user_448,4142.78,home,1127,0,0.08,1,0,1,0.024,0,1
txn_003667,6624.88,footwear,COD,500019,2026-05-02T08:29:00,agent_50,65,footwear,7472.08,attr_5,footwear,6624.88,attr_5,user_387,789.62,footwear,1307,1,0.42,1,1,1,0.294,1,0
txn_003668,2770.83,footwear,COD,50002,2026-02-07T01:55:00,agent_31,184,footwear,4045.34,attr_2,footwear,2770.83,attr_2,user_49,1696.48,groceries,179,1,0.72,1,1,1,0.216,0,0
txn_003669,1263.71,footwear,COD,500017,2026-03-08T08:58:00,agent_42,213,footwear,801.58,attr_2,footwear,1263.71,attr_2,user_298,3329.23,footwear,1450,0,0.83,1,0,1,0.581,1,0
txn_003670,5085.95,fashion,COD,50007,2026-03-07T14:54:00,agent_33,85,fashion,5341.91,attr_2,fashion,5085.95,attr_2,user_296,731.55,groceries,168,1,0.29,1,1,1,0.087,0,0
txn_003671,6732.47,flights,prepaid,500010,2026-05-11T03:05:00,agent_3,226,flights,6810.61,attr_2,flights,6732.47,attr_2,user_154,2906.39,flights,93,1,0.44,1,1,1,0.308,1,0
txn_003672,7139.1,groceries,COD,500020,2026-05-01T09:49:00,agent_49,58,groceries,6331.49,attr_1,groceries,7139.1,attr_1,user_147,5855.71,groceries,503,1,0.18,1,0,1,0.126,1,0
txn_003673,8817.26,flights,prepaid,500014,2026-03-13T19:38:00,agent_54,47,flights,6199.14,attr_2,flights,8817.26,attr_1,user_424,4410.37,flights,132,0,0.17,1,0,0,0.119,1,0
txn_003674,1577.39,footwear,prepaid,500016,2026-04-12T14:28:00,agent_32,7,footwear,2622.36,attr_2,footwear,1577.39,attr_2,user_390,3309.6,flights,1380,1,0.48,1,1,1,0.144,0,0
txn_003675,1382.36,flights,COD,500020,2026-01-08T00:50:00,agent_54,13,flights,1541.12,attr_4,flights,1382.36,attr_4,user_99,1577.3,flights,208,1,0.3,1,1,1,0.21,0,0
txn_003676,3095.14,electronics,prepaid,50007,2026-03-02T17:50:00,agent_41,20,electronics,3299.61,attr_2,electronics,3095.14,attr_2,user_85,1559.03,electronics,10,1,0.88,1,1,1,0.616,1,0
txn_003677,4115.69,electronics,COD,50008,2026-02-12T20:48:00,agent_56,248,electronics,6516.35,attr_5,electronics,4115.69,attr_5,user_264,2148.22,electronics,1257,1,0.56,1,1,1,0.392,0,0
txn_003678,734.28,home,prepaid,500020,2026-02-07T12:49:00,agent_12,69,home,945.31,attr_1,home,734.28,attr_1,user_493,1494.65,home,79,1,1.0,1,1,1,0.7,0,0
txn_003679,4524.05,flights,COD,500012,2026-03-28T04:55:00,agent_29,16,flights,5036.71,attr_3,flights,4524.05,attr_3,user_295,1318.58,fashion,138,0,0.84,1,1,1,0.252,0,1
txn_003680,1072.6,electronics,COD,50009,2026-04-23T07:31:00,agent_42,104,electronics,1616.46,attr_5,electronics,1072.6,attr_5,user_337,3101.84,electronics,615,1,0.63,1,1,1,0.441,0,1
txn_003681,4104.22,flights,prepaid,500016,2026-05-10T21:30:00,agent_38,61,flights,4495.24,attr_3,flights,4104.22,attr_3,user_445,3722.03,flights,1413,1,0.86,1,1,1,0.602,0,0
txn_003682,1545.78,fashion,COD,50009,2026-03-30T03:45:00,agent_16,27,fashion,2056.49,attr_3,fashion,1545.78,attr_3,user_129,1741.19,footwear,675,1,0.65,1,1,1,0.195,0,0
txn_003683,1454.78,home,prepaid,500015,2026-02-26T07:29:00,agent_23,23,home,2405.06,attr_3,home,1454.78,attr_3,user_388,517.87,home,874,1,0.75,1,1,1,0.525,0,0
txn_003684,1471.24,electronics,COD,500020,2026-01-11T10:26:00,agent_52,333,electronics,994.57,attr_1,electronics,1471.24,attr_3,user_53,2683.62,electronics,175,1,0.92,1,0,0,0.644,1,0
txn_003685,1125.58,groceries,COD,500012,2026-01-03T12:25:00,agent_3,182,groceries,1425.64,attr_3,groceries,1125.58,attr_3,user_399,5631.29,groceries,1251,1,0.51,1,1,1,0.357,0,0
txn_003686,5424.18,home,prepaid,500010,2026-01-18T11:41:00,agent_43,86,home,5741.87,attr_4,home,5424.18,attr_4,user_122,5992.02,home,337,1,0.69,1,1,1,0.483,0,0
txn_003687,1364.1,electronics,prepaid,50007,2026-03-29T23:18:00,agent_13,184,electronics,1410.28,attr_2,electronics,1364.1,attr_2,user_191,2911.05,footwear,834,1,0.06,1,1,1,0.018,1,0
txn_003688,4044.72,footwear,COD,500016,2026-01-21T16:31:00,agent_18,161,home,3252.19,attr_3,footwear,4044.72,attr_5,user_450,2339.33,home,1441,1,0.14,0,0,0,0.042,1,0
txn_003689,3062.52,footwear,COD,500011,2026-05-15T09:17:00,agent_41,197,footwear,3979.76,attr_2,footwear,3062.52,attr_2,user_121,580.45,home,1136,1,0.78,1,1,1,0.234,1,0
txn_003690,3155.66,fashion,COD,50007,2026-04-10T16:02:00,agent_52,50,fashion,2958.64,attr_2,fashion,3155.66,attr_2,user_381,2719.66,fashion,1456,1,0.99,1,0,1,0.693,0,0
txn_003691,2647.22,fashion,COD,50003,2026-05-12T02:47:00,agent_9,16,fashion,3141.38,attr_4,fashion,2647.22,attr_4,user_44,2098.44,fashion,1166,1,0.43,1,1,1,0.301,0,0
txn_003692,2920.1,home,COD,500013,2026-01-04T10:35:00,agent_1,87,fashion,1882.31,attr_3,home,2920.1,attr_3,user_346,790.42,footwear,201,1,0.47,0,0,1,0.141,0,0
txn_003693,2570.6,fashion,COD,50009,2026-03-02T19:28:00,agent_34,13,fashion,2251.57,attr_3,fashion,2570.6,attr_1,user_155,4892.31,fashion,484,1,0.27,1,0,0,0.189,0,0
txn_003694,2144.58,footwear,COD,500010,2026-05-12T15:10:00,agent_28,120,footwear,1951.3,attr_4,footwear,2144.58,attr_2,user_282,3883.74,groceries,725,1,0.27,1,0,0,0.081,0,0
txn_003695,3853.86,groceries,COD,500015,2026-04-05T22:39:00,agent_44,73,groceries,4525.42,attr_4,groceries,3853.86,attr_4,user_190,2012.69,groceries,872,1,0.69,1,1,1,0.483,0,0
txn_003696,4848.04,groceries,prepaid,500010,2026-05-14T09:32:00,agent_36,3,groceries,6373.93,attr_4,groceries,4848.04,attr_4,user_146,1208.23,groceries,254,1,0.04,1,1,1,0.028,1,0
txn_003697,3891.04,home,COD,50005,2026-05-09T11:19:00,agent_2,72,home,5958.57,attr_2,home,3891.04,attr_2,user_369,4306.32,home,1178,1,0.02,1,1,1,0.014,0,0
txn_003698,9989.08,electronics,prepaid,50005,2026-05-08T02:31:00,agent_41,282,electronics,6613.64,attr_5,electronics,9989.08,attr_1,user_112,992.22,home,521,1,0.49,1,0,0,0.147,0,0
txn_003699,1937.67,footwear,prepaid,50007,2026-05-05T15:17:00,agent_10,122,footwear,2609.29,attr_3,footwear,1937.67,attr_3,user_104,5937.91,footwear,1294,1,0.44,1,1,1,0.308,0,0
txn_003700,5717.5,flights,prepaid,500010,2026-03-05T00:30:00,agent_17,342,flights,6882.64,attr_2,flights,5717.5,attr_2,user_460,3131.23,flights,232,1,0.93,1,1,1,0.651,0,1
txn_003701,1815.69,home,prepaid,500010,2026-01-10T17:21:00,agent_20,111,home,1287.76,attr_1,home,1815.69,attr_1,user_259,967.99,home,1472,1,0.86,1,0,1,0.602,0,0
txn_003702,4136.8,home,COD,50008,2026-02-24T06:25:00,agent_21,133,home,2747.98,attr_1,home,4136.8,attr_5,user_425,2506.18,home,1337,0,0.93,1,0,0,0.651,1,0
txn_003703,1196.49,footwear,prepaid,50002,2026-04-16T13:29:00,agent_16,108,footwear,1278.37,attr_3,footwear,1196.49,attr_3,user_393,2188.27,footwear,454,1,0.05,1,1,1,0.035,0,0
txn_003704,3111.06,groceries,COD,500014,2026-04-05T22:48:00,agent_41,39,groceries,4252.7,attr_2,groceries,3111.06,attr_2,user_276,663.45,groceries,1331,1,0.31,1,1,1,0.217,1,0
txn_003705,3858.89,home,COD,50003,2026-04-13T08:05:00,agent_48,40,home,4519.31,attr_2,home,3858.89,attr_2,user_60,4980.8,electronics,443,1,0.63,1,1,1,0.189,0,0
txn_003706,2433.94,footwear,COD,50001,2026-04-06T11:47:00,agent_23,280,footwear,3827.28,attr_4,footwear,2433.94,attr_4,user_399,5847.33,footwear,1230,1,0.23,1,1,1,0.161,0,0
txn_003707,4674.64,footwear,COD,50009,2026-03-13T19:32:00,agent_50,33,footwear,5857.39,attr_3,footwear,4674.64,attr_3,user_152,3657.84,footwear,1070,1,0.34,1,1,1,0.238,0,0
txn_003708,2514.51,fashion,COD,50002,2026-01-21T06:29:00,agent_2,7,fashion,4067.52,attr_5,fashion,2514.51,attr_5,user_105,4798.89,fashion,1296,1,0.7,1,1,1,0.49,0,0
txn_003709,1745.89,home,prepaid,500018,2026-02-13T12:21:00,agent_27,26,home,1442.3,attr_2,home,1745.89,attr_2,user_427,2360.49,home,1085,1,0.89,1,0,1,0.623,0,0
txn_003710,2713.2,fashion,COD,500011,2026-02-02T07:15:00,agent_49,38,groceries,2251.78,attr_1,fashion,2713.2,attr_1,user_438,3452.91,groceries,807,0,0.58,0,0,1,0.174,0,1
txn_003711,2848.02,home,COD,50003,2026-03-17T12:18:00,agent_47,99,home,3155.12,attr_2,home,2848.02,attr_2,user_239,5774.82,home,549,1,0.4,1,1,1,0.28,0,0
txn_003712,969.54,fashion,COD,50007,2026-04-29T01:25:00,agent_57,207,fashion,1470.48,attr_3,fashion,969.54,attr_3,user_212,3902.5,fashion,247,1,0.61,1,1,1,0.427,0,0
txn_003713,8529.23,footwear,COD,500015,2026-05-09T17:11:00,agent_35,201,footwear,5941.96,attr_4,footwear,8529.23,attr_4,user_379,1128.68,footwear,265,1,0.9,1,0,1,0.63,0,1
txn_003714,4884.62,home,COD,500017,2026-01-11T14:00:00,agent_1,26,home,6183.03,attr_2,home,4884.62,attr_2,user_131,1344.93,home,301,1,0.49,1,1,1,0.343,0,0
txn_003715,4145.18,electronics,COD,500011,2026-01-29T14:08:00,agent_53,201,electronics,6213.12,attr_4,electronics,4145.18,attr_4,user_464,5690.36,electronics,1415,1,0.32,1,1,1,0.224,0,0
txn_003716,2759.62,flights,prepaid,50008,2026-05-19T06:41:00,agent_45,14,fashion,2150.27,attr_5,flights,2759.62,attr_5,user_499,4715.02,groceries,1116,1,0.53,0,0,1,0.159,1,0
txn_003717,5199.42,groceries,COD,500016,2026-02-10T13:27:00,agent_8,65,groceries,5764.44,attr_3,groceries,5199.42,attr_3,user_245,1291.08,groceries,568,1,0.3,1,1,1,0.21,0,0
txn_003718,3684.12,footwear,COD,50009,2026-04-11T18:56:00,agent_29,252,footwear,4077.18,attr_3,footwear,3684.12,attr_3,user_491,3850.5,footwear,15,1,0.47,1,1,1,0.329,0,0
txn_003719,3495.94,electronics,COD,500016,2026-01-06T05:06:00,agent_8,190,electronics,5121.81,attr_4,electronics,3495.94,attr_4,user_199,4626.3,electronics,939,1,0.18,1,1,1,0.126,0,0
txn_003720,4394.73,groceries,prepaid,500013,2026-02-28T16:59:00,agent_23,195,groceries,4527.37,attr_5,groceries,4394.73,attr_5,user_125,2171.29,groceries,303,1,0.24,1,1,1,0.168,0,0
txn_003721,3148.22,home,prepaid,500015,2026-05-17T18:24:00,agent_32,88,home,3651.87,attr_4,home,3148.22,attr_4,user_161,5270.94,home,871,0,0.26,1,1,1,0.182,1,0
txn_003722,3861.12,fashion,prepaid,500014,2026-03-22T01:13:00,agent_34,149,fashion,2463.3,attr_3,fashion,3861.12,attr_3,user_216,5428.75,fashion,560,1,0.44,1,0,1,0.308,0,0
txn_003723,11833.73,fashion,COD,500019,2026-01-10T22:56:00,agent_49,21,fashion,7965.5,attr_4,fashion,11833.73,attr_4,user_230,5695.71,electronics,1168,1,0.03,1,0,1,0.009,1,0
txn_003724,3582.33,groceries,prepaid,50001,2026-05-18T01:47:00,agent_6,18,groceries,4154.35,attr_4,groceries,3582.33,attr_4,user_492,3538.49,fashion,1272,1,0.02,1,1,1,0.006,0,0
txn_003725,2679.27,home,COD,50006,2026-04-25T06:22:00,agent_49,25,home,3757.15,attr_2,home,2679.27,attr_2,user_139,797.53,electronics,324,1,0.26,1,1,1,0.078,1,0
txn_003726,4321.46,home,COD,50007,2026-03-13T12:10:00,agent_5,122,home,5271.06,attr_1,home,4321.46,attr_1,user_485,5742.1,home,1255,1,0.29,1,1,1,0.203,0,0
txn_003727,8520.4,fashion,prepaid,50003,2026-04-08T07:37:00,agent_26,21,fashion,7557.83,attr_1,fashion,8520.4,attr_5,user_382,5205.43,fashion,1143,1,0.71,1,0,0,0.497,1,0
txn_003728,1690.18,groceries,prepaid,500019,2026-05-01T10:58:00,agent_38,12,groceries,2127.05,attr_2,groceries,1690.18,attr_2,user_239,3815.65,groceries,88,1,0.45,1,1,1,0.315,0,0
txn_003729,3436.69,footwear,COD,500014,2026-01-02T16:52:00,agent_40,30,footwear,3668.61,attr_5,footwear,3436.69,attr_5,user_282,2018.06,footwear,1054,1,0.54,1,1,1,0.378,0,0
txn_003730,3291.28,footwear,prepaid,50005,2026-05-09T03:28:00,agent_21,73,footwear,5132.52,attr_4,footwear,3291.28,attr_4,user_362,1059.51,fashion,861,0,0.52,1,1,1,0.156,1,0
txn_003731,5159.35,home,prepaid,500017,2026-02-17T15:13:00,agent_19,9,home,6243.03,attr_5,home,5159.35,attr_5,user_449,1115.12,home,1079,1,0.26,1,1,1,0.182,0,0
txn_003732,1063.77,footwear,COD,500017,2026-05-07T22:00:00,agent_52,8,footwear,1067.99,attr_1,footwear,1063.77,attr_1,user_466,3130.93,footwear,114,1,0.36,1,1,1,0.252,1,0
txn_003733,11429.06,fashion,COD,50002,2026-04-04T04:38:00,agent_42,147,fashion,7933.14,attr_4,fashion,11429.06,attr_5,user_243,5119.59,fashion,11,1,0.65,1,0,0,0.455,0,0
txn_003734,7250.04,home,prepaid,500012,2026-03-21T21:43:00,agent_28,99,home,5244.81,attr_3,home,7250.04,attr_3,user_305,5126.69,flights,696,0,0.47,1,0,1,0.141,1,0
txn_003735,6145.81,flights,COD,500014,2026-05-09T20:57:00,agent_9,69,flights,6421.0,attr_2,flights,6145.81,attr_2,user_145,4746.75,flights,660,1,0.13,1,1,1,0.091,1,0
txn_003736,4133.41,flights,COD,500015,2026-02-16T12:16:00,agent_26,4,flights,6290.93,attr_1,flights,4133.41,attr_1,user_495,1898.34,flights,1277,0,0.84,1,1,1,0.588,1,0
txn_003737,1991.75,fashion,COD,500017,2026-01-05T05:44:00,agent_40,32,fashion,2537.51,attr_1,fashion,1991.75,attr_1,user_309,941.42,groceries,803,1,0.2,1,1,1,0.06,1,0
txn_003738,7498.63,footwear,prepaid,500012,2026-02-24T12:31:00,agent_50,156,footwear,7987.62,attr_1,footwear,7498.63,attr_1,user_471,627.35,footwear,1168,0,0.91,1,1,1,0.637,1,0
txn_003739,9406.59,footwear,prepaid,500019,2026-02-16T18:32:00,agent_58,8,footwear,6068.09,attr_2,footwear,9406.59,attr_2,user_112,4725.95,electronics,1123,1,0.78,1,0,1,0.234,1,0
txn_003740,4183.08,footwear,prepaid,50006,2026-05-06T21:14:00,agent_14,9,footwear,3705.79,attr_4,footwear,4183.08,attr_4,user_77,4199.48,fashion,796,1,0.39,1,0,1,0.117,1,0
txn_003741,3221.88,home,COD,500019,2026-03-19T09:58:00,agent_40,112,home,3774.31,attr_5,home,3221.88,attr_5,user_332,2310.17,fashion,300,1,0.6,1,1,1,0.18,1,0
txn_003742,2373.95,flights,COD,500018,2026-03-20T17:51:00,agent_59,99,flights,2447.76,attr_4,flights,2373.95,attr_4,user_182,631.21,flights,1479,1,0.67,1,1,1,0.469,0,0
txn_003743,1338.71,home,COD,50007,2026-02-04T07:43:00,agent_18,163,home,1827.03,attr_4,home,1338.71,attr_4,user_62,1670.26,home,557,1,0.44,1,1,1,0.308,0,0
txn_003744,1013.53,electronics,COD,50003,2026-04-27T15:03:00,agent_38,108,electronics,804.39,attr_4,electronics,1013.53,attr_2,user_9,4707.68,flights,952,1,0.98,1,0,0,0.294,1,0
txn_003745,7409.75,footwear,prepaid,50006,2026-02-19T11:41:00,agent_2,35,footwear,4961.06,attr_5,footwear,7409.75,attr_1,user_108,3551.59,footwear,1220,1,0.14,1,0,0,0.098,0,0
txn_003746,2169.01,flights,COD,500014,2026-03-17T11:47:00,agent_9,112,flights,2934.25,attr_1,flights,2169.01,attr_1,user_324,744.95,flights,1464,0,0.14,1,1,1,0.098,0,1
txn_003747,2418.16,groceries,COD,50003,2026-02-05T16:49:00,agent_6,109,groceries,2722.48,attr_3,groceries,2418.16,attr_3,user_157,3295.86,electronics,602,1,0.41,1,1,1,0.123,0,0
txn_003748,3805.29,electronics,COD,50006,2026-05-12T14:55:00,agent_33,166,electronics,5637.69,attr_4,electronics,3805.29,attr_4,user_463,3265.27,electronics,216,0,0.83,1,1,1,0.581,1,0
txn_003749,1692.66,electronics,COD,50001,2026-03-23T05:12:00,agent_13,171,electronics,2090.26,attr_2,electronics,1692.66,attr_2,user_187,3057.27,electronics,1007,1,0.07,1,1,1,0.049,0,1
txn_003750,2244.73,groceries,COD,500019,2026-04-19T05:39:00,agent_53,279,groceries,1791.94,attr_5,groceries,2244.73,attr_5,user_370,5224.85,groceries,680,1,0.27,1,0,1,0.189,1,0
txn_003751,4187.03,electronics,COD,500015,2026-05-02T02:24:00,agent_42,186,electronics,5478.17,attr_5,electronics,4187.03,attr_5,user_326,2053.65,home,926,1,0.09,1,1,1,0.027,0,0
txn_003752,4778.03,fashion,COD,50001,2026-02-16T14:51:00,agent_32,311,fashion,7066.94,attr_3,fashion,4778.03,attr_3,user_287,3757.19,fashion,218,1,0.54,1,1,1,0.378,1,0
txn_003753,2050.23,fashion,prepaid,500010,2026-04-02T05:00:00,agent_39,92,fashion,2261.84,attr_2,fashion,2050.23,attr_2,user_217,1661.13,fashion,410,1,0.58,1,1,1,0.406,0,0
txn_003754,4681.23,flights,prepaid,500016,2026-04-12T21:44:00,agent_2,24,flights,3387.5,attr_4,flights,4681.23,attr_4,user_10,2861.82,flights,1375,1,0.43,1,0,1,0.301,0,0
txn_003755,1584.38,footwear,prepaid,500016,2026-01-14T22:38:00,agent_32,0,footwear,1606.46,attr_3,footwear,1584.38,attr_3,user_403,2796.66,footwear,788,1,0.75,1,1,1,0.525,1,0
txn_003756,982.23,flights,prepaid,500019,2026-01-30T05:39:00,agent_36,4,flights,1215.06,attr_5,flights,982.23,attr_5,user_67,993.58,home,567,0,0.2,1,1,1,0.06,1,0
txn_003757,3898.7,flights,prepaid,50005,2026-03-26T20:44:00,agent_7,0,flights,5673.32,attr_3,flights,3898.7,attr_3,user_322,4145.52,flights,1352,1,0.91,1,1,1,0.637,0,0
txn_003758,11370.45,footwear,COD,50008,2026-05-03T22:16:00,agent_56,19,flights,7346.07,attr_4,footwear,11370.45,attr_4,user_163,2217.39,flights,1307,1,0.29,0,0,1,0.087,0,0
txn_003759,3369.43,footwear,COD,50004,2026-02-15T17:31:00,agent_21,396,footwear,3374.34,attr_1,footwear,3369.43,attr_1,user_363,1633.93,fashion,178,1,0.86,1,1,1,0.258,0,0
txn_003760,3616.13,electronics,prepaid,50002,2026-05-07T11:10:00,agent_38,130,electronics,4472.47,attr_3,electronics,3616.13,attr_3,user_431,1173.8,electronics,707,1,0.05,1,1,1,0.035,0,0
txn_003761,6103.35,home,COD,50008,2026-02-14T21:22:00,agent_53,180,home,4806.57,attr_3,home,6103.35,attr_3,user_256,3150.5,fashion,1077,1,0.75,1,0,1,0.225,0,0
txn_003762,3795.16,flights,COD,50006,2026-02-28T10:17:00,agent_56,175,flights,4980.52,attr_5,flights,3795.16,attr_5,user_157,4584.2,flights,407,1,0.52,1,1,1,0.364,0,0
txn_003763,9142.71,footwear,prepaid,500017,2026-01-13T23:01:00,agent_8,119,footwear,5853.4,attr_3,footwear,9142.71,attr_3,user_300,4206.74,flights,1330,1,0.67,1,0,1,0.201,0,1
txn_003764,1363.8,home,prepaid,50008,2026-03-09T00:32:00,agent_5,100,home,1640.74,attr_4,home,1363.8,attr_4,user_280,3876.23,home,413,1,0.23,1,1,1,0.161,1,0
txn_003765,1620.1,fashion,prepaid,50008,2026-01-07T06:05:00,agent_32,27,fashion,2291.56,attr_5,fashion,1620.1,attr_5,user_452,4476.33,fashion,1310,1,0.3,1,1,1,0.21,1,0
txn_003766,4107.99,fashion,prepaid,50004,2026-05-07T02:13:00,agent_9,115,fashion,6130.2,attr_2,fashion,4107.99,attr_2,user_456,5545.59,electronics,1361,1,0.8,1,1,1,0.24,0,0
txn_003767,2793.71,groceries,COD,500014,2026-03-05T21:54:00,agent_38,99,groceries,3072.83,attr_4,groceries,2793.71,attr_4,user_360,2487.07,fashion,1032,0,0.69,1,1,1,0.207,1,0
txn_003768,3277.83,home,COD,50003,2026-01-12T02:34:00,agent_47,31,home,2114.63,attr_3,home,3277.83,attr_3,user_240,4779.04,home,1195,1,0.44,1,0,1,0.308,0,0
txn_003769,5551.75,groceries,COD,500016,2026-02-16T02:41:00,agent_24,85,groceries,4167.31,attr_3,groceries,5551.75,attr_5,user_285,4477.5,groceries,1395,1,0.75,1,0,0,0.525,0,0
txn_003770,3582.07,groceries,prepaid,500012,2026-04-29T15:41:00,agent_14,23,groceries,4642.83,attr_4,groceries,3582.07,attr_4,user_433,739.35,groceries,1392,1,0.48,1,1,1,0.336,0,0
txn_003771,1747.87,flights,prepaid,50006,2026-04-15T21:00:00,agent_42,92,flights,2090.23,attr_2,flights,1747.87,attr_2,user_203,5268.12,flights,494,1,0.46,1,1,1,0.322,0,0
txn_003772,11411.33,footwear,COD,500016,2026-02-14T13:34:00,agent_49,306,footwear,7186.09,attr_1,footwear,11411.33,attr_3,user_84,716.35,footwear,1286,1,0.63,1,0,0,0.441,0,0
txn_003773,6256.51,fashion,COD,500020,2026-05-17T05:06:00,agent_14,57,fashion,7988.27,attr_3,fashion,6256.51,attr_3,user_333,2866.94,fashion,966,1,0.59,1,1,1,0.413,1,0
txn_003774,3047.85,fashion,COD,50007,2026-05-08T15:09:00,agent_46,142,fashion,3223.63,attr_3,fashion,3047.85,attr_3,user_279,1561.73,fashion,356,1,0.09,1,1,1,0.063,1,0
txn_003775,851.21,fashion,prepaid,500012,2026-04-03T10:26:00,agent_27,299,fashion,926.65,attr_2,fashion,851.21,attr_2,user_448,5039.12,fashion,1335,1,0.8,1,1,1,0.56,1,0
txn_003776,5077.0,fashion,prepaid,500019,2026-01-02T19:09:00,agent_2,48,fashion,6938.38,attr_3,fashion,5077.0,attr_3,user_427,4740.01,fashion,1321,1,0.42,1,1,1,0.294,0,0
txn_003777,3239.11,groceries,prepaid,50008,2026-03-30T01:32:00,agent_34,34,groceries,3834.43,attr_5,groceries,3239.11,attr_5,user_224,2391.0,home,605,1,0.71,1,1,1,0.213,0,0
txn_003778,4771.15,groceries,prepaid,50009,2026-02-27T19:05:00,agent_13,290,groceries,6362.76,attr_3,groceries,4771.15,attr_3,user_175,4681.08,groceries,842,1,0.24,1,1,1,0.168,0,0
txn_003779,1149.75,groceries,COD,500013,2026-04-07T23:56:00,agent_49,136,groceries,875.56,attr_5,groceries,1149.75,attr_5,user_103,616.31,groceries,269,1,0.88,1,0,1,0.616,0,0
txn_003780,1314.15,groceries,COD,50002,2026-01-14T21:24:00,agent_29,15,groceries,1667.68,attr_2,groceries,1314.15,attr_2,user_374,738.71,groceries,1459,1,0.04,1,1,1,0.028,0,0
txn_003781,4505.96,electronics,prepaid,50008,2026-01-13T09:23:00,agent_22,40,electronics,4177.33,attr_5,electronics,4505.96,attr_5,user_345,3463.06,electronics,793,0,0.41,1,0,1,0.287,0,0
txn_003782,4583.01,footwear,prepaid,50002,2026-01-12T19:05:00,agent_20,428,footwear,5305.82,attr_4,footwear,4583.01,attr_4,user_83,4992.57,home,873,1,0.34,1,1,1,0.102,1,0
txn_003783,5793.4,fashion,COD,50003,2026-03-05T00:01:00,agent_37,1,fashion,6712.01,attr_1,fashion,5793.4,attr_1,user_61,3549.94,fashion,1295,1,0.91,1,1,1,0.637,0,0
txn_003784,561.96,groceries,COD,50002,2026-03-11T11:07:00,agent_47,151,groceries,765.97,attr_5,groceries,561.96,attr_5,user_254,2077.53,groceries,144,1,0.08,1,1,1,0.056,0,0
txn_003785,6836.06,electronics,COD,500017,2026-01-29T10:16:00,agent_29,22,electronics,7851.46,attr_3,electronics,6836.06,attr_3,user_24,4407.23,electronics,948,1,0.83,1,1,1,0.581,1,0
txn_003786,5125.11,electronics,COD,500015,2026-01-15T19:58:00,agent_51,147,electronics,6861.81,attr_3,electronics,5125.11,attr_3,user_491,702.62,footwear,1069,1,0.94,1,1,1,0.282,0,0
txn_003787,5531.29,electronics,COD,500020,2026-01-15T15:48:00,agent_11,54,electronics,6478.71,attr_3,electronics,5531.29,attr_3,user_362,4919.66,electronics,405,1,0.38,1,1,1,0.266,1,0
txn_003788,7375.34,footwear,COD,50007,2026-03-04T16:14:00,agent_55,67,footwear,5709.26,attr_5,footwear,7375.34,attr_4,user_149,1054.48,footwear,928,1,0.09,1,0,0,0.063,0,1
txn_003789,3989.24,electronics,COD,500016,2026-05-14T13:28:00,agent_10,233,electronics,5972.78,attr_1,electronics,3989.24,attr_1,user_481,3586.7,flights,1296,0,0.82,1,1,1,0.246,1,0
txn_003790,4180.1,footwear,COD,50005,2026-04-03T18:19:00,agent_34,29,footwear,4651.24,attr_3,footwear,4180.1,attr_3,user_330,5488.73,footwear,874,1,0.51,1,1,1,0.357,0,0
txn_003791,4058.03,electronics,prepaid,50008,2026-01-02T14:49:00,agent_20,60,electronics,5205.66,attr_5,electronics,4058.03,attr_5,user_374,2824.68,home,665,1,0.2,1,1,1,0.06,0,0
txn_003792,993.48,flights,prepaid,500020,2026-02-04T17:43:00,agent_35,86,flights,804.39,attr_3,flights,993.48,attr_3,user_181,3048.25,flights,395,1,0.46,1,0,1,0.322,0,0
txn_003793,1401.47,electronics,prepaid,50004,2026-04-18T04:07:00,agent_35,122,electronics,2071.75,attr_1,electronics,1401.47,attr_1,user_283,4705.03,electronics,752,0,0.29,1,1,1,0.203,0,0
txn_003794,1631.01,groceries,prepaid,50005,2026-01-11T20:21:00,agent_10,78,groceries,2336.54,attr_1,groceries,1631.01,attr_1,user_236,5459.62,groceries,1329,1,0.05,1,1,1,0.035,0,0
txn_003795,1927.26,home,COD,50006,2026-04-04T20:57:00,agent_27,231,home,2796.41,attr_2,home,1927.26,attr_2,user_376,3673.07,home,896,1,0.06,1,1,1,0.042,0,0
txn_003796,6248.8,flights,COD,500012,2026-03-05T07:04:00,agent_13,481,flights,5773.23,attr_3,flights,6248.8,attr_1,user_172,4057.45,home,1126,0,0.97,1,0,0,0.291,1,0
txn_003797,1872.02,flights,COD,50005,2026-04-22T22:24:00,agent_30,17,flights,2767.22,attr_3,flights,1872.02,attr_3,user_460,3330.91,flights,1093,1,0.85,1,1,1,0.595,1,0
txn_003798,6619.22,groceries,prepaid,500019,2026-01-08T13:44:00,agent_19,201,groceries,5257.11,attr_2,groceries,6619.22,attr_2,user_208,1863.52,groceries,467,1,0.9,1,0,1,0.63,1,0
txn_003799,5177.36,fashion,prepaid,50008,2026-03-25T07:43:00,agent_7,63,fashion,6811.22,attr_4,fashion,5177.36,attr_4,user_366,1962.54,electronics,1400,1,0.76,1,1,1,0.228,0,0
txn_003800,6793.47,footwear,COD,500018,2026-05-02T00:55:00,agent_40,40,footwear,6914.32,attr_5,footwear,6793.47,attr_5,user_178,4242.44,footwear,761,1,0.03,1,1,1,0.021,0,0
txn_003801,761.26,electronics,COD,50008,2026-03-21T09:54:00,agent_1,13,electronics,835.2,attr_4,electronics,761.26,attr_4,user_393,3408.22,electronics,125,1,0.74,1,1,1,0.518,1,0
txn_003802,1524.97,electronics,prepaid,50006,2026-01-22T18:55:00,agent_19,12,electronics,1662.05,attr_5,electronics,1524.97,attr_5,user_38,1311.3,electronics,951,1,0.18,1,1,1,0.126,1,0
txn_003803,9041.25,electronics,COD,50002,2026-01-18T16:52:00,agent_13,212,electronics,7889.2,attr_3,electronics,9041.25,attr_3,user_309,1501.24,electronics,75,1,0.51,1,0,1,0.357,0,0
txn_003804,4100.4,electronics,COD,50005,2026-04-16T04:13:00,agent_45,25,electronics,5387.4,attr_5,electronics,4100.4,attr_5,user_87,5130.96,electronics,1144,1,0.35,1,1,1,0.245,1,0
txn_003805,1069.28,flights,prepaid,50005,2026-03-31T13:06:00,agent_48,182,flights,1095.64,attr_4,flights,1069.28,attr_4,user_230,611.78,flights,942,1,0.46,1,1,1,0.322,0,0
txn_003806,3295.92,home,COD,500018,2026-04-05T12:22:00,agent_42,167,home,5163.17,attr_4,home,3295.92,attr_4,user_191,4759.7,home,1381,1,0.85,1,1,1,0.595,0,0
txn_003807,6555.91,home,prepaid,50006,2026-03-22T07:39:00,agent_36,49,home,7378.73,attr_4,home,6555.91,attr_4,user_91,2473.8,home,248,1,0.16,1,1,1,0.112,0,0
txn_003808,4030.09,electronics,COD,500020,2026-05-04T11:25:00,agent_42,339,electronics,6106.61,attr_5,electronics,4030.09,attr_5,user_195,746.17,electronics,1397,1,0.48,1,1,1,0.336,1,0
txn_003809,4110.86,fashion,COD,50004,2026-04-28T19:08:00,agent_8,66,fashion,3045.24,attr_2,fashion,4110.86,attr_4,user_16,2520.02,footwear,419,1,0.72,1,0,0,0.216,1,0
txn_003810,4779.26,electronics,COD,50006,2026-01-30T20:21:00,agent_8,4,electronics,5778.35,attr_3,electronics,4779.26,attr_3,user_483,3484.49,footwear,260,1,0.3,1,1,1,0.09,1,0
txn_003811,4472.92,flights,COD,50009,2026-03-04T22:08:00,agent_7,290,flights,5512.53,attr_2,flights,4472.92,attr_2,user_425,907.92,flights,861,1,0.01,1,1,1,0.007,0,0
txn_003812,2623.33,groceries,COD,500014,2026-05-02T23:57:00,agent_12,2,groceries,3324.93,attr_4,groceries,2623.33,attr_4,user_150,3837.88,groceries,490,1,0.98,1,1,1,0.686,1,0
txn_003813,896.32,footwear,prepaid,500012,2026-01-05T18:54:00,agent_42,34,footwear,1244.48,attr_4,footwear,896.32,attr_4,user_172,4099.3,footwear,237,0,0.49,1,1,1,0.343,1,0
txn_003814,1068.71,footwear,prepaid,50002,2026-02-26T22:13:00,agent_41,39,footwear,1444.2,attr_3,footwear,1068.71,attr_3,user_360,4895.38,fashion,373,1,0.72,1,1,1,0.216,0,0
txn_003815,3228.91,electronics,COD,50001,2026-04-04T04:50:00,agent_54,6,electronics,2789.53,attr_5,electronics,3228.91,attr_2,user_230,4432.64,electronics,278,1,0.6,1,0,0,0.42,1,0
txn_003816,641.53,fashion,prepaid,500015,2026-03-27T03:05:00,agent_41,62,fashion,578.0,attr_5,fashion,641.53,attr_4,user_137,1264.2,fashion,789,1,0.61,1,0,0,0.427,0,1
txn_003817,7814.85,home,COD,50004,2026-01-24T23:46:00,agent_59,61,home,6423.97,attr_5,home,7814.85,attr_5,user_192,1582.41,footwear,433,1,0.46,1,0,1,0.138,1,0
txn_003818,1636.17,home,prepaid,50002,2026-04-19T03:18:00,agent_39,33,home,1999.65,attr_2,home,1636.17,attr_2,user_487,2815.74,fashion,88,1,0.23,1,1,1,0.069,0,0
txn_003819,2789.28,home,COD,50005,2026-03-21T13:06:00,agent_44,55,home,2812.84,attr_5,home,2789.28,attr_5,user_119,4725.08,home,676,1,0.73,1,1,1,0.511,0,0
txn_003820,6797.08,flights,COD,500010,2026-05-10T06:26:00,agent_25,130,flights,5684.35,attr_3,flights,6797.08,attr_3,user_188,4370.42,flights,1467,1,0.16,1,0,1,0.112,0,0
txn_003821,3035.09,home,prepaid,500011,2026-04-03T15:42:00,agent_19,98,home,3181.63,attr_3,home,3035.09,attr_3,user_217,5455.64,flights,666,1,0.63,1,1,1,0.189,0,0
txn_003822,2922.24,footwear,COD,50006,2026-03-13T19:01:00,agent_59,198,footwear,4263.35,attr_1,footwear,2922.24,attr_1,user_339,5010.68,footwear,512,1,0.95,1,1,1,0.665,1,0
txn_003823,2169.8,groceries,COD,50001,2026-04-17T17:39:00,agent_59,185,groceries,2854.39,attr_3,groceries,2169.8,attr_3,user_387,3115.59,groceries,794,1,0.65,1,1,1,0.455,0,0
txn_003824,1890.49,home,COD,500015,2026-05-14T23:47:00,agent_18,201,home,1940.11,attr_5,home,1890.49,attr_5,user_265,1641.51,home,1124,1,0.96,1,1,1,0.672,0,0
txn_003825,713.63,home,COD,50003,2026-04-27T00:50:00,agent_6,18,home,752.99,attr_4,home,713.63,attr_4,user_463,1310.91,home,673,1,0.89,1,1,1,0.623,0,0
txn_003826,2374.07,home,COD,500010,2026-03-27T21:00:00,agent_56,182,home,3951.71,attr_5,home,2374.07,attr_5,user_182,1003.22,home,1360,1,0.29,1,1,1,0.203,0,0
txn_003827,706.36,home,COD,50009,2026-03-05T14:51:00,agent_50,396,home,749.43,attr_1,home,706.36,attr_1,user_293,5265.15,home,1298,1,0.98,1,1,1,0.686,0,0
txn_003828,2788.02,flights,COD,50006,2026-03-08T01:30:00,agent_48,16,flights,4466.55,attr_1,flights,2788.02,attr_1,user_327,4596.93,flights,984,1,0.06,1,1,1,0.042,1,0
txn_003829,3201.81,groceries,prepaid,500010,2026-01-10T14:25:00,agent_55,338,groceries,4847.83,attr_4,groceries,3201.81,attr_4,user_1,533.07,groceries,293,1,0.46,1,1,1,0.322,0,1
txn_003830,5089.37,electronics,COD,50001,2026-02-02T04:17:00,agent_19,299,home,3639.91,attr_1,electronics,5089.37,attr_1,user_323,3885.27,home,1069,1,0.96,0,0,1,0.288,1,0
txn_003831,1759.65,groceries,prepaid,500020,2026-01-01T12:17:00,agent_23,502,groceries,2915.49,attr_3,groceries,1759.65,attr_3,user_460,4608.46,groceries,512,1,0.41,1,1,1,0.287,1,0
txn_003832,1389.75,flights,COD,50001,2026-01-21T05:31:00,agent_54,76,flights,2023.53,attr_2,flights,1389.75,attr_2,user_338,4847.9,flights,1029,1,0.26,1,1,1,0.182,0,0
txn_003833,1875.25,home,COD,50003,2026-05-05T07:22:00,agent_18,110,home,2137.27,attr_1,home,1875.25,attr_1,user_174,1921.51,footwear,1292,0,0.95,1,1,1,0.285,1,0
txn_003834,697.32,fashion,prepaid,500015,2026-04-20T03:08:00,agent_16,235,fashion,740.18,attr_1,fashion,697.32,attr_1,user_376,3093.33,electronics,1091,1,0.86,1,1,1,0.258,0,0
txn_003835,4184.93,footwear,prepaid,500011,2026-05-02T23:10:00,agent_13,62,footwear,4367.62,attr_2,footwear,4184.93,attr_2,user_66,2303.94,footwear,1079,1,0.24,1,1,1,0.168,1,0
txn_003836,5846.12,footwear,prepaid,500015,2026-03-09T08:46:00,agent_12,113,footwear,7576.38,attr_4,footwear,5846.12,attr_4,user_137,4460.93,footwear,201,1,0.51,1,1,1,0.357,1,0
txn_003837,6689.94,flights,COD,50007,2026-03-13T15:30:00,agent_10,410,flights,5885.66,attr_2,flights,6689.94,attr_2,user_350,1796.06,flights,1033,1,0.75,1,0,1,0.525,1,0
txn_003838,608.66,flights,COD,500011,2026-02-14T13:36:00,agent_55,126,flights,535.77,attr_2,flights,608.66,attr_2,user_218,4474.27,fashion,1293,1,0.95,1,0,1,0.285,0,0
txn_003839,3644.62,groceries,prepaid,500017,2026-05-03T19:58:00,agent_12,34,groceries,2965.52,attr_1,groceries,3644.62,attr_1,user_213,3515.43,groceries,1322,1,0.05,1,0,1,0.035,0,0
txn_003840,9631.68,footwear,prepaid,500011,2026-04-24T04:37:00,agent_32,29,footwear,7936.6,attr_2,footwear,9631.68,attr_3,user_14,5960.44,footwear,1490,0,0.61,1,0,0,0.427,0,0
txn_003841,3372.62,electronics,COD,500014,2026-03-27T16:41:00,agent_44,109,electronics,4154.09,attr_4,electronics,3372.62,attr_4,user_115,2344.85,electronics,20,1,0.54,1,1,1,0.378,1,0
txn_003842,4833.79,electronics,prepaid,500019,2026-03-23T06:49:00,agent_6,117,electronics,5863.94,attr_2,electronics,4833.79,attr_2,user_233,3366.28,footwear,929,1,0.54,1,1,1,0.162,1,0
txn_003843,7400.09,fashion,COD,500011,2026-01-05T19:14:00,agent_7,31,fashion,6791.79,attr_3,fashion,7400.09,attr_3,user_258,5447.19,footwear,1167,0,0.66,1,0,1,0.198,1,0
txn_003844,3237.08,electronics,COD,50007,2026-03-03T02:46:00,agent_18,87,electronics,4798.97,attr_2,electronics,3237.08,attr_2,user_303,2441.51,flights,237,1,0.39,1,1,1,0.117,0,0
txn_003845,3628.65,footwear,prepaid,50009,2026-02-08T06:09:00,agent_53,75,footwear,5609.8,attr_4,footwear,3628.65,attr_4,user_204,1209.86,footwear,608,1,0.84,1,1,1,0.588,0,0
txn_003846,8309.29,electronics,COD,500011,2026-05-11T18:13:00,agent_57,40,electronics,5871.02,attr_1,electronics,8309.29,attr_2,user_38,2072.13,home,1060,1,0.11,1,0,0,0.033,0,0
txn_003847,6279.09,flights,COD,50002,2026-02-13T03:03:00,agent_41,107,flights,7089.1,attr_5,flights,6279.09,attr_5,user_441,1714.86,fashion,334,1,0.15,1,1,1,0.045,1,0
txn_003848,4486.17,fashion,COD,500015,2026-03-30T08:18:00,agent_35,55,fashion,4620.4,attr_1,fashion,4486.17,attr_1,user_444,4530.72,fashion,45,1,0.47,1,1,1,0.329,0,0
txn_003849,6003.21,footwear,prepaid,500015,2026-03-27T22:22:00,agent_37,17,footwear,6385.08,attr_2,footwear,6003.21,attr_2,user_243,1151.22,footwear,1260,1,0.08,1,1,1,0.056,1,0
txn_003850,3516.2,home,COD,50005,2026-05-14T14:10:00,agent_45,128,home,4786.21,attr_3,home,3516.2,attr_3,user_61,1032.66,home,966,1,0.66,1,1,1,0.462,0,0
txn_003851,2525.76,electronics,prepaid,500017,2026-05-10T09:04:00,agent_25,225,electronics,3121.13,attr_5,electronics,2525.76,attr_5,user_85,3980.76,electronics,878,1,0.82,1,1,1,0.574,0,0
txn_003852,5183.51,footwear,COD,500018,2026-04-17T01:40:00,agent_40,214,footwear,4314.73,attr_4,footwear,5183.51,attr_4,user_135,1879.53,footwear,840,1,0.62,1,0,1,0.434,1,0
txn_003853,3031.29,groceries,COD,50009,2026-04-04T01:29:00,agent_4,25,groceries,2194.44,attr_2,groceries,3031.29,attr_2,user_427,4689.84,groceries,1360,1,0.84,1,0,1,0.588,0,0
txn_003854,8380.04,home,prepaid,500013,2026-03-11T12:35:00,agent_5,78,home,7546.02,attr_2,home,8380.04,attr_1,user_114,3605.83,electronics,483,1,0.36,1,0,0,0.108,0,0
txn_003855,722.88,groceries,COD,50004,2026-01-16T11:44:00,agent_35,165,groceries,727.96,attr_3,groceries,722.88,attr_3,user_485,2682.7,home,242,1,0.87,1,1,1,0.261,1,0
txn_003856,8424.68,electronics,COD,50006,2026-03-12T20:17:00,agent_10,101,electronics,7934.65,attr_5,electronics,8424.68,attr_5,user_390,1029.82,electronics,809,1,0.19,1,0,1,0.133,0,0
txn_003857,3230.12,groceries,prepaid,500012,2026-02-26T13:21:00,agent_36,116,groceries,3743.26,attr_2,groceries,3230.12,attr_2,user_148,2837.85,groceries,712,0,0.59,1,1,1,0.413,1,0
txn_003858,5193.47,electronics,prepaid,50009,2026-03-04T02:56:00,agent_53,50,electronics,4938.75,attr_1,electronics,5193.47,attr_3,user_349,3042.35,electronics,62,0,0.36,1,0,0,0.252,1,0
txn_003859,5805.12,flights,COD,500016,2026-01-25T18:26:00,agent_29,290,flights,5334.21,attr_1,flights,5805.12,attr_1,user_347,5900.89,flights,393,1,0.11,1,0,1,0.077,0,0
txn_003860,8089.92,footwear,prepaid,500013,2026-05-17T03:14:00,agent_41,144,footwear,6554.57,attr_1,footwear,8089.92,attr_2,user_1,897.14,footwear,1012,1,0.14,1,0,0,0.098,0,0
txn_003861,1486.31,fashion,COD,50005,2026-01-16T14:10:00,agent_25,917,fashion,1494.51,attr_5,fashion,1486.31,attr_5,user_327,792.89,fashion,67,1,0.52,1,1,1,0.364,0,0
txn_003862,855.29,footwear,COD,500013,2026-03-03T20:18:00,agent_3,20,footwear,1193.22,attr_4,footwear,855.29,attr_4,user_375,783.79,footwear,628,1,0.92,1,1,1,0.644,0,0
txn_003863,3065.53,fashion,prepaid,50008,2026-03-30T19:34:00,agent_16,0,fashion,2345.78,attr_4,fashion,3065.53,attr_4,user_204,5099.71,flights,1401,1,0.92,1,0,1,0.276,1,0
txn_003864,4590.29,footwear,prepaid,500019,2026-04-22T00:30:00,agent_19,282,footwear,4371.67,attr_4,footwear,4590.29,attr_4,user_384,5753.4,footwear,574,1,0.63,1,0,1,0.441,0,0
txn_003865,3858.22,electronics,prepaid,500013,2026-03-20T05:25:00,agent_7,145,electronics,4424.9,attr_1,electronics,3858.22,attr_1,user_396,5881.25,home,957,1,0.86,1,1,1,0.258,0,0
txn_003866,3920.82,electronics,COD,50008,2026-02-23T12:53:00,agent_4,411,electronics,6401.61,attr_4,electronics,3920.82,attr_4,user_414,3591.51,electronics,1273,1,0.73,1,1,1,0.511,0,0
txn_003867,10041.31,fashion,COD,50004,2026-02-04T12:08:00,agent_10,48,home,6346.29,attr_4,fashion,10041.31,attr_3,user_327,3724.12,footwear,859,0,0.76,0,0,0,0.228,1,0
txn_003868,1301.74,footwear,COD,50002,2026-03-23T21:18:00,agent_3,100,footwear,1892.67,attr_1,footwear,1301.74,attr_1,user_159,5616.67,fashion,107,1,0.99,1,1,1,0.297,1,0
txn_003869,2100.11,groceries,COD,500015,2026-05-16T00:49:00,agent_9,374,groceries,2617.82,attr_2,groceries,2100.11,attr_2,user_339,2381.95,groceries,970,1,0.15,1,1,1,0.105,0,0
txn_003870,4694.38,home,prepaid,50003,2026-01-23T15:07:00,agent_16,217,home,7352.84,attr_2,home,4694.38,attr_2,user_42,5239.34,home,547,0,0.41,1,1,1,0.287,1,0
txn_003871,3218.34,fashion,COD,50008,2026-01-22T04:04:00,agent_23,187,fashion,5057.98,attr_4,fashion,3218.34,attr_4,user_213,1780.4,fashion,86,1,0.44,1,1,1,0.308,1,0
txn_003872,3142.47,home,COD,50007,2026-04-30T23:09:00,agent_58,60,home,4141.58,attr_4,home,3142.47,attr_4,user_148,5125.42,flights,164,1,0.97,1,1,1,0.291,0,0
txn_003873,6412.45,home,prepaid,50007,2026-03-26T04:53:00,agent_10,26,home,6844.73,attr_1,home,6412.45,attr_1,user_383,3035.69,footwear,1372,1,0.53,1,1,1,0.159,1,0
txn_003874,5072.91,footwear,COD,500019,2026-04-09T21:34:00,agent_20,163,footwear,5225.29,attr_2,footwear,5072.91,attr_2,user_233,5908.79,footwear,1305,1,0.58,1,1,1,0.406,0,0
txn_003875,3239.96,fashion,COD,500012,2026-02-11T17:22:00,agent_30,173,fashion,4518.64,attr_2,fashion,3239.96,attr_2,user_360,1726.9,fashion,1309,1,0.89,1,1,1,0.623,0,0
txn_003876,2303.24,flights,prepaid,500016,2026-01-12T22:13:00,agent_22,107,flights,2444.88,attr_3,flights,2303.24,attr_3,user_225,4206.31,flights,222,1,0.28,1,1,1,0.196,0,0
txn_003877,6860.32,groceries,prepaid,500019,2026-04-18T21:35:00,agent_52,231,groceries,4565.52,attr_2,groceries,6860.32,attr_1,user_16,3274.52,groceries,654,1,0.11,1,0,0,0.077,1,0
txn_003878,2752.76,home,prepaid,50002,2026-02-09T22:06:00,agent_23,103,home,2910.98,attr_1,home,2752.76,attr_1,user_358,3382.86,home,1008,1,0.16,1,1,1,0.112,0,0
txn_003879,3690.16,groceries,prepaid,500012,2026-04-01T12:17:00,agent_3,10,groceries,4151.38,attr_5,groceries,3690.16,attr_5,user_84,2493.65,groceries,753,1,0.59,1,1,1,0.413,1,0
txn_003880,862.95,fashion,prepaid,50007,2026-01-13T02:05:00,agent_52,713,fashion,644.48,attr_3,fashion,862.95,attr_3,user_155,3161.57,fashion,181,1,0.42,1,0,1,0.294,0,0
txn_003881,1995.17,electronics,prepaid,50006,2026-02-06T20:56:00,agent_14,108,electronics,3192.41,attr_1,electronics,1995.17,attr_1,user_154,2922.66,electronics,292,1,0.97,1,1,1,0.679,0,0
txn_003882,1351.87,fashion,COD,50002,2026-04-09T11:25:00,agent_13,344,fashion,1703.52,attr_1,fashion,1351.87,attr_1,user_431,3097.66,fashion,1490,1,0.3,1,1,1,0.21,0,0
txn_003883,1007.33,flights,prepaid,50008,2026-04-11T03:12:00,agent_26,44,flights,1090.79,attr_2,flights,1007.33,attr_2,user_55,3780.06,flights,774,1,0.21,1,1,1,0.147,0,1
txn_003884,3758.3,footwear,prepaid,50004,2026-04-01T12:11:00,agent_18,301,footwear,2854.75,attr_3,footwear,3758.3,attr_3,user_278,4450.88,footwear,189,1,0.39,1,0,1,0.273,0,0
txn_003885,3580.18,groceries,COD,500016,2026-01-17T04:00:00,agent_54,202,groceries,4650.86,attr_2,groceries,3580.18,attr_2,user_62,3865.87,groceries,64,1,0.95,1,1,1,0.665,1,0
txn_003886,6309.73,fashion,COD,500015,2026-05-02T13:10:00,agent_45,5,fashion,7229.29,attr_2,fashion,6309.73,attr_2,user_37,2179.82,fashion,557,1,0.41,1,1,1,0.287,1,0
txn_003887,2867.42,footwear,COD,500015,2026-02-12T10:48:00,agent_35,20,footwear,3565.11,attr_4,footwear,2867.42,attr_4,user_229,2003.96,footwear,799,1,0.18,1,1,1,0.126,0,0
txn_003888,2847.95,home,prepaid,50003,2026-01-02T13:03:00,agent_13,216,home,2460.36,attr_1,home,2847.95,attr_1,user_73,2904.13,home,1158,1,0.39,1,0,1,0.273,0,0
txn_003889,5005.34,fashion,COD,500019,2026-05-10T04:15:00,agent_45,170,fashion,6356.63,attr_4,fashion,5005.34,attr_4,user_264,2333.81,fashion,429,1,0.83,1,1,1,0.581,0,0
txn_003890,2303.29,fashion,COD,50001,2026-02-28T18:42:00,agent_42,139,fashion,3799.2,attr_3,fashion,2303.29,attr_3,user_72,3795.01,fashion,333,1,0.41,1,1,1,0.287,0,0
txn_003891,5851.0,electronics,COD,500018,2026-03-29T15:31:00,agent_59,24,electronics,6845.1,attr_3,electronics,5851.0,attr_3,user_465,5141.68,fashion,516,1,0.04,1,1,1,0.012,0,0
txn_003892,9566.72,home,COD,50007,2026-03-07T18:25:00,agent_13,516,home,7737.62,attr_3,home,9566.72,attr_4,user_7,2865.41,home,914,1,0.11,1,0,0,0.077,1,0
txn_003893,4865.08,footwear,prepaid,500017,2026-02-01T23:32:00,agent_9,81,footwear,6858.17,attr_4,footwear,4865.08,attr_4,user_225,5822.32,footwear,673,1,0.92,1,1,1,0.644,0,0
txn_003894,2651.8,groceries,COD,500013,2026-01-13T19:06:00,agent_50,244,groceries,4095.1,attr_1,groceries,2651.8,attr_1,user_278,1043.26,footwear,1467,1,0.44,1,1,1,0.132,0,0
txn_003895,8653.25,fashion,prepaid,500016,2026-01-15T19:46:00,agent_35,163,fashion,6496.0,attr_5,fashion,8653.25,attr_5,user_10,4935.47,fashion,114,1,0.83,1,0,1,0.581,0,0
txn_003896,1936.13,groceries,COD,500016,2026-04-30T15:25:00,agent_18,9,groceries,3120.17,attr_3,groceries,1936.13,attr_3,user_104,4068.0,groceries,914,1,0.02,1,1,1,0.014,0,0
txn_003897,1922.33,home,prepaid,50004,2026-03-18T11:34:00,agent_26,80,home,2769.24,attr_3,home,1922.33,attr_3,user_229,1127.48,electronics,1468,1,0.51,1,1,1,0.153,0,0
txn_003898,8136.6,footwear,prepaid,50008,2026-03-13T00:15:00,agent_33,46,footwear,5333.38,attr_5,footwear,8136.6,attr_5,user_76,2756.28,footwear,1157,1,0.67,1,0,1,0.469,1,0
txn_003899,5169.2,groceries,COD,500011,2026-03-31T17:08:00,agent_9,279,groceries,7837.48,attr_4,groceries,5169.2,attr_4,user_111,5511.2,footwear,385,1,0.47,1,1,1,0.141,1,0
txn_003900,4745.17,groceries,prepaid,500018,2026-01-28T01:56:00,agent_31,60,groceries,3747.48,attr_2,groceries,4745.17,attr_4,user_379,689.06,home,763,1,0.37,1,0,0,0.111,0,0
txn_003901,2322.45,fashion,COD,500016,2026-03-23T21:45:00,agent_3,379,fashion,2628.38,attr_2,fashion,2322.45,attr_2,user_186,2866.68,fashion,431,1,0.25,1,1,1,0.175,0,0
txn_003902,581.13,electronics,COD,500020,2026-03-12T23:19:00,agent_29,9,electronics,783.38,attr_5,electronics,581.13,attr_5,user_53,1060.92,electronics,1497,1,0.25,1,1,1,0.175,0,0
txn_003903,723.96,groceries,COD,500019,2026-04-05T10:14:00,agent_28,179,groceries,555.23,attr_2,groceries,723.96,attr_2,user_121,4717.42,groceries,484,1,0.8,1,0,1,0.56,1,0
txn_003904,1086.38,flights,COD,500016,2026-03-23T07:26:00,agent_54,47,flights,1351.44,attr_2,flights,1086.38,attr_2,user_110,5606.22,flights,74,1,0.46,1,1,1,0.322,0,0
txn_003905,2906.8,groceries,COD,50009,2026-03-29T09:08:00,agent_2,76,groceries,3948.53,attr_1,groceries,2906.8,attr_1,user_354,998.55,groceries,1077,1,0.72,1,1,1,0.504,0,0
txn_003906,9160.87,footwear,prepaid,500018,2026-04-04T04:16:00,agent_50,66,footwear,7388.07,attr_3,footwear,9160.87,attr_3,user_17,901.26,footwear,1017,1,0.11,1,0,1,0.077,0,1
txn_003907,1156.1,flights,prepaid,500019,2026-03-16T07:37:00,agent_41,352,flights,1582.95,attr_3,flights,1156.1,attr_3,user_55,5076.42,flights,1307,1,0.89,1,1,1,0.623,0,0
txn_003908,4020.1,groceries,COD,50001,2026-02-04T09:08:00,agent_14,80,groceries,4643.68,attr_2,groceries,4020.1,attr_2,user_461,1301.43,flights,1082,1,0.88,1,1,1,0.264,0,0
txn_003909,4415.76,electronics,prepaid,500013,2026-01-11T16:51:00,agent_41,81,electronics,5627.27,attr_2,electronics,4415.76,attr_2,user_423,743.76,electronics,1463,1,0.19,1,1,1,0.133,0,0
txn_003910,7203.15,electronics,COD,50006,2026-01-30T23:19:00,agent_42,33,electronics,5003.32,attr_1,electronics,7203.15,attr_1,user_361,4966.56,electronics,428,1,0.46,1,0,1,0.322,0,0
txn_003911,2234.76,home,prepaid,500017,2026-01-27T06:21:00,agent_12,109,home,2299.26,attr_5,home,2234.76,attr_5,user_196,2292.52,fashion,1262,1,0.82,1,1,1,0.246,0,0
txn_003912,2782.47,groceries,prepaid,50006,2026-05-07T10:08:00,agent_48,60,groceries,3820.58,attr_5,groceries,2782.47,attr_5,user_83,4025.27,groceries,1218,1,0.8,1,1,1,0.56,0,0
txn_003913,4830.61,fashion,COD,50005,2026-04-03T05:53:00,agent_50,80,fashion,6101.54,attr_4,fashion,4830.61,attr_4,user_156,5289.53,fashion,37,1,0.1,1,1,1,0.07,0,0
txn_003914,8058.11,footwear,COD,50009,2026-02-07T16:53:00,agent_6,48,footwear,7100.99,attr_5,footwear,8058.11,attr_5,user_240,5444.19,fashion,630,1,0.3,1,0,1,0.09,0,1
txn_003915,5161.23,footwear,COD,50004,2026-01-21T14:27:00,agent_20,51,footwear,7140.38,attr_3,footwear,5161.23,attr_3,user_94,3044.16,footwear,698,1,0.46,1,1,1,0.322,0,0
txn_003916,5796.54,fashion,COD,500019,2026-02-28T07:14:00,agent_7,35,fashion,6479.8,attr_1,fashion,5796.54,attr_1,user_43,5732.27,fashion,1343,1,0.19,1,1,1,0.133,1,0
txn_003917,2111.64,electronics,prepaid,50008,2026-04-28T01:22:00,agent_8,229,electronics,3165.52,attr_4,electronics,2111.64,attr_4,user_25,3222.73,electronics,154,1,0.61,1,1,1,0.427,0,0
txn_003918,3260.17,footwear,COD,500018,2026-05-07T13:42:00,agent_36,23,footwear,3020.84,attr_1,footwear,3260.17,attr_1,user_310,4403.05,electronics,52,1,0.23,1,0,1,0.069,1,0
txn_003919,5818.14,flights,prepaid,50005,2026-04-13T20:05:00,agent_28,91,flights,3991.98,attr_5,flights,5818.14,attr_5,user_41,4463.32,flights,801,1,0.78,1,0,1,0.546,0,0
txn_003920,4692.38,footwear,COD,500012,2026-02-27T17:27:00,agent_13,79,footwear,5930.82,attr_5,footwear,4692.38,attr_5,user_166,4334.33,footwear,1366,1,0.3,1,1,1,0.21,1,0
txn_003921,3320.43,groceries,prepaid,50002,2026-01-16T03:38:00,agent_5,119,groceries,3838.13,attr_2,groceries,3320.43,attr_2,user_282,593.35,groceries,768,1,0.33,1,1,1,0.231,0,0
txn_003922,6126.81,fashion,COD,500014,2026-01-22T04:21:00,agent_1,276,fashion,6411.36,attr_2,fashion,6126.81,attr_2,user_224,2379.75,home,731,1,0.62,1,1,1,0.186,1,0
txn_003923,665.07,footwear,prepaid,500019,2026-03-16T07:35:00,agent_42,41,footwear,1005.51,attr_3,footwear,665.07,attr_3,user_237,1774.8,footwear,1106,1,0.78,1,1,1,0.546,0,0
txn_003924,3100.15,home,prepaid,500017,2026-03-01T18:03:00,agent_37,21,home,2100.38,attr_1,home,3100.15,attr_5,user_48,3980.88,home,17,1,0.07,1,0,0,0.049,0,0
txn_003925,9376.92,electronics,prepaid,500011,2026-03-02T16:52:00,agent_34,61,electronics,6206.75,attr_2,electronics,9376.92,attr_2,user_132,3868.9,electronics,239,1,0.5,1,0,1,0.35,0,0
txn_003926,5574.53,flights,prepaid,50001,2026-01-20T06:12:00,agent_44,30,flights,6730.44,attr_1,flights,5574.53,attr_1,user_240,580.74,flights,219,1,0.03,1,1,1,0.021,0,0
txn_003927,936.28,flights,COD,500017,2026-04-27T20:45:00,agent_48,34,flights,1249.0,attr_1,flights,936.28,attr_1,user_286,4380.69,flights,1027,0,0.36,1,1,1,0.252,1,0
txn_003928,6055.06,flights,COD,500013,2026-01-07T08:57:00,agent_26,107,flights,4320.86,attr_1,flights,6055.06,attr_1,user_320,2263.23,flights,507,1,0.32,1,0,1,0.224,0,0
txn_003929,6152.14,flights,COD,500013,2026-02-02T02:14:00,agent_58,137,flights,4280.88,attr_2,flights,6152.14,attr_3,user_364,1302.45,flights,661,1,0.13,1,0,0,0.091,0,1
txn_003930,4298.79,electronics,prepaid,50006,2026-03-13T17:26:00,agent_37,48,electronics,4369.26,attr_2,electronics,4298.79,attr_2,user_196,939.11,electronics,378,1,0.12,1,1,1,0.084,0,0
txn_003931,4992.99,groceries,prepaid,50007,2026-05-01T06:40:00,agent_2,177,groceries,5192.38,attr_5,groceries,4992.99,attr_5,user_326,2542.42,groceries,879,1,0.42,1,1,1,0.294,0,0
txn_003932,3015.9,home,COD,50001,2026-03-20T22:34:00,agent_38,94,home,4185.46,attr_4,home,3015.9,attr_4,user_252,2088.75,flights,1370,1,0.78,1,1,1,0.234,0,0
txn_003933,4620.04,home,COD,500012,2026-03-13T02:16:00,agent_13,5,home,5065.68,attr_4,home,4620.04,attr_4,user_379,2883.88,home,80,1,0.81,1,1,1,0.567,1,0
txn_003934,3560.39,home,COD,500013,2026-05-13T15:24:00,agent_3,52,home,5467.75,attr_2,home,3560.39,attr_2,user_324,654.99,home,827,1,0.68,1,1,1,0.476,0,0
txn_003935,6309.4,groceries,COD,50007,2026-03-02T19:41:00,agent_28,176,groceries,7816.64,attr_4,groceries,6309.4,attr_4,user_379,2325.17,groceries,185,1,0.33,1,1,1,0.231,0,0
txn_003936,6200.93,footwear,prepaid,500012,2026-01-04T08:25:00,agent_10,139,footwear,6708.72,attr_1,footwear,6200.93,attr_1,user_267,4877.36,footwear,1034,0,0.58,1,1,1,0.406,0,0
txn_003937,899.42,home,COD,50008,2026-04-10T12:28:00,agent_28,0,home,1431.66,attr_4,home,899.42,attr_4,user_115,4293.94,home,541,1,0.32,1,1,1,0.224,1,0
txn_003938,3191.33,footwear,prepaid,500012,2026-02-02T07:45:00,agent_53,55,footwear,3208.7,attr_1,footwear,3191.33,attr_1,user_424,3086.46,footwear,124,0,0.08,1,1,1,0.056,0,0
txn_003939,5077.81,footwear,COD,500013,2026-05-10T22:53:00,agent_59,63,footwear,5141.61,attr_2,footwear,5077.81,attr_2,user_327,4854.61,footwear,503,1,0.89,1,1,1,0.623,0,0
txn_003940,2475.08,fashion,COD,500015,2026-01-24T19:14:00,agent_27,278,groceries,2086.42,attr_3,fashion,2475.08,attr_2,user_236,965.1,groceries,1218,1,0.44,0,0,0,0.132,1,0
txn_003941,2672.67,electronics,prepaid,500010,2026-03-27T00:07:00,agent_49,261,electronics,2004.6,attr_2,electronics,2672.67,attr_3,user_274,2929.6,groceries,154,1,0.2,1,0,0,0.06,0,1
txn_003942,3020.45,electronics,prepaid,50008,2026-04-28T07:38:00,agent_35,155,electronics,1900.92,attr_3,electronics,3020.45,attr_5,user_11,884.41,electronics,835,1,0.33,1,0,0,0.231,0,0
txn_003943,2732.08,fashion,prepaid,50001,2026-01-28T06:41:00,agent_9,124,fashion,4229.79,attr_2,fashion,2732.08,attr_2,user_179,5613.32,fashion,1377,1,0.42,1,1,1,0.294,0,0
txn_003944,803.82,home,prepaid,50002,2026-04-27T10:32:00,agent_6,326,home,532.28,attr_3,home,803.82,attr_3,user_440,5669.16,home,1435,1,0.55,1,0,1,0.385,0,0
txn_003945,5785.13,fashion,prepaid,50004,2026-02-10T10:16:00,agent_40,73,fashion,7712.36,attr_3,fashion,5785.13,attr_3,user_223,916.25,fashion,1053,0,0.04,1,1,1,0.028,0,0
txn_003946,1738.09,flights,COD,50006,2026-02-15T03:58:00,agent_46,1,flights,1647.11,attr_2,flights,1738.09,attr_2,user_270,3847.54,flights,53,1,0.37,1,0,1,0.259,1,0
txn_003947,7551.5,home,prepaid,50005,2026-05-08T05:20:00,agent_32,122,home,7898.49,attr_5,home,7551.5,attr_5,user_239,820.45,home,792,1,0.92,1,1,1,0.644,0,0
txn_003948,7430.05,groceries,COD,500016,2026-01-19T23:22:00,agent_16,10,groceries,5251.65,attr_2,groceries,7430.05,attr_2,user_448,5541.88,groceries,436,1,0.38,1,0,1,0.266,0,0
txn_003949,10086.27,electronics,prepaid,50008,2026-05-18T21:32:00,agent_42,97,electronics,7731.72,attr_2,electronics,10086.27,attr_2,user_381,5909.67,electronics,318,1,0.61,1,0,1,0.427,0,0
txn_003950,3678.75,groceries,COD,500012,2026-02-05T14:05:00,agent_23,87,groceries,5102.81,attr_4,groceries,3678.75,attr_4,user_346,4962.31,home,1067,1,0.41,1,1,1,0.123,1,0
txn_003951,4687.86,home,COD,50002,2026-04-17T23:17:00,agent_18,7,home,5664.92,attr_4,home,4687.86,attr_4,user_310,3382.0,groceries,796,1,0.6,1,1,1,0.18,1,0
txn_003952,5508.9,home,COD,500020,2026-01-17T04:24:00,agent_9,218,home,6206.16,attr_1,home,5508.9,attr_1,user_76,1909.36,home,743,1,0.9,1,1,1,0.63,0,0
txn_003953,3460.81,footwear,prepaid,50004,2026-05-02T03:38:00,agent_28,60,footwear,5385.96,attr_2,footwear,3460.81,attr_2,user_486,1039.61,footwear,1397,1,0.06,1,1,1,0.042,0,0
txn_003954,4362.62,groceries,prepaid,50006,2026-01-02T02:36:00,agent_46,79,groceries,6194.76,attr_1,groceries,4362.62,attr_1,user_461,4357.67,groceries,539,1,0.21,1,1,1,0.147,0,0
txn_003955,9208.48,footwear,prepaid,50006,2026-04-15T16:51:00,agent_53,214,footwear,7475.17,attr_3,footwear,9208.48,attr_3,user_187,5956.24,footwear,888,1,0.2,1,0,1,0.14,1,0
txn_003956,2759.03,flights,COD,500012,2026-04-27T03:30:00,agent_11,102,flights,3694.33,attr_3,flights,2759.03,attr_3,user_475,1773.92,flights,905,1,0.35,1,1,1,0.245,0,0
txn_003957,3485.29,flights,COD,50005,2026-01-18T15:28:00,agent_47,369,flights,4877.21,attr_3,flights,3485.29,attr_3,user_13,3445.34,electronics,1413,1,0.69,1,1,1,0.207,1,0
txn_003958,5281.3,fashion,COD,500013,2026-05-17T00:04:00,agent_1,54,fashion,6171.23,attr_3,fashion,5281.3,attr_3,user_127,2938.27,fashion,924,1,0.57,1,1,1,0.399,1,0
txn_003959,5097.24,groceries,prepaid,50005,2026-03-09T20:59:00,agent_45,131,groceries,5632.02,attr_3,groceries,5097.24,attr_3,user_318,4166.88,groceries,1021,1,0.52,1,1,1,0.364,0,0
txn_003960,2240.08,electronics,prepaid,500012,2026-03-19T20:24:00,agent_43,18,electronics,1811.25,attr_2,electronics,2240.08,attr_2,user_68,706.78,electronics,1399,1,0.33,1,0,1,0.231,0,0
txn_003961,3204.31,footwear,prepaid,50007,2026-04-20T05:53:00,agent_6,21,footwear,2264.42,attr_5,footwear,3204.31,attr_5,user_304,1557.97,footwear,906,1,0.51,1,0,1,0.357,0,0
txn_003962,5290.14,fashion,COD,50005,2026-02-15T23:18:00,agent_27,23,fashion,5683.33,attr_1,fashion,5290.14,attr_1,user_267,4101.75,fashion,137,1,0.05,1,1,1,0.035,1,0
txn_003963,2595.23,fashion,COD,50002,2026-05-18T15:00:00,agent_40,47,fashion,2713.33,attr_4,fashion,2595.23,attr_4,user_12,1171.49,electronics,828,0,0.37,1,1,1,0.111,1,0
txn_003964,8235.49,fashion,COD,500016,2026-05-06T21:46:00,agent_23,14,fashion,6381.14,attr_2,fashion,8235.49,attr_2,user_113,2176.56,fashion,780,1,0.21,1,0,1,0.147,1,0
txn_003965,1720.31,electronics,COD,50001,2026-02-04T00:29:00,agent_39,14,electronics,2019.52,attr_2,electronics,1720.31,attr_2,user_209,5704.0,electronics,1069,1,0.16,1,1,1,0.112,1,0
txn_003966,2432.98,flights,prepaid,500018,2026-01-23T09:46:00,agent_9,274,flights,2657.77,attr_4,flights,2432.98,attr_4,user_101,4170.3,groceries,917,1,0.45,1,1,1,0.135,0,0
txn_003967,2893.74,groceries,COD,50007,2026-04-20T10:53:00,agent_35,50,groceries,3187.81,attr_5,groceries,2893.74,attr_5,user_28,1797.27,electronics,1156,1,0.78,1,1,1,0.234,0,0
txn_003968,3261.78,fashion,COD,50006,2026-01-31T05:44:00,agent_13,42,fashion,2860.54,attr_5,fashion,3261.78,attr_2,user_327,1283.89,fashion,1444,1,0.71,1,0,0,0.497,1,0
txn_003969,10934.16,fashion,COD,500014,2026-01-23T21:06:00,agent_16,1,fashion,7936.91,attr_5,fashion,10934.16,attr_5,user_410,1480.05,flights,1074,1,0.18,1,0,1,0.054,1,0
txn_003970,5532.73,footwear,prepaid,50004,2026-04-21T06:36:00,agent_22,125,footwear,6275.78,attr_2,footwear,5532.73,attr_2,user_321,2213.1,electronics,1253,1,0.38,1,1,1,0.114,0,0
txn_003971,5668.92,footwear,prepaid,500017,2026-05-08T10:23:00,agent_36,320,footwear,6267.46,attr_2,footwear,5668.92,attr_2,user_35,4148.34,footwear,1162,1,0.19,1,1,1,0.133,0,0
txn_003972,3053.88,fashion,COD,500016,2026-03-20T16:07:00,agent_23,4,fashion,2314.7,attr_5,fashion,3053.88,attr_5,user_5,5434.54,footwear,1366,1,0.8,1,0,1,0.24,1,0
txn_003973,370.88,flights,COD,500015,2026-05-05T15:29:00,agent_15,98,flights,580.86,attr_1,flights,370.88,attr_1,user_443,5836.55,fashion,1268,1,0.18,1,1,1,0.054,0,0
txn_003974,379.41,electronics,prepaid,500015,2026-02-22T11:45:00,agent_15,141,electronics,525.23,attr_4,electronics,379.41,attr_4,user_364,1020.75,electronics,28,1,0.07,1,1,1,0.049,1,0
txn_003975,9908.41,groceries,prepaid,50003,2026-02-11T20:15:00,agent_22,30,groceries,7239.51,attr_4,groceries,9908.41,attr_1,user_170,4548.87,groceries,1153,1,0.2,1,0,0,0.14,1,0
txn_003976,4162.1,flights,COD,500015,2026-01-20T15:21:00,agent_31,384,flights,4928.3,attr_5,flights,4162.1,attr_5,user_120,3493.95,flights,1479,1,0.84,1,1,1,0.588,0,0
txn_003977,6407.29,flights,COD,500019,2026-01-19T13:32:00,agent_31,195,flights,7952.23,attr_1,flights,6407.29,attr_1,user_36,4296.27,flights,1136,0,0.91,1,1,1,0.637,1,0
txn_003978,4402.31,footwear,COD,50007,2026-02-05T17:50:00,agent_48,91,footwear,6689.05,attr_4,footwear,4402.31,attr_4,user_433,967.08,footwear,1452,0,0.97,1,1,1,0.679,0,0
txn_003979,6567.38,groceries,COD,500012,2026-04-05T16:01:00,agent_46,51,groceries,7321.62,attr_5,groceries,6567.38,attr_5,user_374,2072.33,home,145,1,0.13,1,1,1,0.039,1,0
txn_003980,4066.13,groceries,prepaid,50004,2026-01-30T05:43:00,agent_31,476,groceries,4198.6,attr_3,groceries,4066.13,attr_3,user_299,4361.44,groceries,705,1,0.48,1,1,1,0.336,0,0
txn_003981,1704.31,electronics,prepaid,50007,2026-04-24T02:28:00,agent_49,200,electronics,2475.24,attr_2,electronics,1704.31,attr_2,user_349,4609.44,electronics,1152,1,0.92,1,1,1,0.644,0,0
txn_003982,5934.27,footwear,COD,50003,2026-01-28T21:30:00,agent_7,7,footwear,7402.57,attr_2,footwear,5934.27,attr_2,user_421,5515.01,footwear,881,1,0.83,1,1,1,0.581,1,0
txn_003983,1641.62,fashion,prepaid,50009,2026-05-14T17:09:00,agent_24,208,fashion,2378.61,attr_2,fashion,1641.62,attr_2,user_359,636.13,fashion,493,1,0.43,1,1,1,0.301,0,0
txn_003984,6449.06,footwear,prepaid,50004,2026-02-09T06:00:00,agent_59,170,footwear,4477.27,attr_5,footwear,6449.06,attr_5,user_335,5280.91,flights,50,1,0.46,1,0,1,0.138,1,0
txn_003985,1823.56,flights,prepaid,50007,2026-04-14T20:54:00,agent_36,205,flights,2099.41,attr_2,flights,1823.56,attr_2,user_314,5962.3,flights,631,1,0.07,1,1,1,0.049,0,0
txn_003986,10849.06,electronics,COD,50008,2026-03-11T08:05:00,agent_52,121,electronics,7323.67,attr_3,electronics,10849.06,attr_5,user_81,5918.17,electronics,975,1,0.34,1,0,0,0.238,0,0
txn_003987,6954.4,fashion,COD,50002,2026-01-08T20:20:00,agent_26,137,fashion,7421.35,attr_4,fashion,6954.4,attr_4,user_157,2504.62,home,1405,1,0.45,1,1,1,0.135,0,0
txn_003988,4637.51,electronics,COD,500012,2026-05-02T00:05:00,agent_46,122,electronics,5703.3,attr_3,electronics,4637.51,attr_3,user_117,1251.41,flights,1456,1,0.57,1,1,1,0.171,1,0
txn_003989,3320.17,fashion,prepaid,50007,2026-02-13T22:08:00,agent_15,73,fashion,4627.77,attr_3,fashion,3320.17,attr_3,user_282,5029.24,fashion,823,1,0.44,1,1,1,0.308,0,0
txn_003990,6270.67,electronics,prepaid,500010,2026-02-21T06:41:00,agent_56,168,electronics,5600.44,attr_5,electronics,6270.67,attr_5,user_473,965.65,home,714,1,0.57,1,0,1,0.171,0,1
txn_003991,1025.57,fashion,prepaid,500012,2026-04-06T19:19:00,agent_35,30,fashion,1270.9,attr_4,fashion,1025.57,attr_4,user_76,4308.43,electronics,1172,1,0.37,1,1,1,0.111,0,0
txn_003992,1284.21,groceries,prepaid,50008,2026-04-25T01:02:00,agent_22,23,groceries,1499.55,attr_2,groceries,1284.21,attr_2,user_293,2668.61,groceries,308,1,0.34,1,1,1,0.238,0,0
txn_003993,3394.68,home,COD,50003,2026-05-10T00:23:00,agent_39,23,home,5632.87,attr_3,home,3394.68,attr_3,user_403,2269.77,home,217,1,0.14,1,1,1,0.098,1,0
txn_003994,834.27,electronics,prepaid,500019,2026-04-05T18:59:00,agent_50,309,electronics,1198.59,attr_2,electronics,834.27,attr_2,user_278,2556.76,electronics,1162,1,0.22,1,1,1,0.154,1,0
txn_003995,7195.25,electronics,COD,500010,2026-02-08T02:32:00,agent_50,89,electronics,7235.8,attr_5,electronics,7195.25,attr_5,user_461,938.0,footwear,207,1,0.12,1,1,1,0.036,0,0
txn_003996,3606.79,flights,COD,500015,2026-02-08T09:52:00,agent_10,133,flights,3808.3,attr_2,flights,3606.79,attr_2,user_469,1563.36,flights,1396,1,0.41,1,1,1,0.287,0,0
txn_003997,4485.14,groceries,COD,500010,2026-04-08T11:04:00,agent_11,188,groceries,5600.45,attr_4,groceries,4485.14,attr_4,user_458,2150.97,home,1309,1,0.98,1,1,1,0.294,0,0
txn_003998,4025.12,electronics,prepaid,500010,2026-03-01T23:35:00,agent_38,53,electronics,6420.38,attr_3,electronics,4025.12,attr_3,user_461,5751.71,fashion,843,1,0.59,1,1,1,0.177,0,0
txn_003999,5948.95,groceries,prepaid,50007,2026-05-09T14:20:00,agent_35,167,groceries,6116.83,attr_3,groceries,5948.95,attr_3,user_382,3490.8,flights,308,1,0.95,1,1,1,0.285,0,0
